source_id,source_row,statement,gen_model,judge_model,response_model,fact_classification,fact_probability,fact_confidence,physical_classification,physical_probability,physical_confidence,literal language_classification,literal language_probability,literal language_confidence,positive_classification,positive_probability,positive_confidence,knowledge_classification,knowledge_probability,knowledge_confidence,everyday_classification,everyday_probability,everyday_confidence,commonsense_probability,input_tokens
0e395baf2572f74d3d42ecbe712529df09c6af7eedf84ab588eaa2e2f5b69aea:1,1,Fish rots from the head down.,platform/published,typesafe/jev-1.13,typesafe/jev-1.13-20260917,opinion,0.16,0.68,social,0.25,0.51,figure of speech,0.01,0.99,positive,0.55,0.1,knowledge,0.89,0.79,abstract,0.18,0.64,0.69,1355
0163bdf0e1c7f9ba27aa6ed8e4ee262ea66d6672c69c01cac7229d40881eef50:1,356,Community values are the silent architects shaping society's edifice.,platform/published,typesafe/jev-1.13,typesafe/jev-1.13-20260917,opinion,0.0,1.0,social,0.0,1.0,figure of speech,0.0,1.0,positive,0.68,0.35,knowledge,0.81,0.61,abstract,0.0,1.0,0.53,1359
b81de85de0100b04f3c43ae8c32abe9294438403276ecaff648518f9f83544ca:1,1172,Regular health check-ups can detect issues before they become serious.,platform/published,typesafe/jev-1.13,typesafe/jev-1.13-20260917,fact,1.0,0.99,physical,1.0,0.99,literal language,1.0,1.0,positive,1.0,1.0,knowledge,0.92,0.85,everyday,0.97,0.95,0.93,1359
9a66314d1bc0b6cb45feb609fbb7c4e60a4332e9f43e5af8ef800501de7c6096:1,357,"Computers are the wizards, transforming data spells into visible wonders.",platform/published,typesafe/jev-1.13,typesafe/jev-1.13-20260917,opinion,0.0,1.0,physical,0.52,0.03,figure of speech,0.0,1.0,positive,0.75,0.5,knowledge,0.95,0.89,abstract,0.24,0.53,0.2,1362
d513ef0cfed4604bff3912a0919af6a8ad9ee32358f96962e10b3c53563d52d9:1,765,Shopping decisions are often influenced by marketing and advertising.,platform/published,typesafe/jev-1.13,typesafe/jev-1.13-20260917,fact,0.97,0.94,social,0.0,1.0,literal language,1.0,1.0,positive,1.0,1.0,knowledge,1.0,1.0,everyday,0.99,0.97,0.93,1357
acbc538b880409db952693eca2553bd6ac6d50e3904e4283c0c7c10c5937cd10:1,1171,Regional climates can dictate agricultural practices and food production in various locations.,platform/published,typesafe/jev-1.13,typesafe/jev-1.13-20260917,fact,1.0,1.0,physical,0.97,0.95,literal language,1.0,1.0,positive,1.0,1.0,knowledge,0.96,0.93,abstract,0.29,0.42,0.89,1360
9374ee9227287fb93788fb4972b0c588efdd54d476df5dabd76068548422bbfe:1,763,Self-awareness grows through introspection and understanding personal experiences.,platform/published,typesafe/jev-1.13,typesafe/jev-1.13-20260917,opinion,0.1,0.8,social,0.0,1.0,literal language,0.91,0.82,positive,0.96,0.92,knowledge,0.92,0.85,abstract,0.22,0.56,0.91,1362
7604cdae4353bd7e0fa51a2392afb863c37de44b6c2acdfb02303535d12bb83a:1,764,"Set theory studies collections of distinct objects, called sets.",platform/published,typesafe/jev-1.13,typesafe/jev-1.13-20260917,fact,1.0,1.0,physical,1.0,1.0,literal language,1.0,1.0,positive,1.0,1.0,knowledge,1.0,1.0,abstract,0.0,1.0,0.28,1358
7da200646472a29682694d88f72a27b3cb626a57b551fe37cec64f4df7ecf3bc:1,355,"Communication is the lifeblood of society, flowing through conversations and connections.",platform/published,typesafe/jev-1.13,typesafe/jev-1.13-20260917,opinion,0.0,1.0,social,0.0,1.0,figure of speech,0.0,1.0,normative,0.08,0.85,knowledge,0.96,0.93,abstract,0.08,0.84,0.84,1362
31a7e64183255cdf3ae1e6499d6dad8642cf9713bed74f9fe458a44481bc103a:1,1173,Regular maintenance of machinery ensures optimal performance and longevity.,platform/published,typesafe/jev-1.13,typesafe/jev-1.13-20260917,fact,0.97,0.94,physical,1.0,1.0,literal language,1.0,1.0,positive,0.96,0.92,knowledge,0.96,0.91,everyday,0.97,0.94,0.92,1357
d7591c4427b541e7c35073a97b6fb6854f4592ff6848c69dae9ca6838baa1945:1,1176,Religious convictions often inform ethical frameworks and moral guidelines.,platform/published,typesafe/jev-1.13,typesafe/jev-1.13-20260917,fact,0.93,0.87,social,0.0,1.0,literal language,1.0,1.0,positive,0.99,0.99,knowledge,0.99,0.99,abstract,0.02,0.97,0.87,1359
0402ac4deb457e154dd3b482e352b89880e34cc2206d67aa236c7bba0b6fdd8e:1,767,"Sleep is the body's repair shop, restoring energy and mending daily wear.",platform/published,typesafe/jev-1.13,typesafe/jev-1.13-20260917,fact,0.56,0.13,physical,1.0,1.0,figure of speech,0.0,1.0,positive,0.98,0.97,knowledge,0.93,0.86,everyday,0.79,0.57,0.92,1363
eb3518cbea62b2930b9a6152c1896f96f7bfb0a315bf336a77515fbd6d55b3e2:1,766,Sleep impacts energy levels and cognitive function.,platform/published,typesafe/jev-1.13,typesafe/jev-1.13-20260917,fact,1.0,1.0,physical,1.0,1.0,literal language,1.0,1.0,positive,1.0,1.0,knowledge,1.0,1.0,everyday,0.99,0.98,0.94,1355
d530db7a5df1bc186ea152d33adb2c3250797fd03ad7b972a26423ce12a516b0:1,1174,Regular physical activity enhances mood through the release of endorphins.,platform/published,typesafe/jev-1.13,typesafe/jev-1.13-20260917,fact,1.0,1.0,physical,1.0,1.0,literal language,1.0,1.0,positive,1.0,1.0,knowledge,0.99,0.98,everyday,0.74,0.49,0.78,1360
13103d1d59189337fcf12531edbb2aa84d168479478dcf5773dd13eb5a03d988:1,1175,Regular physical activity reduces the risk of chronic diseases like diabetes.,platform/published,typesafe/jev-1.13,typesafe/jev-1.13-20260917,fact,1.0,1.0,physical,1.0,1.0,literal language,1.0,1.0,positive,1.0,1.0,knowledge,1.0,1.0,abstract,0.47,0.06,0.79,1359
4005aad3041f8f8fc35d04090bb39ec4675eea1fbcc99540bcdbfc5e3eeff33c:1,359,Consciousness is the vibrant dance of neurons in cognitive harmony.,platform/published,typesafe/jev-1.13,typesafe/jev-1.13-20260917,opinion,0.0,1.0,physical,0.93,0.86,figure of speech,0.0,1.0,positive,0.9,0.79,knowledge,0.98,0.96,abstract,0.0,1.0,0.23,1361
64cd13905a5cfd9a83d4bfe595ce03fd3b582d82446f3a108cf6238bbc734df2:1,358,Computers perform calculations with incredible speed and accuracy.,platform/published,typesafe/jev-1.13,typesafe/jev-1.13-20260917,fact,0.9,0.81,physical,1.0,1.0,literal language,0.71,0.41,positive,1.0,1.0,knowledge,1.0,1.0,everyday,0.89,0.79,0.83,1358
10bc50db6c3ed410910ac85bc2bd06666244f9ad646c416072c1d591a1413cdd:1,362,Consistent exercise can help in weight management.,platform/published,typesafe/jev-1.13,typesafe/jev-1.13-20260917,fact,1.0,1.0,physical,1.0,1.0,literal language,1.0,1.0,positive,1.0,1.0,knowledge,0.98,0.97,everyday,0.98,0.97,0.94,1356
55bff58f03f14457278a29193defd41d06bd60147bb2ac86cf329537ad5f9458:1,361,Consistency is the steadfast lighthouse on health's often stormy seas.,platform/published,typesafe/jev-1.13,typesafe/jev-1.13-20260917,opinion,0.0,1.0,social,0.4,0.2,figure of speech,0.0,1.0,normative,0.01,0.99,knowledge,0.91,0.82,abstract,0.04,0.92,0.58,1364
c479310a47469282b0fb9663f2445407fa9efe0759735ca0444acdb7bd56b208:1,769,"Sleep is the silent muse, inspiring vitality each morning.",platform/published,typesafe/jev-1.13,typesafe/jev-1.13-20260917,opinion,0.0,0.99,physical,0.66,0.33,figure of speech,0.0,1.0,positive,0.66,0.31,knowledge,0.98,0.96,abstract,0.34,0.31,0.63,1358
81284472b3cbe3c780b958e819f010c43a8d460a88b959b64c52bc77bb795122:1,360,Consistency is the heartbeat of sustained health and vigor.,platform/published,typesafe/jev-1.13,typesafe/jev-1.13-20260917,opinion,0.01,0.99,physical,0.92,0.84,figure of speech,0.0,1.0,normative,0.14,0.71,knowledge,0.83,0.66,abstract,0.09,0.82,0.77,1359
f42e063ebd00ceadaa76754e6184f9498689e7b9fa8bb032fc5c707790c610ee:1,1177,Research methods must adhere to established standards for validity and reliability.,platform/published,typesafe/jev-1.13,typesafe/jev-1.13-20260917,fact,0.63,0.27,social,0.02,0.97,literal language,1.0,1.0,normative,0.0,0.99,knowledge,0.9,0.8,abstract,0.0,1.0,0.38,1359
11182f4713e29c45d37b6c5048fbd506d47b3d80e00f4acef08da1c92c580165:1,768,"Sleep is the magic spell, rejuvenating the body from daily duels.",platform/published,typesafe/jev-1.13,typesafe/jev-1.13-20260917,opinion,0.03,0.95,physical,0.93,0.86,figure of speech,0.0,1.0,positive,0.79,0.59,knowledge,0.97,0.94,everyday,0.79,0.58,0.72,1364
2c44b824be12515be78db207a27ee35ebab4287a4f9cc06e483d08ea73c42c43:1,1178,Rules within societies regulate interactions and shape community dynamics.,platform/published,typesafe/jev-1.13,typesafe/jev-1.13-20260917,fact,0.96,0.92,social,0.0,1.0,literal language,0.99,0.98,positive,0.99,0.99,knowledge,0.97,0.95,abstract,0.08,0.83,0.92,1357
cd715dff6c2236fe8070626b9e648d286ae4ca2e063eac098457d393acc4f62f:1,770,Sleep quality affects focus and memory retention.,platform/published,typesafe/jev-1.13,typesafe/jev-1.13-20260917,fact,1.0,1.0,physical,1.0,1.0,literal language,1.0,1.0,positive,1.0,1.0,knowledge,1.0,1.0,everyday,0.97,0.94,0.9,1355
81ab7877986dc0924313b8b3dc0322a8f444dc85f07e4bd6fe6df6a27984ac7c:1,363,Consistent exercise can prevent chronic health conditions.,platform/published,typesafe/jev-1.13,typesafe/jev-1.13-20260917,fact,0.99,0.97,physical,1.0,1.0,literal language,1.0,1.0,positive,1.0,1.0,knowledge,0.97,0.94,everyday,0.65,0.29,0.86,1356
c9d4131a293e90b807071d40aa58cb4026e959d0c6035d7e7ae4fb6ba781e5e7:1,771,Sleep rejuvenates like water to a parched landscape.,platform/published,typesafe/jev-1.13,typesafe/jev-1.13-20260917,opinion,0.03,0.94,physical,0.97,0.94,figure of speech,0.0,1.0,positive,0.97,0.93,knowledge,0.9,0.81,everyday,0.62,0.25,0.75,1360
565ee2918e9fe97c45ab999f96693140ea4ae6f291cbdd7451b54c6ed35522f4:1,772,"Smart devices integrate seamlessly into daily lives, influencing human behaviors.",platform/published,typesafe/jev-1.13,typesafe/jev-1.13-20260917,opinion,0.39,0.22,social,0.08,0.84,literal language,0.84,0.67,positive,0.99,0.97,knowledge,0.98,0.96,everyday,0.79,0.57,0.77,1359
98a3b9ff2888003844a7d15381f20fbc903ad76e8ff1fe96cc2d49ffa076193a:1,1179,Safety standards dictate the manufacturing processes of consumer products.,platform/published,typesafe/jev-1.13,typesafe/jev-1.13-20260917,fact,0.99,0.97,social,0.01,0.99,literal language,1.0,1.0,positive,0.77,0.54,knowledge,1.0,0.99,abstract,0.11,0.78,0.67,1357
f65c29d9518c6635aa002583cdd22ee01fe182292b955c7686b4bc708b85844f:1,364,Consistent time management improves productivity and balance.,platform/published,typesafe/jev-1.13,typesafe/jev-1.13-20260917,opinion,0.32,0.36,social,0.04,0.92,literal language,0.97,0.94,positive,0.92,0.84,knowledge,0.77,0.54,everyday,0.92,0.84,0.92,1356
8454c65c669cf5d31da9c0dbed64368427108befe40ccf6ca3965c942bf14f0f:1,1180,"Schedules dictate daily routines, helping people organize their time efficiently.",platform/published,typesafe/jev-1.13,typesafe/jev-1.13-20260917,fact,0.59,0.17,social,0.01,0.99,literal language,1.0,1.0,positive,0.95,0.89,knowledge,0.91,0.81,everyday,1.0,0.99,0.93,1361
706296efb88a4982d0ebfa71ca38d94dc34c3b1712dfe47341bbf64e2680aeb7:1,365,Continental drift explains the gradual movement of Earth's continents.,platform/published,typesafe/jev-1.13,typesafe/jev-1.13-20260917,fact,1.0,1.0,physical,1.0,1.0,literal language,1.0,1.0,positive,1.0,1.0,knowledge,1.0,1.0,abstract,0.0,1.0,0.39,1360
8eab2efbcc801598277551348de0e4922e70be06e57c8f3dd9440df6f71f5a4a:1,773,"Smartphones are the pocket portals, connecting people to infinite possibilities.",platform/published,typesafe/jev-1.13,typesafe/jev-1.13-20260917,opinion,0.0,1.0,social,0.03,0.94,figure of speech,0.0,1.0,normative,0.4,0.19,knowledge,0.97,0.93,abstract,0.43,0.13,0.43,1362
4c7af5e43f21644ba6ddc29904bd97588d79e17bbc8ddcde02526035756a036e:1,1181,"Science builds on truths, transforming hypotheses into universally accepted laws.",platform/published,typesafe/jev-1.13,typesafe/jev-1.13-20260917,opinion,0.26,0.48,physical,0.69,0.38,literal language,0.75,0.5,positive,0.98,0.95,knowledge,0.71,0.43,abstract,0.0,1.0,0.45,1359
8e3c5756764063d8ae0dd76fe87c786f82715b87757719d18d40260573a0d94c:1,774,Smoking cessation improves lung health and overall fitness.,platform/published,typesafe/jev-1.13,typesafe/jev-1.13-20260917,fact,1.0,1.0,physical,1.0,1.0,literal language,1.0,1.0,positive,1.0,1.0,knowledge,0.98,0.97,everyday,0.87,0.75,0.89,1357
0d4cb13df795037a45aa199ac70e34cb53212bf879a643bdf1bbd880636c6017:1,366,Continents drift upon Earth's surface like leaves on a pond.,platform/published,typesafe/jev-1.13,typesafe/jev-1.13-20260917,fact,0.68,0.36,physical,1.0,1.0,figure of speech,0.0,0.99,positive,1.0,1.0,knowledge,0.95,0.9,abstract,0.04,0.92,0.35,1361
6e4d486884175cd65bbe602e5ca8f1b8ab5a3d7e941c68ece2de2e538858e6e8:1,367,Continents form massive landmasses surrounded by Earth's oceans.,platform/published,typesafe/jev-1.13,typesafe/jev-1.13-20260917,fact,1.0,1.0,physical,1.0,1.0,literal language,1.0,1.0,positive,1.0,1.0,knowledge,1.0,1.0,abstract,0.27,0.46,0.83,1361
36356a6947c14761a2bc30e1bd8536c1c326185b7350103c7eb70ce632099968:1,1182,Scientific discoveries rely on logical deduction and rigorous experimentation.,platform/published,typesafe/jev-1.13,typesafe/jev-1.13-20260917,fact,0.92,0.84,physical,0.9,0.79,literal language,1.0,1.0,positive,0.98,0.97,knowledge,0.87,0.75,abstract,0.0,0.99,0.68,1359
172f029a22dc11cc3162101b9ea1ec35d03c66c2d15ea7f1957714934b973593:1,368,Conventional wisdom paints the world with broad skepticism and inspiration.,platform/published,typesafe/jev-1.13,typesafe/jev-1.13-20260917,opinion,0.0,1.0,social,0.0,1.0,figure of speech,0.01,0.98,positive,0.6,0.19,knowledge,0.97,0.94,abstract,0.01,0.98,0.38,1360
58ca35584a68bcb8476198fb78a90aa1d629d6030c26246203cf2f0f7657aab9:1,775,Social constructs are the scaffolds shaping reality's complex architecture.,platform/published,typesafe/jev-1.13,typesafe/jev-1.13-20260917,opinion,0.0,1.0,social,0.0,1.0,figure of speech,0.0,1.0,positive,0.87,0.75,knowledge,0.85,0.69,abstract,0.0,1.0,0.21,1360
fa9ceef11776a6fbaf8f212bcbd7b48fe22672d3fc95a223cc5231935628071c:1,1183,Scientific methods rely on empirical observations to draw conclusions.,platform/published,typesafe/jev-1.13,typesafe/jev-1.13-20260917,fact,1.0,1.0,physical,0.88,0.76,literal language,1.0,1.0,positive,1.0,1.0,knowledge,0.95,0.89,abstract,0.02,0.95,0.49,1359
2b685d2b27480873efa58f69b691e8e5d5107d667ada45fcabc5e2d6b70608d9:1,776,Social constructs are the script humanity writes and follows instinctively.,platform/published,typesafe/jev-1.13,typesafe/jev-1.13-20260917,opinion,0.0,1.0,social,0.0,1.0,figure of speech,0.0,1.0,positive,0.83,0.66,knowledge,0.86,0.73,abstract,0.0,1.0,0.49,1360
ba31e17df6d3d1d82787d715762a63af3d5d802eba8d0071b2da8cca4fdb0921:1,1184,Shared stories create a sense of belonging in diverse communities.,platform/published,typesafe/jev-1.13,typesafe/jev-1.13-20260917,opinion,0.17,0.66,social,0.0,1.0,literal language,0.91,0.82,positive,0.9,0.8,knowledge,0.93,0.85,abstract,0.18,0.65,0.82,1358
1781d3dd7c17135c870ee853e75d11dcdc0d4b12e1d2f9d53cf3e95f6ea78e95:1,1185,"Sleep is vital for recovery, affecting mental and physical performance.",platform/published,typesafe/jev-1.13,typesafe/jev-1.13-20260917,fact,1.0,0.99,physical,1.0,1.0,literal language,1.0,1.0,positive,0.94,0.88,knowledge,1.0,0.99,everyday,0.94,0.88,0.94,1359
36a932ac044a594a6a81c03d82567680dd2139364f3051d795079fb8642591d9:1,369,Courage is the storm roaring in the silence of fear's hold.,platform/published,typesafe/jev-1.13,typesafe/jev-1.13-20260917,opinion,0.0,1.0,social,0.0,1.0,figure of speech,0.0,1.0,normative,0.04,0.91,knowledge,0.91,0.81,abstract,0.0,1.0,0.18,1361
8285d034a98635b497ded92482acf60972b76457d7fb37d5a73b97c611020e57:1,370,"Critical thinking evaluates arguments, discerning truth from opinion.",platform/published,typesafe/jev-1.13,typesafe/jev-1.13-20260917,fact,0.83,0.66,social,0.01,0.98,literal language,1.0,1.0,positive,0.94,0.87,knowledge,0.84,0.69,abstract,0.12,0.77,0.74,1359
9fed97d058a024fed2d01492b707ee1f00b1d520ee805ccef1915bf6e1cac42b:1,777,Social conventions are the ancient rivers carving paths in humanity’s desert.,platform/published,typesafe/jev-1.13,typesafe/jev-1.13-20260917,opinion,0.0,1.0,social,0.0,1.0,figure of speech,0.0,1.0,normative,0.3,0.41,knowledge,0.83,0.66,abstract,0.0,1.0,0.18,1360
660aa74dce878a13998a11e0bd590f035a3d64817ce15176a342c658a3a056b6:1,1186,Social norms dictate appropriate dress codes for various occasions and settings.,platform/published,typesafe/jev-1.13,typesafe/jev-1.13-20260917,fact,0.97,0.95,social,0.0,1.0,literal language,1.0,1.0,normative,0.41,0.19,knowledge,1.0,1.0,everyday,0.88,0.75,0.91,1359
d023d22a6f5869f2a1fd6568b29b482ecf1924c2319e36c998fa1b6a6cc145f1:1,779,Social media impacts daily communication and information sharing.,platform/published,typesafe/jev-1.13,typesafe/jev-1.13-20260917,fact,0.99,0.98,social,0.0,1.0,literal language,1.0,1.0,positive,1.0,1.0,knowledge,1.0,1.0,everyday,0.97,0.94,0.9,1356
4112f28a69b8d903f104e76b1eaedf79df2e62ce97d38cf04050e1b2d131aa1c:1,371,Cultural heritage deeply impacts artistic methods and themes.,platform/published,typesafe/jev-1.13,typesafe/jev-1.13-20260917,fact,0.52,0.05,social,0.0,1.0,literal language,0.97,0.94,positive,0.99,0.99,knowledge,0.97,0.95,abstract,0.0,0.99,0.86,1358
e7353486fd940229b5142ae0f8f7d4f5eaa8937b46895839ae08822a0f32cdbe:1,778,Social expectations are the cliffs daring individuals to leap into acceptance.,platform/published,typesafe/jev-1.13,typesafe/jev-1.13-20260917,opinion,0.0,1.0,social,0.0,1.0,figure of speech,0.0,1.0,normative,0.02,0.97,knowledge,0.83,0.65,abstract,0.03,0.95,0.22,1359
eb3db47858ba6c82c0e2b1845078cf10f340cd048e1e169eb29b333ef16290f4:1,1187,Social roles are often defined by cultural norms and expectations.,platform/published,typesafe/jev-1.13,typesafe/jev-1.13-20260917,fact,0.98,0.97,social,0.0,1.0,literal language,1.0,1.0,positive,0.98,0.96,knowledge,1.0,1.0,abstract,0.11,0.78,0.87,1358
1c9d66065d3bcfb520acc6d17148cab13e68b0510797a5ea4b932b84676bf9da:1,372,Cultural myths convey deeper truths through allegories and parables.,platform/published,typesafe/jev-1.13,typesafe/jev-1.13-20260917,opinion,0.0,1.0,social,0.0,1.0,figure of speech,0.38,0.24,positive,0.67,0.33,knowledge,0.9,0.8,abstract,0.0,1.0,0.66,1361
92f029b3accbfb803ad6dd4fb74e741f7f657bbbd3f10b8d3f6c773a956a6882:1,1188,Soil erosion occurs when wind or water wear away the land's surface.,platform/published,typesafe/jev-1.13,typesafe/jev-1.13-20260917,fact,1.0,1.0,physical,1.0,1.0,literal language,1.0,1.0,positive,1.0,1.0,knowledge,1.0,1.0,everyday,0.71,0.43,0.78,1362
b6ed7e0e7c66e196c8d4236396acd90a974f6894a5b95715f9945097eab59c38:1,780,Social media is the modern agora where ideas clash and converge.,platform/published,typesafe/jev-1.13,typesafe/jev-1.13-20260917,opinion,0.0,1.0,social,0.0,1.0,figure of speech,0.0,1.0,positive,0.63,0.27,knowledge,0.72,0.45,abstract,0.09,0.82,0.56,1359
0cc580296f1af1788570714fbc660dcbf67cdae429eebd0699eef0d7612ea86b:1,781,Social norms are invisible scripts directing the play of daily life.,platform/published,typesafe/jev-1.13,typesafe/jev-1.13-20260917,opinion,0.06,0.88,social,0.0,1.0,figure of speech,0.0,1.0,positive,0.82,0.64,knowledge,0.94,0.88,abstract,0.15,0.7,0.73,1359
2dbf5aa8322dc65e10e2a5aed0bdeb99b4e2095d76ea25e3332e8059f6e6a582:1,373,Cultural narratives inform the significance attached to geographic landmarks.,platform/published,typesafe/jev-1.13,typesafe/jev-1.13-20260917,fact,0.92,0.85,social,0.0,1.0,literal language,1.0,1.0,positive,1.0,0.99,knowledge,0.95,0.91,abstract,0.01,0.99,0.78,1359
1a0d747d2d683c4085bc8a216230210ad017cebcba87b443dda3cc084e46a741:1,1189,"Soil fertility influences crop yields, leading to variations in agricultural success.",platform/published,typesafe/jev-1.13,typesafe/jev-1.13-20260917,fact,1.0,1.0,physical,1.0,1.0,literal language,1.0,1.0,positive,1.0,1.0,knowledge,0.79,0.58,abstract,0.48,0.04,0.88,1361
bb084b933e25f6edf8325caedde52400d0509c177622703d9ad87edbbc19b3ff:1,374,Cultural narratives shape the stories told through the arts.,platform/published,typesafe/jev-1.13,typesafe/jev-1.13-20260917,opinion,0.42,0.15,social,0.0,1.0,literal language,0.95,0.9,positive,1.0,0.99,knowledge,0.96,0.93,abstract,0.0,0.99,0.8,1359
a80c0e68889a1051d266ac2722c266f318c285ab5e23bd56bcbea966befd61d4:1,1190,Solar energy can be harnessed to power homes and businesses.,platform/published,typesafe/jev-1.13,typesafe/jev-1.13-20260917,fact,1.0,1.0,physical,1.0,1.0,literal language,1.0,1.0,positive,1.0,1.0,knowledge,1.0,1.0,everyday,0.94,0.87,0.86,1360
f6c072a44c6bb28e0963b93336bd0cf74221a515a0d9fbf44f1a00a64516708b:1,375,Cultural traditions guide behavior within societies.,platform/published,typesafe/jev-1.13,typesafe/jev-1.13-20260917,fact,0.95,0.9,social,0.0,1.0,literal language,0.96,0.91,positive,0.99,0.97,knowledge,0.99,0.99,abstract,0.09,0.83,0.91,1356
d02bbb97601114bac8d37d4cd99e205a1c7aa1f057796479f0f7510e44d20a5b:1,782,Social norms are the silent conductors orchestrating the cadence of cultural rhythm.,platform/published,typesafe/jev-1.13,typesafe/jev-1.13-20260917,opinion,0.0,1.0,social,0.0,1.0,figure of speech,0.0,1.0,positive,0.59,0.17,knowledge,0.95,0.91,abstract,0.0,1.0,0.43,1365
bee6e5355c9f0f85cdcb5eadae23e717424294229c974654c65ac8b43c17a640:1,1191,"Solar panels convert sunlight into energy, demonstrating technological applications of scientific principles.",platform/published,typesafe/jev-1.13,typesafe/jev-1.13-20260917,fact,1.0,1.0,physical,1.0,1.0,literal language,1.0,1.0,positive,1.0,1.0,knowledge,0.83,0.66,everyday,0.69,0.38,0.64,1361
fae9fad482c932268057e010e2fba1e98ef05820a08d40e27151c8ca86c26b2f:1,784,Social norms influence daily choices and interactions.,platform/published,typesafe/jev-1.13,typesafe/jev-1.13-20260917,fact,0.99,0.98,social,0.0,1.0,literal language,1.0,1.0,positive,0.97,0.95,knowledge,1.0,0.99,everyday,0.81,0.62,0.94,1355
394c5d6f9b64ba35bedc080bc349958975c1305a27cf5135a0afb69471c974e4:1,783,Social norms guide behavior within community settings.,platform/published,typesafe/jev-1.13,typesafe/jev-1.13-20260917,fact,0.99,0.99,social,0.0,1.0,literal language,0.99,0.97,positive,0.9,0.8,knowledge,1.0,0.99,abstract,0.49,0.02,0.91,1355
7102e0ada3a040897c5cc0622de146ed07ba5166589afc99485663af98e52e6e:1,1192,"Sound requires a medium, like air or water, to propagate effectively.",platform/published,typesafe/jev-1.13,typesafe/jev-1.13-20260917,fact,1.0,1.0,physical,1.0,1.0,literal language,1.0,1.0,positive,1.0,1.0,knowledge,1.0,1.0,everyday,0.68,0.35,0.79,1361
888e1a2d7a4e691fb4229180228f8e79dd9aa597dede1195bed5cc837b4fca48:1,376,Cultural values create the symphony of societal harmony and discord.,platform/published,typesafe/jev-1.13,typesafe/jev-1.13-20260917,opinion,0.0,1.0,social,0.0,1.0,figure of speech,0.0,1.0,positive,0.62,0.24,knowledge,0.8,0.61,abstract,0.0,1.0,0.6,1362
857bac5e20a654068854219033a99d31acd3c7089aeaf0f84fc36bc54549830a:1,377,Culture influences how people interpret and appreciate the arts.,platform/published,typesafe/jev-1.13,typesafe/jev-1.13-20260917,fact,0.88,0.76,social,0.0,1.0,literal language,1.0,1.0,positive,1.0,1.0,knowledge,0.99,0.98,abstract,0.16,0.67,0.89,1357
83920f8fcfd5329d00fcfa40d02f9ef5a225452e4b3e19ad3d41564056f521a6:1,1193,Sound travels faster in water — a measurable fact defined by physics.,platform/published,typesafe/jev-1.13,typesafe/jev-1.13-20260917,fact,1.0,1.0,physical,1.0,1.0,literal language,1.0,1.0,positive,1.0,1.0,knowledge,1.0,1.0,abstract,0.22,0.57,0.22,1360
ea5189d8b58e77feff09542530e32dfe27cfd334253964813f521cd7d410b3bc:1,785,Social norms influence how history is recorded and presented.,platform/published,typesafe/jev-1.13,typesafe/jev-1.13-20260917,fact,0.9,0.8,social,0.0,1.0,literal language,1.0,1.0,positive,0.99,0.99,knowledge,0.96,0.92,abstract,0.0,0.99,0.81,1357
b79a146113c0c70faaeec654f705c55ab436fd81f556d8f50750d8d24301a9ce:1,378,Culture is the river shaping the landscapes of human identity.,platform/published,typesafe/jev-1.13,typesafe/jev-1.13-20260917,opinion,0.0,1.0,social,0.0,1.0,figure of speech,0.0,1.0,positive,0.77,0.53,knowledge,0.89,0.77,abstract,0.0,1.0,0.38,1358
e5fcb13197710d761c13e379b8f98d9f9374e9eb83518d6b98e25965cdb5d256:1,786,Social norms orchestrate society’s waltz of values and conduct.,platform/published,typesafe/jev-1.13,typesafe/jev-1.13-20260917,opinion,0.03,0.93,social,0.0,1.0,figure of speech,0.0,1.0,positive,0.65,0.29,knowledge,0.95,0.91,abstract,0.0,1.0,0.66,1362
b1be5967a71186de4f5c9d25c999e3f98d296b2fd4eb44102481d97a814bea19:1,787,Social rules maintain order and predictability in communities.,platform/published,typesafe/jev-1.13,typesafe/jev-1.13-20260917,fact,0.76,0.52,social,0.0,1.0,literal language,1.0,1.0,positive,0.95,0.9,knowledge,0.9,0.81,abstract,0.11,0.78,0.91,1359
3ac4974e5fb9a79e551c6421d6cd9169c80ec9dffb9957b9972d9b5f2d5a8ef6:1,379,"Culture writes the script, but each generation improvises the performance.",platform/published,typesafe/jev-1.13,typesafe/jev-1.13-20260917,opinion,0.0,1.0,social,0.0,1.0,figure of speech,0.0,1.0,positive,0.92,0.85,knowledge,0.58,0.16,abstract,0.0,1.0,0.73,1362
5ec4aad0e33d4ad30076027f650ece2283d68acbde58e359175f5ec88894ba2e:1,1194,"Sound travels through air, reaching our ears as vibrations.",platform/published,typesafe/jev-1.13,typesafe/jev-1.13-20260917,fact,1.0,1.0,physical,1.0,1.0,literal language,1.0,1.0,positive,1.0,1.0,knowledge,1.0,1.0,everyday,0.96,0.92,0.93,1358
6bd4c6aa2d4ef0395131277c614807dc9e8771f668c4435dfb4b9c47ce92354d:1,380,"Customs are the fingerprints of cultures, unique and defining.",platform/published,typesafe/jev-1.13,typesafe/jev-1.13-20260917,opinion,0.0,1.0,social,0.0,1.0,figure of speech,0.0,1.0,positive,0.54,0.09,knowledge,0.94,0.88,abstract,0.01,0.97,0.64,1360
ef4bcf8b020e768073a7608ef74b994542d7ff957f01d75b528d6abce666a93a:1,1195,Sound waves travel faster in solids than in liquids or gases.,platform/published,typesafe/jev-1.13,typesafe/jev-1.13-20260917,fact,1.0,1.0,physical,1.0,1.0,literal language,1.0,1.0,positive,1.0,1.0,knowledge,1.0,0.99,abstract,0.19,0.62,0.51,1359
c6d7f9afd6d969113538b1d0b5aa9f1ed1b19014ddd22e3d6d2e5a4e2efeb666:1,1197,"Statistical averages provide insight, revealing patterns hidden in data.",platform/published,typesafe/jev-1.13,typesafe/jev-1.13-20260917,fact,0.59,0.18,physical,0.95,0.9,literal language,0.57,0.14,positive,0.99,0.98,knowledge,0.83,0.67,abstract,0.02,0.96,0.76,1360
817918fac047a45614a2329e4fff75e9f3816b30c4e3aafd76030b9b4fd79209:1,788,"Social stratification forms the layers of societal geology, shaped by cumulative behaviors.",platform/published,typesafe/jev-1.13,typesafe/jev-1.13-20260917,opinion,0.08,0.84,social,0.0,1.0,figure of speech,0.0,1.0,positive,1.0,0.99,knowledge,0.69,0.38,abstract,0.0,1.0,0.41,1364
ea26faa2ae87e9061e22b72df2584bedc1c242a01412c589def79cf45431a41d:1,1196,Standardized tests measure educational outcomes and inform instructional decisions.,platform/published,typesafe/jev-1.13,typesafe/jev-1.13-20260917,fact,0.94,0.89,social,0.0,0.99,literal language,1.0,1.0,positive,0.99,0.98,knowledge,0.97,0.95,abstract,0.24,0.53,0.7,1359
0acb7b92cfe4ab3af90c6efab1abb992a36a3f8bba4941bb0561623e6b853f11:1,381,Cybersecurity protects digital information from potential threats and malicious actors.,platform/published,typesafe/jev-1.13,typesafe/jev-1.13-20260917,fact,1.0,1.0,physical,0.59,0.17,literal language,1.0,1.0,positive,0.99,0.98,knowledge,1.0,1.0,abstract,0.45,0.1,0.74,1362
4ed0bce682db3c43d1ce86d3358e39fd3fee093891787055f4585f1f833ed218:1,789,"Societies evolve, shedding old beliefs like snakes shedding their skin.",platform/published,typesafe/jev-1.13,typesafe/jev-1.13-20260917,opinion,0.03,0.95,social,0.0,1.0,figure of speech,0.0,1.0,positive,0.99,0.97,knowledge,0.86,0.72,abstract,0.0,0.99,0.69,1361
d875ebb57637a5cd9fbe1c7a34a3e117612cb67a9c83702e88b7bcce17e796ff:1,1198,Still waters run deep; quietness often conceals complex thoughts and emotions.,platform/published,typesafe/jev-1.13,typesafe/jev-1.13-20260917,opinion,0.0,0.99,social,0.01,0.97,figure of speech,0.0,1.0,positive,0.9,0.8,knowledge,0.9,0.8,abstract,0.18,0.64,0.86,1363
035eaa67f7c47192b62f4c325dd3d77dd8bac607a524a15bcd096bd04c5aafaa:1,1199,"Strength training increases muscle mass, contributing to metabolic health.",platform/published,typesafe/jev-1.13,typesafe/jev-1.13-20260917,fact,1.0,1.0,physical,1.0,1.0,literal language,1.0,1.0,positive,1.0,1.0,knowledge,0.82,0.63,everyday,0.6,0.21,0.72,1358
dee3756576e1286157e0ca16def694b6fcf94d60fcd7d44c77f46347fda1471d:1,383,DNA is the intricate script writing life's complex saga.,platform/published,typesafe/jev-1.13,typesafe/jev-1.13-20260917,opinion,0.1,0.81,physical,0.99,0.98,figure of speech,0.0,1.0,positive,0.89,0.78,knowledge,0.99,0.97,abstract,0.0,0.99,0.41,1358
416e08da4a95dbe1906d26c4f7e873904e0b225b3015db441e39858ad66bd34a:1,790,Society's values paint the backdrop of human experience's stage.,platform/published,typesafe/jev-1.13,typesafe/jev-1.13-20260917,opinion,0.0,1.0,social,0.0,1.0,figure of speech,0.0,1.0,positive,0.64,0.28,knowledge,0.89,0.78,abstract,0.0,1.0,0.62,1360
6957f803e4b6b2732327bcc1eb77f83a02e9b5f64cf61a6aeebee8995e9c8d80:1,382,DNA contains the genetic information essential for life.,platform/published,typesafe/jev-1.13,typesafe/jev-1.13-20260917,fact,1.0,1.0,physical,1.0,1.0,literal language,1.0,1.0,positive,1.0,1.0,knowledge,1.0,1.0,abstract,0.01,0.99,0.7,1356
7c8562c07a45164b13841cf4120a2cd8047ad418d7bc75b041df9e051f6b72e8:1,791,Sound travels faster in water than in air.,platform/published,typesafe/jev-1.13,typesafe/jev-1.13-20260917,fact,1.0,1.0,physical,1.0,1.0,literal language,1.0,1.0,positive,1.0,1.0,knowledge,1.0,1.0,abstract,0.47,0.06,0.54,1356
4d2fbfbf31477c4d3f276a05962aa07693152843cc76bceb0200c805fc015c7a:1,1200,Stress and strain determine how materials respond to forces in engineering.,platform/published,typesafe/jev-1.13,typesafe/jev-1.13-20260917,fact,1.0,1.0,physical,1.0,1.0,literal language,1.0,1.0,positive,1.0,1.0,knowledge,0.99,0.98,abstract,0.01,0.99,0.31,1360
6b02b43950c4dcf0951d22d8258276f358ebe1bfd46a002c773ab8a81dc40a52:1,792,Spiritual awakening is a personal journey often defined by subjective experience.,platform/published,typesafe/jev-1.13,typesafe/jev-1.13-20260917,opinion,0.01,0.98,social,0.0,1.0,literal language,0.84,0.68,positive,0.84,0.68,knowledge,0.99,0.99,abstract,0.02,0.96,0.79,1361
5e387b7cbb88e0996ec0607383d6b3dca8591f01d7cfcc6ad747b443e1add87c:1,384,"DNA testing reveals ancestral connections, linking personal histories.",platform/published,typesafe/jev-1.13,typesafe/jev-1.13-20260917,fact,0.99,0.98,physical,0.6,0.2,literal language,0.96,0.92,positive,1.0,1.0,knowledge,0.97,0.94,everyday,0.77,0.54,0.77,1357
3fe907bc846764fd885c9e238dfb6c5ed8f9450f4dc19702ad35139f007023ed:1,385,DNA writes the poetry of life with an invisible pen.,platform/published,typesafe/jev-1.13,typesafe/jev-1.13-20260917,opinion,0.01,0.99,physical,0.91,0.82,figure of speech,0.0,1.0,positive,0.82,0.63,knowledge,0.95,0.9,abstract,0.0,1.0,0.16,1358
668a92bdee3422d7882b8698c5ec2bf0c5708b804035c34453b5ba23341858cf:1,1202,"Success is a road paved with perseverance, not merely talent or luck.",platform/published,typesafe/jev-1.13,typesafe/jev-1.13-20260917,opinion,0.0,1.0,social,0.0,1.0,figure of speech,0.0,1.0,normative,0.14,0.72,knowledge,0.6,0.2,abstract,0.02,0.96,0.79,1361
c133ed25618377d87eb2e6964431b268ad2ee2449ad1797b6e906512b1a81627:1,793,Spiritual awakenings parallel psychological states observable through consciousness studies.,platform/published,typesafe/jev-1.13,typesafe/jev-1.13-20260917,opinion,0.09,0.82,social,0.09,0.83,literal language,0.83,0.66,positive,1.0,1.0,knowledge,0.75,0.49,abstract,0.0,1.0,0.25,1361
44897d314b9b8732a91571c8fcc188d53d4daaf03d6cb643828ae6ffd2384cb9:1,386,"Data interpretation often mirrors researchers' inherent biases, not objectivity.",platform/published,typesafe/jev-1.13,typesafe/jev-1.13-20260917,opinion,0.05,0.9,social,0.0,1.0,literal language,0.8,0.6,positive,0.99,0.97,knowledge,0.87,0.74,abstract,0.0,0.99,0.61,1361
ed96fb101f5680c9f528d67df47019e4b45ec1bd8fcffc4b39e48c63db6eb7c3:1,1201,"Stretching enhances flexibility, promoting better movement and injury prevention.",platform/published,typesafe/jev-1.13,typesafe/jev-1.13-20260917,fact,0.97,0.94,physical,1.0,1.0,literal language,1.0,1.0,positive,0.98,0.96,knowledge,0.87,0.74,everyday,0.98,0.96,0.88,1360
ddc2bbf284e3f3b616df88ef4469f4a2d31686c70acfcf1a756f331caefee35a:1,794,Spiritual traditions describe existential laws as stars illuminate night skies.,platform/published,typesafe/jev-1.13,typesafe/jev-1.13-20260917,opinion,0.09,0.82,social,0.03,0.94,figure of speech,0.0,1.0,positive,0.68,0.35,knowledge,0.92,0.84,abstract,0.0,1.0,0.14,1360
c6c8aaf461f30afad7a6d4dd8e9d374aab89db70e7ea81d539db1fb589ec6643:1,387,"Data is the new gold, mined for insights rather than wealth.",platform/published,typesafe/jev-1.13,typesafe/jev-1.13-20260917,opinion,0.0,1.0,social,0.0,0.99,figure of speech,0.0,1.0,normative,0.42,0.16,knowledge,0.85,0.7,abstract,0.01,0.99,0.42,1360
8e696bd3e7f364de154629ff19217c535c4a5ed6e2e93c78f89503866da55063:1,795,Spirituality is the magnet pulling humanity towards existential contemplation.,platform/published,typesafe/jev-1.13,typesafe/jev-1.13-20260917,opinion,0.0,1.0,social,0.0,1.0,figure of speech,0.0,1.0,normative,0.45,0.1,knowledge,0.8,0.59,abstract,0.0,1.0,0.31,1362
adc52c90a0dbcfa459bd51608dc7d894e0eefd3432fa6e145da5202ed6485461:1,1203,"Success requires both strategy and sacrifice, like planting seeds for future harvests.",platform/published,typesafe/jev-1.13,typesafe/jev-1.13-20260917,opinion,0.0,1.0,social,0.01,0.99,figure of speech,0.0,1.0,normative,0.08,0.84,reasoning,0.39,0.23,abstract,0.06,0.89,0.86,1363
d505c5e5fa6368c1c98613a82628ca7382efc6f8eaa96cee6fff549d6cf55e25:1,388,Day and night are caused by Earth's rotation.,platform/published,typesafe/jev-1.13,typesafe/jev-1.13-20260917,fact,1.0,1.0,physical,1.0,1.0,literal language,1.0,1.0,positive,1.0,1.0,knowledge,0.99,0.97,everyday,0.51,0.02,0.87,1357
a10cbe54b1dc80c9e32c50c0efcee19d3148182318bb0328d24d21883e21c3c9:1,1204,Taste in food illustrates how culture shapes preferences and experiences.,platform/published,typesafe/jev-1.13,typesafe/jev-1.13-20260917,opinion,0.44,0.12,social,0.0,1.0,literal language,0.91,0.82,positive,0.99,0.98,knowledge,0.67,0.35,abstract,0.15,0.7,0.79,1359
1dfd3debb9deae283e24e408240be48a4a2452671a9501d92d988cdf969a9b0e:1,389,"Demographic shifts are the invisible tide, shaping economies without asking permission.",platform/published,typesafe/jev-1.13,typesafe/jev-1.13-20260917,opinion,0.06,0.89,social,0.04,0.93,figure of speech,0.0,1.0,positive,0.98,0.95,knowledge,0.76,0.53,abstract,0.0,1.0,0.54,1363
38ac7ef3d00885ca6cbcc7e3a0ed11c17b2b2b71a817a57e2bc964a91cb6aed8:1,797,Statistical models paint pictures with the palette of numbers.,platform/published,typesafe/jev-1.13,typesafe/jev-1.13-20260917,opinion,0.01,0.97,physical,0.89,0.77,figure of speech,0.0,1.0,positive,0.96,0.93,knowledge,0.96,0.91,abstract,0.01,0.98,0.26,1359
6dee5aa270021dc54ca57d7441987022e5901f82f74ed9fe809fdc403ff09319:1,796,Statistical data is the canvas where probabilities paint the future.,platform/published,typesafe/jev-1.13,typesafe/jev-1.13-20260917,opinion,0.0,1.0,physical,0.7,0.4,figure of speech,0.0,1.0,positive,0.53,0.05,knowledge,0.74,0.48,abstract,0.0,1.0,0.22,1360
fedeb807248d6a469ed43be313497970d4f2084e0c026cc581393d6ebc3f7100:1,1205,Team collaboration enhances problem-solving capabilities in various professional environments.,platform/published,typesafe/jev-1.13,typesafe/jev-1.13-20260917,fact,0.61,0.22,social,0.0,1.0,literal language,1.0,1.0,positive,0.99,0.98,knowledge,0.92,0.83,abstract,0.36,0.27,0.85,1358
fbc943a11f158a4501bf8844bcec3f1fc0170704ffbaf34c2de0a0ec8615af69:1,390,"Desert sunsets are nature's fiery breath, painting silence across vast expanses.",platform/published,typesafe/jev-1.13,typesafe/jev-1.13-20260917,opinion,0.0,1.0,physical,0.74,0.48,figure of speech,0.0,1.0,normative,0.47,0.07,knowledge,0.99,0.99,everyday,0.68,0.35,0.26,1365
f6afe4e905bbd82f2504764fae279277ee85c2629ba21fade670345c2ec268c5:1,798,Statistics analyzes numerical data to draw conclusions.,platform/published,typesafe/jev-1.13,typesafe/jev-1.13-20260917,fact,1.0,1.0,physical,0.94,0.87,literal language,1.0,1.0,positive,1.0,1.0,knowledge,1.0,0.99,abstract,0.21,0.58,0.73,1355
bb7f79afa87648a40853f80360e99a9f39b9d690c7c881c44b0d1b0e3aae9883:1,391,"Deserts are nature's blank canvases, awaiting time's brushstrokes.",platform/published,typesafe/jev-1.13,typesafe/jev-1.13-20260917,opinion,0.0,1.0,physical,0.61,0.22,figure of speech,0.0,1.0,normative,0.28,0.44,knowledge,0.98,0.95,abstract,0.03,0.94,0.23,1364
89700aa9f646159f4a909ba70addc6bff337e7da3fee8423165280f277105992:1,799,"Strength is not just muscle, but the fortress of resilience.",platform/published,typesafe/jev-1.13,typesafe/jev-1.13-20260917,opinion,0.0,1.0,social,0.09,0.82,figure of speech,0.0,1.0,normative,0.03,0.93,knowledge,0.7,0.4,abstract,0.01,0.99,0.56,1359
487de2b468bd13e3965b315ee81997551bb9f23bd70fceb3e6844eca26c375d7:1,1207,"Technology transforms society, enhancing communication and access to information effectively.",platform/published,typesafe/jev-1.13,typesafe/jev-1.13-20260917,opinion,0.17,0.66,social,0.01,0.98,literal language,0.93,0.86,positive,0.75,0.5,knowledge,0.88,0.76,abstract,0.06,0.88,0.82,1359
8bb182f8e475ba8f7d842b3c7dfb0f5fe7b2c1ffebed57ea7b38df6c4f0cb9b0:1,1206,Technology is a tool; it's how we use it that matters.,platform/published,typesafe/jev-1.13,typesafe/jev-1.13-20260917,opinion,0.0,1.0,social,0.01,0.98,figure of speech,0.01,0.98,normative,0.03,0.94,knowledge,0.59,0.19,abstract,0.19,0.61,0.83,1361
b62e1bba24353bb8b158e28dbb30f5d198606c5b6fa0e6586ebf36eeb4ce83cf:1,392,Deserts have low precipitation and high temperature variations daily.,platform/published,typesafe/jev-1.13,typesafe/jev-1.13-20260917,fact,1.0,1.0,physical,1.0,1.0,literal language,1.0,1.0,positive,1.0,1.0,knowledge,1.0,1.0,abstract,0.48,0.04,0.82,1358
31da34f4abb83a30a17fe4463717619941452a47d568febf130664a2b64668f3:1,800,"Strength training builds the body’s castle, brick by irreplaceable brick.",platform/published,typesafe/jev-1.13,typesafe/jev-1.13-20260917,opinion,0.08,0.85,physical,0.98,0.97,figure of speech,0.0,1.0,positive,0.68,0.37,knowledge,0.87,0.74,abstract,0.49,0.02,0.51,1363
2ecb17dafa8a9849844155185959434693cc868a7a78584d5acfb6ab00b8c7c6:1,1208,Tectonic activity shapes mountain ranges and interacts with human settlement patterns.,platform/published,typesafe/jev-1.13,typesafe/jev-1.13-20260917,fact,1.0,1.0,physical,1.0,1.0,literal language,1.0,1.0,positive,1.0,1.0,knowledge,0.98,0.95,abstract,0.01,0.99,0.51,1361
0673992be3aaf6728c609e14fd73e3a97cc9a684bf70581bbab71b26a27e16ee:1,393,Deserts typically have arid climates with very little precipitation.,platform/published,typesafe/jev-1.13,typesafe/jev-1.13-20260917,fact,1.0,1.0,physical,1.0,1.0,literal language,1.0,1.0,positive,1.0,1.0,knowledge,1.0,1.0,abstract,0.44,0.13,0.88,1359
790d33f229992e80d7fac1d3baba514fee7a6ca2e5e6b1baf76b1b76091968d5:1,801,Strength training increases muscle mass and metabolic rate.,platform/published,typesafe/jev-1.13,typesafe/jev-1.13-20260917,fact,1.0,1.0,physical,1.0,1.0,literal language,1.0,1.0,positive,1.0,1.0,knowledge,1.0,0.99,everyday,0.77,0.54,0.71,1356
3d5153996664b6d444157b651d9e21d9dcedfdeb5b9a5d0ec04225dd423f72cc:1,394,Diet and exercise impact health and well-being.,platform/published,typesafe/jev-1.13,typesafe/jev-1.13-20260917,fact,1.0,1.0,physical,1.0,1.0,literal language,1.0,1.0,positive,1.0,1.0,knowledge,1.0,1.0,everyday,0.96,0.91,0.96,1356
cc7d8867d4fd73904f72d3e7a2a9d16bafe06d4a542ebb7694368eea7a7ff9d2:1,1209,"Temperature affects the state of matter'solids, liquids, and gases.",platform/published,typesafe/jev-1.13,typesafe/jev-1.13-20260917,fact,1.0,1.0,physical,1.0,1.0,literal language,1.0,1.0,positive,1.0,1.0,knowledge,1.0,1.0,everyday,0.87,0.75,0.9,1362
8e48e3b51e27a7d213db6faa08613d92bd469a752dafda35361380b67ce62d99:1,802,"Strength training is the sculptor, chiseling the body of dreams.",platform/published,typesafe/jev-1.13,typesafe/jev-1.13-20260917,opinion,0.0,1.0,physical,0.7,0.41,figure of speech,0.0,1.0,normative,0.09,0.82,knowledge,0.97,0.94,abstract,0.33,0.34,0.32,1362
94ad9a5d08642ed036297d26721570d42218fca9d97bdf07c81803b6f1193f9e:1,1210,"Temperature differences cause air currents, creating weather patterns experienced daily.",platform/published,typesafe/jev-1.13,typesafe/jev-1.13-20260917,fact,1.0,1.0,physical,1.0,1.0,literal language,1.0,1.0,positive,1.0,1.0,knowledge,0.82,0.64,everyday,0.71,0.41,0.83,1359
d2e3e2cd827a8fe0a9deb82ddfbde7c6421d95aa78ae95ac88d5c4b83d2db236:1,395,Diet is the ship steering through the fog of temptation.,platform/published,typesafe/jev-1.13,typesafe/jev-1.13-20260917,opinion,0.0,1.0,social,0.11,0.78,figure of speech,0.0,1.0,normative,0.02,0.96,knowledge,0.72,0.44,abstract,0.15,0.7,0.41,1358
96a73e4a6cdf0914e4898986b113eb60c3567f707efb202066732b10ab9b452a:1,803,"Stretching awakens sleeping muscles, a gentle morning breeze of renewal.",platform/published,typesafe/jev-1.13,typesafe/jev-1.13-20260917,opinion,0.08,0.84,physical,0.97,0.94,figure of speech,0.0,1.0,positive,0.83,0.66,knowledge,0.98,0.96,everyday,0.98,0.96,0.71,1363
fde30a391cec17aec68333e139854df758ac8e2267ddbf7802f2e927bf2c9995:1,1211,The Earth is divided into continents and surrounded by ocean bodies.,platform/published,typesafe/jev-1.13,typesafe/jev-1.13-20260917,fact,1.0,1.0,physical,1.0,1.0,literal language,1.0,1.0,positive,1.0,1.0,knowledge,1.0,1.0,abstract,0.39,0.22,0.9,1359
71fa4acc8aadbd9216a97029dcaad203091154b34e606dbbe2081ce634602024:1,804,Stretching improves flexibility and reduces injury risk.,platform/published,typesafe/jev-1.13,typesafe/jev-1.13-20260917,fact,0.98,0.96,physical,1.0,1.0,literal language,1.0,1.0,positive,1.0,1.0,knowledge,0.99,0.98,everyday,0.97,0.94,0.88,1357
b4b5eddfbf5e2e2d5576610109dd3a4b8c2a8ff4fd00dbd88fd710948bb05e76:1,1213,"The Earth rotates on its axis, leading to day and night cycles.",platform/published,typesafe/jev-1.13,typesafe/jev-1.13-20260917,fact,1.0,1.0,physical,1.0,1.0,literal language,1.0,1.0,positive,1.0,1.0,knowledge,0.96,0.92,everyday,0.56,0.13,0.87,1361
6d67ff733d910ed2c828db6bb1097a0d571674e33b8cfd80cc29adfd96f11966:1,396,Dietary habits affect physical health and energy levels.,platform/published,typesafe/jev-1.13,typesafe/jev-1.13-20260917,fact,1.0,1.0,physical,1.0,1.0,literal language,1.0,1.0,positive,1.0,1.0,knowledge,0.99,0.99,everyday,0.99,0.98,0.96,1357
3f6a2519bdd6dfd3811447653cfb8ed04757bdac5cb699359b8d942bf4c59847:1,805,"Stretching is a sunrise for muscles, as daybreak is inevitable.",platform/published,typesafe/jev-1.13,typesafe/jev-1.13-20260917,opinion,0.01,0.99,physical,0.93,0.86,figure of speech,0.0,1.0,positive,0.65,0.29,knowledge,0.53,0.05,everyday,0.52,0.03,0.32,1363
29e379b2a9c9c16de6148fdc08d5da29bf8fff3e2493b8d5b8576045f3534ad1:1,397,Differentiation finds the rate of change of a quantity.,platform/published,typesafe/jev-1.13,typesafe/jev-1.13-20260917,fact,1.0,1.0,physical,1.0,1.0,literal language,1.0,1.0,positive,1.0,1.0,knowledge,1.0,1.0,abstract,0.01,0.98,0.3,1360
f1eb0f5b8e2360e8d47347abcd3a6531814213ffaecc6874ab0f565b7e9ce595:1,1212,The Earth revolves around the sun in an elliptical orbit.,platform/published,typesafe/jev-1.13,typesafe/jev-1.13-20260917,fact,1.0,1.0,physical,1.0,1.0,literal language,1.0,1.0,positive,1.0,1.0,knowledge,1.0,1.0,abstract,0.01,0.99,0.48,1360
7ff65114d62f04413f32b455c0ed91525947e7567f74cf8ea021c4591d7781b4:1,399,Digital communication alters traditional social interaction and cultural constructs.,platform/published,typesafe/jev-1.13,typesafe/jev-1.13-20260917,fact,0.69,0.39,social,0.0,1.0,literal language,1.0,1.0,positive,1.0,1.0,knowledge,0.94,0.89,abstract,0.02,0.96,0.64,1357
d20c7372b813b908f15f04f6c4b0eb2d6182441537ba9c64bc5a0942515e828e:1,807,Symbols in religious art echo psychological interpretations of visual perception.,platform/published,typesafe/jev-1.13,typesafe/jev-1.13-20260917,opinion,0.02,0.97,social,0.0,0.99,literal language,0.62,0.23,positive,0.98,0.97,knowledge,0.68,0.36,abstract,0.0,1.0,0.2,1358
1431753c6aaa3677eeac4e4ba00b5cd44e6bcc264e4e9405a95411c8ebce9a66:1,806,Sunlight exposure helps the body produce vitamin D.,platform/published,typesafe/jev-1.13,typesafe/jev-1.13-20260917,fact,1.0,1.0,physical,1.0,1.0,literal language,1.0,1.0,positive,1.0,1.0,knowledge,1.0,1.0,everyday,0.96,0.93,0.91,1357
6f0a35cdbde0425c2b64cedba627c39231ab4fd49b7c10c38eddae17477bcb99:1,398,"Digestion is the alchemy, transforming food into life's sustaining fuel.",platform/published,typesafe/jev-1.13,typesafe/jev-1.13-20260917,opinion,0.2,0.59,physical,1.0,0.99,figure of speech,0.0,1.0,positive,0.95,0.89,knowledge,0.97,0.94,abstract,0.37,0.27,0.63,1363
1b183e8f98aa915d7a6e2ad39246bf987ab525ae654c84a89b880e841c4e3cc1:1,1215,"The Earth's crust is divided into tectonic plates, which can shift and cause earthquakes.",platform/published,typesafe/jev-1.13,typesafe/jev-1.13-20260917,fact,1.0,1.0,physical,1.0,1.0,literal language,1.0,1.0,positive,1.0,1.0,knowledge,0.99,0.99,abstract,0.08,0.83,0.57,1365
7fe4ba05efe14a62f60131e18845853cbe970d3d5db21f4b5303302dd3932151:1,1214,The Earth's axial tilt affects seasonal temperature variations experienced by different regions.,platform/published,typesafe/jev-1.13,typesafe/jev-1.13-20260917,fact,1.0,1.0,physical,1.0,1.0,literal language,1.0,1.0,positive,1.0,1.0,knowledge,0.98,0.96,abstract,0.25,0.51,0.7,1361
c565ae4eebb2d8c6e2d4a1deaab051ddd0012ccc2af0f0a05467384ab7ec2e98:1,400,Digital interfaces bridge human experiences with technological advancements.,platform/published,typesafe/jev-1.13,typesafe/jev-1.13-20260917,opinion,0.37,0.25,social,0.21,0.57,figure of speech,0.16,0.68,positive,0.98,0.95,knowledge,0.93,0.87,abstract,0.07,0.87,0.68,1356
5ff641dc2d5ec34117be0889ed49757732d670bd37cfe18e02123d72edf80ee5:1,1216,The Pythagorean theorem defines the relationship between sides of a right triangle.,platform/published,typesafe/jev-1.13,typesafe/jev-1.13-20260917,fact,1.0,1.0,physical,1.0,1.0,literal language,1.0,1.0,positive,1.0,1.0,knowledge,1.0,1.0,abstract,0.01,0.97,0.39,1363
b9bbe38c042ddce750d47178098e8f07270399059e26e119aa316f5dc9cf67a5:1,1217,"The Richter scale measures the intensity of earthquakes, quantifying seismic activity.",platform/published,typesafe/jev-1.13,typesafe/jev-1.13-20260917,fact,0.99,0.98,physical,1.0,1.0,literal language,1.0,1.0,positive,1.0,1.0,knowledge,1.0,1.0,abstract,0.17,0.65,0.61,1362
06054eada2ef0dfaa33ee2f8cb13cdb5553c37d4a7eec1c977085f22ce0f706a:1,401,Diplomacy is the art of weaving peace from threads of discord.,platform/published,typesafe/jev-1.13,typesafe/jev-1.13-20260917,opinion,0.0,1.0,social,0.0,1.0,figure of speech,0.0,1.0,normative,0.05,0.91,knowledge,0.96,0.93,abstract,0.0,1.0,0.58,1362
c88c2b7805be30ba540d6631d87a4b84c2874cdbe5372418d5bcf3167dc45625:1,402,Direct statements convey clear and precise meanings.,platform/published,typesafe/jev-1.13,typesafe/jev-1.13-20260917,opinion,0.42,0.15,social,0.01,0.98,literal language,1.0,0.99,positive,0.95,0.91,knowledge,0.95,0.91,abstract,0.4,0.21,0.87,1355
589e1d457d713c5c45cfc97ec2e9b22eee57109767eb0b285f9d418fa99a94f4:1,808,Symmetry in equations mirrors the balance in nature's design.,platform/published,typesafe/jev-1.13,typesafe/jev-1.13-20260917,opinion,0.0,1.0,physical,0.98,0.96,figure of speech,0.0,1.0,positive,0.62,0.23,reasoning,0.47,0.07,abstract,0.0,1.0,0.5,1360
f737f92e55fe5c115a229cabf3fd5eab53ccce8c521c5fbc69c1073c32b5d0d9:1,809,Technological advances redefine societal norms and daily life.,platform/published,typesafe/jev-1.13,typesafe/jev-1.13-20260917,fact,0.57,0.14,social,0.0,1.0,literal language,0.93,0.85,positive,0.99,0.99,knowledge,0.88,0.76,abstract,0.02,0.96,0.82,1358
1babac7115b560aba4ab65916df9ea8992f91d3c5bdd9f41348e582c41e77f9f:1,810,Technology impacts how we communicate and access information.,platform/published,typesafe/jev-1.13,typesafe/jev-1.13-20260917,fact,1.0,1.0,social,0.05,0.9,literal language,1.0,1.0,positive,1.0,1.0,knowledge,0.99,0.98,everyday,0.85,0.7,0.91,1356
e362431a0cd7e0f5f9d30fa6df81401ec27413bd9f7f575d2fa822516a264eaa:1,1218,The concept of angular momentum helps describe rotational motion in physics.,platform/published,typesafe/jev-1.13,typesafe/jev-1.13-20260917,fact,1.0,1.0,physical,1.0,1.0,literal language,1.0,1.0,positive,1.0,1.0,knowledge,1.0,0.99,abstract,0.01,0.98,0.3,1359
009bab5786386300a0dc08df3853020aee99a9f34ce8336ece5e42eef6a8d995:1,1219,"The cycle of seasons impacts agriculture, affecting food production and consumption patterns.",platform/published,typesafe/jev-1.13,typesafe/jev-1.13-20260917,fact,1.0,1.0,physical,0.84,0.68,literal language,1.0,1.0,positive,1.0,1.0,knowledge,0.91,0.83,everyday,0.65,0.3,0.91,1361
ea4a8125dbaa4da647255947aacf472f5bae90823823cfaabc6c61e60853f28e:1,1220,"The early bird catches the worm, emphasizing timeliness in success.",platform/published,typesafe/jev-1.13,typesafe/jev-1.13-20260917,opinion,0.02,0.96,social,0.06,0.89,figure of speech,0.0,1.0,normative,0.05,0.9,knowledge,0.79,0.58,everyday,0.51,0.03,0.87,1360
5c7a49ab853f9fb99c6eae6cb359619aa1de7a5ffb9391821e4b9d60ee823f78:1,403,Drinking water helps maintain proper hydration levels.,platform/published,typesafe/jev-1.13,typesafe/jev-1.13-20260917,fact,1.0,1.0,physical,1.0,1.0,literal language,1.0,1.0,positive,1.0,1.0,knowledge,1.0,0.99,everyday,1.0,1.0,0.97,1357
967e115240b219b3e43f8b74bc6d44826c8bc3636b734cd66374ab9c4e59232c:1,811,"Technology is the silent architect, designing tomorrow’s realities today.",platform/published,typesafe/jev-1.13,typesafe/jev-1.13-20260917,opinion,0.0,1.0,social,0.13,0.74,figure of speech,0.0,1.0,normative,0.32,0.37,knowledge,0.89,0.77,abstract,0.0,1.0,0.18,1359
daddbf9ff3af3cb3e8f04489f0016a9d4087059fcbff5ca4ee1010ee7e404885:1,404,"Drones are the eyes in the sky, surveying the world with ease.",platform/published,typesafe/jev-1.13,typesafe/jev-1.13-20260917,opinion,0.06,0.87,physical,0.94,0.87,figure of speech,0.0,1.0,positive,0.94,0.88,knowledge,0.99,0.97,everyday,0.79,0.57,0.62,1364
4eeef802a2ca14ccb8078dcc660c13bfa53a0c5c524604720640922d609b63f4:1,1221,The formula for the area of a rectangle is length multiplied by width.,platform/published,typesafe/jev-1.13,typesafe/jev-1.13-20260917,fact,1.0,1.0,physical,1.0,1.0,literal language,1.0,1.0,positive,1.0,1.0,knowledge,1.0,1.0,abstract,0.46,0.09,0.77,1361
04deb0614a7329b2b6f9ac6f5e33405cdfc0ba6e28d55537a8f8686de5a2503f:1,405,E=mc^2 describes how mass and energy are interchangeable.,platform/published,typesafe/jev-1.13,typesafe/jev-1.13-20260917,fact,1.0,1.0,physical,1.0,1.0,literal language,1.0,1.0,positive,1.0,1.0,knowledge,1.0,0.99,abstract,0.0,1.0,0.18,1360
65182b18aa2b5d283d43daa98820dd9878c182cd32bc680f380f288fd7d61774:1,812,"Technology is the sorcerer's apprentice, weaving magic from circuits and codes.",platform/published,typesafe/jev-1.13,typesafe/jev-1.13-20260917,opinion,0.0,1.0,social,0.44,0.11,figure of speech,0.0,1.0,normative,0.36,0.28,knowledge,0.94,0.88,abstract,0.0,0.99,0.11,1363
21010195653ae49ff2a9eddad4f66510a285631117e4e40ce9d470a021ac941c:1,813,Technology is the wizard molding tomorrow's realm from yesterday's dreams.,platform/published,typesafe/jev-1.13,typesafe/jev-1.13-20260917,opinion,0.0,1.0,social,0.18,0.65,figure of speech,0.0,1.0,normative,0.15,0.69,knowledge,0.93,0.87,abstract,0.0,1.0,0.19,1360
f8c7b054fbfe7773e331fb6f6e4b095dcc1803f12ffaf825bc1bbf6a0055172a:1,406,Earth's poles experience extreme cold and long periods without sunlight.,platform/published,typesafe/jev-1.13,typesafe/jev-1.13-20260917,fact,1.0,1.0,physical,1.0,1.0,literal language,1.0,1.0,positive,1.0,1.0,knowledge,1.0,1.0,abstract,0.22,0.57,0.86,1359
10a8df49b1c2c0718c77a87ec745c1cfe515105e7cc737d4faac40b8c40d7478:1,814,Technology shapes human perception through algorithms and tailored experiences.,platform/published,typesafe/jev-1.13,typesafe/jev-1.13-20260917,fact,0.73,0.45,social,0.0,1.0,literal language,0.99,0.98,positive,1.0,1.0,knowledge,0.9,0.81,abstract,0.05,0.9,0.48,1357
f050a62cfbc44da1be7101f10ad5240d70d811de405083ca8e8b366da1c0b90f:1,407,Earthquakes occur along fault lines due to tectonic plate movements.,platform/published,typesafe/jev-1.13,typesafe/jev-1.13-20260917,fact,1.0,1.0,physical,1.0,1.0,literal language,1.0,1.0,positive,1.0,1.0,knowledge,0.99,0.98,abstract,0.05,0.9,0.52,1362
b300129d3edff615fd2b4b301b16e450364ee1b6086cdcb59bf54964807285b4:1,815,Technology transforms dreams into tangible forms through practical applications.,platform/published,typesafe/jev-1.13,typesafe/jev-1.13-20260917,opinion,0.22,0.56,physical,0.87,0.75,figure of speech,0.06,0.89,positive,0.97,0.94,knowledge,0.82,0.63,abstract,0.04,0.92,0.74,1357
8d25cd2993b019736722fcdf3200f2a1b9ca78fef7bfc9f4bf839cbd5343e4f0:1,1222,The heart grows fonder with distance; absence reveals the depth of true connection.,platform/published,typesafe/jev-1.13,typesafe/jev-1.13-20260917,opinion,0.0,1.0,social,0.0,1.0,figure of speech,0.0,1.0,normative,0.4,0.2,knowledge,0.89,0.78,abstract,0.34,0.32,0.59,1363
fdd1cbe4536de9549731d577bebc0c9e8fefebd3a7760daf7ea2b77405b5c9c0:1,1224,The human body needs a balanced diet for optimal health.,platform/published,typesafe/jev-1.13,typesafe/jev-1.13-20260917,fact,0.99,0.97,physical,1.0,1.0,literal language,1.0,1.0,positive,0.74,0.47,knowledge,0.99,0.98,everyday,0.9,0.79,0.94,1358
d6f4554cd4e145fe2565aa869add40cca6bdf7cb04b7e8e12015abdf5a98c0a3:1,1223,"The heart pumps blood, sustaining life through a complex system.",platform/published,typesafe/jev-1.13,typesafe/jev-1.13-20260917,fact,1.0,1.0,physical,1.0,1.0,literal language,1.0,1.0,positive,1.0,1.0,knowledge,1.0,1.0,everyday,0.52,0.05,0.95,1359
b5b7b5ae5af763435628d237d95da8573383f66b3b8f5e536a09c05f0606f1b0:1,408,"Economic laws work unbidden, like wind shaping the contours of supply and demand.",platform/published,typesafe/jev-1.13,typesafe/jev-1.13-20260917,opinion,0.04,0.93,social,0.02,0.95,figure of speech,0.0,1.0,positive,1.0,1.0,knowledge,0.92,0.83,abstract,0.0,1.0,0.46,1366
cbb3b742037bd51e83e8b3a3595e383564c2c4d793cc869e82434cecac63460d:1,817,"Temperature is nature's thermometer, gauging the warmth of cosmic harmony.",platform/published,typesafe/jev-1.13,typesafe/jev-1.13-20260917,opinion,0.01,0.99,physical,0.93,0.87,figure of speech,0.0,1.0,normative,0.36,0.28,knowledge,0.97,0.94,abstract,0.02,0.96,0.18,1361
34b043d3912358909ceaae24a04517480f1a6b9d0849040fe33e863364ef4aa6:1,1226,The pen is mightier than the sword; words can change the world.,platform/published,typesafe/jev-1.13,typesafe/jev-1.13-20260917,opinion,0.0,1.0,social,0.0,1.0,figure of speech,0.0,1.0,normative,0.13,0.74,knowledge,0.83,0.65,abstract,0.0,1.0,0.57,1363
643480a03722c6f2d88d1865e3322e79f8913e5cf50f5b8ad025900b0f7c0281:1,816,"Temperature affects the state of water, changing ice to liquid.",platform/published,typesafe/jev-1.13,typesafe/jev-1.13-20260917,fact,1.0,1.0,physical,1.0,1.0,literal language,1.0,1.0,positive,1.0,1.0,knowledge,1.0,0.99,everyday,1.0,1.0,0.96,1359
c08eb2b6eaea0030e8e8b81ecd396ffcb5718235c9fad380ecc937cba1c0e712:1,1225,"The internet connects people globally, shrinking distances through technology's reach.",platform/published,typesafe/jev-1.13,typesafe/jev-1.13-20260917,fact,0.73,0.46,social,0.07,0.85,figure of speech,0.09,0.81,positive,0.97,0.94,knowledge,0.9,0.81,abstract,0.45,0.11,0.87,1360
d0765b4c4bd268aba5aaa3b6aa495b7cb31abbd0d2fc109274f9d9ba713ee657:1,409,"Economics is society’s dynamic equation, with laws independent of individual preferences.",platform/published,typesafe/jev-1.13,typesafe/jev-1.13-20260917,opinion,0.03,0.95,social,0.02,0.95,figure of speech,0.0,1.0,positive,0.95,0.91,knowledge,0.84,0.68,abstract,0.0,1.0,0.19,1363
373c61093e8e4b9eff40d3edaa704c982487c5dbffa8a283fb80fcd10af44237:1,410,"Economics is society’s invisible hand, shaping human interaction and commerce.",platform/published,typesafe/jev-1.13,typesafe/jev-1.13-20260917,opinion,0.01,0.98,social,0.0,1.0,figure of speech,0.0,1.0,positive,0.74,0.48,knowledge,0.93,0.87,abstract,0.0,1.0,0.48,1362
83738e39a9191404be15cc13861a9c716fa0bb5628d157bdb761c30731673453:1,818,The Amazon Rainforest is home to vast biodiversity.,platform/published,typesafe/jev-1.13,typesafe/jev-1.13-20260917,fact,1.0,0.99,physical,1.0,1.0,literal language,0.99,0.97,positive,1.0,1.0,knowledge,1.0,1.0,abstract,0.25,0.5,0.79,1359
72ff17aca5e542590cd01632bf90274e361fe682e82a67a9b23de2892cdedd1c:1,411,Economies fluctuate based on supply and demand dynamics.,platform/published,typesafe/jev-1.13,typesafe/jev-1.13-20260917,fact,0.99,0.99,social,0.01,0.99,literal language,1.0,1.0,positive,1.0,1.0,knowledge,0.99,0.98,abstract,0.02,0.97,0.77,1360
2b0cab0ceca063f4e28dd59ebdf5075c2a4b1d2baba6079bcf093d578cd6b1f2:1,1227,The principle of supply and demand guides economic interactions in markets.,platform/published,typesafe/jev-1.13,typesafe/jev-1.13-20260917,fact,0.97,0.95,social,0.0,1.0,literal language,1.0,0.99,positive,1.0,1.0,knowledge,1.0,0.99,abstract,0.03,0.93,0.74,1359
4fd30305f9bf1d6100251c04fee39d690be6d5d29552609d18023c129066e8e4:1,1228,The principles of thermodynamics govern energy transfer in physical systems.,platform/published,typesafe/jev-1.13,typesafe/jev-1.13-20260917,fact,1.0,1.0,physical,1.0,1.0,literal language,1.0,1.0,positive,1.0,1.0,knowledge,1.0,1.0,abstract,0.0,0.99,0.35,1361
90b2b5931f141e898ba8b55c758d0a56fe95463f2006c683a5ab5786fd71b12d:1,412,Ecosystems sustain life through diverse biological interactions among organisms.,platform/published,typesafe/jev-1.13,typesafe/jev-1.13-20260917,fact,1.0,1.0,physical,1.0,1.0,literal language,1.0,1.0,positive,1.0,1.0,knowledge,0.99,0.97,abstract,0.01,0.98,0.73,1359
ec5b8d8b86cabf56d39b1749b70054f72519a9aca7ff41ac9f65691e8562e475:1,820,The Andes Mountains are the longest continental mountain range.,platform/published,typesafe/jev-1.13,typesafe/jev-1.13-20260917,fact,1.0,1.0,physical,1.0,1.0,literal language,1.0,1.0,positive,1.0,1.0,knowledge,1.0,1.0,abstract,0.16,0.68,0.46,1358
a679afb5044336bcc6c33a87e1e0d738468ff38707a73e46b9f37aaa513e46f0:1,819,The Amazon River is the largest by discharge volume in the world.,platform/published,typesafe/jev-1.13,typesafe/jev-1.13-20260917,fact,1.0,1.0,physical,1.0,1.0,literal language,1.0,1.0,positive,1.0,1.0,knowledge,1.0,1.0,abstract,0.1,0.8,0.4,1360
3c6d44b256790295a6930934a51676821d779ab8baa239cd1b37191e4a356d6f:1,413,Education enhances knowledge and cognitive skills.,platform/published,typesafe/jev-1.13,typesafe/jev-1.13-20260917,fact,0.95,0.9,social,0.07,0.85,literal language,1.0,1.0,positive,1.0,0.99,knowledge,0.92,0.83,abstract,0.31,0.37,0.94,1354
05a0fc87649693388dbecfcdcdc848c0304735131563fc53219451dd41633f63:1,1229,The proof is in the pudding; outcomes reveal the validity of claims.,platform/published,typesafe/jev-1.13,typesafe/jev-1.13-20260917,opinion,0.01,0.98,social,0.17,0.66,figure of speech,0.0,1.0,positive,0.51,0.02,reasoning,0.35,0.31,abstract,0.41,0.18,0.84,1361
b541e646114bd6b29d3ff31c4b7fd5d62406344c0de7fab67a8066ab4940d913:1,821,The Earth orbits the Sun once every 365.25 days.,platform/published,typesafe/jev-1.13,typesafe/jev-1.13-20260917,fact,1.0,1.0,physical,1.0,1.0,literal language,1.0,1.0,positive,1.0,1.0,knowledge,1.0,1.0,abstract,0.09,0.82,0.77,1364
8b612bde6fa5a915047daa64e8b1ba85b6116c686cef904f36d95e1a5376e4ad:1,414,"Electricity flows from high to low potential, following Ohm's law.",platform/published,typesafe/jev-1.13,typesafe/jev-1.13-20260917,fact,1.0,1.0,physical,1.0,1.0,literal language,1.0,1.0,positive,1.0,1.0,knowledge,0.99,0.98,abstract,0.05,0.9,0.37,1363
f09e03e18a90b4b07710ba705bd6024fd6344cce08fb17ffc626836d5f41e0ca:1,1230,The seasons impact agricultural practices by determining planting and harvesting timelines.,platform/published,typesafe/jev-1.13,typesafe/jev-1.13-20260917,fact,1.0,1.0,physical,0.82,0.64,literal language,1.0,1.0,positive,1.0,1.0,knowledge,0.95,0.89,everyday,0.87,0.74,0.91,1359
4fe399af145d7d3865d961fead7ca8cef8314c9710264ccfb078ec98987f0c6c:1,415,"Electricity flows through conductive materials, powering devices.",platform/published,typesafe/jev-1.13,typesafe/jev-1.13-20260917,fact,1.0,1.0,physical,1.0,1.0,literal language,1.0,1.0,positive,1.0,1.0,knowledge,1.0,1.0,everyday,0.96,0.91,0.9,1360
acf02bc4458611f4dcdebd9902559a1d89c99def5af1ea22da70990ed059128c:1,822,"The Earth orbits the Sun, creating seasonal changes.",platform/published,typesafe/jev-1.13,typesafe/jev-1.13-20260917,fact,1.0,1.0,physical,1.0,1.0,literal language,1.0,1.0,positive,1.0,1.0,knowledge,0.93,0.86,abstract,0.29,0.43,0.83,1358
691bee0d70df932c30436f53727c91cf487ac3a11bc3fe91bd56188f0f716abc:1,823,"The Earth rotates, weaving day into night with unerring grace.",platform/published,typesafe/jev-1.13,typesafe/jev-1.13-20260917,fact,0.88,0.75,physical,1.0,1.0,figure of speech,0.02,0.96,positive,0.99,0.99,knowledge,0.98,0.96,abstract,0.39,0.22,0.73,1361
fffaa4fc2055fd9adc7e576bb375695f39654335d22396e241af60a27bfb61a4:1,1231,"The speed of light is approximately 299,792 kilometers per second.",platform/published,typesafe/jev-1.13,typesafe/jev-1.13-20260917,fact,1.0,1.0,physical,1.0,1.0,literal language,1.0,1.0,positive,1.0,1.0,knowledge,1.0,1.0,abstract,0.01,0.98,0.27,1365
cfcedb61257aa9a1d90f6e457847b48511a86f03f663a111fca722f1aeb02cb9:1,416,"Electricity hums invisibly, powering the buzzing hive of human activity.",platform/published,typesafe/jev-1.13,typesafe/jev-1.13-20260917,opinion,0.17,0.67,physical,0.9,0.79,figure of speech,0.0,1.0,positive,0.99,0.98,knowledge,0.97,0.95,everyday,0.7,0.41,0.51,1364
6c324c1239ffe9c47a6420bd2d799f529964dc5127e4d1dd7da1b553a01098a2:1,824,The Earth's magnetic field influences compass navigation.,platform/published,typesafe/jev-1.13,typesafe/jev-1.13-20260917,fact,1.0,1.0,physical,1.0,1.0,literal language,1.0,1.0,positive,1.0,1.0,knowledge,1.0,1.0,everyday,0.65,0.3,0.85,1356
49788e92d58992915a897529f411adfd594850e2dace3cd37fc97a26080d8469:1,1232,The square root of nine is three; truth in mathematics is unwavering.,platform/published,typesafe/jev-1.13,typesafe/jev-1.13-20260917,fact,0.97,0.94,physical,1.0,1.0,figure of speech,0.43,0.14,positive,0.94,0.87,knowledge,0.93,0.86,abstract,0.04,0.92,0.65,1363
269890dedaa7a088d67c685c369a6e5817f9ec750292dd290274b3476284089e:1,825,The Equator divides Earth into Northern and Southern Hemispheres.,platform/published,typesafe/jev-1.13,typesafe/jev-1.13-20260917,fact,1.0,1.0,physical,1.0,1.0,literal language,1.0,1.0,positive,1.0,1.0,knowledge,1.0,1.0,abstract,0.16,0.68,0.74,1360
47c7a6580178d88cf1ff9586924f7c825a676f9709b105320853f82d60f4585c:1,1233,"The structure of DNA carries genetic information, crucial for inheritance in living organisms.",platform/published,typesafe/jev-1.13,typesafe/jev-1.13-20260917,fact,1.0,1.0,physical,1.0,1.0,literal language,1.0,0.99,positive,1.0,1.0,knowledge,1.0,1.0,abstract,0.01,0.99,0.65,1362
902497c681bdd7a575db3388890c302ac0e9c2b87d882f9709c30d55337986d4:1,417,"Electricity hums invisibly, powering the machinery of modern civilization.",platform/published,typesafe/jev-1.13,typesafe/jev-1.13-20260917,opinion,0.44,0.13,physical,0.98,0.96,figure of speech,0.04,0.92,positive,0.99,0.98,knowledge,0.99,0.99,everyday,0.6,0.2,0.68,1363
4e03638dc7867b22b1a22ec2a27d0738d7fc8968b243710604b8e69981c7d45e:1,418,"Electricity powers homes and businesses, enabling modern conveniences.",platform/published,typesafe/jev-1.13,typesafe/jev-1.13-20260917,fact,0.99,0.98,physical,0.98,0.95,literal language,1.0,1.0,positive,0.99,0.98,knowledge,0.99,0.99,everyday,0.99,0.99,0.95,1362
8f867d4e1b30011809d09dd039f959d09d191b3afbd663878936aa8699ca6aca:1,826,"The Fibonacci sequence echoes nature’s hidden, recurring symmetries.",platform/published,typesafe/jev-1.13,typesafe/jev-1.13-20260917,opinion,0.11,0.77,physical,1.0,0.99,figure of speech,0.01,0.99,positive,0.95,0.9,knowledge,0.93,0.86,abstract,0.0,0.99,0.38,1360
c2af8b3713f6572d22c33b03e4ce25de2f915ac8bbe07716410ce38814ce64ae:1,419,Electricity powers household appliances and devices.,platform/published,typesafe/jev-1.13,typesafe/jev-1.13-20260917,fact,1.0,1.0,physical,1.0,1.0,literal language,1.0,1.0,positive,1.0,1.0,knowledge,1.0,1.0,everyday,1.0,1.0,0.96,1356
9766f33a6853555de83bff57a3b2a4f3a1620ba2931948ffc9cb6e2a4df3d055:1,420,"Emotions color our world, though logic holds the brush.",platform/published,typesafe/jev-1.13,typesafe/jev-1.13-20260917,opinion,0.0,1.0,social,0.0,1.0,figure of speech,0.0,1.0,normative,0.5,0.01,knowledge,0.79,0.58,abstract,0.01,0.98,0.59,1360
27dc942f8a86a0bcf654a0353a4ae5f7190722a83789c8793475fc7c4fcf8245:1,1234,The sun rises in the east and sets in the west.,platform/published,typesafe/jev-1.13,typesafe/jev-1.13-20260917,fact,1.0,1.0,physical,1.0,1.0,literal language,1.0,1.0,positive,1.0,1.0,knowledge,1.0,1.0,everyday,1.0,0.99,0.96,1359
05d5e8110b6d39b3f78442e770f403e1cdebb622af55dae5bb2d0d93e958315a:1,828,The Grand Canyon was carved by erosion from the Colorado River.,platform/published,typesafe/jev-1.13,typesafe/jev-1.13-20260917,fact,1.0,1.0,physical,1.0,1.0,literal language,1.0,1.0,positive,1.0,1.0,knowledge,1.0,1.0,abstract,0.16,0.68,0.58,1359
585f4b2b6c99dcab90a5af6bbd73ac6cd0b54e6c28377c20802bd5716cb693fc:1,1235,Thoughts are like seeds; nurture them well and watch growth flourish.,platform/published,typesafe/jev-1.13,typesafe/jev-1.13-20260917,opinion,0.0,1.0,social,0.01,0.99,figure of speech,0.0,1.0,normative,0.01,0.98,knowledge,0.73,0.45,abstract,0.06,0.89,0.63,1362
781e8719465030a8e00d90af9d40c080651de3b612fa377d7acc08ac39d75f36:1,827,The Fibonacci sequence in nature mirrors the universe's intrinsic harmony.,platform/published,typesafe/jev-1.13,typesafe/jev-1.13-20260917,opinion,0.0,0.99,physical,0.79,0.58,figure of speech,0.01,0.99,normative,0.38,0.23,knowledge,0.68,0.36,abstract,0.0,1.0,0.27,1359
07495c41fa4b7b370d3bdbe6625797e6f0e87e7c94e72f11959bee86245db4dc:1,1236,"Three sides define a triangle, demonstrating a fundamental concept in geometry.",platform/published,typesafe/jev-1.13,typesafe/jev-1.13-20260917,fact,1.0,0.99,physical,1.0,1.0,literal language,1.0,1.0,positive,1.0,1.0,knowledge,0.98,0.95,abstract,0.04,0.91,0.81,1360
9f3df32c9e2533ff5225123e7a7a74c819b326574c1025dea4dff2b242ecb197:1,421,Emotions paint reality's canvas with colors of subjective truth.,platform/published,typesafe/jev-1.13,typesafe/jev-1.13-20260917,opinion,0.0,1.0,social,0.0,1.0,figure of speech,0.0,1.0,normative,0.44,0.11,knowledge,0.92,0.84,abstract,0.0,0.99,0.37,1360
4ba01f356636b0b056799aca58de2bb0cde000ee16c88cb409e953bf0e2b70d1:1,829,The Great Barrier Reef is located off Australia's northeast coast.,platform/published,typesafe/jev-1.13,typesafe/jev-1.13-20260917,fact,1.0,1.0,physical,1.0,1.0,literal language,1.0,1.0,positive,1.0,1.0,knowledge,1.0,1.0,everyday,0.88,0.75,0.58,1359
21364777d51d405b41386dc7ad62c3110c0780c9a00e0308cc2a887db77a7c19:1,1237,Time can be measured consistently using tools like clocks and calendars.,platform/published,typesafe/jev-1.13,typesafe/jev-1.13-20260917,fact,0.99,0.99,physical,0.85,0.71,literal language,1.0,1.0,positive,1.0,1.0,knowledge,0.98,0.97,everyday,0.98,0.95,0.94,1359
d677ee18bfd26904c35a7b515b7c97ed39c0a836b236f6eadcc904ea154a99c8:1,423,Empathy is the currency of meaningful human connections.,platform/published,typesafe/jev-1.13,typesafe/jev-1.13-20260917,opinion,0.0,1.0,social,0.0,1.0,figure of speech,0.0,1.0,normative,0.0,0.99,knowledge,0.86,0.71,abstract,0.02,0.96,0.78,1357
fa23ab0c68edce91f61f2f1759109e188e2df74f7006b6d6d1aea42d85c37002:1,830,The Great Barrier Reef is the world's largest coral reef system.,platform/published,typesafe/jev-1.13,typesafe/jev-1.13-20260917,fact,1.0,1.0,physical,1.0,1.0,literal language,1.0,1.0,positive,1.0,1.0,knowledge,1.0,1.0,abstract,0.24,0.51,0.37,1360
6dba806ae3e6c9339fe394f6225c44d6b923214f3500702a1ebecdfe145b722a:1,422,"Empathy is humanity's bridge, spanning the chasm between logic and emotion.",platform/published,typesafe/jev-1.13,typesafe/jev-1.13-20260917,opinion,0.0,1.0,social,0.0,1.0,figure of speech,0.0,1.0,normative,0.06,0.89,knowledge,0.82,0.65,abstract,0.0,1.0,0.51,1363
1527272017b4717b3eaf6fe3506d8d1e7eca8a5c7669638fad7cb0082c57acfb:1,1238,"Time heals wounds, providing perspective on past events we once endured.",platform/published,typesafe/jev-1.13,typesafe/jev-1.13-20260917,opinion,0.01,0.98,social,0.14,0.72,figure of speech,0.0,1.0,positive,0.92,0.84,knowledge,0.98,0.95,abstract,0.48,0.04,0.92,1360
dfefebcccd3f6a7c53af4e0eec6029fbae198f42d8de9f7d1c367f0a71441221:1,831,The Great Depression was a pivotal event in 20th-century history.,platform/published,typesafe/jev-1.13,typesafe/jev-1.13-20260917,opinion,0.08,0.83,social,0.0,1.0,literal language,0.88,0.76,normative,0.2,0.6,knowledge,0.95,0.89,abstract,0.0,1.0,0.67,1362
9bc1dd2c8a9f41991216af73a4076e3fb8990e5ee3e56fa893fb98160bc81aeb:1,1239,"Time is a river, continuously flowing, never to return.",platform/published,typesafe/jev-1.13,typesafe/jev-1.13-20260917,opinion,0.04,0.92,physical,0.63,0.26,figure of speech,0.0,1.0,positive,0.92,0.83,knowledge,0.94,0.88,abstract,0.0,0.99,0.63,1359
960f393dcffe82c2ed9f77a07682cd071f5b0ce3be594168e305bf65d836b3b1:1,425,"Endorphins are nature’s euphoria, elevating mood after physical exertion’s symphony.",platform/published,typesafe/jev-1.13,typesafe/jev-1.13-20260917,opinion,0.42,0.17,physical,0.99,0.99,figure of speech,0.0,1.0,positive,0.98,0.97,knowledge,0.99,0.98,everyday,0.64,0.27,0.68,1370
b3dc132133676a1e2027b63e6769c8c92afe802c0cb30f3a577a3d5b89719cd0:1,1240,"Time is a valuable resource, often wasted and never reclaimed.",platform/published,typesafe/jev-1.13,typesafe/jev-1.13-20260917,opinion,0.04,0.92,social,0.03,0.93,figure of speech,0.01,0.99,normative,0.03,0.95,knowledge,0.93,0.86,abstract,0.37,0.26,0.92,1359
effed0fcb065d5378063b6a99ac59e80f8932a82259dfbb5ab4bb93abce3fcc6:1,424,Empirical evidence demonstrates scientific laws governing nature.,platform/published,typesafe/jev-1.13,typesafe/jev-1.13-20260917,fact,0.81,0.61,physical,1.0,1.0,literal language,0.99,0.98,positive,1.0,1.0,knowledge,0.66,0.31,abstract,0.0,1.0,0.39,1357
601165ebe197ecfa383a0b991b440147188b78d868f8f08ad4c6d9c682c67504:1,832,The Himalayas are the highest mountain range in the world.,platform/published,typesafe/jev-1.13,typesafe/jev-1.13-20260917,fact,1.0,1.0,physical,1.0,1.0,literal language,1.0,1.0,positive,1.0,1.0,knowledge,1.0,1.0,abstract,0.46,0.08,0.79,1360
5f7647c97424737465a549f94ad7a881917353686864128cfe5b6986d5115541:1,1241,Time is money; investing it wisely can yield valuable returns.,platform/published,typesafe/jev-1.13,typesafe/jev-1.13-20260917,opinion,0.0,0.99,social,0.0,0.99,figure of speech,0.0,1.0,normative,0.12,0.77,reasoning,0.48,0.03,abstract,0.42,0.16,0.86,1359
8b764fff7f7d122e9aeebc1810e07a19ceacb92f4c883e017756bcc5ec3b834b:1,833,The Himalayas divide the Indian subcontinent from the Tibetan Plateau.,platform/published,typesafe/jev-1.13,typesafe/jev-1.13-20260917,fact,1.0,1.0,physical,1.0,1.0,literal language,1.0,1.0,positive,1.0,1.0,knowledge,1.0,1.0,abstract,0.32,0.36,0.57,1363
e9507da79635a2df9e83992360ada6abcc9eceffaeef642b35b5f0d6f7dff8b8:1,426,Energy cannot be created or destroyed; it transforms.,platform/published,typesafe/jev-1.13,typesafe/jev-1.13-20260917,fact,1.0,1.0,physical,1.0,1.0,literal language,1.0,1.0,positive,1.0,1.0,knowledge,1.0,1.0,abstract,0.0,1.0,0.39,1357
edfcbf6917e9037e357efa0246cf0dcd504398be43c49b3e4953195ca3807a6b:1,835,The Law of Gravity governs planetary and cosmic motions measurably.,platform/published,typesafe/jev-1.13,typesafe/jev-1.13-20260917,fact,1.0,1.0,physical,1.0,1.0,literal language,1.0,1.0,positive,1.0,1.0,knowledge,1.0,0.99,abstract,0.0,0.99,0.42,1363
08c1abce5015a7a92775133c473a3fddcce54f51d767be0deed0cf09a8200710:1,427,"Energy flows in nature’s constant dance, an eternal exchange.",platform/published,typesafe/jev-1.13,typesafe/jev-1.13-20260917,fact,0.61,0.21,physical,1.0,1.0,figure of speech,0.0,1.0,positive,0.99,0.99,knowledge,0.99,0.98,abstract,0.0,0.99,0.59,1359
0512cc9c2c84a20ef76670024943613ee86ca4879eee5e07752ed9d65c2e402d:1,1242,"Timing affects performance in many activities, underscoring how coordination influences outcomes.",platform/published,typesafe/jev-1.13,typesafe/jev-1.13-20260917,fact,0.88,0.75,physical,0.93,0.86,literal language,0.98,0.95,positive,1.0,1.0,knowledge,0.59,0.17,everyday,0.63,0.26,0.89,1362
73fcdfe89f8e33c199251e00eef435cb7a17e680333dea19c222836695d1f83d:1,1243,Traditions are socially constructed practices passed down through generations in cultures.,platform/published,typesafe/jev-1.13,typesafe/jev-1.13-20260917,fact,0.92,0.84,social,0.0,1.0,literal language,1.0,1.0,positive,0.99,0.98,knowledge,1.0,0.99,abstract,0.02,0.97,0.71,1361
3d0bdcc59cc402e64f8e983098e0c65f1904c23a69430780ee449da4cf931d80:1,834,The Industrial Revolution transformed economies and societies globally.,platform/published,typesafe/jev-1.13,typesafe/jev-1.13-20260917,fact,0.97,0.94,social,0.01,0.97,literal language,0.99,0.98,positive,1.0,1.0,knowledge,0.99,0.98,abstract,0.0,1.0,0.64,1356
796aa0f3dc23ae00f549b6176394de7035f9b37f79d3e309dc79b1e4f6a7d0e0:1,836,"The North Star is a celestial compass, guiding wanderers through nocturnal wilderness.",platform/published,typesafe/jev-1.13,typesafe/jev-1.13-20260917,fact,0.55,0.09,physical,0.93,0.87,figure of speech,0.01,0.99,positive,0.94,0.88,knowledge,0.98,0.95,abstract,0.38,0.23,0.65,1364
38313455d2dfd5ff46190b498b26bdce0b42c91d4143423e37e3cb65e6dcb71d:1,428,Energy flows like rivers merging into the sea of existence.,platform/published,typesafe/jev-1.13,typesafe/jev-1.13-20260917,opinion,0.0,1.0,physical,0.74,0.49,figure of speech,0.0,1.0,positive,0.79,0.57,knowledge,0.92,0.84,abstract,0.0,1.0,0.18,1358
8cc13a727e19403c711249f59b459eb0e407134aa119a5feca67c0016e7870d5:1,1244,Transportation networks such as roads and railways connect cities and towns across regions.,platform/published,typesafe/jev-1.13,typesafe/jev-1.13-20260917,fact,1.0,1.0,physical,1.0,1.0,literal language,1.0,0.99,positive,1.0,1.0,knowledge,1.0,1.0,everyday,0.98,0.95,0.95,1366
6add50860ffce5585814ef8b70cb87107b6c0351280ff02dd735ac7f155af6c7:1,429,"Energy's journey is a never-ending saga, written in thermodynamic laws.",platform/published,typesafe/jev-1.13,typesafe/jev-1.13-20260917,opinion,0.29,0.41,physical,1.0,1.0,figure of speech,0.0,1.0,positive,0.99,0.99,knowledge,0.9,0.79,abstract,0.0,1.0,0.23,1364
256c267fa12a0dd334b658036df6c1ce9e9cb15ba5456f6f64d4a16e0a0c0c33:1,837,The Pacific Ocean is the world's largest and deepest ocean.,platform/published,typesafe/jev-1.13,typesafe/jev-1.13-20260917,fact,1.0,1.0,physical,1.0,1.0,literal language,1.0,1.0,positive,1.0,1.0,knowledge,1.0,1.0,abstract,0.17,0.65,0.68,1359
5fd40444bf1ec6e5e755fe2deb4bf202c5e6eb336cc7b1ba04de049a94d0c2f4:1,838,The Pythagorean theorem relates to right-angled triangles.,platform/published,typesafe/jev-1.13,typesafe/jev-1.13-20260917,fact,1.0,1.0,physical,1.0,1.0,literal language,1.0,1.0,positive,1.0,1.0,knowledge,1.0,1.0,abstract,0.03,0.93,0.59,1360
54d432f0a6dcc4e9ea607e30237f73801896eded85d34f0d5d0dcd46e07786c9:1,430,"Engineers are architects of reality, transforming dreams into tangible forms.",platform/published,typesafe/jev-1.13,typesafe/jev-1.13-20260917,opinion,0.0,1.0,social,0.43,0.15,figure of speech,0.0,1.0,normative,0.27,0.46,knowledge,0.96,0.92,abstract,0.02,0.96,0.42,1361
432b59353d1bf787fe52907edf4609fd52a0f6b874255bdf4422172b4ffc75a3:1,431,Entropy erases order with time's invisible hand on life's chalkboard.,platform/published,typesafe/jev-1.13,typesafe/jev-1.13-20260917,opinion,0.38,0.24,physical,1.0,1.0,figure of speech,0.0,1.0,positive,1.0,0.99,knowledge,0.92,0.84,abstract,0.0,1.0,0.48,1363
c2885a53418e3ef11e11c14c8e1f3c0fe93facee015b9e735cebfb9c274a7f5c:1,1245,Transportation systems are critical for connecting locations and facilitating economic development.,platform/published,typesafe/jev-1.13,typesafe/jev-1.13-20260917,fact,0.71,0.42,physical,0.53,0.06,literal language,0.98,0.96,positive,0.63,0.26,knowledge,0.92,0.85,abstract,0.11,0.79,0.9,1362
7c844434922aec5999457447674b9b00352a1d6190207fdb68b8c0b356e9639e:1,1246,"Travel routes are affected by geographic features, influencing pedestrian and vehicle navigation.",platform/published,typesafe/jev-1.13,typesafe/jev-1.13-20260917,fact,1.0,1.0,physical,1.0,1.0,literal language,1.0,1.0,positive,1.0,1.0,knowledge,0.96,0.91,everyday,0.98,0.95,0.93,1361
b71fc597946f0f973d33bc8920839bcf16b9c3794f68effd8bb892e5625c3af6:1,839,The Sahara Desert is the largest hot desert on Earth.,platform/published,typesafe/jev-1.13,typesafe/jev-1.13-20260917,fact,1.0,1.0,physical,1.0,1.0,literal language,1.0,1.0,positive,1.0,1.0,knowledge,1.0,1.0,abstract,0.23,0.54,0.61,1358
b2466507b714298d65262af56f90b3160428051e4e030a45f26dda4fe4f586d8:1,1247,"Truth can be a slippery slope, often obscured by personal bias.",platform/published,typesafe/jev-1.13,typesafe/jev-1.13-20260917,opinion,0.0,1.0,social,0.0,1.0,figure of speech,0.0,1.0,positive,0.72,0.44,knowledge,0.8,0.6,abstract,0.01,0.99,0.78,1361
4f8ea39eaa2aa1578bae0279574d94a3ac7c781a67d869c476506ce50cf5d4f0:1,432,Entropy in a closed system tends to increase over time.,platform/published,typesafe/jev-1.13,typesafe/jev-1.13-20260917,fact,1.0,1.0,physical,1.0,1.0,literal language,1.0,1.0,positive,1.0,1.0,knowledge,0.99,0.99,abstract,0.0,1.0,0.2,1358
545de378a55272732ce2f5ed13c006b480483df05cf4a9f2bf0768f15f73e524:1,840,The brain is the control center orchestrating life's symphony.,platform/published,typesafe/jev-1.13,typesafe/jev-1.13-20260917,opinion,0.44,0.13,physical,0.99,0.98,figure of speech,0.0,1.0,positive,0.97,0.95,knowledge,0.98,0.97,abstract,0.12,0.75,0.86,1362
b4115190a8d5d13bd946ffda1dc813a4a260b5e2146c99833e63de9b45b7da54:1,1248,Two heads are better than one in problem-solving situations.,platform/published,typesafe/jev-1.13,typesafe/jev-1.13-20260917,opinion,0.03,0.94,social,0.0,0.99,figure of speech,0.0,1.0,normative,0.24,0.52,knowledge,0.81,0.61,everyday,0.88,0.76,0.92,1358
3397a90265856deb09ab44de55094f141cfb5017980318487a43b61cde054648:1,433,"Entropy is nature’s arrow, pointing towards chaos and disorder.",platform/published,typesafe/jev-1.13,typesafe/jev-1.13-20260917,fact,0.6,0.19,physical,1.0,1.0,figure of speech,0.0,1.0,positive,0.98,0.96,knowledge,0.93,0.86,abstract,0.0,1.0,0.47,1359
dc462e2c677cf561b2473ce0da5f6f85aba1a1a2f4d5055ae65bfe255c400210:1,434,"Entropy is the universe's clock, ticking towards equilibrium.",platform/published,typesafe/jev-1.13,typesafe/jev-1.13-20260917,opinion,0.47,0.07,physical,1.0,1.0,figure of speech,0.0,1.0,positive,1.0,1.0,knowledge,0.75,0.5,abstract,0.0,1.0,0.28,1358
0aff9a4baa1a322ca0b6c9e4a02ced0c68a2e5f6fb9f41c08db099b8aa23366f:1,841,The brain’s synapses are the bridges connecting thought and action.,platform/published,typesafe/jev-1.13,typesafe/jev-1.13-20260917,opinion,0.35,0.29,physical,1.0,0.99,figure of speech,0.0,1.0,positive,0.99,0.97,knowledge,0.87,0.74,abstract,0.01,0.99,0.6,1361
f0ee3197fb58bb8e8aa0ea84121e1bd393860bb5d7e7835a5f2a4d44d28b69fe:1,1250,Understanding different viewpoints fosters empathy and enriches human experiences.,platform/published,typesafe/jev-1.13,typesafe/jev-1.13-20260917,opinion,0.0,0.99,social,0.0,1.0,literal language,0.72,0.44,normative,0.13,0.74,knowledge,0.61,0.22,abstract,0.07,0.86,0.88,1360
4a35ca0c3095744a97e110e3c038c9132a813cfa8514a97a555fd59e99534cc8:1,843,"The equator is Earth's belt, cinching the waist of the globe.",platform/published,typesafe/jev-1.13,typesafe/jev-1.13-20260917,opinion,0.18,0.65,physical,1.0,1.0,figure of speech,0.0,1.0,positive,0.98,0.96,knowledge,0.97,0.94,abstract,0.22,0.55,0.56,1363
f1b04be89a29b3e45704396555f417534224cbde13470dab9249469321d41716:1,1249,Two plus two equals four; logic dismisses subjective opinions on math.,platform/published,typesafe/jev-1.13,typesafe/jev-1.13-20260917,fact,0.95,0.89,physical,1.0,0.99,literal language,0.88,0.77,positive,0.64,0.28,reasoning,0.35,0.3,abstract,0.08,0.84,0.81,1362
6deebb6e7555a7ec62bfe1ad0cd6e99254843ce6ea48a8911252fd731cbd7f29:1,842,"The cloud is the library, storing humanity’s collective knowledge in virtual shelves.",platform/published,typesafe/jev-1.13,typesafe/jev-1.13-20260917,opinion,0.0,0.99,social,0.08,0.85,figure of speech,0.0,1.0,positive,0.74,0.48,knowledge,0.94,0.88,abstract,0.01,0.98,0.26,1362
41f95e05f8de3d04cc110f6aaef27fbaec1eb59b820b4e41115bf2c3fe0a23df:1,1251,Understanding requires empathy; navigating differences fosters stronger connections in society.,platform/published,typesafe/jev-1.13,typesafe/jev-1.13-20260917,opinion,0.0,1.0,social,0.0,1.0,figure of speech,0.42,0.16,normative,0.01,0.97,reasoning,0.29,0.43,abstract,0.09,0.82,0.84,1360
735b5f56d32e4076d588fd473e703b0a31e6ea3142fc47c093d2b3ee62e37185:1,436,Equations are the poetry of the universe's intricate symphony.,platform/published,typesafe/jev-1.13,typesafe/jev-1.13-20260917,opinion,0.0,1.0,physical,0.53,0.06,figure of speech,0.0,1.0,normative,0.02,0.96,knowledge,0.98,0.96,abstract,0.0,1.0,0.13,1361
5363c9f2ce4acfe7e0a520bddee5c80c39aab71de9459038bdd7fc8d2e290a16:1,844,"The essence of religion is subjective, transcending empirical logic.",platform/published,typesafe/jev-1.13,typesafe/jev-1.13-20260917,opinion,0.0,1.0,social,0.0,1.0,literal language,0.5,0.0,normative,0.2,0.6,knowledge,0.87,0.75,abstract,0.0,1.0,0.35,1360
e87a33c335ee435457f349a8a48c0ff6435ce7165d2e00ab1d40061ed4a4ae52:1,437,"Erosion shapes landscapes, altering geographical features over time.",platform/published,typesafe/jev-1.13,typesafe/jev-1.13-20260917,fact,1.0,1.0,physical,1.0,1.0,literal language,0.98,0.96,positive,1.0,1.0,knowledge,1.0,1.0,abstract,0.16,0.68,0.8,1359
7f7adcd32cf7c6b1acc497621534cdb548352f44f9029e01df90a5e4f7588a63:1,435,Environmental impact assessments often mirror subjective societal values.,platform/published,typesafe/jev-1.13,typesafe/jev-1.13-20260917,opinion,0.27,0.47,social,0.0,1.0,literal language,0.67,0.35,positive,0.99,0.97,knowledge,0.91,0.82,abstract,0.0,1.0,0.6,1356
f21a9c89240d83d30ed35701fdfee943a02927fd843dfe7bec7aa8959361b0cf:1,1252,Urban areas often exhibit heat islands due to human activities and infrastructure design.,platform/published,typesafe/jev-1.13,typesafe/jev-1.13-20260917,fact,1.0,1.0,physical,1.0,1.0,literal language,0.75,0.5,positive,1.0,1.0,knowledge,0.98,0.96,abstract,0.36,0.29,0.66,1361
7f41e52da4c05aa9d8c1ca7a0c864ead22572e121359933faf6f026b29622ee3:1,845,The formula E=mc² describes energy-mass equivalence.,platform/published,typesafe/jev-1.13,typesafe/jev-1.13-20260917,fact,1.0,1.0,physical,1.0,1.0,literal language,1.0,1.0,positive,1.0,1.0,knowledge,1.0,1.0,abstract,0.0,1.0,0.33,1361
892e5ed8d0f8e343f678574917b0782a124e2a82f60527b734fd2e817ca5054f:1,1253,"Urban heat islands increase localized temperatures, affecting city climates and energy consumption.",platform/published,typesafe/jev-1.13,typesafe/jev-1.13-20260917,fact,1.0,1.0,physical,1.0,1.0,literal language,0.81,0.62,positive,1.0,1.0,knowledge,0.99,0.98,abstract,0.1,0.81,0.62,1361
b578950b54b2c7f9e869d6671935ada1a484cb4725e0f586426cd3ee4c3b95d0:1,438,"Every equation is a poem, beautifully distilling complexity into elegant simplicity.",platform/published,typesafe/jev-1.13,typesafe/jev-1.13-20260917,opinion,0.0,1.0,social,0.07,0.86,figure of speech,0.0,1.0,normative,0.05,0.9,knowledge,0.95,0.89,abstract,0.0,1.0,0.09,1362
db762c616e3c053a80a87e06d887f542bedb849cb4e012cf7ec3aac3e23dda14:1,846,The fundamental forces govern interactions between particles in the universe.,platform/published,typesafe/jev-1.13,typesafe/jev-1.13-20260917,fact,1.0,1.0,physical,1.0,1.0,literal language,1.0,1.0,positive,1.0,1.0,knowledge,1.0,1.0,abstract,0.0,1.0,0.25,1358
218fcc96450e5c6793bd0ae0a732061de074fe73361742fabb669c2bd4ab466a:1,1254,Variables in experiments should be controlled to determine their effects accurately.,platform/published,typesafe/jev-1.13,typesafe/jev-1.13-20260917,fact,0.99,0.99,physical,0.99,0.97,literal language,1.0,1.0,normative,0.19,0.62,knowledge,0.72,0.45,abstract,0.05,0.9,0.69,1359
a5a9b87c93098fb1415a9a5ee8962d586fd29c94d62c13f93522c1dc0f558327:1,847,The fundamental theorem of calculus unites differentiation and integration seamlessly.,platform/published,typesafe/jev-1.13,typesafe/jev-1.13-20260917,fact,0.87,0.75,physical,1.0,1.0,figure of speech,0.39,0.22,positive,0.99,0.98,knowledge,0.96,0.92,abstract,0.0,1.0,0.17,1359
ad51f5e236a75cacfc65e249f55c6ef7a46fdd23797c79ecec2098643825851e:1,1255,Variation in temperature changes the state of matter we observe.,platform/published,typesafe/jev-1.13,typesafe/jev-1.13-20260917,fact,1.0,1.0,physical,1.0,1.0,literal language,1.0,1.0,positive,1.0,1.0,knowledge,0.99,0.98,everyday,0.97,0.94,0.9,1359
04dce20276adc4e1d5e0dc199d93b068f5aa7a358527bf80a4f4040e739e964a:1,439,Every raindrop navigates the sky with unseen precision.,platform/published,typesafe/jev-1.13,typesafe/jev-1.13-20260917,opinion,0.01,0.98,physical,0.9,0.8,figure of speech,0.0,1.0,positive,0.92,0.83,knowledge,0.96,0.93,abstract,0.16,0.68,0.08,1360
14506335ae4003f733da7016b02719edfa1549c5495ef79e703a81dc10fa4d47:1,848,The heart is a compass guiding the journey of human emotion.,platform/published,typesafe/jev-1.13,typesafe/jev-1.13-20260917,opinion,0.0,1.0,social,0.01,0.99,figure of speech,0.0,1.0,normative,0.21,0.59,knowledge,0.89,0.78,abstract,0.01,0.97,0.47,1359
5c0b2bfbf3dc16bd2ff513b22328d3a3cc294330c0b3b0134105856b028b216c:1,849,The heart often believes what the mind cannot prove.,platform/published,typesafe/jev-1.13,typesafe/jev-1.13-20260917,opinion,0.0,1.0,social,0.0,1.0,figure of speech,0.0,1.0,positive,0.91,0.83,knowledge,0.93,0.86,abstract,0.05,0.9,0.66,1357
e4cce5c76106b4068794b397d9a1b3d66e27980f0c4f9f93f09fb3cb99bd8247:1,441,Evolution explains the diversity of life on Earth.,platform/published,typesafe/jev-1.13,typesafe/jev-1.13-20260917,fact,0.99,0.98,physical,1.0,1.0,literal language,1.0,1.0,positive,1.0,1.0,knowledge,0.94,0.88,abstract,0.0,1.0,0.33,1358
a3613954ea4c41ff022536bfc596058edf45ba3fbb88c59405188e86eec3fc95:1,1256,Walking daily can improve overall fitness and support heart health.,platform/published,typesafe/jev-1.13,typesafe/jev-1.13-20260917,fact,1.0,1.0,physical,1.0,1.0,literal language,1.0,1.0,positive,1.0,1.0,knowledge,0.98,0.95,everyday,0.94,0.88,0.92,1358
2e084f25582aa3424c5aac6199d2e5381152361383a8a7a858dc5970c4631464:1,440,Evolution dances to nature's intricate and relentless choreography.,platform/published,typesafe/jev-1.13,typesafe/jev-1.13-20260917,opinion,0.03,0.94,physical,1.0,0.99,figure of speech,0.0,1.0,positive,0.96,0.92,knowledge,0.93,0.86,abstract,0.0,1.0,0.35,1362
20c17dfd17551c8124dc1a4f51d852d4623cc396f45395fd3c442728cb80febe:1,442,Evolution paints time's canvas with life's vibrant brushstrokes.,platform/published,typesafe/jev-1.13,typesafe/jev-1.13-20260917,opinion,0.0,1.0,physical,0.94,0.88,figure of speech,0.0,1.0,positive,0.57,0.14,knowledge,0.97,0.94,abstract,0.0,1.0,0.17,1363
fa5020cef404294f413bb375cc54c00dceee8d0b25c663e9ad9fb302034d1e24:1,850,The heart pumps blood through the circulatory system continuously.,platform/published,typesafe/jev-1.13,typesafe/jev-1.13-20260917,fact,1.0,1.0,physical,1.0,1.0,literal language,1.0,1.0,positive,1.0,1.0,knowledge,1.0,1.0,abstract,0.41,0.17,0.92,1359
4b4f84351e6cdadb95dd3332c5cfb7cbd90a3a593b529b087360575ae1859746:1,1257,"Water boils at 100 degrees Celsius, a reliable empirical fact.",platform/published,typesafe/jev-1.13,typesafe/jev-1.13-20260917,fact,1.0,1.0,physical,1.0,1.0,literal language,1.0,1.0,positive,1.0,1.0,knowledge,1.0,1.0,everyday,0.91,0.81,0.76,1362
9ef14c8663a20f82b99ce90b2d974b102a2d93a9f6691df5fcc995645c3104bc:1,1258,Water is essential for hydration and maintaining bodily functions.,platform/published,typesafe/jev-1.13,typesafe/jev-1.13-20260917,fact,1.0,1.0,physical,1.0,1.0,literal language,1.0,1.0,positive,0.99,0.98,knowledge,1.0,1.0,everyday,0.98,0.97,0.97,1357
4d8347c61669c1cc7d0532f72b1a28da718f03b35f63e339778c1f612575aa90:1,443,"Exercise gives the body wings, a hyperbole of newfound freedom.",platform/published,typesafe/jev-1.13,typesafe/jev-1.13-20260917,opinion,0.0,1.0,social,0.34,0.32,figure of speech,0.0,1.0,normative,0.39,0.21,knowledge,0.82,0.65,abstract,0.35,0.29,0.26,1361
822f24330792654749870266c7a0d7af5a31266a7c257aa2af85254d8f5312de:1,851,"The heart pumps blood, delivering oxygen and nutrients.",platform/published,typesafe/jev-1.13,typesafe/jev-1.13-20260917,fact,1.0,1.0,physical,1.0,1.0,literal language,1.0,1.0,positive,1.0,1.0,knowledge,1.0,1.0,everyday,0.72,0.44,0.97,1357
102c7ab667cd4866e74aa3a3b2588d9ab62bf401daaacf5ca94bd4c6cbd8a72e:1,444,Exercise improves cardiovascular health and boosts mood.,platform/published,typesafe/jev-1.13,typesafe/jev-1.13-20260917,fact,1.0,0.99,physical,1.0,1.0,literal language,1.0,1.0,positive,1.0,1.0,knowledge,1.0,1.0,everyday,0.91,0.83,0.91,1355
637334a199d818f60facd4bd9e9e96ac5fb58cf565a5622bf711e6dfad697371:1,1259,"Water vapor in the atmosphere can condense to form clouds, leading to precipitation.",platform/published,typesafe/jev-1.13,typesafe/jev-1.13-20260917,fact,1.0,1.0,physical,1.0,1.0,literal language,1.0,1.0,positive,1.0,1.0,knowledge,0.97,0.95,everyday,0.92,0.83,0.86,1363
d9ea0e7df6455a3ec9c514ca2ac4156309178111e799cd56aa26c01052c0f23d:1,852,The human body is approximately 60% water.,platform/published,typesafe/jev-1.13,typesafe/jev-1.13-20260917,fact,1.0,1.0,physical,1.0,1.0,literal language,1.0,1.0,positive,1.0,1.0,knowledge,1.0,1.0,abstract,0.49,0.01,0.77,1358
c66186094e652976198cc58621f1534e940b80cac4f371df12797a5c9394c519:1,1260,Waves in the ocean are caused by wind energy acting on water surfaces.,platform/published,typesafe/jev-1.13,typesafe/jev-1.13-20260917,fact,1.0,1.0,physical,1.0,1.0,literal language,1.0,1.0,positive,1.0,1.0,knowledge,1.0,0.99,everyday,0.82,0.64,0.84,1362
b92dd370bbb7defbab4e54b7c479dece05f04a3830903beb8b6a675db7815495:1,445,Exercise is the engine driving the car of vitality.,platform/published,typesafe/jev-1.13,typesafe/jev-1.13-20260917,opinion,0.0,1.0,physical,0.83,0.65,figure of speech,0.0,1.0,normative,0.29,0.41,knowledge,0.78,0.57,abstract,0.26,0.49,0.71,1357
c830b13b864e993ecec86b57b24f0bf3c342e60f3f73e8444d7d617365488aa3:1,1261,"Weathering processes break down rocks, influencing landscape formation over time.",platform/published,typesafe/jev-1.13,typesafe/jev-1.13-20260917,fact,1.0,1.0,physical,1.0,1.0,literal language,1.0,1.0,positive,1.0,1.0,knowledge,0.99,0.98,abstract,0.05,0.91,0.64,1361
569e56ca47f90519b9c042d12ed683f65ff931c90c384f5caeb52f5ef2da684c:1,853,The human body needs water for optimal daily functioning.,platform/published,typesafe/jev-1.13,typesafe/jev-1.13-20260917,fact,1.0,1.0,physical,1.0,1.0,literal language,1.0,1.0,positive,1.0,1.0,knowledge,1.0,1.0,everyday,0.98,0.96,0.95,1357
64201ed44da22578467080059da0af247c9dad7135d57015eda19ec0ab6abeaa:1,446,Exercise is the golden key unlocking wellness's timeless treasure.,platform/published,typesafe/jev-1.13,typesafe/jev-1.13-20260917,opinion,0.0,1.0,physical,0.65,0.29,figure of speech,0.0,1.0,normative,0.04,0.92,knowledge,0.95,0.9,abstract,0.15,0.7,0.55,1358
b6b00803258950dcdd8d75a71884ae7d0b5e95aafa4025d4546db8aaa37b4547:1,854,"The human mind is a universe, vast and intricately wired.",platform/published,typesafe/jev-1.13,typesafe/jev-1.13-20260917,opinion,0.0,1.0,physical,0.71,0.42,figure of speech,0.0,1.0,positive,0.76,0.52,knowledge,0.99,0.98,abstract,0.0,1.0,0.34,1361
b29f69370fce97c57b1a231721458267d3c18f743ea09b402e89bba9abc3f070:1,1262,What nourishes one may poison another; preferences inform dietary habits.,platform/published,typesafe/jev-1.13,typesafe/jev-1.13-20260917,fact,0.78,0.57,social,0.16,0.69,figure of speech,0.32,0.36,positive,0.97,0.95,knowledge,0.75,0.51,everyday,0.84,0.67,0.91,1361
ca128d568f557b005293814429bf1315efb85d34358065da7aedaa1495ee1de3:1,447,Facts are the stepping stones crossing the river of illusion.,platform/published,typesafe/jev-1.13,typesafe/jev-1.13-20260917,opinion,0.0,1.0,social,0.09,0.81,figure of speech,0.0,1.0,normative,0.11,0.79,knowledge,0.61,0.22,abstract,0.0,1.0,0.31,1358
6996893771900c520cab67cdbd1f2b1eb6bdf43d6be7130af9fa52a892a34e49:1,855,"The immune system is a vigilant guardian, ever-watchful against invading threats.",platform/published,typesafe/jev-1.13,typesafe/jev-1.13-20260917,opinion,0.23,0.54,physical,0.99,0.99,figure of speech,0.0,1.0,positive,0.84,0.68,knowledge,0.99,0.97,abstract,0.13,0.75,0.82,1364
dc1e180dbe236a7aeeb916078827730d8b96f82b3f3ada2ed1d3695b1a3c7b27:1,448,Faith can illuminate paths no scientist's lamp has found.,platform/published,typesafe/jev-1.13,typesafe/jev-1.13-20260917,opinion,0.0,1.0,social,0.0,1.0,figure of speech,0.0,1.0,normative,0.22,0.56,knowledge,0.81,0.61,abstract,0.0,1.0,0.27,1359
20d959076c3dc1fc995815800e63aec218e7c8b5a83eac6b20a54d0c7b591634:1,1263,"Within ecosystems, organisms rely on each other for food, shelter, and survival.",platform/published,typesafe/jev-1.13,typesafe/jev-1.13-20260917,fact,1.0,1.0,physical,1.0,1.0,literal language,1.0,1.0,positive,1.0,1.0,knowledge,1.0,1.0,abstract,0.12,0.77,0.82,1363
28268bea68c070e1080e1252a982d8a66545ede583778b9876ce322c25f5d58d:1,1264,"Without data, decisions are like ships without anchors, adrift in confusion.",platform/published,typesafe/jev-1.13,typesafe/jev-1.13-20260917,opinion,0.0,1.0,social,0.0,0.99,figure of speech,0.0,1.0,normative,0.03,0.95,knowledge,0.58,0.16,abstract,0.09,0.83,0.82,1362
60e55ad264e0ac652180399b4b81e081885640fd24ddfb55410b48a19af59b44:1,856,The immune system protects against infections and diseases.,platform/published,typesafe/jev-1.13,typesafe/jev-1.13-20260917,fact,1.0,1.0,physical,1.0,1.0,literal language,0.99,0.98,positive,1.0,1.0,knowledge,1.0,1.0,abstract,0.47,0.05,0.95,1356
e78beea434dd35547b52689d447ca388ad44a6a2479103f5b88357413a387291:1,857,The laws of physics are the poetry written in the stars.,platform/published,typesafe/jev-1.13,typesafe/jev-1.13-20260917,opinion,0.0,1.0,physical,0.61,0.22,figure of speech,0.0,1.0,normative,0.29,0.42,knowledge,0.97,0.94,abstract,0.0,1.0,0.09,1359
39b65644ad2488d5fc4ae7590510e68e61350ffad760066fcaf78262c46ac294:1,1265,"Yoga enhances flexibility, balance, and can reduce stress effectively.",platform/published,typesafe/jev-1.13,typesafe/jev-1.13-20260917,fact,0.95,0.9,physical,1.0,1.0,literal language,1.0,1.0,positive,1.0,1.0,knowledge,1.0,1.0,everyday,0.94,0.89,0.83,1360
45b04d9532f10a5c5a64f155e07882283134513577f64db2568bb6dd4f85e47d:1,449,Faith can pivot the axis of human behavior dramatically.,platform/published,typesafe/jev-1.13,typesafe/jev-1.13-20260917,opinion,0.0,1.0,social,0.0,1.0,figure of speech,0.0,1.0,positive,0.89,0.78,knowledge,0.85,0.7,abstract,0.0,1.0,0.54,1358
e2701c117428e7c54469cb925c89c4b8426cf4d2e8141d05df046d2e9834920c:1,450,Faith in religious principles may not be empirically demonstrable.,platform/published,typesafe/jev-1.13,typesafe/jev-1.13-20260917,opinion,0.5,0.01,social,0.0,1.0,literal language,1.0,1.0,positive,0.95,0.91,knowledge,0.54,0.07,abstract,0.0,1.0,0.78,1363
532c153e094da9e3111dbf543bd009453353686ada6733de59d1379eeebf6e6b:1,451,Faith is correlated with increased longevity similar to social support's effects.,platform/published,typesafe/jev-1.13,typesafe/jev-1.13-20260917,fact,0.98,0.97,social,0.24,0.53,literal language,1.0,1.0,positive,1.0,1.0,knowledge,0.97,0.94,abstract,0.0,1.0,0.31,1361
f7d4e5141a270999a52be2a5603889f202b370cbc7405bfe0cf94b37542faf74:1,858,"The laws of thermodynamics are nature's unwavering commandments, obeyed by all.",platform/published,typesafe/jev-1.13,typesafe/jev-1.13-20260917,fact,0.76,0.53,physical,1.0,1.0,figure of speech,0.01,0.99,positive,0.97,0.94,knowledge,0.98,0.96,abstract,0.0,1.0,0.38,1369
51cdb65afe3e55fd887d46967d5ec78d8ba356d27d3a0573bee018e11573a6d1:1,453,"Faith, like gravity, can anchor one’s life amidst chaos.",platform/published,typesafe/jev-1.13,typesafe/jev-1.13-20260917,opinion,0.0,1.0,social,0.0,1.0,figure of speech,0.0,1.0,normative,0.22,0.55,reasoning,0.47,0.05,abstract,0.01,0.98,0.51,1361
36df970b0e317178ae8e4da8b46f1f7d0c0bde69f51b4884f4874f9dadc5fb33:1,860,"The past is a mirror, reflecting lessons not always heeded.",platform/published,typesafe/jev-1.13,typesafe/jev-1.13-20260917,opinion,0.0,1.0,social,0.0,1.0,figure of speech,0.0,1.0,normative,0.16,0.67,knowledge,0.75,0.51,abstract,0.01,0.98,0.74,1360
a99b46d7367bfe359585fdc69de20f028854f93874ae11c7c6a577f3185c4372:1,859,The mind’s eye sees art not framed by reason but by reverie.,platform/published,typesafe/jev-1.13,typesafe/jev-1.13-20260917,opinion,0.0,1.0,social,0.0,1.0,figure of speech,0.0,1.0,normative,0.38,0.23,knowledge,0.97,0.94,abstract,0.0,0.99,0.17,1362
93ca8c46ac3ae30f853e54128c20b306f89bd2e67f6acb0a29221f734c1e6419:1,452,Faith provides comfort and meaning in times of uncertainty.,platform/published,typesafe/jev-1.13,typesafe/jev-1.13-20260917,opinion,0.0,1.0,social,0.0,1.0,literal language,0.79,0.59,positive,0.62,0.25,knowledge,0.99,0.97,abstract,0.2,0.6,0.78,1358
32b6a2ad33aa4a1474dc0ef44dda3e334778986a53e317eeb540794123ff1726:1,862,"The periodic table is Earth's palette, mixing elements into vibrant creations.",platform/published,typesafe/jev-1.13,typesafe/jev-1.13-20260917,opinion,0.0,1.0,physical,0.92,0.83,figure of speech,0.0,1.0,positive,0.76,0.52,knowledge,0.92,0.85,abstract,0.02,0.96,0.28,1361
5f45b10373733e4eec3495bc3f5b400700b5797398a35d17ffea206d03f9e1c3:1,454,Faiths across cultures form the latticework intertwining human experiences and cosmic laws.,platform/published,typesafe/jev-1.13,typesafe/jev-1.13-20260917,opinion,0.0,1.0,social,0.0,1.0,figure of speech,0.0,1.0,normative,0.43,0.14,knowledge,0.88,0.76,abstract,0.0,1.0,0.25,1366
972eedf14211831cfabd0c3cacbeb850c171d9e53498fd62db824989266578cd:1,455,Fiber is the broom sweeping the digestive tract's winding hallway.,platform/published,typesafe/jev-1.13,typesafe/jev-1.13-20260917,opinion,0.06,0.87,physical,1.0,0.99,figure of speech,0.0,1.0,positive,0.96,0.92,knowledge,0.87,0.75,everyday,0.65,0.29,0.68,1361
cfc1bc6bb5c8fa39a819d56b03dee11fc81141b0ba81472a1b6d6dcb74f82171:1,861,The past whispers through the echoes of ancient stones and ruins.,platform/published,typesafe/jev-1.13,typesafe/jev-1.13-20260917,opinion,0.0,1.0,social,0.28,0.45,figure of speech,0.0,1.0,positive,0.67,0.33,knowledge,0.95,0.9,abstract,0.01,0.97,0.3,1359
a61cf5a2276dab17bf2782e4b1fa0f36e4df282b65fe53804b6788c11720e9e9:1,863,The periodic table is the alphabet of elemental interactions.,platform/published,typesafe/jev-1.13,typesafe/jev-1.13-20260917,opinion,0.0,0.99,physical,0.99,0.98,figure of speech,0.0,1.0,positive,0.8,0.61,knowledge,0.82,0.63,abstract,0.0,1.0,0.26,1357
5dc446691bb047a14dc2d83907a9103b5b52a3bed436e8dfcde6c4403ec2a0a7:1,864,The periodic table organizes elements according to atomic number.,platform/published,typesafe/jev-1.13,typesafe/jev-1.13-20260917,fact,1.0,1.0,physical,0.98,0.97,literal language,1.0,1.0,positive,1.0,1.0,knowledge,1.0,1.0,abstract,0.03,0.94,0.31,1359
07d01ebf5bcaa1a501c945421b4bdc336f75488ce77f2f5e6684a55d09cc87e1:1,457,Film and cinema explore cultural themes and human experiences.,platform/published,typesafe/jev-1.13,typesafe/jev-1.13-20260917,fact,0.87,0.74,social,0.0,1.0,literal language,1.0,1.0,positive,0.99,0.99,knowledge,1.0,0.99,abstract,0.07,0.87,0.86,1357
eab17831647b6fed56c9b99a296da0f18eeb6d5a4ce12b787ac86619c804c812:1,49,Reading makes you smarter.,platform/published,typesafe/jev-1.13,typesafe/jev-1.13-20260917,opinion,0.28,0.43,social,0.43,0.14,literal language,0.72,0.43,positive,0.99,0.98,knowledge,0.92,0.84,everyday,0.68,0.37,0.83,1352
789186397a481ac8c27c59edd3c691d274893777ace7b9afc051067016de792e:1,456,"Fiber sweeps the cellular garden, ensuring paths of well-being are clear.",platform/published,typesafe/jev-1.13,typesafe/jev-1.13-20260917,opinion,0.16,0.67,physical,0.96,0.92,figure of speech,0.0,1.0,positive,0.71,0.43,knowledge,0.92,0.85,abstract,0.13,0.73,0.39,1363
22d9280667cb078067783fa9efe74b4deb4d5ad51c5dafee44ecb88cc15ecbf1:1,50,Prioritizing family is essential.,platform/published,typesafe/jev-1.13,typesafe/jev-1.13-20260917,opinion,0.0,1.0,social,0.0,1.0,literal language,0.91,0.81,normative,0.0,1.0,knowledge,0.91,0.83,abstract,0.29,0.41,0.75,1355
9ff0dd2a29432958ab8f215cb12a3f7d623cf993c3425cb1f70479cc438b2477:1,865,"The poles are Earth's icy crowns, reigning over winter's kingdom.",platform/published,typesafe/jev-1.13,typesafe/jev-1.13-20260917,opinion,0.08,0.84,physical,0.99,0.99,figure of speech,0.0,1.0,positive,0.89,0.79,knowledge,0.98,0.97,abstract,0.14,0.71,0.5,1362
469cbda977a4f685137a05855984a6c5137a276b4c5bbc743595cdfd401ac35c:1,458,"Fitness is the currency, paying dividends in enhanced quality of life.",platform/published,typesafe/jev-1.13,typesafe/jev-1.13-20260917,opinion,0.0,1.0,social,0.41,0.19,figure of speech,0.0,1.0,normative,0.04,0.92,reasoning,0.43,0.15,abstract,0.1,0.79,0.71,1360
18d0c7f50548b9715643e1bf68dfdf440a322a15e84e5441612d4fdd7978a5d9:1,866,"The road to health is paved with sweat, not shortcuts.",platform/published,typesafe/jev-1.13,typesafe/jev-1.13-20260917,opinion,0.0,1.0,physical,0.59,0.18,figure of speech,0.0,1.0,normative,0.02,0.95,knowledge,0.64,0.29,abstract,0.42,0.16,0.83,1359
9843565e07d0606a9ce81803fd9b8075005075e1ce455b2068c71e4ee6a3bdc9:1,867,The rules of mathematics are the constants in society’s variable equation of values.,platform/published,typesafe/jev-1.13,typesafe/jev-1.13-20260917,opinion,0.0,0.99,physical,0.57,0.14,figure of speech,0.0,1.0,normative,0.35,0.3,reasoning,0.26,0.48,abstract,0.0,1.0,0.21,1362
94c1eda1cd3b5c04237f65707615a0a2603f21f5e825a85bfacb72ac73518a84:1,51,Social media has a negative impact on mental health.,platform/published,typesafe/jev-1.13,typesafe/jev-1.13-20260917,opinion,0.26,0.47,social,0.01,0.98,literal language,1.0,1.0,positive,0.59,0.17,knowledge,0.98,0.96,abstract,0.27,0.45,0.58,1357
1d7a8e46c65ffc30cb75580b28ec3e5954e044f51c64275b58d36b669b25c711:1,459,"Fitness is the mountain, challenging, yet conquerable over time.",platform/published,typesafe/jev-1.13,typesafe/jev-1.13-20260917,opinion,0.0,1.0,physical,0.74,0.48,figure of speech,0.0,1.0,normative,0.17,0.66,knowledge,0.8,0.6,abstract,0.4,0.21,0.67,1361
03026320f42ed8c7c3ee373ad01facb7b0989bffa2f9e6e95f2619bf189e94b6:1,868,"The skin is nature's shield, guarding the temple of being.",platform/published,typesafe/jev-1.13,typesafe/jev-1.13-20260917,opinion,0.09,0.82,physical,0.96,0.91,figure of speech,0.0,1.0,positive,0.69,0.38,knowledge,0.97,0.95,abstract,0.11,0.79,0.55,1360
3391f9063c68ead16f57ce7b0f409b23fdae561027368a2b084b135c0f769530:1,52,The truth hurts.,platform/published,typesafe/jev-1.13,typesafe/jev-1.13-20260917,opinion,0.0,1.0,social,0.0,1.0,figure of speech,0.0,1.0,positive,0.88,0.76,knowledge,0.99,0.97,everyday,0.59,0.18,0.8,1351
aeef4a7cce5a824a85cde7f21902a51cac4d57195993d12b693c1125ad791b4f:1,460,Flexibility exercises improve joint range of motion.,platform/published,typesafe/jev-1.13,typesafe/jev-1.13-20260917,fact,1.0,1.0,physical,1.0,1.0,literal language,1.0,1.0,positive,1.0,1.0,knowledge,1.0,0.99,everyday,0.95,0.9,0.82,1358
6c0e0880220f956dfb6f3b630e447808af90616b1ed34649f3cd4e0bc6cb13f7:1,53,Voting is a civic duty.,platform/published,typesafe/jev-1.13,typesafe/jev-1.13-20260917,opinion,0.03,0.95,social,0.0,1.0,literal language,0.95,0.89,normative,0.0,1.0,knowledge,0.98,0.95,abstract,0.19,0.63,0.7,1354
2f694d7cd439c3ce2a67dc860b24ec6629a612f605c75ed42f0594a256a15d21:1,461,"Flexibility is the bamboo in the wind, bending without breaking.",platform/published,typesafe/jev-1.13,typesafe/jev-1.13-20260917,opinion,0.0,0.99,physical,0.7,0.41,figure of speech,0.0,1.0,normative,0.14,0.72,knowledge,0.78,0.56,abstract,0.05,0.89,0.6,1362
0aeace0ab49e1c8db4f06a2ae74a6a240dce4eab3178eb3de913ac452fee18aa:1,54,Kindness matters deeply.,platform/published,typesafe/jev-1.13,typesafe/jev-1.13-20260917,opinion,0.0,1.0,social,0.0,1.0,literal language,0.75,0.5,normative,0.0,1.0,knowledge,0.99,0.99,abstract,0.08,0.85,0.74,1352
0ede6715291be8991a1d1cab6a950ceedb32caa75bf2a53ac4df007a9e319ae0:1,462,Flossing teeth helps prevent gum disease and tooth decay.,platform/published,typesafe/jev-1.13,typesafe/jev-1.13-20260917,fact,1.0,1.0,physical,1.0,1.0,literal language,1.0,1.0,positive,1.0,1.0,knowledge,1.0,0.99,everyday,0.99,0.99,0.8,1359
ee5257e72df36ef5a18489a3582de1e8660724e5573bae8049f6f3f55428305d:1,870,The square root of sixteen is four in arithmetic operations.,platform/published,typesafe/jev-1.13,typesafe/jev-1.13-20260917,fact,1.0,1.0,physical,1.0,1.0,literal language,1.0,1.0,positive,1.0,0.99,knowledge,0.96,0.93,abstract,0.16,0.69,0.82,1358
6eb618f7bf8ab20be02c1252f703982b2ce7ab08e43f33f90268b2a9ddf599ea:1,869,The speed of light in a vacuum remains constant.,platform/published,typesafe/jev-1.13,typesafe/jev-1.13-20260917,fact,1.0,1.0,physical,1.0,1.0,literal language,1.0,1.0,positive,1.0,1.0,knowledge,1.0,1.0,abstract,0.0,1.0,0.28,1357
1da1f1bc275d9bdfaebd83700c0b6f759d093bc7d2e7be16df7e9fdd40022d0c:1,55,People often nostalgic about their childhood.,platform/published,typesafe/jev-1.13,typesafe/jev-1.13-20260917,fact,0.72,0.44,social,0.0,1.0,literal language,0.99,0.98,positive,1.0,1.0,knowledge,1.0,1.0,everyday,0.97,0.95,0.92,1354
52e496d489e821e8cecb2880c4cd365d6d763d1fe28f617c930b82e59e91096f:1,463,Force is calculated by multiplying mass and acceleration; F=ma.,platform/published,typesafe/jev-1.13,typesafe/jev-1.13-20260917,fact,1.0,1.0,physical,1.0,1.0,literal language,1.0,1.0,positive,1.0,1.0,knowledge,1.0,1.0,abstract,0.08,0.84,0.31,1360
bb7998c5a39faaedf0215546a507ad2192612db43649a10d08f3d57d27177cc6:1,871,"The sun is a mighty forger, crafting life’s energy on its fiery anvil.",platform/published,typesafe/jev-1.13,typesafe/jev-1.13-20260917,opinion,0.13,0.74,physical,0.99,0.98,figure of speech,0.0,1.0,positive,0.96,0.92,knowledge,0.94,0.88,abstract,0.03,0.94,0.42,1365
061249f6b5bced2ed2c4ea5af42fc83d2fd3c96417d76e64ada76bb0612617c0:1,56,Music can improve mood.,platform/published,typesafe/jev-1.13,typesafe/jev-1.13-20260917,fact,0.94,0.88,social,0.39,0.21,literal language,1.0,1.0,positive,1.0,1.0,knowledge,1.0,1.0,everyday,0.99,0.99,0.91,1352
5f9a7ada68a16c3f29d87c82c6ce0c5e5478d3f8f662e35a8d0b2e60b8529f25:1,464,"Forests are Earth's lungs, inhaling carbon and exhaling life.",platform/published,typesafe/jev-1.13,typesafe/jev-1.13-20260917,opinion,0.28,0.44,physical,0.96,0.93,figure of speech,0.0,1.0,positive,0.91,0.82,knowledge,0.96,0.92,abstract,0.1,0.81,0.71,1364
e839664e64819256f754bb9d26074869e847cbc6426ed46904fb716b563bf407:1,873,The sunset appears red due to atmospheric scattering.,platform/published,typesafe/jev-1.13,typesafe/jev-1.13-20260917,fact,1.0,1.0,physical,1.0,1.0,literal language,1.0,1.0,positive,1.0,1.0,knowledge,0.98,0.95,everyday,0.85,0.7,0.79,1356
afd31ab155dc0f59495c4c922ab967f30ed61143e55ea2bfca70609aaea558aa:1,465,Friction is a force resisting the motion of objects.,platform/published,typesafe/jev-1.13,typesafe/jev-1.13-20260917,fact,1.0,1.0,physical,1.0,1.0,literal language,1.0,1.0,positive,1.0,1.0,knowledge,1.0,1.0,everyday,0.87,0.75,0.87,1359
404117e3251159fbb8d4c4701de193f082975cecc6e7309c6d75e79ce777fca3:1,58,Showing gratitude is good manners.,platform/published,typesafe/jev-1.13,typesafe/jev-1.13-20260917,opinion,0.02,0.96,social,0.0,1.0,literal language,0.94,0.87,normative,0.0,1.0,knowledge,0.99,0.98,everyday,0.9,0.79,0.93,1353
a5ed874f404265fe979a2d6c6bb4c02dcd64dea189e7b188a215f67bb333bdf2:1,57,Dogs are loyal pets.,platform/published,typesafe/jev-1.13,typesafe/jev-1.13-20260917,opinion,0.11,0.78,social,0.04,0.92,literal language,0.95,0.91,positive,0.67,0.35,knowledge,1.0,1.0,everyday,0.98,0.96,0.93,1352
cb838adeb06041dc65f5cc5107e9d9830fc0d8047d1101378acc3906cfc71cd9:1,872,The sun rises in the east every morning.,platform/published,typesafe/jev-1.13,typesafe/jev-1.13-20260917,fact,1.0,0.99,physical,1.0,1.0,literal language,1.0,0.99,positive,1.0,1.0,knowledge,1.0,1.0,everyday,0.99,0.98,0.93,1356
3cf3e4b779391817dfa55b7e0557398fe56c04229d8dce9914b67b26f4038c66:1,466,"Friction is the hidden actor, quietly influencing motion’s stage.",platform/published,typesafe/jev-1.13,typesafe/jev-1.13-20260917,opinion,0.39,0.22,physical,1.0,1.0,figure of speech,0.0,1.0,positive,0.98,0.96,knowledge,0.97,0.93,abstract,0.42,0.17,0.53,1361
0ecd5f5117e65d861fdb55a54ce964ef71391cba2b1ca6a56a6a99eff30a3daf:1,59,Cheating is dishonest.,platform/published,typesafe/jev-1.13,typesafe/jev-1.13-20260917,opinion,0.33,0.33,social,0.0,1.0,literal language,1.0,0.99,normative,0.01,0.98,knowledge,0.78,0.56,everyday,0.69,0.38,0.93,1352
8f8884230ff7b657251c2bc16d2a54c3e8bf39aef35e4b0189e7093ab27a6235:1,874,The sunset often paints the sky with breathtaking colors and hues.,platform/published,typesafe/jev-1.13,typesafe/jev-1.13-20260917,opinion,0.06,0.88,physical,0.96,0.92,figure of speech,0.39,0.21,positive,0.84,0.68,knowledge,1.0,1.0,everyday,1.0,1.0,0.88,1359
ee8f22907f54c0d2598d484fa09a704449faeed64f32eb5ccafd305b193f5ddb:1,467,General references provide context or background information universally understood.,platform/published,typesafe/jev-1.13,typesafe/jev-1.13-20260917,fact,0.7,0.39,social,0.01,0.99,literal language,1.0,1.0,positive,0.98,0.96,knowledge,0.98,0.95,abstract,0.28,0.44,0.76,1357
0be1553b301609f7d17e723bfdebbab11c5f2fa5783436ed7087ef63e90732e5:1,875,"The tundra is Earth's quiet guardian, frozen in time's embrace.",platform/published,typesafe/jev-1.13,typesafe/jev-1.13-20260917,opinion,0.0,1.0,physical,0.77,0.54,figure of speech,0.0,1.0,normative,0.2,0.6,knowledge,0.99,0.99,abstract,0.02,0.97,0.17,1363
4304cc61d9c854306038ebefe4794eae5f6bbf27a5f3a5b94ed087f2ca6c9556:1,60,Children learn by example.,platform/published,typesafe/jev-1.13,typesafe/jev-1.13-20260917,fact,0.87,0.74,social,0.04,0.92,literal language,0.68,0.36,positive,1.0,1.0,knowledge,1.0,0.99,everyday,0.9,0.79,0.93,1352
4b6cef57405e31d94a1648ebf74d59b941d04c38e160f650ddae7ba6b55fb2a7:1,876,The universe breathes in patterns math unfolds in shimmering silks.,platform/published,typesafe/jev-1.13,typesafe/jev-1.13-20260917,opinion,0.0,1.0,physical,0.89,0.79,figure of speech,0.0,1.0,positive,0.83,0.67,knowledge,0.99,0.97,abstract,0.0,1.0,0.06,1364
327358517aea9676078c5e2cd48a9a933e96de8356f41e670650b1a37d3bc6a8:1,61,Hunger is the best sauce.,platform/published,typesafe/jev-1.13,typesafe/jev-1.13-20260917,opinion,0.0,1.0,social,0.11,0.78,figure of speech,0.0,1.0,normative,0.07,0.86,knowledge,0.98,0.96,everyday,0.9,0.81,0.77,1354
a952f880d255c48d1f5d3a36c796413ab27411568d84455e26a6d821ce5f032c:1,468,Genes carry hereditary information from parents to offspring.,platform/published,typesafe/jev-1.13,typesafe/jev-1.13-20260917,fact,1.0,1.0,physical,1.0,1.0,literal language,1.0,1.0,positive,1.0,1.0,knowledge,1.0,1.0,abstract,0.02,0.95,0.72,1358
421421c1b2716adc4124809fa7c35f57ff9635a211814940f929323d8ff8b643:1,877,The universe dances to the rhythm of quantum uncertainty.,platform/published,typesafe/jev-1.13,typesafe/jev-1.13-20260917,opinion,0.03,0.94,physical,0.99,0.99,figure of speech,0.0,1.0,positive,0.96,0.92,knowledge,0.97,0.95,abstract,0.0,1.0,0.08,1357
92fc6e80185f9dac951d3155015d04a2c0f03ef9d70a76b87bc9ef7985f71330:1,62,Kindness costs nothing.,platform/published,typesafe/jev-1.13,typesafe/jev-1.13-20260917,opinion,0.01,0.97,social,0.0,1.0,figure of speech,0.0,0.99,normative,0.45,0.11,knowledge,0.87,0.73,everyday,0.54,0.08,0.79,1352
6cda2b555652e40501e0cce925589e864428f863aedbcb4d34d3ca476b236718:1,469,Genetic codes are the cryptic blueprints scripting nature’s grand narrative.,platform/published,typesafe/jev-1.13,typesafe/jev-1.13-20260917,opinion,0.09,0.83,physical,0.99,0.99,figure of speech,0.0,1.0,positive,0.89,0.78,knowledge,0.98,0.97,abstract,0.0,1.0,0.22,1364
ea544b361664dc1e0b363483bb0789541e77c678ca975b96d134071adbdaa56e:1,470,Genetic codes are the universe's whisperings captured in molecular script.,platform/published,typesafe/jev-1.13,typesafe/jev-1.13-20260917,opinion,0.0,1.0,physical,0.91,0.83,figure of speech,0.0,1.0,normative,0.45,0.1,knowledge,0.99,0.97,abstract,0.0,1.0,0.09,1363
8f8f901913588ce03e9f73b663bc7c6ea774cdb6f5ce551fe2e3593c0f05208e:1,63,Courtesy costs nothing but buys everything.,platform/published,typesafe/jev-1.13,typesafe/jev-1.13-20260917,opinion,0.0,1.0,social,0.0,1.0,figure of speech,0.0,1.0,normative,0.1,0.8,knowledge,0.83,0.67,everyday,0.64,0.29,0.83,1354
4a6496dfe2ecc0fcce230660c640f9dc7100b0a8084720f0021cfe32b5087010:1,878,The universe's equation; an enigma bounded only by our evolving comprehension.,platform/published,typesafe/jev-1.13,typesafe/jev-1.13-20260917,opinion,0.0,1.0,physical,0.98,0.96,figure of speech,0.0,1.0,positive,0.84,0.68,knowledge,0.93,0.86,abstract,0.0,1.0,0.13,1362
62b2eec6e7794879726538ab09866966e85eeec73cf424af6cd85f82b4b3fd4c:1,471,"Genetic engineering rewrites the storybook of life, one gene at a time.",platform/published,typesafe/jev-1.13,typesafe/jev-1.13-20260917,opinion,0.01,0.97,physical,0.91,0.81,figure of speech,0.0,1.0,positive,0.59,0.18,knowledge,0.93,0.86,abstract,0.01,0.99,0.17,1364
941b2107fac4f181d152235f1f209b75ad503e5569e85ba0c59a0228ae79f68a:1,879,Theater reflects societal issues through dramatic cultural storytelling.,platform/published,typesafe/jev-1.13,typesafe/jev-1.13-20260917,opinion,0.27,0.45,social,0.0,1.0,literal language,0.65,0.3,positive,0.97,0.95,knowledge,0.96,0.92,abstract,0.01,0.98,0.78,1357
269c8597c4e585e7fe2da8f2648845b81595e5d1a0e2a09746180dacc0fd1960:1,472,Genetic information in DNA determines hereditary traits.,platform/published,typesafe/jev-1.13,typesafe/jev-1.13-20260917,fact,1.0,1.0,physical,1.0,1.0,literal language,1.0,1.0,positive,1.0,1.0,knowledge,1.0,1.0,abstract,0.01,0.97,0.71,1358
eeffd762300868a9f4c9ce6924012d974b575be3fecfc2193475fdc87c72e9c0:1,64,A positive attitude attracts positive outcomes.,platform/published,typesafe/jev-1.13,typesafe/jev-1.13-20260917,opinion,0.0,0.99,social,0.0,1.0,figure of speech,0.03,0.94,positive,0.73,0.45,knowledge,0.9,0.8,abstract,0.37,0.26,0.77,1354
fe0e7285542f4f8ed57635eab2c0063dc4b3f703a016c6c90364be8a47d4849d:1,65,A poor workman blames his tools.,platform/published,typesafe/jev-1.13,typesafe/jev-1.13-20260917,opinion,0.01,0.99,social,0.0,1.0,figure of speech,0.0,1.0,normative,0.36,0.29,knowledge,0.92,0.83,everyday,0.69,0.37,0.88,1356
deeebb2dc45e6b4a0a265c6025990accf39945c4aa226dac1bec3e31a91e2812:1,880,Theorems are often derived through abstract mathematical reasoning.,platform/published,typesafe/jev-1.13,typesafe/jev-1.13-20260917,fact,0.96,0.92,physical,1.0,0.99,literal language,1.0,1.0,positive,1.0,1.0,knowledge,0.91,0.82,abstract,0.0,1.0,0.45,1358
43832625075564660f93886f2577d1a8a293698ec34d1bbbf34c71210502f2e2:1,473,Genetic information is encoded in DNA molecules.,platform/published,typesafe/jev-1.13,typesafe/jev-1.13-20260917,fact,1.0,1.0,physical,1.0,1.0,literal language,0.97,0.95,positive,1.0,1.0,knowledge,1.0,1.0,abstract,0.0,0.99,0.52,1356
10b37431d857f3a849a589cd889b0832d0578a5f2a7cf455e3323995a2c6ee25:1,881,Theorems discover patterns invisible to any unaided mortal eye.,platform/published,typesafe/jev-1.13,typesafe/jev-1.13-20260917,opinion,0.02,0.96,physical,0.94,0.87,figure of speech,0.02,0.95,positive,0.96,0.91,knowledge,0.84,0.67,abstract,0.0,1.0,0.17,1360
351001532a1915d1709b764c3d7408979bb5a04b983a0c6ae45e885a6cc155ee:1,66,Beggars can't be choosers.,platform/published,typesafe/jev-1.13,typesafe/jev-1.13-20260917,opinion,0.01,0.99,social,0.0,1.0,figure of speech,0.0,1.0,normative,0.02,0.97,knowledge,0.85,0.69,everyday,0.81,0.62,0.84,1357
55c83d31b828633c62814d42d57ccc1111d12d806715592ee532eb78d59faa99:1,474,"Genetic inheritance follows Mendel's laws, predicting offspring trait distributions.",platform/published,typesafe/jev-1.13,typesafe/jev-1.13-20260917,fact,1.0,1.0,physical,1.0,1.0,literal language,1.0,1.0,positive,1.0,1.0,knowledge,0.98,0.97,abstract,0.0,0.99,0.28,1361
2f5492061fa49fd8d989341a0359312937c3dd406404ecb8d90471857c42269f:1,67,A poor workman blames his tools.,platform/published,typesafe/jev-1.13,typesafe/jev-1.13-20260917,opinion,0.0,0.99,social,0.0,1.0,figure of speech,0.0,1.0,normative,0.43,0.13,knowledge,0.9,0.8,everyday,0.71,0.42,0.89,1356
486ee045fccf6b6ec2056f451399e1c3c1dc3365e1a94b17350ad4adfa46fb4f:1,882,Theoretical physics often bends subjective interpretations to fit models.,platform/published,typesafe/jev-1.13,typesafe/jev-1.13-20260917,opinion,0.0,0.99,social,0.26,0.47,figure of speech,0.24,0.52,positive,0.88,0.76,knowledge,0.86,0.72,abstract,0.0,1.0,0.21,1359
0d6e10b0ba98a04abf776d0b83bbb6a5be209bad844b7abee6b21e96ca746d94:1,475,Genetic mutations can result in evolutionary adaptations or defects.,platform/published,typesafe/jev-1.13,typesafe/jev-1.13-20260917,fact,1.0,1.0,physical,1.0,1.0,literal language,1.0,1.0,positive,1.0,1.0,knowledge,0.98,0.95,abstract,0.0,1.0,0.57,1358
e6d464130f203973c1f13b93f91db91586dc2f917f8069e47ca6b91509596222:1,883,"Thermodynamics decrees energy’s restless journey, defining life’s perpetual motion.",platform/published,typesafe/jev-1.13,typesafe/jev-1.13-20260917,opinion,0.16,0.67,physical,1.0,1.0,figure of speech,0.0,1.0,positive,0.98,0.97,knowledge,0.77,0.54,abstract,0.0,1.0,0.15,1365
5b0682898653b394f2834a99bad369957b9fb3cfdcbd375b9fa0d32729d4cac7:1,68,Helping others is a noble act.,platform/published,typesafe/jev-1.13,typesafe/jev-1.13-20260917,opinion,0.0,1.0,social,0.0,1.0,literal language,0.75,0.5,normative,0.0,1.0,knowledge,0.97,0.93,abstract,0.13,0.74,0.89,1355
85e4db2a6b85d9605d6cb6a9451f2ef4639d2a08e2f152f2c1430aa99cc7af7a:1,476,Genetic variance writes the unique poetry of human existence.,platform/published,typesafe/jev-1.13,typesafe/jev-1.13-20260917,opinion,0.0,1.0,physical,0.84,0.68,figure of speech,0.0,1.0,positive,0.65,0.3,knowledge,0.92,0.84,abstract,0.0,1.0,0.25,1358
e85859e314dfea75d952011321e978953434a8cd520ba83fcd704fade770cdb6:1,69,Perseverance pays off.,platform/published,typesafe/jev-1.13,typesafe/jev-1.13-20260917,opinion,0.01,0.98,social,0.01,0.98,figure of speech,0.02,0.96,positive,0.59,0.18,knowledge,0.88,0.77,abstract,0.37,0.26,0.88,1354
cdf1468a50d8720398650a874051964380dd82a572fd6693fc3a348307f0fbff:1,884,Thermodynamics principles dictate energy transfer and conversion.,platform/published,typesafe/jev-1.13,typesafe/jev-1.13-20260917,fact,1.0,1.0,physical,1.0,1.0,literal language,1.0,1.0,positive,1.0,1.0,knowledge,0.99,0.98,abstract,0.0,0.99,0.31,1358
388f4bc55535c3902e107833c26729d88a085933a9147699e43a575cda90fea5:1,885,Thought experiments can expand understanding beyond empirical evidence.,platform/published,typesafe/jev-1.13,typesafe/jev-1.13-20260917,opinion,0.46,0.08,physical,0.55,0.1,literal language,0.99,0.98,positive,0.98,0.96,reasoning,0.49,0.01,abstract,0.0,1.0,0.61,1356
f00f1874f0a503a58bec26f153ff980205df946507ae8f98257f6cf74c89d097:1,477,Geographical boundaries are humanity's lines in nature's sands.,platform/published,typesafe/jev-1.13,typesafe/jev-1.13-20260917,opinion,0.0,0.99,social,0.0,1.0,figure of speech,0.0,1.0,normative,0.41,0.19,knowledge,0.83,0.66,abstract,0.0,1.0,0.3,1361
97db28bba19a066c7330075231ca1a071c7f45ece72dc9de6da1278d9a8ae82c:1,70,Kindness begets kindness.,platform/published,typesafe/jev-1.13,typesafe/jev-1.13-20260917,opinion,0.01,0.99,social,0.0,1.0,figure of speech,0.0,0.99,positive,0.74,0.48,knowledge,0.91,0.81,abstract,0.27,0.46,0.83,1353
86c42eb81e8d0c06ac3302a66c2f36ecb323411f7799e2fe941eea0b52b4e341:1,479,Geographical features impact climate and human activity.,platform/published,typesafe/jev-1.13,typesafe/jev-1.13-20260917,fact,1.0,1.0,physical,1.0,1.0,literal language,1.0,1.0,positive,1.0,1.0,knowledge,0.98,0.95,abstract,0.18,0.64,0.86,1358
c311a5b8f0236a7da795e77787c5c0fcaca9857a81579db90e62ac600bf4858c:1,71,Friendship enriches life.,platform/published,typesafe/jev-1.13,typesafe/jev-1.13-20260917,opinion,0.0,1.0,social,0.0,1.0,figure of speech,0.27,0.45,normative,0.12,0.76,knowledge,0.99,0.97,abstract,0.37,0.25,0.92,1355
025c3d8c301a0fa1b9d9447ef5eb983717a1f501946e87d3414266c3089bc48c:1,886,"Thought navigates the labyrinth of existence, mapping unseen corridors.",platform/published,typesafe/jev-1.13,typesafe/jev-1.13-20260917,opinion,0.0,1.0,social,0.01,0.97,figure of speech,0.0,1.0,positive,0.8,0.59,knowledge,0.88,0.75,abstract,0.0,1.0,0.1,1360
cae314d0adcb5c43f3aa9cfcc97782b69e218db201abe38c1c2bbf5349011d6e:1,887,Time is the canvas upon which nature paints its masterpiece.,platform/published,typesafe/jev-1.13,typesafe/jev-1.13-20260917,opinion,0.0,1.0,physical,0.63,0.26,figure of speech,0.0,1.0,normative,0.2,0.6,knowledge,0.9,0.81,abstract,0.0,1.0,0.2,1358
50548fd6a3467745ef8dc82d127eb73265c0bbe6ad34c8ab163fb798231e671f:1,478,Geographical boundaries often define cultural identities.,platform/published,typesafe/jev-1.13,typesafe/jev-1.13-20260917,opinion,0.45,0.09,social,0.0,0.99,literal language,0.99,0.98,positive,1.0,1.0,knowledge,0.99,0.97,abstract,0.01,0.97,0.81,1357
9528c10e86f358f75df5b5b9ec6ddff757165e81ff5bf7cd5fe935635cc757a1:1,480,Geographical patterns influence cultural practices and settlement locations.,platform/published,typesafe/jev-1.13,typesafe/jev-1.13-20260917,fact,0.99,0.99,social,0.26,0.49,literal language,1.0,1.0,positive,1.0,1.0,knowledge,0.93,0.86,abstract,0.02,0.97,0.79,1359
00ee9ba72bbb89629a287891c11c2c25074c7f16c6a441b348c5a020e3d35994:1,72,Actions should match words.,platform/published,typesafe/jev-1.13,typesafe/jev-1.13-20260917,opinion,0.0,1.0,social,0.0,1.0,figure of speech,0.34,0.31,normative,0.0,1.0,knowledge,0.7,0.39,everyday,0.72,0.44,0.92,1352
3c750f77ce8be63daa40674dd65a8092dfe345dd517ad6707f930a5dcd892526:1,888,"Time is the philosopher’s shadow, always present, yet elusively intangible.",platform/published,typesafe/jev-1.13,typesafe/jev-1.13-20260917,opinion,0.0,1.0,social,0.26,0.49,figure of speech,0.0,1.0,positive,0.61,0.22,knowledge,0.95,0.9,abstract,0.0,1.0,0.28,1365
8191257367606baa99eebcaea9c943c68b2625ecfb434d8e9abadd4ceee4d7a9:1,482,"Geometry analyzes shapes, sizes, and dimensions of figures in space.",platform/published,typesafe/jev-1.13,typesafe/jev-1.13-20260917,fact,1.0,1.0,physical,1.0,1.0,literal language,1.0,1.0,positive,1.0,1.0,knowledge,1.0,1.0,abstract,0.12,0.75,0.69,1360
e23c54db380c12f0f9fd001de8c7aafaec5e0baf8fd27eb90749752c915c542b:1,481,Geometric theorems illustrate relationships between shapes using logical principles.,platform/published,typesafe/jev-1.13,typesafe/jev-1.13-20260917,fact,1.0,0.99,physical,1.0,1.0,literal language,1.0,1.0,positive,1.0,1.0,knowledge,0.93,0.87,abstract,0.0,1.0,0.45,1361
9efba2bc735aee503301fa1e6710b02e97b90a0566386dac6a17ff540eaba0d9:1,890,"Time walks forward, leaving footprints of change upon history.",platform/published,typesafe/jev-1.13,typesafe/jev-1.13-20260917,opinion,0.03,0.94,social,0.11,0.77,figure of speech,0.0,1.0,positive,0.93,0.87,knowledge,0.85,0.69,abstract,0.0,1.0,0.6,1359
52ebf92bfa2aac8bbbb3f01a7e068d8d9f7a7772e58b807da378f29eff36f92b:1,889,Time sculpts mountains and memories without asking permission.,platform/published,typesafe/jev-1.13,typesafe/jev-1.13-20260917,opinion,0.04,0.93,physical,0.89,0.78,figure of speech,0.0,1.0,positive,0.98,0.95,knowledge,0.9,0.79,abstract,0.01,0.98,0.54,1358
bb694b7961eaba37db8a654edfc2cf64408419db5506f86c532fb189915d397c:1,73,Pets often bring joy to their owners.,platform/published,typesafe/jev-1.13,typesafe/jev-1.13-20260917,opinion,0.25,0.51,social,0.0,0.99,literal language,0.99,0.98,positive,1.0,0.99,knowledge,1.0,1.0,everyday,1.0,1.0,0.94,1355
1c6f0fc391338bc18f69d9ae46cf5433dd99396ec7abd202de1329cbef675ff9:1,74,A smile often indicates friendliness.,platform/published,typesafe/jev-1.13,typesafe/jev-1.13-20260917,opinion,0.5,0.0,social,0.0,1.0,literal language,0.99,0.97,positive,0.99,0.97,knowledge,0.99,0.99,everyday,1.0,1.0,0.95,1355
bcc207388d3f0ae95bd8b82560793319e6c0a2478dbf6402a2f84e400526ed5f:1,75,Compliments can boost a person's confidence.,platform/published,typesafe/jev-1.13,typesafe/jev-1.13-20260917,fact,0.76,0.51,social,0.0,1.0,literal language,1.0,1.0,positive,1.0,1.0,knowledge,0.99,0.98,everyday,0.99,0.98,0.93,1356
140238e81f1a4b99eecd1879d0f9ba30e8887d2d1c5b48e2a168f9ae648e75f4:1,483,Geometry is the silent designer of nature's elegant structures.,platform/published,typesafe/jev-1.13,typesafe/jev-1.13-20260917,opinion,0.0,0.99,physical,0.99,0.97,figure of speech,0.0,1.0,positive,0.64,0.27,knowledge,0.9,0.81,abstract,0.0,1.0,0.33,1358
a1bec50acdfa2db9a802e9948f6b93459d717ed80b27c60ad9f6aa9ae92ba621:1,76,Time heals all wounds.,platform/published,typesafe/jev-1.13,typesafe/jev-1.13-20260917,opinion,0.0,1.0,social,0.29,0.41,figure of speech,0.0,1.0,positive,0.85,0.71,knowledge,0.97,0.95,abstract,0.2,0.61,0.76,1352
5ca9d7e1c342cf2f77f5d939f0f4b09ade02803a373221c0ad197ab2ff906233:1,892,"Time’s relentless march shapes all, carving both rock and resolve.",platform/published,typesafe/jev-1.13,typesafe/jev-1.13-20260917,opinion,0.02,0.97,physical,0.92,0.85,figure of speech,0.0,1.0,positive,0.97,0.93,knowledge,0.86,0.72,abstract,0.0,0.99,0.57,1360
98531a801a7815eb069410766dce63b514096f535306568b91d0f00a8004dadd:1,891,"Time, like gravity, moves forward regardless of cultural clocks or personal calendars.",platform/published,typesafe/jev-1.13,typesafe/jev-1.13-20260917,fact,0.68,0.37,physical,1.0,0.99,figure of speech,0.08,0.84,positive,1.0,0.99,knowledge,0.58,0.16,abstract,0.01,0.98,0.78,1362
34efdac9de57a3ce27bb8dc910b501239c6789d6bd9a7ab4b983102aef90ff4b:1,77,A rising tide lifts all boats.,platform/published,typesafe/jev-1.13,typesafe/jev-1.13-20260917,opinion,0.09,0.83,social,0.19,0.62,figure of speech,0.0,0.99,positive,0.91,0.81,knowledge,0.79,0.58,abstract,0.07,0.86,0.68,1354
f9d1207e4244422d7661e882377b3b2ed570536494bc2a371fc200da846d8525:1,484,"Geometry sketches infinity with a single, graceful theorem.",platform/published,typesafe/jev-1.13,typesafe/jev-1.13-20260917,opinion,0.0,1.0,physical,0.97,0.95,figure of speech,0.0,1.0,normative,0.47,0.06,knowledge,0.85,0.7,abstract,0.0,1.0,0.1,1357
85bab5674f239d046115b4cd4a5d6f74f8e2b0c604e5186c512b5d1163f1bbb6:1,485,"Geometry studies the properties and relations of points, lines, and shapes.",platform/published,typesafe/jev-1.13,typesafe/jev-1.13-20260917,fact,1.0,1.0,physical,1.0,1.0,literal language,1.0,1.0,positive,1.0,1.0,knowledge,1.0,1.0,abstract,0.01,0.97,0.51,1361
d06d438a63157794892eab6bde8813ec120a168b5781bd11493cc7ecac948dbb:1,78,Societal progress relies on equitable distribution of resources.,platform/published,typesafe/jev-1.13,typesafe/jev-1.13-20260917,opinion,0.0,1.0,social,0.0,1.0,literal language,0.91,0.82,normative,0.03,0.93,reasoning,0.49,0.02,abstract,0.0,1.0,0.64,1358
cad61a9227cea2b735fa3974a4c7a9a3bee8c7bace2a3fb6a5c7315645aca538:1,893,Topology is the canvas upon which mathematicians sketch dimensions beyond sight.,platform/published,typesafe/jev-1.13,typesafe/jev-1.13-20260917,opinion,0.01,0.99,physical,0.98,0.96,figure of speech,0.0,1.0,positive,0.58,0.16,knowledge,0.95,0.89,abstract,0.0,1.0,0.09,1362
01ba5ca61059c718936c4122041d26c252501a0500fdd3113ee44dc6c30efee1:1,486,"Glaciers are large masses of moving ice, found in polar regions.",platform/published,typesafe/jev-1.13,typesafe/jev-1.13-20260917,fact,1.0,1.0,physical,1.0,1.0,literal language,1.0,1.0,positive,1.0,1.0,knowledge,1.0,1.0,abstract,0.39,0.21,0.74,1362
a608f59f54e084b77da6bf7bf8a43545c371f97ae58f93ed95e7ebfd9741d85f:1,79,Every rose has its thorn.,platform/published,typesafe/jev-1.13,typesafe/jev-1.13-20260917,fact,0.64,0.28,physical,0.9,0.81,figure of speech,0.08,0.84,positive,0.96,0.92,knowledge,0.98,0.96,everyday,0.74,0.49,0.77,1354
379a20d92347c4d39d27996fb5e70eb46714a4c7ebae131bc54ac181cfdfb569:1,487,Glaciers carve out U-shaped valleys as they move.,platform/published,typesafe/jev-1.13,typesafe/jev-1.13-20260917,fact,1.0,1.0,physical,1.0,1.0,literal language,0.99,0.99,positive,1.0,1.0,knowledge,1.0,1.0,abstract,0.1,0.8,0.48,1359
fae85998380923f822e0ecbc501a617b4d559267327acb89eb684c718c5a1241:1,894,"Tradition whispers in the winds, weaving tales from belief's tapestry.",platform/published,typesafe/jev-1.13,typesafe/jev-1.13-20260917,opinion,0.0,1.0,social,0.0,1.0,figure of speech,0.0,1.0,normative,0.4,0.2,knowledge,0.97,0.94,abstract,0.0,1.0,0.15,1363
228403584d3d623a1a3479b863084d09e8c6ecd2cfa6fa3c0e8d9374a0e0f61c:1,80,Mathematics reveals universal truths.,platform/published,typesafe/jev-1.13,typesafe/jev-1.13-20260917,opinion,0.15,0.69,physical,1.0,0.99,literal language,0.65,0.3,positive,0.91,0.82,knowledge,0.8,0.6,abstract,0.0,1.0,0.39,1354
afa94b88e2e7c93addc0bd14f17b66d94bc34031f4a8c777dec6aefa21b8d011:1,895,"Tradition whispers wisdom across generations, shaping human destiny.",platform/published,typesafe/jev-1.13,typesafe/jev-1.13-20260917,opinion,0.0,1.0,social,0.0,1.0,figure of speech,0.0,1.0,normative,0.32,0.36,knowledge,0.88,0.76,abstract,0.0,1.0,0.56,1359
c9123f9ee4bf3c306e697f94a5957e56016fba56c5d69996c685863783ee615d:1,81,Digital transformation reshapes industries.,platform/published,typesafe/jev-1.13,typesafe/jev-1.13-20260917,fact,0.66,0.32,social,0.02,0.96,literal language,0.59,0.19,positive,1.0,1.0,knowledge,0.99,0.98,abstract,0.0,0.99,0.65,1353
ed05fc07fc3f51f2492589047a6e1ad082b44b07a7b9484d6c1dad9b824a71d5:1,489,Gravity consistently affects the movement of all physical bodies.,platform/published,typesafe/jev-1.13,typesafe/jev-1.13-20260917,fact,1.0,0.99,physical,1.0,1.0,literal language,1.0,1.0,positive,1.0,1.0,knowledge,0.99,0.98,abstract,0.25,0.51,0.8,1357
ab5749c029ebd78d836ce51ecc3a317a7fc6836108911b807a9d7e4fd2ca8e3d:1,488,Good posture is the silent guardian of physical harmony.,platform/published,typesafe/jev-1.13,typesafe/jev-1.13-20260917,opinion,0.0,0.99,physical,0.98,0.96,figure of speech,0.0,1.0,normative,0.03,0.94,knowledge,0.95,0.9,abstract,0.49,0.01,0.72,1357
64cad00c92c3b95f92508dec208fd8eae9aa938c6daf7f8636077ab1073ee6b4:1,896,Triangles can be classified by side lengths or angle sizes.,platform/published,typesafe/jev-1.13,typesafe/jev-1.13-20260917,fact,1.0,1.0,physical,1.0,1.0,literal language,1.0,1.0,positive,0.98,0.96,knowledge,1.0,1.0,abstract,0.08,0.84,0.57,1358
9d24fa7667ba236de8a8393366222660bb614ce50dc6dafa7d21444fad5a67b1:1,82,Bridges connect communities and ideas.,platform/published,typesafe/jev-1.13,typesafe/jev-1.13-20260917,opinion,0.09,0.82,social,0.03,0.95,figure of speech,0.01,0.98,positive,0.73,0.47,knowledge,0.92,0.85,abstract,0.09,0.81,0.81,1355
cfff8e80916d2243c91de6e69a5bda4b18f070ece02c0631001ac4f9198d2f44:1,898,"Trust is the fragile glass, clear yet breakable under life's weight.",platform/published,typesafe/jev-1.13,typesafe/jev-1.13-20260917,opinion,0.0,1.0,social,0.0,1.0,figure of speech,0.0,1.0,normative,0.36,0.27,knowledge,0.89,0.79,abstract,0.04,0.92,0.51,1363
ce11ec5426466ad7f579b798b18d9acf9228273592b91b1eca6b53fec0543098:1,897,Trust is the fragile bridge we build between hearts.,platform/published,typesafe/jev-1.13,typesafe/jev-1.13-20260917,opinion,0.0,1.0,social,0.0,1.0,figure of speech,0.0,1.0,normative,0.14,0.71,knowledge,0.97,0.95,abstract,0.03,0.93,0.54,1357
2ff51fe5a9189f37fcbcde8d06814ba2055dd1626e13551d30d1044d415d8b69:1,490,Gravity influences every object on Earth uniformly.,platform/published,typesafe/jev-1.13,typesafe/jev-1.13-20260917,fact,0.99,0.98,physical,1.0,1.0,literal language,0.99,0.98,positive,1.0,1.0,knowledge,0.99,0.99,abstract,0.15,0.69,0.58,1355
1c9073257b6637ea25144568d44af13bb08a60e227f78e6cbb35387f63b09659:1,83,The pen is mightier than the sword.,platform/published,typesafe/jev-1.13,typesafe/jev-1.13-20260917,opinion,0.0,1.0,social,0.0,1.0,figure of speech,0.0,1.0,normative,0.03,0.94,knowledge,0.9,0.79,abstract,0.0,0.99,0.58,1357
fce68065e03647326e403c05084747566a45607791f5af1038345469ca497690:1,899,Truth is the impossible mountain summited only by the worthy mind.,platform/published,typesafe/jev-1.13,typesafe/jev-1.13-20260917,opinion,0.0,1.0,social,0.02,0.97,figure of speech,0.0,1.0,normative,0.03,0.94,knowledge,0.9,0.8,abstract,0.0,1.0,0.11,1360
5b0a9e054ba50e11745a53467d9fd0b6d044c5162bc72f38b98c4ece51f2b67c:1,491,Gravity is the invisible thread stitching the fabric of reality.,platform/published,typesafe/jev-1.13,typesafe/jev-1.13-20260917,opinion,0.02,0.96,physical,1.0,0.99,figure of speech,0.0,1.0,positive,0.92,0.84,knowledge,0.98,0.96,abstract,0.0,1.0,0.16,1358
46b5571e54f9132052599eb01473498d0480d418d960ec2e9c6ae102a947230e:1,492,"Gravity is the orchestra conductor, ensuring celestial bodies don’t miss a beat.",platform/published,typesafe/jev-1.13,typesafe/jev-1.13-20260917,opinion,0.11,0.78,physical,1.0,1.0,figure of speech,0.0,1.0,positive,0.98,0.97,knowledge,0.86,0.72,abstract,0.01,0.99,0.43,1362
40971e00fa240cbc87213b26e06232b2d77265715b23f70d2a6ed9c5adec35f5:1,900,Truth is the treasure unearthed by the intrepid archaeologist of reason.,platform/published,typesafe/jev-1.13,typesafe/jev-1.13-20260917,opinion,0.0,1.0,social,0.15,0.71,figure of speech,0.0,1.0,normative,0.19,0.61,knowledge,0.74,0.49,abstract,0.0,1.0,0.16,1366
8a0af71da70b40b18926b5102e661431d281ea8d3ab1a9619335176acb41df9c:1,84,The squeaky wheel gets the grease.,platform/published,typesafe/jev-1.13,typesafe/jev-1.13-20260917,opinion,0.1,0.81,social,0.08,0.84,figure of speech,0.0,0.99,positive,0.73,0.46,knowledge,0.97,0.93,everyday,0.68,0.36,0.87,1355
560adbcc0ea14773927db9f08ebcf42594c9af0b0021ae479629e93e32ad1f57:1,85,Precision in language ensures clarity.,platform/published,typesafe/jev-1.13,typesafe/jev-1.13-20260917,opinion,0.24,0.53,social,0.01,0.99,literal language,0.8,0.6,positive,0.71,0.42,knowledge,0.59,0.18,abstract,0.24,0.53,0.81,1353
1afeff11c1add2269e7434a02d5060cd5a910c36f02953c4a5db2f8bea679b16:1,493,Gravity is the silent hand guiding every falling leaf.,platform/published,typesafe/jev-1.13,typesafe/jev-1.13-20260917,opinion,0.43,0.13,physical,1.0,1.0,figure of speech,0.0,1.0,positive,0.99,0.99,knowledge,0.97,0.95,everyday,0.51,0.02,0.61,1357
1a8cb5671fe97f1303bc66755d47e41c352b83d261093ef98eb77729c06284e1:1,901,Truth isn't a mirror; it's an ocean vast and unswayed by views.,platform/published,typesafe/jev-1.13,typesafe/jev-1.13-20260917,opinion,0.0,1.0,social,0.14,0.72,figure of speech,0.0,1.0,normative,0.48,0.04,knowledge,0.87,0.74,abstract,0.0,1.0,0.21,1365
e45917d9d3ed632944e93fb98e7cc70a7c172514dd7ac0fb32235645f143e478:1,494,"Gravity is the universe's invisible conductor, orchestrating celestial symphonies.",platform/published,typesafe/jev-1.13,typesafe/jev-1.13-20260917,opinion,0.05,0.89,physical,1.0,0.99,figure of speech,0.0,1.0,positive,0.91,0.82,knowledge,0.97,0.93,abstract,0.0,1.0,0.24,1363
d6b0129982e6055787c175a0a0d791471bb2cdb1fd98a20dab61d8762ed70846:1,86,Artificial intelligence transforms industries.,platform/published,typesafe/jev-1.13,typesafe/jev-1.13-20260917,opinion,0.36,0.28,social,0.19,0.62,literal language,0.78,0.55,positive,0.99,0.98,knowledge,0.98,0.97,abstract,0.01,0.98,0.59,1354
a039688115ce92f99c7f7cde2c98a1b6310afd959b4b2fc80bb8c80e21870f4c:1,902,Using sunscreen protects skin from harmful UV radiation.,platform/published,typesafe/jev-1.13,typesafe/jev-1.13-20260917,fact,1.0,1.0,physical,1.0,1.0,literal language,1.0,1.0,positive,1.0,1.0,knowledge,1.0,0.99,everyday,0.99,0.98,0.93,1356
40db3df7c76ad697c7a1f116658b59205a59b42b5552b8c4e8629c202442729b:1,495,Gravity keeps us grounded on Earth and affects how we move.,platform/published,typesafe/jev-1.13,typesafe/jev-1.13-20260917,fact,1.0,1.0,physical,1.0,1.0,literal language,1.0,0.99,positive,1.0,1.0,knowledge,1.0,0.99,everyday,0.97,0.94,0.96,1359
bc2fa871118aad82f96be4dc45a7e756a6dd763eb2c050a4fb390fc10636040c:1,87,Metaphors create vivid imagery in language.,platform/published,typesafe/jev-1.13,typesafe/jev-1.13-20260917,fact,0.63,0.25,social,0.01,0.98,literal language,0.78,0.56,positive,1.0,1.0,knowledge,1.0,0.99,abstract,0.32,0.36,0.87,1356
786525dfcfe85a4fbd6d3a626461c663a00d55178b0917c2d3bdf82280616079:1,903,Vaccination helps build immunity against specific diseases.,platform/published,typesafe/jev-1.13,typesafe/jev-1.13-20260917,fact,1.0,1.0,physical,1.0,1.0,literal language,1.0,1.0,positive,1.0,1.0,knowledge,1.0,1.0,everyday,0.67,0.34,0.9,1357
7775884c139237dcb559dc96681d0a8d12cc67c5095fb24f2e46516d7909f95d:1,496,Gravity never takes a day off; it holds the world together.,platform/published,typesafe/jev-1.13,typesafe/jev-1.13-20260917,fact,0.85,0.69,physical,1.0,1.0,figure of speech,0.03,0.95,positive,1.0,0.99,knowledge,0.97,0.95,abstract,0.15,0.69,0.82,1360
31e1e87de5ef0ac8f0c59385b9aec92f3241d01b12b3065910478f3409b6cd32:1,904,Vaccines build immunity by exposing the body to pathogens.,platform/published,typesafe/jev-1.13,typesafe/jev-1.13-20260917,fact,1.0,1.0,physical,1.0,1.0,literal language,1.0,0.99,positive,1.0,1.0,knowledge,1.0,1.0,abstract,0.38,0.25,0.77,1358
41b75c337c1691e990f38d320a7ae79d5086960217002851c49fd2032e74951e:1,88,Architecture shapes our built environment.,platform/published,typesafe/jev-1.13,typesafe/jev-1.13-20260917,fact,0.98,0.96,physical,0.93,0.87,literal language,0.92,0.84,positive,1.0,1.0,knowledge,0.99,0.98,everyday,0.61,0.21,0.9,1353
026c77280a83ec35f6ca30f0233938a0f3f2fbe045dec93d9b0d5d700368207b:1,89,Berlin Wall falling symbolized new freedoms.,platform/published,typesafe/jev-1.13,typesafe/jev-1.13-20260917,opinion,0.14,0.72,social,0.0,1.0,figure of speech,0.08,0.84,normative,0.48,0.04,knowledge,0.84,0.69,abstract,0.01,0.99,0.84,1356
563128a7b7eb51b30c09e707adc582248cc4c323bb85f2b8da2d17ef78ba2110:1,497,Gravity pulls all objects towards the Earth's center.,platform/published,typesafe/jev-1.13,typesafe/jev-1.13-20260917,fact,1.0,1.0,physical,1.0,1.0,literal language,1.0,1.0,positive,1.0,1.0,knowledge,1.0,1.0,abstract,0.49,0.02,0.9,1357
42aea8350b702eeca8a687b66c3681f38a44e680f49497098e4a21be914c0a7f:1,905,"Valleys are Earth's embraces, cradling life amidst towering peaks.",platform/published,typesafe/jev-1.13,typesafe/jev-1.13-20260917,opinion,0.01,0.98,physical,0.91,0.82,figure of speech,0.0,1.0,positive,0.51,0.02,knowledge,0.98,0.95,abstract,0.15,0.69,0.45,1362
100caa0e4c32b0aeebd894563b6b90e9d660824f3c34fc9341342891d9385ec4:1,498,Gravity's pull is the silent conductor orchestrating life's dance.,platform/published,typesafe/jev-1.13,typesafe/jev-1.13-20260917,opinion,0.02,0.96,physical,1.0,0.99,figure of speech,0.0,1.0,positive,0.85,0.7,knowledge,0.91,0.82,abstract,0.0,0.99,0.24,1361
da2f7e49cd2bf2fae4332d447d9878d8ed3d7d2b813d0db9f9237a22acd71b7a:1,90,Sculpture can memorialize history.,platform/published,typesafe/jev-1.13,typesafe/jev-1.13-20260917,fact,0.87,0.74,social,0.02,0.97,literal language,0.94,0.88,positive,0.99,0.99,knowledge,0.98,0.97,abstract,0.48,0.03,0.89,1356
e46078251ac459accbf89e99d7e85d6cfb8ec3f11ff9a9d42859e230d2f2f215:1,906,Values are the stars guiding the ship of societal conscience.,platform/published,typesafe/jev-1.13,typesafe/jev-1.13-20260917,opinion,0.0,1.0,social,0.0,1.0,figure of speech,0.0,1.0,normative,0.0,1.0,knowledge,0.82,0.63,abstract,0.0,1.0,0.5,1358
540b7e2e0ce02babc78a1962970852025b358b9287e913c0e4a4ddc00ee1a1c9:1,499,Healthy eating habits contribute to longevity and vitality.,platform/published,typesafe/jev-1.13,typesafe/jev-1.13-20260917,fact,0.96,0.92,physical,1.0,1.0,literal language,0.99,0.98,positive,0.98,0.97,knowledge,0.98,0.95,everyday,0.7,0.4,0.93,1356
d2c6e023b42c4fe2610ed1b96e96105180899ee7b284302fc00e5bd0721becf2:1,907,Values guide decision-making and ethical choices.,platform/published,typesafe/jev-1.13,typesafe/jev-1.13-20260917,opinion,0.33,0.33,social,0.0,1.0,literal language,0.83,0.65,positive,0.6,0.21,knowledge,0.94,0.88,abstract,0.1,0.8,0.89,1355
92ca4f0298c4fba0419dd8d6985d0fc847c97524ca5a0a4bc24203140ace4d5c:1,91,Figurative art represents human forms.,platform/published,typesafe/jev-1.13,typesafe/jev-1.13-20260917,fact,0.9,0.8,social,0.12,0.77,literal language,0.99,0.98,positive,0.97,0.94,knowledge,1.0,1.0,abstract,0.42,0.16,0.55,1355
6e3dbeda4c0565e10dd316af2aacd90ba428c4d71ed61a5cdd69b807fdbc35d6:1,500,"Healthy eating is the secret potion, nourishing the body's inner garden.",platform/published,typesafe/jev-1.13,typesafe/jev-1.13-20260917,opinion,0.01,0.99,physical,0.84,0.69,figure of speech,0.0,1.0,normative,0.07,0.86,knowledge,0.98,0.96,everyday,0.54,0.08,0.72,1363
2349f760a5f93adba54da9a9ab290f2f7127eacaa8fdce473e0f0b3eebe87590:1,92,Blockchain ensures secure transactions.,platform/published,typesafe/jev-1.13,typesafe/jev-1.13-20260917,fact,0.62,0.23,physical,0.67,0.35,literal language,1.0,1.0,positive,0.99,0.99,knowledge,0.98,0.96,abstract,0.05,0.89,0.32,1352
aa7561bd7aee403ad0f85e570cb673a48db955b14214ba4c2b13ae14175aa2d1:1,93,Efficient algorithms optimize performance.,platform/published,typesafe/jev-1.13,typesafe/jev-1.13-20260917,fact,0.96,0.93,physical,1.0,1.0,literal language,1.0,1.0,positive,0.93,0.86,knowledge,0.96,0.92,abstract,0.02,0.95,0.79,1354
4d0f9016cab615f376b492dea0f184744cc64dd9668c8c6ef19928d848c9815e:1,908,Values illuminate paths like stars guiding moral compasses on dark nights.,platform/published,typesafe/jev-1.13,typesafe/jev-1.13-20260917,opinion,0.0,1.0,social,0.0,1.0,figure of speech,0.0,1.0,normative,0.03,0.94,knowledge,0.88,0.76,abstract,0.0,0.99,0.49,1360
b0fd0bab8ba621c48e38a254a5194832c3e7099edd7bda266ebacdf7fb8ec08d:1,501,Hearts often sing songs that logic cannot compose.,platform/published,typesafe/jev-1.13,typesafe/jev-1.13-20260917,opinion,0.0,1.0,social,0.0,1.0,figure of speech,0.0,1.0,positive,0.8,0.6,knowledge,0.95,0.9,abstract,0.02,0.96,0.61,1357
18c6d6cb672399c6c667b6996f64a7fbdd6b7f007b8b0a2252fcec19e4d1b863:1,94,Stars fill the night sky.,platform/published,typesafe/jev-1.13,typesafe/jev-1.13-20260917,fact,0.95,0.89,physical,1.0,1.0,literal language,0.87,0.74,positive,1.0,1.0,knowledge,1.0,1.0,everyday,1.0,0.99,0.9,1353
43681c1be321fa0a5419e069664ab2fa99e064fbaa46c7408dab0939e8496ab5:1,95,Grammar rules structure languages.,platform/published,typesafe/jev-1.13,typesafe/jev-1.13-20260917,fact,1.0,0.99,social,0.01,0.98,literal language,0.97,0.93,positive,1.0,0.99,knowledge,1.0,0.99,abstract,0.03,0.94,0.77,1352
00db933a6a984a2d262386e70c22acd4d3dceb12dec964fb0d9f949a1e4e6549:1,502,Heat is a form of energy transfer between systems.,platform/published,typesafe/jev-1.13,typesafe/jev-1.13-20260917,fact,1.0,1.0,physical,1.0,1.0,literal language,1.0,1.0,positive,1.0,1.0,knowledge,1.0,1.0,abstract,0.07,0.86,0.36,1357
9bcd04e734935fddbfbca81c3c93844813ef9609fdf4f5d2f9f99ebf502edd36:1,909,Values influence how societies interact with their environments.,platform/published,typesafe/jev-1.13,typesafe/jev-1.13-20260917,fact,0.83,0.66,social,0.0,1.0,literal language,1.0,1.0,positive,0.99,0.98,knowledge,0.93,0.86,abstract,0.0,0.99,0.84,1356
70bf4573093f98e6b8c7cc2ea1e3dced9213395f770f74498d195857872e7e65:1,911,Values shape our perception of the reality painted by facts.,platform/published,typesafe/jev-1.13,typesafe/jev-1.13-20260917,opinion,0.01,0.98,social,0.0,1.0,figure of speech,0.01,0.97,positive,0.89,0.78,knowledge,0.77,0.53,abstract,0.0,1.0,0.73,1358
f170d38c7df88fa570140b08024d689343c4574980f37214775556ad50cfc517:1,503,"Heat is the dance of molecules, invisible yet undeniable.",platform/published,typesafe/jev-1.13,typesafe/jev-1.13-20260917,fact,0.57,0.15,physical,1.0,1.0,figure of speech,0.0,1.0,positive,1.0,0.99,knowledge,0.99,0.99,abstract,0.18,0.64,0.49,1358
a050fa97d9bdf82d0d65e533c5d828981b50c6fe4e153b125940c98039133775:1,910,Values light the path on the unpredictable roads of life.,platform/published,typesafe/jev-1.13,typesafe/jev-1.13-20260917,opinion,0.0,1.0,social,0.0,1.0,figure of speech,0.0,1.0,normative,0.02,0.96,knowledge,0.87,0.75,abstract,0.01,0.98,0.71,1358
58aae05ee31e3ad5b9e0fc077b7f2c91bf900951e41130fb3b903168f9b865a5:1,96,Artificial intelligence personalizes user experiences.,platform/published,typesafe/jev-1.13,typesafe/jev-1.13-20260917,fact,0.99,0.98,social,0.43,0.14,literal language,1.0,1.0,positive,1.0,1.0,knowledge,1.0,0.99,everyday,0.82,0.64,0.66,1357
116e95ab0b7d2cb529f4f3b9b997396cc779b13f28984f1c9a70e61a4212bcd8:1,912,"Virtual reality is the dreamscape, blurring the lines between fiction and reality.",platform/published,typesafe/jev-1.13,typesafe/jev-1.13-20260917,opinion,0.0,1.0,social,0.11,0.78,figure of speech,0.0,1.0,positive,0.67,0.33,knowledge,0.93,0.87,abstract,0.01,0.99,0.28,1366
40ac4189e7a42b8c6e137986fa53bfbebca0558cd6bf5885253360f16de3bef3:1,97,Many faiths include anointing rituals.,platform/published,typesafe/jev-1.13,typesafe/jev-1.13-20260917,fact,0.99,0.99,social,0.0,1.0,literal language,1.0,1.0,positive,1.0,1.0,knowledge,1.0,1.0,abstract,0.1,0.8,0.71,1357
0e15d3c2145579b86ba03cca6c6e94f9aebd735d5ad4e9c33b7b9113f50e651d:1,505,Hierarchies are the scaffolding upon which societies build stability and structure.,platform/published,typesafe/jev-1.13,typesafe/jev-1.13-20260917,opinion,0.0,1.0,social,0.0,1.0,figure of speech,0.0,1.0,positive,0.54,0.07,knowledge,0.7,0.41,abstract,0.0,1.0,0.64,1365
5c9f493de6a85682d81b972ca75044640ca25e8e1cd693b8d10ead33d3229bb8:1,504,Heaven's promises can be a lighthouse in earthly darkness.,platform/published,typesafe/jev-1.13,typesafe/jev-1.13-20260917,opinion,0.0,1.0,social,0.0,1.0,figure of speech,0.0,1.0,normative,0.04,0.93,knowledge,0.71,0.41,abstract,0.0,1.0,0.43,1361
e6402e9e30480a0f9ff3dafaa159de3c9d17d15706bc651c7b5c36907c57a554:1,913,Volcanic eruptions create new landmasses and islands over time.,platform/published,typesafe/jev-1.13,typesafe/jev-1.13-20260917,fact,1.0,1.0,physical,1.0,1.0,literal language,1.0,1.0,positive,1.0,1.0,knowledge,1.0,1.0,abstract,0.05,0.91,0.59,1363
0ab91fc23232f2b8a0c7ee44e1b8b48865a33d20dee0a0868eacb2feade50a70:1,98,Nikola Tesla contributed significantly to electricity and magnetism.,platform/published,typesafe/jev-1.13,typesafe/jev-1.13-20260917,fact,0.95,0.9,physical,0.96,0.91,literal language,1.0,1.0,positive,0.99,0.98,knowledge,1.0,1.0,abstract,0.12,0.77,0.63,1359
4ea46c738838bb6a1e746ac6c5b52c34c74226511ec898cdf8c072d1068d2de6:1,506,High fiber intake promotes digestive health and regularity.,platform/published,typesafe/jev-1.13,typesafe/jev-1.13-20260917,fact,1.0,1.0,physical,1.0,1.0,literal language,1.0,1.0,positive,1.0,1.0,knowledge,1.0,0.99,everyday,0.95,0.9,0.86,1358
f809924356edd0d94fda865210eb1be544f8e440911aedaf698af1c4baccd17b:1,914,"Volcanoes are Earth's fiery whispers, speaking from deep within.",platform/published,typesafe/jev-1.13,typesafe/jev-1.13-20260917,opinion,0.0,0.99,physical,0.95,0.9,figure of speech,0.0,1.0,positive,0.85,0.7,knowledge,0.99,0.98,abstract,0.09,0.81,0.18,1361
f8544f71ecad2e80c5327d66fce71a316a04d07c032b2912825a4130137d07f2:1,99,Michelangelo painted the Sistine Chapel ceiling.,platform/published,typesafe/jev-1.13,typesafe/jev-1.13-20260917,fact,1.0,1.0,physical,0.52,0.05,literal language,1.0,1.0,positive,1.0,1.0,knowledge,1.0,1.0,everyday,0.73,0.46,0.79,1358
66bc3552a679d55983e899917f439e7e34bdd94542e52caa1d35ba76e97d5fa8:1,507,Historical events create a tapestry of interconnected human actions.,platform/published,typesafe/jev-1.13,typesafe/jev-1.13-20260917,opinion,0.03,0.94,social,0.0,1.0,figure of speech,0.0,1.0,positive,0.92,0.83,knowledge,0.83,0.66,abstract,0.0,1.0,0.73,1360
37d200bd51871ae5ebf816ff6bc1fe79bb6eeb3dbeed8454dbd94743a514f17b:1,915,Volcanoes often form along Earth's tectonic plate boundaries.,platform/published,typesafe/jev-1.13,typesafe/jev-1.13-20260917,fact,1.0,1.0,physical,1.0,1.0,literal language,1.0,1.0,positive,1.0,1.0,knowledge,1.0,1.0,abstract,0.01,0.97,0.42,1360
913c09f6b9f03a5a1fde685fc60a634ef3b6f2d89c94bc08e7472b210101601a:1,508,Historical events shape future societal and political outcomes.,platform/published,typesafe/jev-1.13,typesafe/jev-1.13-20260917,opinion,0.35,0.31,social,0.0,1.0,literal language,0.97,0.93,positive,1.0,1.0,knowledge,0.73,0.45,abstract,0.0,1.0,0.85,1358
125f2fcca12c734918c8771e7e0e4895fff8a26682c8c2bdeea279185204592f:1,100,Soft lighting creates a calming ambiance.,platform/published,typesafe/jev-1.13,typesafe/jev-1.13-20260917,opinion,0.01,0.98,social,0.23,0.53,literal language,0.98,0.96,positive,0.82,0.63,knowledge,1.0,0.99,everyday,1.0,0.99,0.87,1354
80fceda13b003116dbb92a6410058c6d8a169f322952109c3f2bd631b302f734:1,509,Historical events weave the fabric of societal progress and regression.,platform/published,typesafe/jev-1.13,typesafe/jev-1.13-20260917,opinion,0.0,0.99,social,0.0,1.0,figure of speech,0.0,1.0,positive,0.82,0.64,knowledge,0.74,0.48,abstract,0.0,1.0,0.75,1360
6e94ef25bf6e0987d0a0634a0c9260aa9215bcba04d0429b28ab8de35936d46f:1,101,Technology drives modern communication.,platform/published,typesafe/jev-1.13,typesafe/jev-1.13-20260917,fact,0.76,0.52,social,0.33,0.34,literal language,0.83,0.66,positive,1.0,1.0,knowledge,0.98,0.96,abstract,0.35,0.29,0.86,1352
e4895460dd0d13d052c74d9438e0da187b2b21aba6c11d6b3530648b14acce0c:1,917,Washing hands removes germs and decreases illness risk.,platform/published,typesafe/jev-1.13,typesafe/jev-1.13-20260917,fact,1.0,1.0,physical,1.0,1.0,literal language,1.0,1.0,positive,1.0,1.0,knowledge,0.98,0.96,everyday,1.0,0.99,0.95,1358
afa0ba5239e12b7b1ac13c9f853768243ef263bc45f95748ec17542ab2f0027a:1,102,Social dancing combines exercise and socialization.,platform/published,typesafe/jev-1.13,typesafe/jev-1.13-20260917,fact,0.97,0.94,social,0.19,0.63,literal language,1.0,1.0,positive,1.0,1.0,knowledge,0.94,0.88,everyday,0.99,0.98,0.91,1357
d308c6cdb0e78820b3dfacfe5aff6835d1cbe1765c39661cdc591d76cf6d441a:1,916,Walking is the bridge connecting mind and body harmony.,platform/published,typesafe/jev-1.13,typesafe/jev-1.13-20260917,opinion,0.0,1.0,social,0.35,0.29,figure of speech,0.0,1.0,normative,0.11,0.77,knowledge,0.86,0.73,abstract,0.09,0.82,0.48,1357
c355be033d29631cf38cd762c831c18a42b6502f99933300403b5adfae4cc3b7:1,510,Historical narratives blend facts with cultural interpretations.,platform/published,typesafe/jev-1.13,typesafe/jev-1.13-20260917,fact,0.73,0.47,social,0.0,1.0,literal language,0.97,0.95,positive,1.0,1.0,knowledge,0.97,0.94,abstract,0.01,0.98,0.8,1357
5173d13f5df37d651f969b948004d6b163cd581a8a4eeeac780817d53790eb50:1,918,Water boils at 100 degrees Celsius under normal pressure.,platform/published,typesafe/jev-1.13,typesafe/jev-1.13-20260917,fact,1.0,1.0,physical,1.0,1.0,literal language,1.0,1.0,positive,1.0,1.0,knowledge,1.0,1.0,everyday,0.88,0.77,0.84,1360
38246f7c678cffa8b383dd7f13144075241f4cd748f8810d92965de01cddc894:1,511,History can be colored by personal and cultural views.,platform/published,typesafe/jev-1.13,typesafe/jev-1.13-20260917,fact,0.59,0.17,social,0.0,1.0,figure of speech,0.08,0.83,positive,0.99,0.99,knowledge,0.96,0.93,abstract,0.02,0.97,0.9,1357
78af23a9412eb3c36ef689a6fab42cf2a717d05b23d45c00e411ec67ff404694:1,919,"Water is nature’s universal solvent, dissolving life's mysteries drop by drop.",platform/published,typesafe/jev-1.13,typesafe/jev-1.13-20260917,opinion,0.36,0.28,physical,1.0,0.99,figure of speech,0.0,1.0,positive,0.96,0.93,knowledge,0.99,0.99,abstract,0.1,0.8,0.47,1364
79288c023b517e0279a3e977a77f6e5ff1d6af4a4eb4ad6a438af3a75474a3de:1,920,Water's boiling point is consistent under standard conditions.,platform/published,typesafe/jev-1.13,typesafe/jev-1.13-20260917,fact,1.0,1.0,physical,1.0,1.0,literal language,1.0,1.0,positive,1.0,1.0,knowledge,1.0,1.0,abstract,0.36,0.27,0.81,1357
0488454c068fd90f93b24a19cbf1b77bb21088fde1b614ce7758ccb93a6bfeea:1,512,History is a tapestry woven with threads of chaos and order.,platform/published,typesafe/jev-1.13,typesafe/jev-1.13-20260917,opinion,0.0,1.0,social,0.0,1.0,figure of speech,0.0,1.0,positive,0.76,0.53,knowledge,0.93,0.86,abstract,0.0,1.0,0.43,1360
e792e57759ac21dde6538554e43f443980c378e88dbaa70ca1d7c73615332bc3:1,103,Regular check-ups are important.,platform/published,typesafe/jev-1.13,typesafe/jev-1.13-20260917,opinion,0.42,0.16,physical,0.75,0.51,literal language,1.0,1.0,normative,0.0,1.0,knowledge,0.96,0.93,everyday,0.97,0.93,0.93,1353
3ebe73a485dc82bc9dae9342977857b4d1cac74aa026bdab03f654de1cbb2048:1,104,Electricity powers modern technology.,platform/published,typesafe/jev-1.13,typesafe/jev-1.13-20260917,fact,1.0,0.99,physical,1.0,1.0,literal language,1.0,1.0,positive,1.0,1.0,knowledge,1.0,1.0,everyday,0.91,0.81,0.94,1354
0d06cf30edfb1b68d0853773d2cd01583a2d4e79c2cb6d461bede6d1d49c998c:1,105,Dictionaries are useful for word meanings.,platform/published,typesafe/jev-1.13,typesafe/jev-1.13-20260917,fact,0.78,0.56,social,0.07,0.85,literal language,1.0,1.0,positive,0.79,0.59,knowledge,0.98,0.96,everyday,1.0,1.0,0.95,1356
d5820f7455a1f9895b88a904efc5beced990fe8b5137159884c112ea3ca37cc4:1,921,"Waterfalls are the world's natural symphonies, singing timeless songs of gravity.",platform/published,typesafe/jev-1.13,typesafe/jev-1.13-20260917,opinion,0.0,1.0,physical,0.55,0.11,figure of speech,0.0,1.0,normative,0.11,0.77,knowledge,0.98,0.97,abstract,0.17,0.67,0.17,1365
4fd7f0ea706bfccd3a55f03dfd8dedc56a18a6ccf3be343423dd8f0562240336:1,513,"History is a teacher, but memory is often a forgetful student.",platform/published,typesafe/jev-1.13,typesafe/jev-1.13-20260917,opinion,0.0,1.0,social,0.0,1.0,figure of speech,0.0,1.0,positive,0.69,0.39,knowledge,0.81,0.62,abstract,0.02,0.96,0.79,1362
c17fbc9b7638f38045f2a29df60a6798620381a8ad38fc74c3489645a93669e1:1,106,The mountains stood as silent guardians.,platform/published,typesafe/jev-1.13,typesafe/jev-1.13-20260917,opinion,0.0,1.0,physical,0.67,0.34,figure of speech,0.0,1.0,positive,0.75,0.51,knowledge,0.99,0.97,abstract,0.4,0.19,0.32,1354
0cd41f98ec99540cb75c27e400b3373257c3fcb1e14ad0e276ee8c1804be1443:1,107,A watched pot never boils.,platform/published,typesafe/jev-1.13,typesafe/jev-1.13-20260917,opinion,0.13,0.73,social,0.25,0.51,figure of speech,0.0,1.0,positive,0.92,0.84,knowledge,0.95,0.9,everyday,0.94,0.88,0.73,1353
d0f9171f03218ee2c7fc343e7d4cf94c460af7e68f845e13ec27e514f9fc1ca4:1,515,Honesty often strengthens trust in relationships.,platform/published,typesafe/jev-1.13,typesafe/jev-1.13-20260917,opinion,0.18,0.63,social,0.0,1.0,literal language,0.89,0.77,positive,0.97,0.94,knowledge,0.95,0.89,everyday,0.86,0.72,0.94,1355
002bdbce129cb1c26fed585832c3a6d4685494dc5feac84b493fe4e4761faaaf:1,923,Wearing a seatbelt increases safety in vehicle collisions.,platform/published,typesafe/jev-1.13,typesafe/jev-1.13-20260917,fact,1.0,1.0,physical,1.0,1.0,literal language,1.0,1.0,positive,0.99,0.99,knowledge,0.98,0.97,everyday,0.98,0.95,0.94,1359
3b141a27c69879d2d2645d4db5362273e9cd54ea3972a10bad8e44c57962d2b5:1,922,Wave frequency can be calculated by dividing the wave speed by its wavelength.,platform/published,typesafe/jev-1.13,typesafe/jev-1.13-20260917,fact,1.0,1.0,physical,1.0,1.0,literal language,1.0,1.0,positive,1.0,1.0,knowledge,0.96,0.92,abstract,0.03,0.94,0.25,1361
04b6a548faf7662551a3cc09918e0d5c5549130efaf4b20f381f59c84d2e741b:1,108,Fresh sheets promise restful sleep.,platform/published,typesafe/jev-1.13,typesafe/jev-1.13-20260917,opinion,0.02,0.97,physical,0.76,0.52,literal language,0.83,0.66,positive,0.83,0.65,knowledge,0.95,0.91,everyday,1.0,1.0,0.85,1354
247659d2b5ce2c9677ad9e52828c73b14f876bfbd891c2fa2aa4352cd7be4a18:1,514,"History is the earth's diary, filled with triumphs and tragedies.",platform/published,typesafe/jev-1.13,typesafe/jev-1.13-20260917,opinion,0.0,1.0,social,0.0,1.0,figure of speech,0.0,1.0,positive,0.52,0.05,knowledge,0.98,0.95,abstract,0.0,0.99,0.62,1363
5b0369ed7fda8897bc545980dbad9650c2d7a1d5a25cbf3c9bc17d9faee3d958:1,516,Hope floats; it’s the buoy in life’s turbulent seas.,platform/published,typesafe/jev-1.13,typesafe/jev-1.13-20260917,opinion,0.0,1.0,social,0.04,0.92,figure of speech,0.0,1.0,normative,0.11,0.77,knowledge,0.82,0.65,abstract,0.03,0.93,0.47,1360
4067b030e136394e705352b064207cbbf5e53790690908c82683f7fcd1171927:1,924,Weather patterns influence daily human activities.,platform/published,typesafe/jev-1.13,typesafe/jev-1.13-20260917,fact,1.0,0.99,physical,0.69,0.37,literal language,1.0,1.0,positive,1.0,1.0,knowledge,0.99,0.99,everyday,0.99,0.99,0.95,1354
21ac03979ff914057860756212c3966d806f8088cd6810528dc64f90a6f062d3:1,925,Work-life balance impacts personal happiness and job satisfaction.,platform/published,typesafe/jev-1.13,typesafe/jev-1.13-20260917,fact,0.87,0.74,social,0.0,1.0,literal language,1.0,0.99,positive,1.0,0.99,knowledge,0.99,0.98,everyday,0.77,0.54,0.9,1357
3f4e449bd50e4b221d1b2d63ea8486a962f8826834b3e63ccc5593982ce10129:1,110,Painting captures moments in time.,platform/published,typesafe/jev-1.13,typesafe/jev-1.13-20260917,opinion,0.06,0.89,social,0.14,0.71,figure of speech,0.24,0.52,positive,0.91,0.82,knowledge,0.99,0.98,abstract,0.27,0.46,0.79,1355
93e7d00d403a809c47cba77be4d8d92bd7b9fb8aaa1f1fe2318e22eed0eeade6:1,109,Journaling clears the mind.,platform/published,typesafe/jev-1.13,typesafe/jev-1.13-20260917,opinion,0.03,0.94,social,0.07,0.86,figure of speech,0.32,0.35,positive,0.96,0.92,knowledge,0.99,0.99,everyday,0.95,0.9,0.74,1354
d3e7f1aff3e0117c010c5dbef60389a1adb4fe7eb719e425e53ccf1e109bbbd0:1,517,"Human societies evolve, shedding outdated norms as behaviors change.",platform/published,typesafe/jev-1.13,typesafe/jev-1.13-20260917,fact,0.59,0.18,social,0.0,1.0,literal language,0.55,0.09,positive,0.96,0.92,knowledge,0.85,0.69,abstract,0.01,0.98,0.85,1358
12be96a75c147bbc93d9e5ec20e84515dc23a17aa0d1580e7e2adb97bd9ea8cc:1,518,"Humans are social animals, thriving in the web of collective consciousness.",platform/published,typesafe/jev-1.13,typesafe/jev-1.13-20260917,opinion,0.23,0.55,social,0.0,0.99,figure of speech,0.03,0.95,positive,0.85,0.71,knowledge,0.98,0.96,abstract,0.01,0.98,0.77,1361
c75e96b49a467d800887ea4707f91c4e9de9499e6b064fa0bd78d75fdeb01c2c:1,926,A balanced diet is the key; it opens doors to wellness and vitality.,platform/published,typesafe/jev-1.13,typesafe/jev-1.13-20260917,opinion,0.12,0.75,physical,0.9,0.8,figure of speech,0.0,0.99,normative,0.13,0.74,knowledge,0.91,0.83,everyday,0.67,0.34,0.89,1362
17e773e0c3cc2a4df34663b3e6fe915055a938035f7729800c0198aaa6a77dbe:1,111,"Clean space, clear mind.",platform/published,typesafe/jev-1.13,typesafe/jev-1.13-20260917,opinion,0.0,1.0,social,0.26,0.48,figure of speech,0.01,0.99,normative,0.19,0.62,knowledge,0.86,0.72,everyday,0.65,0.3,0.8,1353
a74c3669d1724c0b28f4f1f617f73f75fb12f9ae3b1e581a6178afe432310e91:1,928,A closed mind is a locked door; openness allows new ideas to enter.,platform/published,typesafe/jev-1.13,typesafe/jev-1.13-20260917,opinion,0.0,1.0,social,0.0,1.0,figure of speech,0.0,1.0,normative,0.05,0.9,reasoning,0.48,0.04,abstract,0.18,0.64,0.87,1362
98a8a07624896f41111dfc418c4c19894c270b30c8ab14cfa936d2bdcbd1beb9:1,112,Stop and smell the roses.,platform/published,typesafe/jev-1.13,typesafe/jev-1.13-20260917,opinion,0.0,1.0,social,0.06,0.89,figure of speech,0.0,1.0,normative,0.0,1.0,knowledge,0.87,0.74,everyday,0.83,0.66,0.76,1353
f3877bcfcbb4df56f0b86c765c3207423a9e9f4470fe39480973a5c2716498e9:1,520,Hydration is essential for optimal bodily functions.,platform/published,typesafe/jev-1.13,typesafe/jev-1.13-20260917,fact,1.0,0.99,physical,1.0,1.0,literal language,1.0,1.0,positive,0.9,0.79,knowledge,1.0,1.0,everyday,0.89,0.78,0.94,1357
ff5257ab0de1c0510784e36863d29b42e4394a25215da6947ab057dbb32db8ce:1,519,Humans require oxygen to breathe and sustain life.,platform/published,typesafe/jev-1.13,typesafe/jev-1.13-20260917,fact,1.0,1.0,physical,1.0,1.0,literal language,1.0,1.0,positive,1.0,1.0,knowledge,1.0,1.0,everyday,0.95,0.89,0.97,1357
1703e2ecff331aa297466f858d1ea2934f4eab04fef69f045048b36dcf25d8d5:1,113,Scenic drives relax the mind.,platform/published,typesafe/jev-1.13,typesafe/jev-1.13-20260917,opinion,0.0,0.99,social,0.22,0.56,literal language,0.97,0.93,positive,0.99,0.97,knowledge,0.99,0.99,everyday,1.0,0.99,0.85,1354
1a43254d74a3ac674e4277497d1beddfd438f9283e2cd614b7a0b6b3e37676e5:1,927,A chain is only as strong as its weakest link in society.,platform/published,typesafe/jev-1.13,typesafe/jev-1.13-20260917,opinion,0.03,0.93,social,0.05,0.91,figure of speech,0.0,1.0,normative,0.5,0.01,reasoning,0.44,0.13,abstract,0.05,0.91,0.77,1360
36a56a933e3a2df4d19c51bd6a8716efd696acbdd01ae111bd95e53459e6d562:1,521,Hydration is the oil that lubricates life's bodily engines.,platform/published,typesafe/jev-1.13,typesafe/jev-1.13-20260917,opinion,0.07,0.85,physical,1.0,0.99,figure of speech,0.0,1.0,positive,0.93,0.85,knowledge,0.84,0.68,abstract,0.49,0.02,0.56,1362
d152d1956f05b7a0622ef10300ba7ba9bdb21698bf5ff76063fa7fd542937738:1,114,Spending time outdoors lifts the spirits.,platform/published,typesafe/jev-1.13,typesafe/jev-1.13-20260917,opinion,0.05,0.9,social,0.22,0.55,literal language,0.63,0.26,positive,0.97,0.94,knowledge,1.0,0.99,everyday,1.0,0.99,0.86,1356
ced19e6a56b8c304b18a9f9411932bffc64edb5d2ffffdf3422959b4d35780fc:1,522,Hydration is the river sustaining the desert of exertion.,platform/published,typesafe/jev-1.13,typesafe/jev-1.13-20260917,opinion,0.0,1.0,physical,0.96,0.93,figure of speech,0.0,1.0,positive,0.63,0.25,knowledge,0.64,0.28,abstract,0.12,0.76,0.56,1361
9bbdcc1d368d5ccafb8eddde13939c38f4095de8e58260d70e909bb76cd6c7d3:1,930,A journey of a thousand miles begins with a single step of belief.,platform/published,typesafe/jev-1.13,typesafe/jev-1.13-20260917,opinion,0.0,1.0,social,0.01,0.99,figure of speech,0.0,1.0,normative,0.04,0.92,knowledge,0.8,0.61,abstract,0.03,0.94,0.53,1361
4609f7edc7d60c08a892fa5c63d0923a00fb9e3c37e001a77cc2959c58058d3a:1,929,A good plan today is better than a perfect plan tomorrow.,platform/published,typesafe/jev-1.13,typesafe/jev-1.13-20260917,opinion,0.0,1.0,social,0.0,1.0,figure of speech,0.02,0.96,normative,0.0,1.0,reasoning,0.37,0.26,everyday,0.8,0.6,0.9,1359
0be61196d27af47856bc498d25dd8a94486c0c938d90dab190fdfeecd6906f4a:1,931,A penny saved is a penny earned; wisdom often lies in financial prudence.,platform/published,typesafe/jev-1.13,typesafe/jev-1.13-20260917,opinion,0.01,0.97,social,0.0,1.0,figure of speech,0.0,1.0,normative,0.0,1.0,knowledge,0.67,0.34,everyday,0.74,0.48,0.92,1364
47608dd9afbe561cc08f07cf8fadc6808b4e2f1fd539424ecdcc1c783f9a497a:1,523,"Hydration is the secret river, fueling life's vibrant quest.",platform/published,typesafe/jev-1.13,typesafe/jev-1.13-20260917,opinion,0.04,0.92,physical,0.96,0.92,figure of speech,0.0,1.0,normative,0.49,0.01,knowledge,0.99,0.97,abstract,0.18,0.65,0.58,1363
9d8cffcfc1dc974c8f964e9e3d956c2262b858ec94d8cc60571e896dbda7c6df:1,116,Digital innovations transform businesses.,platform/published,typesafe/jev-1.13,typesafe/jev-1.13-20260917,opinion,0.22,0.56,social,0.08,0.85,literal language,0.73,0.47,positive,0.99,0.98,knowledge,0.98,0.96,abstract,0.03,0.94,0.7,1352
4eeaabf34d72eb7f98e707628739907dd4cf382ac6a18d2fa260b48a0e58ad7e:1,115,Tidy spaces enhance focus.,platform/published,typesafe/jev-1.13,typesafe/jev-1.13-20260917,opinion,0.33,0.33,physical,0.82,0.65,literal language,0.98,0.97,positive,0.98,0.96,knowledge,0.99,0.98,everyday,0.99,0.97,0.82,1353
8eab766f38d45490de2d9cb33da79614493d906559afcdc5fa3ad4151ea3ca80:1,525,Hypotheses in history are the scientist's needles stitching patterns in time’s fabric.,platform/published,typesafe/jev-1.13,typesafe/jev-1.13-20260917,opinion,0.0,1.0,social,0.01,0.98,figure of speech,0.0,1.0,positive,0.57,0.14,knowledge,0.63,0.26,abstract,0.0,1.0,0.13,1364
524440c05cc42ba5f61f109dcdd3d33fd816272f1e62728990249bf772e3817f:1,117,Photographers capture visual stories.,platform/published,typesafe/jev-1.13,typesafe/jev-1.13-20260917,opinion,0.44,0.12,social,0.19,0.62,figure of speech,0.18,0.64,positive,0.98,0.97,knowledge,1.0,0.99,everyday,0.91,0.82,0.88,1356
1808acc507cccdbddf6d35f7e84430525e4dbfb8dbcf3c5de827ad3448555514:1,118,Leonardo da Vinci painted the Mona Lisa.,platform/published,typesafe/jev-1.13,typesafe/jev-1.13-20260917,fact,1.0,1.0,social,0.34,0.31,literal language,1.0,1.0,positive,1.0,1.0,knowledge,1.0,1.0,everyday,0.85,0.69,0.86,1356
fa2aa0987154a032b48d427249af50a9350d3df2c247733548c2256240a2ad21:1,524,Hydrological cycles distribute water through Earth's ecosystems.,platform/published,typesafe/jev-1.13,typesafe/jev-1.13-20260917,fact,1.0,1.0,physical,1.0,1.0,literal language,1.0,1.0,positive,1.0,1.0,knowledge,1.0,1.0,abstract,0.01,0.98,0.66,1359
42f3f7d9b4939ca5e66aa4c487dbb0c530658fe8ccb96aa2998ab97cd413d6bd:1,932,A rolling stone gathers no moss; movement often breeds opportunity and change.,platform/published,typesafe/jev-1.13,typesafe/jev-1.13-20260917,opinion,0.01,0.97,social,0.05,0.9,figure of speech,0.0,1.0,positive,0.53,0.06,knowledge,0.52,0.04,abstract,0.08,0.84,0.79,1361
8129ac1c2e74de8ff0bb6c1eaaeff4208db28704b94423c71a858c1269335864:1,933,"A rose by any other name would smell as sweet, illustrating subjective values.",platform/published,typesafe/jev-1.13,typesafe/jev-1.13-20260917,opinion,0.04,0.92,social,0.01,0.97,figure of speech,0.0,1.0,normative,0.11,0.79,reasoning,0.44,0.12,abstract,0.02,0.97,0.53,1362
7f0e7785562df663af8118cfc0a88ffaa27ba0a255a47ff9cfbf9d1dfb59c00d:1,526,Ideologies are the mosaics pieced together from humanity’s scattered dreams.,platform/published,typesafe/jev-1.13,typesafe/jev-1.13-20260917,opinion,0.0,1.0,social,0.0,1.0,figure of speech,0.0,1.0,positive,0.6,0.2,knowledge,0.94,0.88,abstract,0.0,1.0,0.12,1363
8fa5e326c57f532d8ff8fbdd405044c4e37854c6102e0f36899f79d7687f59b4:1,934,A square peg in a round hole highlights the struggle for conformity.,platform/published,typesafe/jev-1.13,typesafe/jev-1.13-20260917,opinion,0.0,1.0,social,0.01,0.99,figure of speech,0.0,1.0,normative,0.24,0.51,reasoning,0.4,0.2,abstract,0.1,0.8,0.75,1360
470a4f8aecccb0089b277fbfc5813489d587b1ef82de9d1f16824f98b6a711e5:1,119,Fair weather friends are unreliable.,platform/published,typesafe/jev-1.13,typesafe/jev-1.13-20260917,opinion,0.04,0.92,social,0.0,1.0,figure of speech,0.01,0.97,positive,0.7,0.4,knowledge,0.87,0.75,everyday,0.97,0.93,0.89,1353
02c407e9eda9c043e8c01acfac76aa518636bbcb74680818b939ba1071129e45:1,527,Individual preferences can clash with societal expectations.,platform/published,typesafe/jev-1.13,typesafe/jev-1.13-20260917,fact,0.94,0.88,social,0.0,1.0,literal language,0.99,0.99,positive,1.0,0.99,knowledge,0.96,0.92,everyday,0.87,0.73,0.94,1355
f39733d3615f6147a9204704e5da153879b647ae43171d3a4792dd86baeac192:1,935,A stitch in time saves nine; prevention is worth more than repair.,platform/published,typesafe/jev-1.13,typesafe/jev-1.13-20260917,opinion,0.0,0.99,social,0.11,0.79,figure of speech,0.0,1.0,normative,0.01,0.98,reasoning,0.47,0.05,everyday,0.69,0.37,0.93,1361
d13e0e78aeaf335e484fda6500c7aec1972c6f1e76c9ac4ed760e11b991198f9:1,528,Infinity is a mathematical concept that teases the limits of comprehension.,platform/published,typesafe/jev-1.13,typesafe/jev-1.13-20260917,opinion,0.12,0.76,physical,0.97,0.94,figure of speech,0.04,0.92,positive,0.74,0.48,knowledge,0.98,0.96,abstract,0.0,1.0,0.26,1360
afcc4eda9b08aba12f18b57572bce0da695b580340e52685cf354ec43c745df2:1,936,Absolute truths are as rare as untouched wilderness; they often remain hidden.,platform/published,typesafe/jev-1.13,typesafe/jev-1.13-20260917,opinion,0.0,1.0,social,0.15,0.71,figure of speech,0.0,1.0,positive,0.81,0.61,knowledge,0.82,0.64,abstract,0.0,1.0,0.5,1361
dfa36a19ba4c507fd4d53ab08dd9cdb59f69af79626d7c49f688d5df728b5f23:1,121,Curiosity killed the cat.,platform/published,typesafe/jev-1.13,typesafe/jev-1.13-20260917,opinion,0.04,0.92,social,0.22,0.55,figure of speech,0.0,1.0,positive,0.77,0.54,knowledge,0.99,0.97,everyday,0.61,0.22,0.62,1354
bd75be25ec9fc8a36b4911c2289b8dffbbf70c51426626715fd6c9959bd9699c:1,529,"Infinity is the abyss, inviting philosophers to ponder its depths endlessly.",platform/published,typesafe/jev-1.13,typesafe/jev-1.13-20260917,opinion,0.0,1.0,social,0.11,0.77,figure of speech,0.0,1.0,normative,0.19,0.62,knowledge,0.93,0.86,abstract,0.0,1.0,0.13,1360
0762a2ea7ce360f2929757d3a74926398c4e33197bbdd36c71c2ca3feefd96ca:1,937,Actions speak louder than words; behavior exhibits our true values.,platform/published,typesafe/jev-1.13,typesafe/jev-1.13-20260917,opinion,0.0,1.0,social,0.0,1.0,figure of speech,0.0,1.0,normative,0.11,0.78,knowledge,0.74,0.48,abstract,0.26,0.49,0.88,1359
c150f100c7ef1494cfadd51bbf448fef5a22165eb32535bfb7137c1d41c42647:1,530,Infinity is the enigmatic horizon mathematicians endlessly chase.,platform/published,typesafe/jev-1.13,typesafe/jev-1.13-20260917,opinion,0.0,1.0,physical,0.69,0.38,figure of speech,0.0,1.0,normative,0.45,0.1,knowledge,0.98,0.97,abstract,0.0,1.0,0.13,1361
19aa88d6bb636761be10f958ee898052f3fc9b4bcaff6b99840e61b9cdd157fe:1,938,Algorithmic trading utilizes mathematics and technology for investment strategies.,platform/published,typesafe/jev-1.13,typesafe/jev-1.13-20260917,fact,1.0,1.0,physical,0.66,0.33,literal language,1.0,1.0,positive,1.0,1.0,knowledge,1.0,1.0,abstract,0.11,0.79,0.46,1359
0d2a5fdc4d9b07805369b3676dbe472d271dd82216d1539fb3f4cb32bd100e5f:1,120,Well-known landmarks foster tourism.,platform/published,typesafe/jev-1.13,typesafe/jev-1.13-20260917,fact,0.93,0.86,social,0.06,0.88,literal language,1.0,1.0,positive,1.0,1.0,knowledge,0.94,0.88,everyday,0.62,0.23,0.92,1353
a9cbc67f5831984b7e648fcdbf0170795a53a63231ff2ac25172c96a78fc3f39:1,122,Understanding precedes ethical action.,platform/published,typesafe/jev-1.13,typesafe/jev-1.13-20260917,opinion,0.0,1.0,social,0.0,1.0,figure of speech,0.32,0.36,normative,0.24,0.52,reasoning,0.27,0.45,abstract,0.0,1.0,0.68,1353
fb8a2d74113225df4a194270644d35df16f82572763022f77d16bf2aeb858706:1,123,Manners maketh man.,platform/published,typesafe/jev-1.13,typesafe/jev-1.13-20260917,opinion,0.0,1.0,social,0.0,1.0,figure of speech,0.0,1.0,normative,0.01,0.98,knowledge,0.98,0.95,abstract,0.15,0.7,0.64,1354
cc760c688b19fc67c997cae319a9986c7ece51ab7d97539fa61bb89f5e7b329a:1,531,Information technology redefines personal privacy and shared cultural norms.,platform/published,typesafe/jev-1.13,typesafe/jev-1.13-20260917,opinion,0.13,0.73,social,0.0,1.0,literal language,0.75,0.5,positive,0.98,0.96,knowledge,0.87,0.73,abstract,0.0,1.0,0.53,1358
08a0cac3e9acacd33318f1d4d8901d93cea396b1a8a74ba30cb085728b4210ef:1,532,"Island paradises are Earth's secret gardens, where dreams mingle with reality.",platform/published,typesafe/jev-1.13,typesafe/jev-1.13-20260917,opinion,0.0,1.0,social,0.06,0.88,figure of speech,0.0,1.0,normative,0.08,0.83,knowledge,0.99,0.98,abstract,0.04,0.92,0.18,1363
40dabbce77144c57b1698934d5260152798f8ed04c574f92bbfee6628bafa2cc:1,939,"All living organisms are composed of cells, the basic units of life.",platform/published,typesafe/jev-1.13,typesafe/jev-1.13-20260917,fact,1.0,1.0,physical,1.0,1.0,literal language,1.0,1.0,positive,1.0,1.0,knowledge,1.0,1.0,abstract,0.01,0.99,0.45,1361
f1d3d95542252db06b022ba65be536a28c37c08d985cb9ce45534eec15dbeb14:1,124,"Finders keepers, losers weepers.",platform/published,typesafe/jev-1.13,typesafe/jev-1.13-20260917,opinion,0.0,1.0,social,0.0,1.0,figure of speech,0.0,0.99,normative,0.01,0.98,knowledge,0.98,0.96,everyday,0.93,0.86,0.32,1356
9b278450abd0f5a7fc12551cf270555e4381a5eedd7656cb428e653e9f88337d:1,940,An algorithm is a step-by-step procedure for solving a problem.,platform/published,typesafe/jev-1.13,typesafe/jev-1.13-20260917,fact,1.0,1.0,physical,0.89,0.79,literal language,1.0,1.0,positive,1.0,0.99,knowledge,1.0,1.0,abstract,0.07,0.87,0.54,1360
4b533c74e3031b1eb429facb040f6e7a432b5b7c55a4798f21d2bea97f193ff1:1,125,Fortune favors the bold.,platform/published,typesafe/jev-1.13,typesafe/jev-1.13-20260917,opinion,0.0,1.0,social,0.0,1.0,figure of speech,0.0,1.0,normative,0.23,0.53,knowledge,0.97,0.93,abstract,0.06,0.88,0.59,1353
844318701e573b34397690cedd45fa1f33901879602b53c0e013eb6893848d5a:1,533,"Islands are Earth's lonely sentinels, standing guard over endless oceans.",platform/published,typesafe/jev-1.13,typesafe/jev-1.13-20260917,opinion,0.0,1.0,physical,0.74,0.48,figure of speech,0.0,1.0,normative,0.38,0.24,knowledge,0.98,0.96,abstract,0.08,0.83,0.22,1363
682277fa74df70a0716f55b9efabed0d31751762c6e29f617c9f2c913374ef8b:1,126,"No pain, no gain.",platform/published,typesafe/jev-1.13,typesafe/jev-1.13-20260917,opinion,0.0,1.0,social,0.27,0.45,figure of speech,0.0,1.0,normative,0.2,0.59,knowledge,0.82,0.63,everyday,0.68,0.37,0.63,1353
26bcea89b5e6cabab65a4d1d80068545ccf743ecda815da89d251ea7419c1da9:1,941,An apple a day keeps the doctor away; preventive care fosters health and wellness.,platform/published,typesafe/jev-1.13,typesafe/jev-1.13-20260917,opinion,0.02,0.95,physical,0.71,0.41,figure of speech,0.0,1.0,normative,0.24,0.52,knowledge,0.8,0.6,everyday,0.77,0.54,0.84,1364
62cb1e5c1ff310680625659b42e3c6fab94dc1b880b0d9c8bada8cc66076912a:1,534,Judgment is the lens shading how society views its own reflection.,platform/published,typesafe/jev-1.13,typesafe/jev-1.13-20260917,opinion,0.0,1.0,social,0.0,1.0,figure of speech,0.0,1.0,normative,0.2,0.59,knowledge,0.73,0.47,abstract,0.0,1.0,0.31,1361
6c4162b452d5e6d90914e29d70f8790edad87be634ccf973c8584fb87ffd72c2:1,127,Absence makes the heart grow fonder.,platform/published,typesafe/jev-1.13,typesafe/jev-1.13-20260917,opinion,0.0,1.0,social,0.0,1.0,figure of speech,0.0,1.0,positive,0.69,0.39,knowledge,0.99,0.98,everyday,0.73,0.45,0.75,1356
eae3c08b3f2e2af625d9c463f8cddaaf6ad10be08224435f6298c9da325674da:1,942,An ounce of prevention is worth a pound of cure in health matters.,platform/published,typesafe/jev-1.13,typesafe/jev-1.13-20260917,opinion,0.01,0.98,social,0.21,0.57,figure of speech,0.0,1.0,normative,0.01,0.99,knowledge,0.67,0.34,abstract,0.46,0.08,0.91,1361
76ee61f99b4c4122c2ef703ff0b8027601d16b2b13eb6da19786c10c724ecabf:1,943,"Archimedes' principle explains buoyancy, demonstrating how objects behave when submerged in fluids.",platform/published,typesafe/jev-1.13,typesafe/jev-1.13-20260917,fact,1.0,1.0,physical,1.0,1.0,literal language,1.0,1.0,positive,1.0,1.0,knowledge,0.99,0.99,abstract,0.17,0.66,0.31,1366
9c13db8c952eb63fdeed693b07307af0c92ec2c35ffcb743fe45aebaab283886:1,535,Judgments about intelligence often involve subjective criteria.,platform/published,typesafe/jev-1.13,typesafe/jev-1.13-20260917,fact,0.51,0.02,social,0.0,1.0,literal language,1.0,1.0,positive,0.98,0.96,knowledge,0.97,0.94,abstract,0.29,0.42,0.88,1357
035849ccd6f4fd0923e29e5fe1424ea508679a637ee9818888e064e4f33a302d:1,128,Analysis of facts informs strategy.,platform/published,typesafe/jev-1.13,typesafe/jev-1.13-20260917,opinion,0.27,0.45,social,0.04,0.91,literal language,0.96,0.92,positive,0.87,0.74,reasoning,0.48,0.03,abstract,0.18,0.64,0.89,1353
05c1ce079a0bfafde0b4a825863203efbc5b6f8ef0219eb71c23be7749007f9d:1,536,Judgments reflect personal values and societal standards.,platform/published,typesafe/jev-1.13,typesafe/jev-1.13-20260917,opinion,0.21,0.58,social,0.0,1.0,literal language,0.99,0.98,positive,0.71,0.41,knowledge,0.94,0.88,abstract,0.07,0.85,0.86,1357
78e33bb94d23e0f13b6174cfc33e6b45ee04fbbd693832d2912ddf2a1b31609f:1,944,Art can evoke emotions and stimulate thought in its audience.,platform/published,typesafe/jev-1.13,typesafe/jev-1.13-20260917,fact,0.5,0.0,social,0.0,1.0,literal language,0.98,0.96,positive,1.0,0.99,knowledge,1.0,0.99,abstract,0.49,0.02,0.89,1358
6dc1749c4852e8a8c861597e045a2041c60043554edd0b2b815d416701bf27c4:1,129,Knowledge dispels ignorance.,platform/published,typesafe/jev-1.13,typesafe/jev-1.13-20260917,opinion,0.42,0.16,social,0.03,0.94,figure of speech,0.11,0.77,positive,0.96,0.91,knowledge,0.68,0.37,abstract,0.06,0.89,0.91,1352
992aaeed2606f9f8e81ef7d00dee464151543b029d5315f2d806f9e5e740178f:1,130,Validation enhances self-worth.,platform/published,typesafe/jev-1.13,typesafe/jev-1.13-20260917,opinion,0.03,0.94,social,0.0,1.0,literal language,0.97,0.94,positive,0.82,0.64,knowledge,0.94,0.88,everyday,0.53,0.07,0.73,1353
509ed716720e7d300b63116205b99984de87770ba15c0a7f309e22060779aac5:1,538,Kindness is the unseen thread weaving humanity together.,platform/published,typesafe/jev-1.13,typesafe/jev-1.13-20260917,opinion,0.0,1.0,social,0.0,1.0,figure of speech,0.0,1.0,normative,0.06,0.88,knowledge,0.92,0.83,abstract,0.0,1.0,0.53,1357
9427871798a62da4e28685c7f472e1fc5e822ba5b8eb6d25fece4bc4126c369c:1,537,"Justice is the compass, though its needle swings in subjective winds.",platform/published,typesafe/jev-1.13,typesafe/jev-1.13-20260917,opinion,0.0,1.0,social,0.0,1.0,figure of speech,0.0,1.0,normative,0.02,0.95,knowledge,0.86,0.73,abstract,0.0,1.0,0.41,1360
7c9b06eebf145472373e3221dcbe1e329680cde19e42952c54667fac885f65b1:1,946,Atmospheric conditions affect the visibility and clarity of objects over distances.,platform/published,typesafe/jev-1.13,typesafe/jev-1.13-20260917,fact,1.0,1.0,physical,1.0,1.0,literal language,1.0,1.0,positive,1.0,1.0,knowledge,1.0,1.0,everyday,0.99,0.99,0.92,1362
245567a10053478508f0ba90dc403fc9e44375dbcdff13d457f60ee6c324e11d:1,945,"Artistic expression is subjective, revealing deeper truths about humanity.",platform/published,typesafe/jev-1.13,typesafe/jev-1.13-20260917,opinion,0.0,1.0,social,0.0,1.0,figure of speech,0.31,0.37,normative,0.15,0.69,knowledge,0.91,0.81,abstract,0.0,1.0,0.49,1359
f0ec9f645aff9180583e95e0b987dc72213397d64c3695b30f5409c65cd06937:1,131,Grasping at straws means making a desperate attempt.,platform/published,typesafe/jev-1.13,typesafe/jev-1.13-20260917,fact,0.98,0.96,social,0.0,1.0,figure of speech,0.01,0.99,positive,0.88,0.76,knowledge,1.0,0.99,everyday,0.75,0.49,0.86,1359
03edc9559f53cc2cba8bfb5092d19883e05ea6b56d75ca701f3ea1ae5de66f11:1,539,Language conveys thoughts and ideas in human interactions.,platform/published,typesafe/jev-1.13,typesafe/jev-1.13-20260917,fact,0.99,0.99,social,0.0,1.0,literal language,1.0,1.0,positive,1.0,1.0,knowledge,1.0,1.0,everyday,0.73,0.47,0.96,1357
f94d76c011cb6c2d7054f957f7a5a383d39c7b288c26c74bfc82e20ea0686d67:1,540,Language facilitates communication and understanding among people.,platform/published,typesafe/jev-1.13,typesafe/jev-1.13-20260917,fact,0.97,0.93,social,0.0,1.0,literal language,1.0,1.0,positive,1.0,0.99,knowledge,0.98,0.97,everyday,0.65,0.31,0.96,1355
c156c1cb02127f62e05e715595bd4592eb00c312da54a01a9b0ba1b0d440031c:1,947,Atoms unite to form molecules; chemical bonds illustrate connections in the natural world.,platform/published,typesafe/jev-1.13,typesafe/jev-1.13-20260917,fact,0.99,0.98,physical,1.0,1.0,literal language,0.8,0.6,positive,1.0,1.0,knowledge,0.99,0.99,abstract,0.01,0.99,0.66,1362
b52d8cea8473a76fe1060a37a7a047c8239a220fcea3d7d8b73413fe81858670:1,541,Language is the glue binding the bricks of human interaction and understanding.,platform/published,typesafe/jev-1.13,typesafe/jev-1.13-20260917,opinion,0.0,1.0,social,0.0,1.0,figure of speech,0.0,1.0,positive,0.62,0.24,knowledge,0.89,0.78,abstract,0.02,0.97,0.78,1360
2754707a7038dff5135f9068006b8f381d5ab7946de5cd12270e86682c5dde51:1,948,"Basic arithmetic involves adding, subtracting, multiplying, and dividing whole numbers accurately.",platform/published,typesafe/jev-1.13,typesafe/jev-1.13-20260917,fact,0.98,0.95,physical,0.99,0.98,literal language,1.0,1.0,positive,0.94,0.88,knowledge,1.0,0.99,everyday,0.91,0.82,0.87,1365
e796cb1bfd412bbc2365f8a3c94211246a104bde164b9fd4fee6958d1bf15457:1,132,Good manners open doors.,platform/published,typesafe/jev-1.13,typesafe/jev-1.13-20260917,opinion,0.03,0.94,social,0.0,1.0,figure of speech,0.0,1.0,positive,0.51,0.02,knowledge,0.94,0.89,everyday,0.82,0.65,0.89,1352
96dbc96b58be5347ed013969ce157fd3c5bfbe16875282df8d545a42cd5553c3:1,949,"Beauty is only skin deep; it fades, but character endures.",platform/published,typesafe/jev-1.13,typesafe/jev-1.13-20260917,opinion,0.0,1.0,social,0.02,0.97,figure of speech,0.0,1.0,normative,0.09,0.82,knowledge,0.78,0.55,abstract,0.09,0.83,0.85,1361
ab617a29130e3d1826b73a81799b528bb42d8e1ac4b202c785eb3dca69383d18:1,133,Uplifting others builds morale.,platform/published,typesafe/jev-1.13,typesafe/jev-1.13-20260917,opinion,0.31,0.38,social,0.0,1.0,literal language,0.51,0.02,positive,0.89,0.78,knowledge,0.91,0.83,everyday,0.83,0.66,0.93,1355
b85b703307c88d50fdf76fd314d65b247c4744a4748b6a9ee0d0ad5721e7d446:1,134,Educated guesses help make predictions.,platform/published,typesafe/jev-1.13,typesafe/jev-1.13-20260917,fact,0.89,0.78,social,0.38,0.24,literal language,0.96,0.93,positive,0.99,0.99,knowledge,0.65,0.3,everyday,0.85,0.7,0.93,1355
057475a355a31f7acc9a2927d874067a0f42f223ebcc420713666a7016f95b73:1,542,Laws of physics describe motion and energy interactions.,platform/published,typesafe/jev-1.13,typesafe/jev-1.13-20260917,fact,1.0,1.0,physical,1.0,1.0,literal language,1.0,1.0,positive,1.0,1.0,knowledge,1.0,1.0,abstract,0.01,0.97,0.7,1357
3e572fbd3fd2022567db9a65c831bfde042141dd72a0d62ae4692f60009d072c:1,950,Beauty is subjective; it's often in the eye of the beholder.,platform/published,typesafe/jev-1.13,typesafe/jev-1.13-20260917,opinion,0.0,1.0,social,0.0,1.0,figure of speech,0.02,0.95,normative,0.31,0.39,knowledge,0.98,0.97,abstract,0.17,0.66,0.89,1363
d1dbbd57219ca14b62522bed8f4c7919dfef7142eb2ed1124c216236c60d7864:1,136,Participating in marathons challenges and motivates.,platform/published,typesafe/jev-1.13,typesafe/jev-1.13-20260917,opinion,0.01,0.98,social,0.39,0.22,literal language,0.99,0.99,positive,0.89,0.79,knowledge,0.98,0.96,everyday,0.92,0.84,0.85,1360
175dec48d8f717f17877e00be0825adb81022705a6f9eee3a345f4a6a1b8f2e6:1,951,Behind every map lies a story waiting to be uncovered.,platform/published,typesafe/jev-1.13,typesafe/jev-1.13-20260917,opinion,0.0,1.0,social,0.01,0.99,figure of speech,0.0,1.0,normative,0.35,0.3,knowledge,0.93,0.85,abstract,0.04,0.93,0.42,1358
8be173eef3029a7430baa0b6022b2cb79e70f52322282f1a8badb6f15e47eccc:1,135,Leading by example fosters trust.,platform/published,typesafe/jev-1.13,typesafe/jev-1.13-20260917,opinion,0.04,0.91,social,0.0,1.0,figure of speech,0.22,0.56,positive,0.72,0.44,knowledge,0.84,0.67,abstract,0.42,0.16,0.9,1354
c6539b909edda78ab5af3d931feb08e93f92a191016b06f2dd6f636a5cd0778c:1,543,"Laws of physics dictate the universe's symphony, from atoms to galaxies.",platform/published,typesafe/jev-1.13,typesafe/jev-1.13-20260917,fact,0.53,0.05,physical,1.0,1.0,figure of speech,0.0,1.0,positive,1.0,0.99,knowledge,0.95,0.9,abstract,0.0,1.0,0.42,1364
3b35bab0c9478e202b1042ccb666e8d0bb6f68d529ea713ab448473be3eb807b:1,544,"Life is a river flowing, guided by nature's unseen hand.",platform/published,typesafe/jev-1.13,typesafe/jev-1.13-20260917,opinion,0.0,1.0,social,0.16,0.68,figure of speech,0.0,1.0,normative,0.39,0.22,knowledge,0.93,0.87,abstract,0.0,1.0,0.23,1360
2103515110deec4f2557b1a9a16d9cd1e578f4ae27e3fe912c950993be36e6f9:1,952,Beliefs often shape how we view the world around us.,platform/published,typesafe/jev-1.13,typesafe/jev-1.13-20260917,opinion,0.4,0.19,social,0.0,1.0,literal language,0.96,0.92,positive,1.0,0.99,knowledge,0.98,0.95,abstract,0.29,0.41,0.94,1359
12ec0213c296fe0dcde7f3a741c8c2a573c7fa9f57706d0149b29299840f3a23:1,137,Cycling keeps you young.,platform/published,typesafe/jev-1.13,typesafe/jev-1.13-20260917,opinion,0.02,0.97,physical,0.94,0.88,figure of speech,0.06,0.88,positive,0.92,0.84,knowledge,0.97,0.94,everyday,0.74,0.48,0.62,1354
9db3e817642e064484ad6a5c87029dacb5c336eb469547778c9b0a3e63b8ca64:1,953,Biological classifications help organize knowledge about species and their relationships accurately.,platform/published,typesafe/jev-1.13,typesafe/jev-1.13-20260917,fact,0.91,0.81,physical,0.86,0.73,literal language,1.0,1.0,positive,0.98,0.96,knowledge,0.9,0.81,abstract,0.01,0.99,0.59,1361
d89e53a779bec254ecb2e4f44ef3c78561157c7a8f0ed79d967bf24e0a927478:1,545,"Light travels at a cosmic speed limit, illuminating human curiosity.",platform/published,typesafe/jev-1.13,typesafe/jev-1.13-20260917,fact,0.57,0.15,physical,0.99,0.99,figure of speech,0.04,0.91,positive,0.98,0.95,knowledge,0.99,0.98,abstract,0.0,0.99,0.52,1361
0bd6a63a3141ebf07b7a896ebf506ee4c6081091cf8396b401413d8e77ecc310:1,954,Biospheres are influenced by energy flow and nutrient cycling within ecosystems.,platform/published,typesafe/jev-1.13,typesafe/jev-1.13-20260917,fact,1.0,1.0,physical,1.0,1.0,literal language,1.0,1.0,positive,1.0,1.0,knowledge,0.99,0.99,abstract,0.0,1.0,0.49,1361
1698f4b9cd72e0efcdaa2b392e22ea60d5fd9a44ec6ce58f0882706eb7c7fcc0:1,138,Chemical reactions often release energy.,platform/published,typesafe/jev-1.13,typesafe/jev-1.13-20260917,fact,1.0,1.0,physical,1.0,1.0,literal language,1.0,1.0,positive,1.0,1.0,knowledge,1.0,1.0,abstract,0.35,0.3,0.69,1354
e3560538befdc06eb583242e3c8aad0ff9133058de3753160d0b7113de93a8d4:1,546,"Light travels at a speed of 299,792 kilometers per second.",platform/published,typesafe/jev-1.13,typesafe/jev-1.13-20260917,fact,1.0,1.0,physical,1.0,1.0,literal language,1.0,1.0,positive,1.0,1.0,knowledge,1.0,1.0,abstract,0.01,0.97,0.26,1365
edbc6bc002bd679daea8d77262803474a090220148622a74774b5745b7a33707:1,139,Earth has varied climates.,platform/published,typesafe/jev-1.13,typesafe/jev-1.13-20260917,fact,1.0,1.0,physical,1.0,1.0,literal language,1.0,1.0,positive,1.0,1.0,knowledge,1.0,1.0,abstract,0.42,0.16,0.91,1352
5d36c8e752637092fc9665fcf2b8b6eb3a23287bfe0430bffc46262eb3c0ce9a:1,547,Lighting conditions affect visibility and can influence mood.,platform/published,typesafe/jev-1.13,typesafe/jev-1.13-20260917,fact,0.98,0.95,physical,0.95,0.89,literal language,1.0,1.0,positive,1.0,1.0,knowledge,1.0,0.99,everyday,1.0,1.0,0.95,1358
7fda2d65206520ce16557610f19785868755c1957656c484f86071fb60102778:1,955,Birds fly south for winter; it's a survival instinct shaped by evolutionary adaptation.,platform/published,typesafe/jev-1.13,typesafe/jev-1.13-20260917,fact,0.98,0.97,physical,1.0,1.0,literal language,1.0,0.99,positive,1.0,1.0,knowledge,0.81,0.61,everyday,0.53,0.06,0.79,1364
5210da4c9cc08b703a335eac9dce9c4c889c0136737aafebb9d68433873862e6:1,548,"Like gravity, belief pulls us to deeper understandings and connections.",platform/published,typesafe/jev-1.13,typesafe/jev-1.13-20260917,opinion,0.0,1.0,social,0.0,1.0,figure of speech,0.0,1.0,normative,0.37,0.27,knowledge,0.52,0.05,abstract,0.0,0.99,0.33,1361
4271077cb2d40e0dda6012dee91e0fb98ccd2d13bbfff411c14bba46e77d6f44:1,956,"Birds migrate seasonally, adapting to changes in climate and food availability.",platform/published,typesafe/jev-1.13,typesafe/jev-1.13-20260917,fact,1.0,1.0,physical,1.0,1.0,literal language,1.0,1.0,positive,1.0,1.0,knowledge,0.99,0.98,everyday,0.62,0.24,0.82,1363
e2ccd77f46048c80b51196aaca4722da6f64bc2913068a16d20b2bfc811a7563:1,140,"In right-angled triangles, a^2 + b^2 = c^2.",platform/published,typesafe/jev-1.13,typesafe/jev-1.13-20260917,fact,1.0,1.0,physical,1.0,1.0,literal language,1.0,1.0,positive,1.0,1.0,knowledge,0.99,0.99,abstract,0.0,0.99,0.28,1365
931ae6af5366cc4f896624d974cdbd1b0ef853b57cbf01c6f047b66af6e9f1fd:1,141,The Cartesian plane maps geometric locations,platform/published,typesafe/jev-1.13,typesafe/jev-1.13-20260917,fact,1.0,1.0,physical,0.99,0.97,literal language,1.0,1.0,positive,1.0,1.0,knowledge,1.0,1.0,abstract,0.01,0.97,0.49,1353
3e062d9758a32071ecd6d4adeb2ea1db2b6cd36f71ca1a6f3c140f3c115cf3a9:1,549,Limiting sugar intake can prevent weight gain and diabetes.,platform/published,typesafe/jev-1.13,typesafe/jev-1.13-20260917,fact,0.98,0.97,physical,1.0,1.0,literal language,1.0,1.0,positive,1.0,0.99,knowledge,0.82,0.63,everyday,0.81,0.61,0.84,1358
8e6a21ba9b649de8f2acd40d5c3d0fc25e4924a6b223253c21924668fc3253ed:1,957,Birds of a feather flock together; shared values shape group dynamics and relationships.,platform/published,typesafe/jev-1.13,typesafe/jev-1.13-20260917,opinion,0.25,0.49,social,0.0,1.0,figure of speech,0.0,1.0,positive,0.97,0.95,knowledge,0.91,0.82,abstract,0.33,0.33,0.85,1363
1ec82cc30004032148ddc4a265eed40b98306fdef154d40a44b9d9d3908cfbe9:1,142,Grass feels soft underfoot.,platform/published,typesafe/jev-1.13,typesafe/jev-1.13-20260917,opinion,0.09,0.82,physical,0.94,0.88,literal language,1.0,1.0,positive,0.99,0.97,knowledge,1.0,1.0,everyday,1.0,1.0,0.9,1354
48f710f2bd8805e01f5a63977bc64a33ee9e59cdaad4a21d483423ee905d52a8:1,958,Buildings must adhere to engineering codes for safety and functionality.,platform/published,typesafe/jev-1.13,typesafe/jev-1.13-20260917,fact,0.99,0.98,social,0.18,0.64,literal language,1.0,1.0,normative,0.02,0.96,knowledge,0.98,0.95,abstract,0.4,0.19,0.74,1360
e422cf4e09e8d04bf4745359567ce684d36d7b952a39c92841c6a0971efceb03:1,550,Literal language conveys straightforward meaning without ambiguity.,platform/published,typesafe/jev-1.13,typesafe/jev-1.13-20260917,fact,0.96,0.92,social,0.01,0.98,literal language,0.99,0.98,positive,0.98,0.96,knowledge,0.99,0.99,abstract,0.36,0.27,0.85,1356
2414cdb9d18f58c45929cc1a56c02dfc67e4d1f73174da268b0c5b4b85cb7862:1,551,Logic assembles the jigsaw puzzle of reason to reveal truth.,platform/published,typesafe/jev-1.13,typesafe/jev-1.13-20260917,opinion,0.0,0.99,social,0.41,0.18,figure of speech,0.0,1.0,positive,0.63,0.26,knowledge,0.58,0.16,abstract,0.0,1.0,0.5,1362
60b25accc0324928d00de90d564ef9ee951eac9572ea9b48b269e40cdada9488:1,959,"By studying fossils, scientists can reconstruct past climates and ecosystems.",platform/published,typesafe/jev-1.13,typesafe/jev-1.13-20260917,fact,1.0,1.0,physical,1.0,1.0,literal language,1.0,1.0,positive,1.0,1.0,knowledge,0.93,0.87,abstract,0.01,0.98,0.42,1359
b1fb7ccce145d0ff43b7c8590a813565beefb72bb0e2984e1937da96b00e4b0e:1,143,The Manhattan Project created nuclear weapons.,platform/published,typesafe/jev-1.13,typesafe/jev-1.13-20260917,fact,1.0,1.0,physical,0.82,0.64,literal language,1.0,1.0,positive,1.0,1.0,knowledge,1.0,1.0,abstract,0.16,0.67,0.61,1354
f6e4b5d6d63990c2da4ca583066984848e3b8cb08efe0228ea85d2b5cd84caf4:1,144,Trees produce oxygen.,platform/published,typesafe/jev-1.13,typesafe/jev-1.13-20260917,fact,1.0,1.0,physical,1.0,1.0,literal language,1.0,1.0,positive,1.0,1.0,knowledge,1.0,1.0,everyday,0.92,0.83,0.94,1351
d53d1148f8b09a7ade936818b9c46cd35bb673bbcf11b4614b2399c311940623:1,552,Logic helps derive conclusions through reasoned analysis.,platform/published,typesafe/jev-1.13,typesafe/jev-1.13-20260917,fact,0.99,0.98,physical,0.74,0.48,literal language,1.0,1.0,positive,0.99,0.99,knowledge,0.92,0.84,abstract,0.07,0.87,0.85,1357
3ecacb2c90240151f60d32d2d001d97c1ca636bb08c6e66be755ad65ed80cded:1,960,Caloric intake versus expenditure influences weight management and overall health.,platform/published,typesafe/jev-1.13,typesafe/jev-1.13-20260917,fact,1.0,1.0,physical,1.0,1.0,literal language,1.0,1.0,positive,1.0,1.0,knowledge,0.98,0.96,everyday,0.74,0.48,0.91,1359
d93dd5c134eda9953dbdd5d03f2038937cd0ea38259bdbf539fa63b16b2e1a74:1,553,Logic helps organize thoughts and analyze situations objectively.,platform/published,typesafe/jev-1.13,typesafe/jev-1.13-20260917,fact,0.54,0.07,social,0.27,0.46,literal language,1.0,1.0,positive,0.93,0.87,knowledge,0.95,0.89,abstract,0.34,0.32,0.89,1356
b3fc51e69735e70008a1d6e8801809452e1c15d6379af8e62dc450c28a80947b:1,146,E=mc^2 is Einstein's theory of relativity.,platform/published,typesafe/jev-1.13,typesafe/jev-1.13-20260917,fact,1.0,0.99,physical,1.0,1.0,literal language,1.0,1.0,positive,1.0,1.0,knowledge,1.0,1.0,abstract,0.0,1.0,0.5,1361
937acf45f377093ab7e1849a97285c46ed7f184b6dae728197fc15d13929968f:1,145,Lightning precedes thunder.,platform/published,typesafe/jev-1.13,typesafe/jev-1.13-20260917,fact,1.0,1.0,physical,1.0,1.0,literal language,1.0,0.99,positive,1.0,1.0,knowledge,0.98,0.95,everyday,0.99,0.99,0.94,1354
9c7692dea1aac5dd0c5916f7de446c99ca406496195a15fb7083e1d360bb43cf:1,554,Logic is the heartbeat of mathematical structures and proofs.,platform/published,typesafe/jev-1.13,typesafe/jev-1.13-20260917,opinion,0.13,0.74,physical,0.89,0.78,figure of speech,0.0,1.0,positive,0.58,0.16,knowledge,0.89,0.79,abstract,0.0,1.0,0.37,1357
0f88435127bc99def4ff21db93db02c994c1f6163e653f2ad8c449ff9fcc9b5b:1,555,Logic is the lighthouse in the stormy sea of confusion.,platform/published,typesafe/jev-1.13,typesafe/jev-1.13-20260917,opinion,0.0,1.0,social,0.15,0.7,figure of speech,0.0,1.0,normative,0.07,0.86,knowledge,0.94,0.88,abstract,0.01,0.99,0.32,1361
a22b1606584797c49644bff02478e925a2760cc1b1663843b28bc5d43bb826ad:1,961,Calories consumed must balance calories burned for effective weight management.,platform/published,typesafe/jev-1.13,typesafe/jev-1.13-20260917,fact,0.93,0.87,physical,1.0,1.0,literal language,1.0,0.99,positive,0.79,0.58,knowledge,0.88,0.76,everyday,0.83,0.65,0.82,1359
fac4dcd3b7efa9d619ab00d3ac90f4ae1a45219d02e3bc45cf7b3d8f62c19dc4:1,962,"Cells divide through processes like mitosis and meiosis, essential for growth.",platform/published,typesafe/jev-1.13,typesafe/jev-1.13-20260917,fact,1.0,1.0,physical,1.0,1.0,literal language,1.0,1.0,positive,1.0,1.0,knowledge,1.0,1.0,abstract,0.01,0.98,0.58,1362
1a14153a78823885c14dab0f8742f9b2fce6176d14eddda3dd95d76d020aca65:1,147,Taking vitamins supports health.,platform/published,typesafe/jev-1.13,typesafe/jev-1.13-20260917,fact,0.81,0.61,physical,1.0,1.0,literal language,1.0,1.0,positive,0.98,0.96,knowledge,0.99,0.99,everyday,0.94,0.89,0.84,1352
fcabee5a9f7d9d9822a039bceac4a40de01c5ccc0ed97c593cacb299313945c1:1,963,Cellular respiration in humans requires oxygen to produce energy.,platform/published,typesafe/jev-1.13,typesafe/jev-1.13-20260917,fact,1.0,1.0,physical,1.0,1.0,literal language,1.0,1.0,positive,1.0,1.0,knowledge,1.0,1.0,abstract,0.03,0.95,0.79,1360
c21748f438b89bcacfec8124c1c06e06c948272714a9fd61ca789234e241426c:1,556,Logic is the map charting the vast seas of knowledge.,platform/published,typesafe/jev-1.13,typesafe/jev-1.13-20260917,opinion,0.0,1.0,social,0.28,0.45,figure of speech,0.0,1.0,normative,0.41,0.18,knowledge,0.89,0.78,abstract,0.0,1.0,0.25,1359
1f6cb5c8ef637cfc147e0c2a6df9d2e80dd56186457949e5701c7c6c14f2108c:1,148,Pi (π) is approximately 3.14.,platform/published,typesafe/jev-1.13,typesafe/jev-1.13-20260917,fact,1.0,1.0,physical,1.0,1.0,literal language,1.0,1.0,positive,1.0,1.0,knowledge,1.0,1.0,abstract,0.13,0.74,0.77,1359
5c74d932ca5d998c109d84b8d1eaa278d1b90268aff1cce154481833b0579ab5:1,964,Chemical reactions can be classified based on their types and energy changes.,platform/published,typesafe/jev-1.13,typesafe/jev-1.13-20260917,fact,1.0,1.0,physical,1.0,1.0,literal language,1.0,1.0,positive,0.98,0.97,knowledge,0.99,0.99,abstract,0.01,0.99,0.37,1361
c4a65c7f50f9a4bdbb9d78e3be3a25e24258fac4a048b060c37fcaa0d851ba27:1,149,Colosseums symbolize ancient civilizations.,platform/published,typesafe/jev-1.13,typesafe/jev-1.13-20260917,opinion,0.06,0.87,social,0.02,0.96,figure of speech,0.2,0.6,positive,0.71,0.42,knowledge,0.98,0.95,abstract,0.04,0.91,0.8,1356
4c74c341efba0285315efed6172e9bb17b9a291165fadf23c20729048635320d:1,557,Logic is the staircase ascending to the summit of understanding.,platform/published,typesafe/jev-1.13,typesafe/jev-1.13-20260917,opinion,0.0,1.0,social,0.21,0.57,figure of speech,0.0,1.0,normative,0.12,0.77,knowledge,0.85,0.71,abstract,0.0,1.0,0.23,1358
51483ccd36e03735ddfab97cde8b6e809456f418a97ebab28e283d24e3d797f1:1,150,Advances in medicine extend human life.,platform/published,typesafe/jev-1.13,typesafe/jev-1.13-20260917,fact,1.0,1.0,physical,1.0,1.0,literal language,1.0,1.0,positive,1.0,1.0,knowledge,0.98,0.96,abstract,0.12,0.76,0.92,1355
c87cd76cbf032890bf84a9d394b5b1f3348be2d53ef5f186f95827266c5f0096:1,965,Circumference is calculated using the formula C=2πr for circles.,platform/published,typesafe/jev-1.13,typesafe/jev-1.13-20260917,fact,1.0,1.0,physical,1.0,1.0,literal language,1.0,1.0,positive,1.0,1.0,knowledge,1.0,1.0,abstract,0.14,0.72,0.34,1364
b01af6b829a2b9d5f8edd685eb85669666bc0efd401a4ceaa9bee7849d92b08c:1,558,"Logic paves the way towards understanding, beyond personal viewpoints.",platform/published,typesafe/jev-1.13,typesafe/jev-1.13-20260917,opinion,0.0,0.99,social,0.3,0.4,figure of speech,0.02,0.97,normative,0.21,0.57,reasoning,0.44,0.12,abstract,0.0,1.0,0.71,1359
350eff456b6b0ea878b0d5c4b81a41202c47385e029c617fb45965e607652a2a:1,966,Cities can grow and develop based on economic opportunities and resources.,platform/published,typesafe/jev-1.13,typesafe/jev-1.13-20260917,fact,1.0,0.99,social,0.08,0.83,literal language,0.99,0.99,positive,1.0,1.0,knowledge,0.95,0.91,abstract,0.08,0.84,0.91,1359
8224a1255bd3b54161d01c4abf1eda301d1f362f747d8137dc11e70c4cd1d03b:1,151,Nanotechnology has applications in medicine.,platform/published,typesafe/jev-1.13,typesafe/jev-1.13-20260917,fact,1.0,1.0,physical,1.0,1.0,literal language,1.0,1.0,positive,1.0,1.0,knowledge,1.0,1.0,abstract,0.06,0.88,0.46,1355
8a9c94c8e575cf69fcf50d3009fc8a43e075e4f2f7e87a49a1b7b5839caf5949:1,967,Cleaning your hands reduces the spread of germs and illnesses effectively.,platform/published,typesafe/jev-1.13,typesafe/jev-1.13-20260917,fact,1.0,1.0,physical,1.0,1.0,literal language,1.0,1.0,positive,1.0,1.0,knowledge,0.98,0.97,everyday,0.99,0.98,0.94,1360
3caf236f544197b705e099de842f81996d5331ead8af88b096d1cdb8ce2d42c8:1,559,Logical conclusions are the architects designing the scaffolding of truth.,platform/published,typesafe/jev-1.13,typesafe/jev-1.13-20260917,opinion,0.0,1.0,social,0.47,0.07,figure of speech,0.0,1.0,normative,0.46,0.09,knowledge,0.56,0.13,abstract,0.0,1.0,0.18,1361
302d31082268557335a1a939d860be75d4d4414ac23396a3e0bc9c59ec90fb8f:1,152,Nature tends to restore balance.,platform/published,typesafe/jev-1.13,typesafe/jev-1.13-20260917,opinion,0.15,0.69,physical,1.0,1.0,figure of speech,0.19,0.63,positive,0.99,0.97,knowledge,0.96,0.92,abstract,0.05,0.9,0.79,1353
86a6cb97aaee608868c0c7f372f5dfe1cb8774a33f869554969e7a1aef265c62:1,4,Birds fly south for the winter.,platform/published,typesafe/jev-1.13,typesafe/jev-1.13-20260917,fact,0.99,0.97,physical,1.0,1.0,literal language,0.99,0.99,positive,1.0,1.0,knowledge,1.0,1.0,everyday,0.98,0.96,0.83,1355
13cc048d07099614d315eb399dcc61ae18c8ef8be3c9de099066f2c3fdd07bdd:1,968,Climate change impacts are assessed using scientific models to predict outcomes.,platform/published,typesafe/jev-1.13,typesafe/jev-1.13-20260917,fact,1.0,1.0,physical,1.0,0.99,literal language,1.0,1.0,positive,1.0,1.0,knowledge,0.99,0.98,abstract,0.0,1.0,0.37,1359
d1da3a5aa75f6675fe9ca270b75eb3799238bac40a990a7ac14ae92918ecc3a8:1,560,"Longitude lines run vertically, connecting the North and South Poles.",platform/published,typesafe/jev-1.13,typesafe/jev-1.13-20260917,fact,1.0,1.0,physical,0.95,0.9,literal language,1.0,1.0,positive,1.0,1.0,knowledge,1.0,1.0,abstract,0.15,0.71,0.69,1360
eb99908dee152f5243df3d30c8e16c8a7d9c6977d4a62f0d0494389c5a8571f9:1,153,Algorithmic logic drives computations.,platform/published,typesafe/jev-1.13,typesafe/jev-1.13-20260917,fact,0.99,0.99,physical,1.0,0.99,literal language,0.87,0.74,positive,1.0,1.0,knowledge,0.98,0.96,abstract,0.02,0.96,0.58,1354
737a25a4389a2df8f2eaaadd26e8d93b9a093727a50611bab8d0105a5e4daba2:1,561,Longitude measures how far a point is east or west of the Prime Meridian.,platform/published,typesafe/jev-1.13,typesafe/jev-1.13-20260917,fact,1.0,1.0,physical,0.97,0.93,literal language,1.0,1.0,positive,1.0,1.0,knowledge,1.0,1.0,abstract,0.11,0.78,0.56,1363
f926aead2f1e0b6a044cd24c7dd75c1a1eb3c4a1df90b8c672d58689c07ff557:1,154,Gothic cathedrals were architecturally innovative.,platform/published,typesafe/jev-1.13,typesafe/jev-1.13-20260917,fact,0.76,0.52,physical,0.94,0.88,literal language,1.0,1.0,positive,0.85,0.7,knowledge,0.98,0.97,abstract,0.04,0.92,0.62,1362
7a2200db6975213022be8881949250a373a036e0f0f76979da9fd767ba838a62:1,969,"Climate zones are classified based on temperature, precipitation, and vegetation characteristics.",platform/published,typesafe/jev-1.13,typesafe/jev-1.13-20260917,fact,1.0,1.0,physical,1.0,1.0,literal language,1.0,1.0,positive,1.0,0.99,knowledge,1.0,1.0,abstract,0.01,0.98,0.51,1361
28a30291cfc532beffb8c18f05168bc1a6c463b3c3f2e94bfd411de44f84a0e6:1,970,"Code is the language of technology, shaping our digital interactions.",platform/published,typesafe/jev-1.13,typesafe/jev-1.13-20260917,opinion,0.13,0.74,social,0.16,0.69,figure of speech,0.01,0.99,positive,0.9,0.79,knowledge,0.96,0.93,abstract,0.07,0.87,0.6,1359
d17b0d865369543574149b8cc2a710b0f08062f986fb6734ae712676b884b7c1:1,3,Strawberries are sweet.,platform/published,typesafe/jev-1.13,typesafe/jev-1.13-20260917,opinion,0.41,0.19,physical,0.95,0.91,literal language,1.0,1.0,positive,0.94,0.88,knowledge,1.0,1.0,everyday,1.0,1.0,0.95,1354
04d2734bfc43c6052c7b5dc697735bb32e9f5cde971cbe4ab632e2d03ee667f9:1,155,Fact-checking ensures accuracy.,platform/published,typesafe/jev-1.13,typesafe/jev-1.13-20260917,fact,0.69,0.38,social,0.03,0.94,literal language,0.98,0.97,positive,0.96,0.92,knowledge,0.8,0.6,abstract,0.47,0.06,0.83,1354
958809ac48fa93909ee67828a82f257412dbf485325bf5fd67bdcc1658037de1:1,562,Love is the glue binding humanity’s fractured hearts together.,platform/published,typesafe/jev-1.13,typesafe/jev-1.13-20260917,opinion,0.0,1.0,social,0.0,1.0,figure of speech,0.0,1.0,normative,0.11,0.78,knowledge,0.89,0.79,abstract,0.0,1.0,0.5,1358
80dd760ae1ce88c580432ecf0ceedf66a55d35d5443f9a03f37bc3670e4192c2:1,563,"Lungs are the bellows, fueling the fire of metabolic processes.",platform/published,typesafe/jev-1.13,typesafe/jev-1.13-20260917,fact,0.56,0.12,physical,1.0,1.0,figure of speech,0.0,1.0,positive,1.0,1.0,knowledge,0.57,0.14,abstract,0.17,0.67,0.71,1363
d783c70f3659e5d10bc564eb0f303fc5d2dfc31fbf2b671cf4e8ab31425ea722:1,971,Coming together creates strength; unity fosters resilience in diverse communities.,platform/published,typesafe/jev-1.13,typesafe/jev-1.13-20260917,opinion,0.01,0.99,social,0.0,1.0,figure of speech,0.02,0.95,normative,0.17,0.67,knowledge,0.59,0.18,abstract,0.02,0.97,0.86,1360
daa84ae1bf0ec4e6ef6ee2e58aa91e684db5d4874551eda36d022a88ca9db20b:1,2,Bread always falls butter side down.,platform/published,typesafe/jev-1.13,typesafe/jev-1.13-20260917,fact,0.76,0.53,physical,0.97,0.95,figure of speech,0.28,0.45,positive,1.0,1.0,knowledge,0.99,0.99,everyday,1.0,0.99,0.45,1355
ee4e6e25322528af6504eb9176f03f415075aa1cc4811de406947f6a6e81eca3:1,564,"Magnetic fields influence charged particles, creating observable forces in nature.",platform/published,typesafe/jev-1.13,typesafe/jev-1.13-20260917,fact,1.0,1.0,physical,1.0,1.0,literal language,1.0,1.0,positive,1.0,1.0,knowledge,1.0,0.99,abstract,0.19,0.63,0.37,1361
8c4e8b54d565b6abf94a4042a690477724c895bf5442f89bdb5adfa9dd2413a9:1,972,"Consensus can create reality, but unchallenged norms may limit progress.",platform/published,typesafe/jev-1.13,typesafe/jev-1.13-20260917,opinion,0.0,1.0,social,0.0,1.0,figure of speech,0.18,0.65,positive,0.51,0.03,reasoning,0.24,0.51,abstract,0.0,1.0,0.78,1363
df00a8fe5b2e500f4c3f20f0a87b2de56414fe4d86172ea39c2528d7e89accdc:1,156,Sleep restores mental clarity.,platform/published,typesafe/jev-1.13,typesafe/jev-1.13-20260917,fact,0.94,0.87,physical,0.99,0.97,literal language,0.97,0.94,positive,1.0,1.0,knowledge,1.0,0.99,everyday,0.96,0.93,0.92,1352
5ca0f53d2053702107ed00e8a35ff4d00609f8f87e4ffb5388a02a7a76273786:1,974,Craftsmanship standards dictate quality expectations in industries and trades alike.,platform/published,typesafe/jev-1.13,typesafe/jev-1.13-20260917,fact,0.83,0.66,social,0.0,1.0,literal language,1.0,0.99,normative,0.49,0.02,knowledge,0.99,0.97,abstract,0.18,0.65,0.8,1362
21b3030c68548afcbbd7865887bf5dee84bace1210ca37923f2fa0a4849c446b:1,973,"Cooking methods affect the flavor and texture of food, revealing culinary traditions.",platform/published,typesafe/jev-1.13,typesafe/jev-1.13-20260917,fact,0.86,0.73,social,0.4,0.2,literal language,0.94,0.88,positive,1.0,1.0,knowledge,0.77,0.54,everyday,0.81,0.62,0.88,1363
a465aa56a28e238797cd29398b310467cacecd2b8dca505ce117a923c6e7ffce:1,565,"Magnetism attracts and repels, an unseen force shaping reality's boundaries.",platform/published,typesafe/jev-1.13,typesafe/jev-1.13-20260917,fact,0.85,0.7,physical,1.0,1.0,figure of speech,0.17,0.67,positive,1.0,1.0,knowledge,0.99,0.98,abstract,0.45,0.1,0.64,1363
ddb6358581c1a3bcbb5f78a440b4a9d65282e89ea9fe66d39e91994adc3c72b4:1,157,Regular physical exams detect issues early.,platform/published,typesafe/jev-1.13,typesafe/jev-1.13-20260917,fact,0.99,0.97,physical,0.99,0.99,literal language,1.0,1.0,positive,1.0,1.0,knowledge,0.96,0.91,everyday,0.94,0.89,0.91,1354
b68fa506b9da10ced0ef64f161b2d8f8863be2156e022ef7e20ee4045adc8cff:1,5,Bananas are high in potassium.,platform/published,typesafe/jev-1.13,typesafe/jev-1.13-20260917,fact,1.0,1.0,physical,1.0,1.0,literal language,1.0,1.0,positive,1.0,1.0,knowledge,1.0,1.0,everyday,0.99,0.99,0.9,1354
0b63b12d58097df78304260eab8169eb71f9b070e66be7c42d4d08635f3ba826:1,6,Mountains are larger than hills.,platform/published,typesafe/jev-1.13,typesafe/jev-1.13-20260917,fact,0.9,0.79,physical,1.0,1.0,literal language,1.0,1.0,positive,1.0,1.0,knowledge,1.0,1.0,everyday,0.98,0.97,0.91,1355
7133cf0b73ba8a7a05c8be14253e920594a548f7c8e1331f6751c62715853e17:1,566,Magnetism attracts metals like iron towards magnets.,platform/published,typesafe/jev-1.13,typesafe/jev-1.13-20260917,fact,1.0,1.0,physical,1.0,1.0,literal language,1.0,1.0,positive,1.0,1.0,knowledge,1.0,1.0,everyday,0.99,0.99,0.94,1357
9f4a0fb431726a091ff27640a9f87e1a39468f35c708536aad932afc868213f6:1,158,Safety protocols prevent accidents.,platform/published,typesafe/jev-1.13,typesafe/jev-1.13-20260917,fact,0.89,0.78,social,0.16,0.68,literal language,1.0,1.0,positive,0.97,0.95,knowledge,0.92,0.83,everyday,0.69,0.37,0.9,1352
5ca63d254f3ae8a75850d7a392c532e3f28442192db582997a5dca9f3a25f150:1,567,Magnetism causes attraction and repulsion between magnetic materials.,platform/published,typesafe/jev-1.13,typesafe/jev-1.13-20260917,fact,1.0,1.0,physical,1.0,1.0,literal language,1.0,1.0,positive,1.0,1.0,knowledge,1.0,1.0,everyday,0.88,0.76,0.81,1360
e890c866ef827d97e49fcddad9f048309d511083d260083d930784ddad842345:1,975,Critical thinking fosters clearer understanding and better problem-solving skills.,platform/published,typesafe/jev-1.13,typesafe/jev-1.13-20260917,opinion,0.3,0.39,social,0.02,0.96,literal language,0.99,0.98,positive,0.91,0.81,knowledge,0.65,0.3,abstract,0.25,0.49,0.89,1359
f9034fc76f3402f92a329d38c500b277308a97aff5ac31313d33c1923da73f1f:1,160,Precision medicine tailors treatment to individuals.,platform/published,typesafe/jev-1.13,typesafe/jev-1.13-20260917,fact,1.0,1.0,physical,0.81,0.62,literal language,1.0,1.0,positive,1.0,0.99,knowledge,1.0,1.0,abstract,0.12,0.77,0.68,1355
3a05a99ace98d0aadae9bf478a550742e431e2be7682f8e3abf10356607e7074:1,159,Iron clothes for a polished appearance.,platform/published,typesafe/jev-1.13,typesafe/jev-1.13-20260917,opinion,0.27,0.47,social,0.46,0.08,literal language,0.99,0.98,normative,0.02,0.96,knowledge,0.93,0.86,everyday,1.0,1.0,0.85,1354
1b454b8b085fac258cbe8edb6af1bd0168d2685cbba1269746c849860c1038e9:1,7,Plants grow towards light.,platform/published,typesafe/jev-1.13,typesafe/jev-1.13-20260917,fact,1.0,1.0,physical,1.0,1.0,literal language,1.0,1.0,positive,1.0,1.0,knowledge,1.0,1.0,everyday,1.0,0.99,0.84,1352
9f615777498d1c2d81eaf48e6de2a568ed73c71872d710972a214b430fb37944:1,976,"Cultural engagement promotes creativity, allowing the arts to flourish across communities.",platform/published,typesafe/jev-1.13,typesafe/jev-1.13-20260917,opinion,0.02,0.96,social,0.0,1.0,literal language,0.58,0.15,positive,0.81,0.62,knowledge,0.59,0.17,abstract,0.01,0.97,0.78,1362
974b43cff6fef3c1f36f7f5aa27b77c7dcbd6f239eb9d53d4ba0d28ff7d23240:1,8,The heart pumps blood through the body.,platform/published,typesafe/jev-1.13,typesafe/jev-1.13-20260917,fact,1.0,1.0,physical,1.0,1.0,literal language,1.0,1.0,positive,1.0,1.0,knowledge,1.0,1.0,everyday,0.74,0.48,0.97,1355
8c6e5bdf819662c3672dc01871d6e6711ad52eb7890f5bcc152c3d85df85d8b1:1,568,Magnetism is the invisible dance attracting iron particles in mysterious patterns.,platform/published,typesafe/jev-1.13,typesafe/jev-1.13-20260917,opinion,0.5,0.01,physical,1.0,1.0,figure of speech,0.0,1.0,positive,1.0,1.0,knowledge,1.0,0.99,everyday,0.62,0.23,0.52,1361
0b9f4b6cd802dd4409cdfd47b94164dda9408be08f830f789de44c8cc963e88c:1,161,Shelves should be dusted regularly to maintain cleanliness.,platform/published,typesafe/jev-1.13,typesafe/jev-1.13-20260917,opinion,0.27,0.45,physical,0.59,0.18,literal language,1.0,1.0,normative,0.0,1.0,knowledge,0.89,0.79,everyday,1.0,1.0,0.94,1358
e46e617252849bba2306f602b5399495cfec7782f604946834baa5d0ef964d63:1,977,"Cultural festivals celebrate shared heritage, showcasing diversity within communities.",platform/published,typesafe/jev-1.13,typesafe/jev-1.13-20260917,fact,0.58,0.15,social,0.0,1.0,literal language,1.0,0.99,positive,0.9,0.8,knowledge,0.99,0.98,everyday,0.53,0.06,0.88,1360
f71b5a1e95fec7dbb542dfc8f30e5dd0bf23e5a9a7337e8b2b20b06fba31d6b9:1,569,Many find solace in religious practices amid life's uncertainties.,platform/published,typesafe/jev-1.13,typesafe/jev-1.13-20260917,opinion,0.49,0.02,social,0.0,1.0,literal language,0.58,0.16,positive,0.99,0.98,knowledge,1.0,1.0,everyday,0.77,0.54,0.91,1359
a8127d7f06ef816e0f599b15c6b85820ca8cac7e0067d048e3ebea184ae21f7b:1,162,Practicing tai chi promotes balance.,platform/published,typesafe/jev-1.13,typesafe/jev-1.13-20260917,fact,0.99,0.99,physical,1.0,1.0,literal language,1.0,1.0,positive,1.0,1.0,knowledge,1.0,0.99,everyday,0.98,0.95,0.86,1355
432b1b0bcb536cc0f6375da140f8e726ab1a8f455c96d6c8e65f4099b505135a:1,570,Many people find purpose through their religious faith.,platform/published,typesafe/jev-1.13,typesafe/jev-1.13-20260917,fact,0.79,0.58,social,0.0,1.0,literal language,1.0,1.0,positive,1.0,0.99,knowledge,1.0,1.0,abstract,0.44,0.12,0.87,1356
7769ee2be388e2df8bf1965532d60a66bc33af47b7a1c06686f7da22c7e4e61c:1,9,Recycling conserves resources.,platform/published,typesafe/jev-1.13,typesafe/jev-1.13-20260917,fact,1.0,0.99,physical,0.99,0.98,literal language,1.0,1.0,positive,0.99,0.98,knowledge,0.88,0.76,everyday,0.59,0.18,0.93,1355
c9e13ac57cb8bc3b3593cc0578ed35cb1292a592ab6288f2543db68d2e83be24:1,978,Cultural identity evolves based on shared history and collective memory.,platform/published,typesafe/jev-1.13,typesafe/jev-1.13-20260917,opinion,0.43,0.14,social,0.0,1.0,literal language,1.0,0.99,positive,1.0,0.99,knowledge,0.96,0.91,abstract,0.0,1.0,0.79,1360
d71efa5bd2b9b70f9861b299931d9023a81500e9739b1c98c49365de18c0b964:1,10,Forests are dense with trees.,platform/published,typesafe/jev-1.13,typesafe/jev-1.13-20260917,fact,0.94,0.88,physical,1.0,1.0,literal language,1.0,0.99,positive,1.0,1.0,knowledge,1.0,1.0,everyday,1.0,1.0,0.94,1354
db0b4e560714a35066b86c89e3f17032c6d697e4b172d0ef3c2ab45b214f26b1:1,163,Critical analysis refines models.,platform/published,typesafe/jev-1.13,typesafe/jev-1.13-20260917,opinion,0.31,0.38,social,0.17,0.65,literal language,0.8,0.61,positive,0.97,0.95,knowledge,0.62,0.23,abstract,0.0,0.99,0.67,1353
2baa447b2849019b16b917fad78f166324dbe4e7a6a50a0fc710ec001735c9be:1,979,Cultural signifiers may lose meaning over time as contexts change.,platform/published,typesafe/jev-1.13,typesafe/jev-1.13-20260917,fact,0.84,0.69,social,0.0,1.0,literal language,0.98,0.96,positive,1.0,1.0,knowledge,0.89,0.77,abstract,0.03,0.93,0.87,1361
b1775e3ee31b558d1e67fe63b5b392fd5b3da23400cff4fa0531dc88d11733e1:1,571,Math is the silent navigator charting the path to discovery.,platform/published,typesafe/jev-1.13,typesafe/jev-1.13-20260917,opinion,0.0,1.0,physical,0.76,0.51,figure of speech,0.0,1.0,normative,0.41,0.17,knowledge,0.93,0.86,abstract,0.0,1.0,0.19,1359
5242493e1dba269cec0c6165a79a56e53e008fb43327cb7cf5fbc945caa07027:1,164,The Gutenberg Bible marked a printing milestone.,platform/published,typesafe/jev-1.13,typesafe/jev-1.13-20260917,fact,0.93,0.85,social,0.12,0.77,literal language,0.94,0.88,positive,0.89,0.79,knowledge,1.0,0.99,abstract,0.07,0.85,0.63,1355
32b8da90083476b6a6f10a58f89412eb8e88f39ed5c373a70dc5bba387c45121:1,572,Mathematical constants express defined magnitudes within equations.,platform/published,typesafe/jev-1.13,typesafe/jev-1.13-20260917,fact,1.0,1.0,physical,1.0,1.0,literal language,1.0,1.0,positive,1.0,0.99,knowledge,0.99,0.98,abstract,0.0,1.0,0.35,1360
d6e9d0740f10930846c186ecd316331f02694af0e13a179c323454778436903a:1,11,Plastic pollution is a global concern.,platform/published,typesafe/jev-1.13,typesafe/jev-1.13-20260917,fact,0.69,0.38,social,0.23,0.54,literal language,1.0,1.0,normative,0.34,0.33,knowledge,1.0,1.0,abstract,0.12,0.76,0.86,1355
e5813520656994929b0383ece35957a7afca9fd57cab72e68148d139ca250d88:1,980,Cumulative knowledge leads to advancements in technology and scientific discoveries.,platform/published,typesafe/jev-1.13,typesafe/jev-1.13-20260917,fact,0.86,0.72,physical,0.51,0.02,literal language,0.99,0.98,positive,1.0,1.0,knowledge,0.53,0.06,abstract,0.01,0.98,0.88,1360
40163c3ac4110c25019347d8a11724d46935b330cf2ebe2d9ff63a2636fddbbe:1,12,Hot things can burn you.,platform/published,typesafe/jev-1.13,typesafe/jev-1.13-20260917,fact,1.0,1.0,physical,1.0,1.0,literal language,1.0,1.0,positive,1.0,1.0,knowledge,1.0,0.99,everyday,1.0,1.0,0.98,1353
c74f87bef1f2c3515c91c5a880494244c14ba510c5875c609a8cca8964dfc6ec:1,165,Structured analyses refine processes.,platform/published,typesafe/jev-1.13,typesafe/jev-1.13-20260917,opinion,0.38,0.24,social,0.19,0.62,literal language,0.97,0.93,positive,0.94,0.89,knowledge,0.79,0.57,abstract,0.09,0.82,0.74,1352
cf05fe490fb2f8dbb170f5db527af389133aaa344abcf62b0e21fb662cdd5c6f:1,573,"Mathematical models provide frameworks, not facts, shaping subjective interpretations.",platform/published,typesafe/jev-1.13,typesafe/jev-1.13-20260917,opinion,0.11,0.78,social,0.12,0.77,literal language,0.77,0.55,positive,0.88,0.77,reasoning,0.48,0.04,abstract,0.0,1.0,0.4,1362
397d17d015af8eb9dceb63fe56b20b1c4a7a8380253f3d049238c7820f44795b:1,981,Daily stretching can improve flexibility and reduce the risk of injuries.,platform/published,typesafe/jev-1.13,typesafe/jev-1.13-20260917,fact,0.99,0.98,physical,1.0,1.0,literal language,1.0,1.0,positive,1.0,1.0,knowledge,0.98,0.96,everyday,0.97,0.93,0.86,1359
70c872418a41d303c551f4e7f4acfed53e4c535eb6f3eeb5b939e96e313800e3:1,13,Hot weather can cause dehydration.,platform/published,typesafe/jev-1.13,typesafe/jev-1.13-20260917,fact,1.0,1.0,physical,1.0,1.0,literal language,1.0,1.0,positive,1.0,1.0,knowledge,0.99,0.98,everyday,1.0,1.0,0.96,1353
1911aa835f4f121c66f2e652d77e98bb25ccf9d1eb9d46a04e97a84b3859f31e:1,166,Graphic novels tell extended stories.,platform/published,typesafe/jev-1.13,typesafe/jev-1.13-20260917,fact,0.98,0.95,social,0.29,0.41,literal language,1.0,1.0,positive,1.0,1.0,knowledge,1.0,1.0,everyday,0.93,0.87,0.85,1353
5d4efcf8eb89f3edd3e161ab2fcd53271f686d3e7c1743eb156c64ffb081320f:1,574,"Mathematical proofs are the fortress walls, guarding the castle of truth.",platform/published,typesafe/jev-1.13,typesafe/jev-1.13-20260917,opinion,0.0,1.0,social,0.43,0.14,figure of speech,0.0,1.0,normative,0.31,0.39,knowledge,0.8,0.6,abstract,0.0,1.0,0.17,1363
2f13ff5a949011a96441e186efde70099911b01200a01de8af4cc1f9d8c56f7d:1,982,Dance like nobody's watching; authenticity shines brighter without judgment.,platform/published,typesafe/jev-1.13,typesafe/jev-1.13-20260917,opinion,0.0,1.0,social,0.0,1.0,figure of speech,0.0,1.0,normative,0.0,1.0,knowledge,0.84,0.67,abstract,0.41,0.18,0.69,1360
e73a1d6dfc9c87f03092eade5bb7dc0babe9af8a775bba08c6430f3b3ddb31e8:1,14,Electricity can be dangerous.,platform/published,typesafe/jev-1.13,typesafe/jev-1.13-20260917,fact,1.0,1.0,physical,1.0,1.0,literal language,1.0,1.0,positive,0.97,0.95,knowledge,1.0,1.0,everyday,1.0,1.0,0.96,1354
1047633bfaa4fa3a69a798adc330c6998571ee4a8c6ab4224594fdd9db699702:1,983,Data analysis tools help interpret large datasets in meaningful ways.,platform/published,typesafe/jev-1.13,typesafe/jev-1.13-20260917,fact,0.95,0.9,physical,0.8,0.61,literal language,1.0,0.99,positive,1.0,0.99,knowledge,0.99,0.97,everyday,0.54,0.09,0.77,1358
b46f17964fd7b14f979c9adc484c3f640d389a6815ffff501f8bd9e048d753a5:1,575,Mathematical theorems reveal truths beyond individual experience.,platform/published,typesafe/jev-1.13,typesafe/jev-1.13-20260917,opinion,0.27,0.45,physical,1.0,1.0,literal language,0.87,0.75,positive,0.94,0.88,knowledge,0.63,0.27,abstract,0.0,1.0,0.32,1360
4f57cd334783465a6b12917c31fec611e5ea94365d3b00ba574f67b82f979f39:1,167,Puzzles stimulate the brain.,platform/published,typesafe/jev-1.13,typesafe/jev-1.13-20260917,fact,0.79,0.59,physical,0.98,0.97,literal language,0.79,0.59,positive,1.0,1.0,knowledge,0.99,0.98,everyday,0.93,0.87,0.89,1354
b6fe9b372be1291615395405b0c4613ca09203b8b38ba61daf4d59c1c496f536:1,15,Humans need water to survive.,platform/published,typesafe/jev-1.13,typesafe/jev-1.13-20260917,fact,1.0,1.0,physical,1.0,1.0,literal language,1.0,1.0,positive,1.0,1.0,knowledge,1.0,1.0,everyday,0.97,0.95,0.97,1354
e0b291a29395981f6f8ead4a95ea897dc1badccbeddd81609130ef2890e991a3:1,168,Handwritten letters feel personal.,platform/published,typesafe/jev-1.13,typesafe/jev-1.13-20260917,opinion,0.0,1.0,social,0.0,1.0,literal language,0.92,0.83,normative,0.33,0.35,knowledge,1.0,1.0,everyday,0.99,0.98,0.89,1354
83545468adc4df646030f3db5b4774c04a7709b44764179fb328cf96b5921b17:1,576,"Mathematics deciphers the universe's secret code, unlocking endless mysteries.",platform/published,typesafe/jev-1.13,typesafe/jev-1.13-20260917,opinion,0.0,1.0,physical,0.93,0.87,figure of speech,0.0,1.0,positive,0.62,0.23,knowledge,0.94,0.88,abstract,0.0,1.0,0.22,1363
9b5fd5c4a3e0b0737da5055a4a10d76c7e4a0c20495b510db9d1d3ba5fb259bb:1,16,The world is your oyster.,platform/published,typesafe/jev-1.13,typesafe/jev-1.13-20260917,opinion,0.0,1.0,social,0.0,1.0,figure of speech,0.0,1.0,normative,0.05,0.89,knowledge,0.98,0.97,abstract,0.15,0.7,0.33,1354
c41dadadfe9ff1d87a56810b1dfc43cde6c15f281d00c117f485b989a8c14530:1,984,Data encryption technology ensures information security in digital communications.,platform/published,typesafe/jev-1.13,typesafe/jev-1.13-20260917,fact,0.97,0.95,physical,0.99,0.99,literal language,1.0,1.0,positive,0.99,0.99,knowledge,0.97,0.93,abstract,0.15,0.7,0.54,1357
667fd5413406879769dbadc6430c32daff6b0129c6b799d92e8e1daa4d98ca34:1,169,Beauty is skin deep.,platform/published,typesafe/jev-1.13,typesafe/jev-1.13-20260917,opinion,0.0,1.0,social,0.08,0.84,figure of speech,0.0,1.0,normative,0.1,0.8,knowledge,0.94,0.89,abstract,0.19,0.62,0.69,1352
fe1d9bd310c84591dd496d70bb3268181a3a83bee72cc167921d9d815e9230fe:1,577,"Mathematics decodes the universe's cryptic messages, revealing hidden patterns.",platform/published,typesafe/jev-1.13,typesafe/jev-1.13-20260917,opinion,0.01,0.99,physical,0.98,0.96,figure of speech,0.0,1.0,positive,0.85,0.7,knowledge,0.93,0.85,abstract,0.0,1.0,0.27,1364
3af71794cb8ae1b7dc9a82771c1794d3805a2860557ac28657c42da8e8d5e4a6:1,17,A problem shared is a problem halved.,platform/published,typesafe/jev-1.13,typesafe/jev-1.13-20260917,opinion,0.0,1.0,social,0.0,1.0,figure of speech,0.0,1.0,normative,0.3,0.41,knowledge,0.88,0.76,everyday,0.92,0.83,0.88,1356
6c728e0fdb13f790f06fb34fa6ad1189ee202e8765bbaba6f7fa873cf2ab029f:1,985,"Data is a compass guiding decisions, directing businesses towards success.",platform/published,typesafe/jev-1.13,typesafe/jev-1.13-20260917,opinion,0.0,1.0,social,0.02,0.96,figure of speech,0.0,1.0,normative,0.14,0.72,knowledge,0.87,0.74,abstract,0.02,0.96,0.55,1359
1cd62c5a44349cdc80d246f03920972942910ee5bdd65f336c8b2815d84d8ac5:1,578,Mathematics describes relationships between numbers through logical expressions.,platform/published,typesafe/jev-1.13,typesafe/jev-1.13-20260917,fact,0.98,0.97,physical,1.0,1.0,literal language,1.0,1.0,positive,1.0,1.0,knowledge,0.98,0.96,abstract,0.0,0.99,0.58,1358
12f2d513e3298f44bee4b29c7d5ac1857d00b04315a03f07e602a752892b1343:1,986,Demonstrable facts serve as a basis for establishing objective truths.,platform/published,typesafe/jev-1.13,typesafe/jev-1.13-20260917,fact,0.62,0.23,physical,0.9,0.8,literal language,0.99,0.99,positive,0.96,0.92,reasoning,0.21,0.57,abstract,0.01,0.99,0.82,1361
2b931a5c84a0db9adee37c465798c6922047e819ebd792f2efd25932fceac493:1,170,Stargazing can be awe-inspiring.,platform/published,typesafe/jev-1.13,typesafe/jev-1.13-20260917,opinion,0.0,1.0,social,0.04,0.91,literal language,0.97,0.94,normative,0.4,0.21,knowledge,1.0,1.0,everyday,0.98,0.97,0.86,1357
547358e6d7b2cb7482fdb9d31182b72f658ba19c9b94556d644319c6c0499abb:1,18,Love is blind.,platform/published,typesafe/jev-1.13,typesafe/jev-1.13-20260917,opinion,0.0,1.0,social,0.0,1.0,figure of speech,0.0,1.0,positive,0.77,0.54,knowledge,0.99,0.99,abstract,0.2,0.59,0.72,1351
9087c03398c010002556e5d995ea0400cc2e4d7d9677f2a3b2aec4bab6097fb1:1,987,Diet rich in fruits and vegetables supports overall health and wellness.,platform/published,typesafe/jev-1.13,typesafe/jev-1.13-20260917,fact,0.96,0.93,physical,1.0,1.0,literal language,1.0,1.0,positive,0.93,0.87,knowledge,0.99,0.98,everyday,0.85,0.69,0.93,1359
f766f350f76251f6bffc5896607f8d1a0bfb6ddd8cb33d735d19d7a08bd2451f:1,171,A hearty breakfast fuels your day.,platform/published,typesafe/jev-1.13,typesafe/jev-1.13-20260917,opinion,0.12,0.75,physical,0.96,0.91,literal language,0.57,0.14,positive,0.8,0.61,knowledge,0.98,0.97,everyday,1.0,1.0,0.92,1354
cd390230e85b860fbbb923baf8f89f0da19207e5ecbf1cb0490c876d6a20e41b:1,579,Mathematics is the architect of reality's unseen foundations.,platform/published,typesafe/jev-1.13,typesafe/jev-1.13-20260917,opinion,0.0,1.0,physical,0.97,0.95,figure of speech,0.0,1.0,positive,0.57,0.14,knowledge,0.87,0.75,abstract,0.0,1.0,0.13,1359
96b8b1cf0bab506e6bfeac8375bf068e7667664904c7ff4849842bc870cd1964:1,19,Promise is a debt.,platform/published,typesafe/jev-1.13,typesafe/jev-1.13-20260917,opinion,0.05,0.89,social,0.0,1.0,figure of speech,0.01,0.97,normative,0.45,0.11,knowledge,0.56,0.12,abstract,0.12,0.77,0.42,1352
b4a6c90df856a56660a093ceae4777e1846533463fc179934d0f8343bc0bd1c8:1,172,Trees whisper soothing sounds.,platform/published,typesafe/jev-1.13,typesafe/jev-1.13-20260917,opinion,0.01,0.98,physical,0.65,0.29,figure of speech,0.0,1.0,positive,0.89,0.78,knowledge,1.0,0.99,everyday,0.71,0.41,0.36,1352
ca6928d645304b7a7a78a925feb19674245f19a073fc4aed13ecc94ac97fba64:1,580,Mathematics is the compass revealing hidden truths within cosmic labyrinths.,platform/published,typesafe/jev-1.13,typesafe/jev-1.13-20260917,opinion,0.0,1.0,physical,0.91,0.81,figure of speech,0.0,1.0,normative,0.28,0.44,knowledge,0.92,0.83,abstract,0.0,1.0,0.12,1363
a9ac05a9bec47ecaa534fd683ab18d6d877c904119d2f0429f27359820f2bda6:1,988,Dietary recommendations may reflect evolving scientific understandings of nutrition.,platform/published,typesafe/jev-1.13,typesafe/jev-1.13-20260917,fact,0.96,0.92,social,0.03,0.94,literal language,1.0,1.0,positive,0.99,0.97,knowledge,0.88,0.77,abstract,0.22,0.55,0.8,1360
955ae0ca1e503b9a297b5a1b3c90a0e5906755f9da68324d7be243ca37c0f91e:1,20,Content is king.,platform/published,typesafe/jev-1.13,typesafe/jev-1.13-20260917,opinion,0.0,1.0,social,0.0,1.0,figure of speech,0.0,1.0,normative,0.01,0.97,knowledge,0.98,0.96,abstract,0.03,0.94,0.48,1351
f97ef7a3aef33f7fbe7b83439c49ac1c99b224c78ef914308d955a5a0bf6caaf:1,173,Plays explore complex narratives.,platform/published,typesafe/jev-1.13,typesafe/jev-1.13-20260917,opinion,0.15,0.71,social,0.01,0.99,literal language,1.0,0.99,positive,0.97,0.94,knowledge,1.0,0.99,abstract,0.13,0.74,0.67,1353
07536c4f4681c59c6b5fd5b76ac1eb191966f3f4e7d6537e208fed3f2260913a:1,581,Mathematics is the lens clarifying the chaos of the cosmic puzzle.,platform/published,typesafe/jev-1.13,typesafe/jev-1.13-20260917,opinion,0.0,1.0,physical,0.92,0.85,figure of speech,0.0,1.0,normative,0.33,0.34,knowledge,0.9,0.79,abstract,0.0,1.0,0.21,1363
203439ccb13fbb872e8b9450b061b99be7be0886306b147347ed0388daec894a:1,21,"Less talk, more action.",platform/published,typesafe/jev-1.13,typesafe/jev-1.13-20260917,opinion,0.0,1.0,social,0.0,1.0,figure of speech,0.04,0.93,normative,0.0,1.0,knowledge,0.83,0.66,everyday,0.76,0.53,0.84,1353
4e4214119d9d40fce7fb1eb1eb7bfe5cd4b0261a2def9d6d6cd9f3af88d9bd04:1,989,Ecological studies measure biodiversity to assess environmental health.,platform/published,typesafe/jev-1.13,typesafe/jev-1.13-20260917,fact,1.0,0.99,physical,1.0,1.0,literal language,1.0,1.0,positive,1.0,1.0,knowledge,0.98,0.97,abstract,0.01,0.97,0.6,1358
6cb7fb25fb03558edfa595ef28afb183e786d74721e931d1fab3c15cce33c549:1,582,Mathematics is used daily for calculating budgets and expenses.,platform/published,typesafe/jev-1.13,typesafe/jev-1.13-20260917,fact,0.94,0.88,social,0.38,0.23,literal language,1.0,1.0,positive,1.0,1.0,knowledge,0.99,0.99,everyday,1.0,1.0,0.91,1359
d0075b40a114ce2017f7b9340eb32c163dc15a0bf5e5d689b72b358520666d7a:1,990,"Efficient energy transfer occurs through conduction, convection, and radiation.",platform/published,typesafe/jev-1.13,typesafe/jev-1.13-20260917,fact,0.93,0.86,physical,1.0,1.0,literal language,1.0,1.0,positive,0.99,0.98,knowledge,1.0,0.99,abstract,0.31,0.38,0.54,1365
06742f5295de5e96c266c7e5c96ac92974e190980a62bf68412f1241ea29479a:1,174,Gardens can be therapeutic.,platform/published,typesafe/jev-1.13,typesafe/jev-1.13-20260917,opinion,0.41,0.18,social,0.21,0.59,literal language,0.95,0.9,positive,0.91,0.82,knowledge,1.0,1.0,everyday,0.95,0.91,0.88,1353
d53588420b81c9c528551ecd05b9e1384e067a04e771959c70caa8bd54262c60:1,22,Foresight prevents mistakes.,platform/published,typesafe/jev-1.13,typesafe/jev-1.13-20260917,opinion,0.13,0.75,social,0.21,0.57,figure of speech,0.48,0.05,positive,0.94,0.88,knowledge,0.52,0.03,everyday,0.6,0.2,0.85,1353
03ab8c86199b0e1777adbce32d57381cbdf42c30537ab2368fc93559e0f98538:1,175,Online learning platforms democratize education.,platform/published,typesafe/jev-1.13,typesafe/jev-1.13-20260917,opinion,0.01,0.98,social,0.0,1.0,figure of speech,0.17,0.66,positive,0.61,0.21,knowledge,0.65,0.29,abstract,0.01,0.98,0.51,1356
f9f9a309c0cda68a9256219fa9abd19a112667d32851cf56f0b50d38330fdd7a:1,583,Mathematics provides a framework for understanding logical structures.,platform/published,typesafe/jev-1.13,typesafe/jev-1.13-20260917,fact,0.86,0.72,physical,0.99,0.99,literal language,0.78,0.56,positive,0.99,0.99,knowledge,0.94,0.88,abstract,0.0,1.0,0.47,1358
50e4ec2909e49965349660857e730842e33b66cad6b2df96fb6cc17788cd0c64:1,991,Electric cars utilize regenerative braking to enhance energy efficiency.,platform/published,typesafe/jev-1.13,typesafe/jev-1.13-20260917,fact,1.0,1.0,physical,1.0,1.0,literal language,1.0,1.0,positive,1.0,1.0,knowledge,1.0,1.0,everyday,0.73,0.46,0.48,1359
1f0b60e015061c56d5d924f125f3d75537ae393ad56c1549c146fd8ca6d35516:1,23,There is no honor among thieves.,platform/published,typesafe/jev-1.13,typesafe/jev-1.13-20260917,opinion,0.0,1.0,social,0.0,1.0,figure of speech,0.0,1.0,normative,0.36,0.29,knowledge,0.99,0.98,abstract,0.09,0.81,0.66,1354
d377cb526f5a60e2ffc7be70a4dd40147bb3adb66ddec00371fc69ba92c764c5:1,176,Cycling keeps you young.,platform/published,typesafe/jev-1.13,typesafe/jev-1.13-20260917,opinion,0.01,0.97,physical,0.94,0.89,figure of speech,0.05,0.9,positive,0.91,0.83,knowledge,0.97,0.94,everyday,0.71,0.41,0.62,1354
d3e8fd0bf3f3affe6714409a556a468d05585d9a040257fbd037b65b725b0b67:1,992,Electric circuits need a complete path for current to flow.,platform/published,typesafe/jev-1.13,typesafe/jev-1.13-20260917,fact,1.0,1.0,physical,1.0,1.0,literal language,1.0,1.0,positive,1.0,1.0,knowledge,1.0,1.0,abstract,0.5,0.0,0.61,1358
d0e909e2e4adf20a41ee2efd892a7b1e31136639be981e728a137b1ecdbb8c30:1,584,Mathematics provides tools for solving real-world problems.,platform/published,typesafe/jev-1.13,typesafe/jev-1.13-20260917,fact,0.99,0.98,physical,1.0,0.99,literal language,0.95,0.9,positive,1.0,1.0,knowledge,0.96,0.93,everyday,0.53,0.06,0.83,1358
b5cb493b469baa446619fd6eb5636ada2a43a8482c556a1a23c499dde13d05ab:1,585,Mathematics reveals patterns and structures in the natural world.,platform/published,typesafe/jev-1.13,typesafe/jev-1.13-20260917,fact,0.83,0.65,physical,1.0,1.0,literal language,0.97,0.93,positive,1.0,1.0,knowledge,0.91,0.83,abstract,0.0,0.99,0.56,1359
2cfb597a778e6cf85ba858b6fa90c080798f074702632c1508a850bea1d19e85:1,177,Evening walks help to unwind.,platform/published,typesafe/jev-1.13,typesafe/jev-1.13-20260917,opinion,0.09,0.82,social,0.29,0.41,literal language,0.96,0.91,positive,0.99,0.97,knowledge,1.0,1.0,everyday,1.0,1.0,0.91,1355
585c6200fb105b2ff9c9e09ba9fb4b6f321f9ff7bb87a502e09fcbf6773f0c79:1,24,Respect for elders is a common value.,platform/published,typesafe/jev-1.13,typesafe/jev-1.13-20260917,fact,0.8,0.6,social,0.0,1.0,literal language,1.0,1.0,normative,0.42,0.16,knowledge,1.0,1.0,abstract,0.21,0.58,0.82,1356
78ed8f420d160186cb5e7ff9303d62de13032d83c2da0c8e5fba2063beba65ae:1,25,Dreams are worth chasing.,platform/published,typesafe/jev-1.13,typesafe/jev-1.13-20260917,opinion,0.0,1.0,social,0.0,1.0,figure of speech,0.01,0.99,normative,0.0,1.0,knowledge,0.92,0.83,abstract,0.05,0.91,0.66,1354
5caadfa39158d14c1ef2aa25f49384561582ca0928b9921125330c30cda3e824:1,993,"Electric circuits operate under laws of voltage, current, and resistance.",platform/published,typesafe/jev-1.13,typesafe/jev-1.13-20260917,fact,1.0,1.0,physical,1.0,1.0,literal language,1.0,1.0,positive,1.0,1.0,knowledge,1.0,1.0,abstract,0.12,0.76,0.43,1360
3a565ecec955967ac4ab0d950c8fce3932083caf7311f995483a99651278957b:1,994,Electric devices perform efficiently due to principles of electronics guiding their design.,platform/published,typesafe/jev-1.13,typesafe/jev-1.13-20260917,fact,0.74,0.48,physical,1.0,1.0,literal language,1.0,1.0,positive,0.99,0.99,knowledge,0.6,0.2,abstract,0.22,0.55,0.64,1360
8a229b73bf3209cd8adf669074d43080eb6ae1eab9e4b3f9d7e09b66735a38ce:1,178,Portraits capture a person's likeness.,platform/published,typesafe/jev-1.13,typesafe/jev-1.13-20260917,fact,0.96,0.91,physical,0.73,0.45,literal language,1.0,1.0,positive,0.99,0.99,knowledge,1.0,1.0,everyday,0.99,0.98,0.94,1356
873bd4788988381ecfaf91912a067336d8ed2ccbd7da775e861910c8492b8bb3:1,586,Mathematics solves quadratic equations using the quadratic formula.,platform/published,typesafe/jev-1.13,typesafe/jev-1.13-20260917,fact,1.0,1.0,physical,1.0,1.0,literal language,1.0,1.0,positive,1.0,1.0,knowledge,0.99,0.99,abstract,0.02,0.96,0.43,1358
22b78c8887071a3e90f558e9426d04d1d75097e316eec35c020cab7f78a18040:1,995,Electric fields influence the behavior of charged particles in motion.,platform/published,typesafe/jev-1.13,typesafe/jev-1.13-20260917,fact,1.0,1.0,physical,1.0,1.0,literal language,1.0,1.0,positive,1.0,1.0,knowledge,1.0,1.0,abstract,0.0,0.99,0.29,1358
8f0a2485e6685d564878e20b7b33e3a2317ff6a7bf49f627e21505eb8a5abf5f:1,26,What goes around comes around,platform/published,typesafe/jev-1.13,typesafe/jev-1.13-20260917,opinion,0.0,0.99,social,0.01,0.98,figure of speech,0.0,1.0,normative,0.38,0.25,knowledge,0.95,0.9,abstract,0.2,0.6,0.79,1352
d2dfd0b9f044d868944aba05b508d15e521c54e6b5aec5d56f92ac80b1e28352:1,179,Calligraphy turns writing into art.,platform/published,typesafe/jev-1.13,typesafe/jev-1.13-20260917,opinion,0.08,0.84,social,0.07,0.87,literal language,0.62,0.23,positive,0.67,0.34,knowledge,0.98,0.95,abstract,0.48,0.04,0.85,1356
063325a6c99132f0ae03646bd48cf879e35d652120bd02a5b7b9191c6214f746:1,587,"Mathematics unveils patterns beyond our sensory grasp, like hidden stars at dawn.",platform/published,typesafe/jev-1.13,typesafe/jev-1.13-20260917,opinion,0.01,0.99,physical,0.97,0.95,figure of speech,0.0,1.0,positive,0.75,0.49,knowledge,0.91,0.82,abstract,0.0,1.0,0.16,1365
7405f8b468241d7e45fab53d3f51d974b12ee68554b49242d41d0895768841f1:1,996,Electric vehicles rely on battery technology to function effectively.,platform/published,typesafe/jev-1.13,typesafe/jev-1.13-20260917,fact,1.0,0.99,physical,1.0,1.0,literal language,1.0,1.0,positive,1.0,1.0,knowledge,1.0,0.99,everyday,0.85,0.71,0.86,1357
ec87a7406168c9492318112ddd79fce8eb25dacda53f22a3b2661a10b4374dae:1,588,"Mathematics unveils universal truths, transcending individual experiences.",platform/published,typesafe/jev-1.13,typesafe/jev-1.13-20260917,opinion,0.07,0.87,physical,0.99,0.99,figure of speech,0.05,0.91,positive,0.73,0.46,knowledge,0.86,0.73,abstract,0.0,1.0,0.37,1362
851ed1ba6e2e4deb8f96f4d487ddefe7097df33b4bd21bd70acc2993d5544e7f:1,27,Discrimination is unjust.,platform/published,typesafe/jev-1.13,typesafe/jev-1.13-20260917,opinion,0.0,1.0,social,0.0,1.0,literal language,0.99,0.98,normative,0.0,1.0,knowledge,0.81,0.62,abstract,0.08,0.84,0.8,1354
bf993d0fb3ac4e0089e128f6c7a58488bf6060b48dfa0865b3e9c37d7feacf20:1,180,The Industrial Revolution reshaped societies.,platform/published,typesafe/jev-1.13,typesafe/jev-1.13-20260917,fact,0.97,0.94,social,0.0,1.0,literal language,0.77,0.54,positive,1.0,1.0,knowledge,0.99,0.99,abstract,0.0,1.0,0.76,1354
08e0577341cde3bd00b2850b5679bbdcc8e18a8e84b3eb156d946b4e135e70a4:1,997,"Electricity flows through conductors, demonstrating principles of physics and engineering.",platform/published,typesafe/jev-1.13,typesafe/jev-1.13-20260917,fact,1.0,1.0,physical,1.0,1.0,literal language,1.0,1.0,positive,1.0,1.0,knowledge,0.97,0.94,everyday,0.52,0.05,0.75,1363
93008ba7c47ca42919310fe8983a63f23718c59c336c049b5d2c72e09ddb812d:1,181,Ethical hacking safeguards systems.,platform/published,typesafe/jev-1.13,typesafe/jev-1.13-20260917,fact,0.9,0.8,social,0.38,0.25,literal language,1.0,0.99,positive,0.96,0.93,knowledge,0.97,0.95,abstract,0.18,0.64,0.71,1353
4ebd636b68943a27fec89240c2be15d94324b2f103a4a98fb183f526597e5675:1,998,"Electricity powers our world, illuminating lives and fueling advancements daily.",platform/published,typesafe/jev-1.13,typesafe/jev-1.13-20260917,fact,0.81,0.62,physical,0.97,0.93,figure of speech,0.46,0.07,positive,0.98,0.96,knowledge,0.99,0.99,everyday,0.8,0.59,0.89,1365
e0e9a6b7050964a40b8ed7aabe6679b1044b0df0dd0bcb8ad5f7b3b0685ce083:1,28,Kind words have the power to build bridges.,platform/published,typesafe/jev-1.13,typesafe/jev-1.13-20260917,opinion,0.0,1.0,social,0.0,1.0,figure of speech,0.0,1.0,positive,0.52,0.03,knowledge,0.92,0.84,abstract,0.27,0.46,0.85,1356
d7820283efeda51b91e0fc52a45263b1b06c8ac588cd46e39f3404cac54e834c:1,29,Trust is hard-earned.,platform/published,typesafe/jev-1.13,typesafe/jev-1.13-20260917,opinion,0.0,1.0,social,0.0,1.0,figure of speech,0.13,0.74,positive,0.63,0.26,knowledge,0.98,0.95,abstract,0.49,0.02,0.9,1354
e31c6f934363c30b10aa10f44dcb9a62471aa1d744e2134ae42c73d5efc2126f:1,182,Shamanic journeys often involve trance states.,platform/published,typesafe/jev-1.13,typesafe/jev-1.13-20260917,fact,0.91,0.82,social,0.08,0.84,literal language,1.0,1.0,positive,1.0,1.0,knowledge,1.0,1.0,abstract,0.09,0.81,0.66,1356
35b3671ded43ba648fa2bbcf9da5bb5031c895c6e3b94137a39ef21de7f27f00:1,589,Mathematics whispers truths beyond the reach of human tongues.,platform/published,typesafe/jev-1.13,typesafe/jev-1.13-20260917,opinion,0.0,1.0,physical,0.74,0.48,figure of speech,0.0,1.0,normative,0.46,0.08,knowledge,0.98,0.95,abstract,0.0,1.0,0.12,1359
a767f2fec05f947584394288fc9b67c79cbb2271034025f45093bb57181412f5:1,999,Electrons are negatively charged particles that orbit an atom's nucleus.,platform/published,typesafe/jev-1.13,typesafe/jev-1.13-20260917,fact,1.0,1.0,physical,1.0,1.0,literal language,0.98,0.96,positive,1.0,1.0,knowledge,1.0,1.0,abstract,0.0,1.0,0.61,1360
fa2e9575b450f4a05e7c2383e089ad0995782730379d2a2a7ffda6df662df071:1,30,Art can be a form of self-expression.,platform/published,typesafe/jev-1.13,typesafe/jev-1.13-20260917,opinion,0.33,0.33,social,0.0,1.0,literal language,0.9,0.81,positive,0.96,0.91,knowledge,0.99,0.99,abstract,0.47,0.06,0.93,1356
ca40fe7a9d28d0a330ae39c01d465e8493f465e21f602c7e7028a1fab5a2e6fd:1,590,"Mathematics whispers universal truths, translating existence's hidden grammar into comprehension.",platform/published,typesafe/jev-1.13,typesafe/jev-1.13-20260917,opinion,0.0,1.0,physical,0.89,0.79,figure of speech,0.0,1.0,normative,0.37,0.26,knowledge,0.96,0.92,abstract,0.0,1.0,0.11,1362
c255ef87b3af377e7bec8308d5184e591a50ba2560f637bcf5aab14c9b346739:1,591,Mathematics: the philosopher's chisel sculpting the marble of cosmic order.,platform/published,typesafe/jev-1.13,typesafe/jev-1.13-20260917,opinion,0.0,1.0,physical,0.81,0.63,figure of speech,0.0,1.0,normative,0.09,0.82,knowledge,0.96,0.91,abstract,0.0,1.0,0.09,1365
24ed6b6965d1ff7d15e915b6a13354c842b02f3ea91d11f1c165de572c65fd1c:1,183,Clear logic disentangles problems.,platform/published,typesafe/jev-1.13,typesafe/jev-1.13-20260917,opinion,0.05,0.9,physical,0.68,0.37,figure of speech,0.05,0.91,positive,0.81,0.61,knowledge,0.67,0.34,abstract,0.15,0.69,0.83,1355
b29a692ba09695c888ceefe368a3a4777337c61230017c690252ae52b1371654:1,1000,Emergency protocols are established to ensure safety during critical situations.,platform/published,typesafe/jev-1.13,typesafe/jev-1.13-20260917,fact,0.99,0.98,social,0.0,0.99,literal language,1.0,1.0,positive,0.77,0.55,knowledge,0.98,0.95,everyday,0.55,0.1,0.9,1358
a6b6be90653adb9b78330b7efea73ea6925118e30eca1f05abdf25f39f7b843b:1,31,Shaking hands is a common greeting.,platform/published,typesafe/jev-1.13,typesafe/jev-1.13-20260917,fact,0.98,0.96,social,0.0,1.0,literal language,1.0,1.0,positive,0.96,0.92,knowledge,1.0,1.0,everyday,1.0,1.0,0.95,1355
145f55e555c7281a74e4947e65393bf28d1e2d383513dcb2eb8b22e705457591:1,184,Legal systems uphold social order.,platform/published,typesafe/jev-1.13,typesafe/jev-1.13-20260917,fact,0.62,0.24,social,0.0,1.0,literal language,0.99,0.97,positive,0.94,0.88,knowledge,0.97,0.95,abstract,0.01,0.99,0.83,1353
dea4bc979a74e51c13f221c194fa2997cf0fd927c6b6aec23b1ee9c08edb6650:1,32,Santa Claus brings presents to children on Christmas.,platform/published,typesafe/jev-1.13,typesafe/jev-1.13-20260917,opinion,0.34,0.33,social,0.01,0.99,literal language,0.89,0.78,positive,0.88,0.76,knowledge,1.0,1.0,everyday,0.89,0.77,0.62,1356
b69309a3392dc74a3b735e01c7f582d8b965c28895367041f83232f18ae09cfc:1,185,Unity is strength.,platform/published,typesafe/jev-1.13,typesafe/jev-1.13-20260917,opinion,0.0,0.99,social,0.0,0.99,figure of speech,0.0,1.0,normative,0.08,0.84,knowledge,0.91,0.82,abstract,0.02,0.95,0.85,1351
0b52ef1fbdfad6a281f7f5bf950745f6eab37e1b2bb86cd55083d8bfc780e830:1,592,Matrix multiplication follows specific arithmetic rules.,platform/published,typesafe/jev-1.13,typesafe/jev-1.13-20260917,fact,1.0,1.0,physical,1.0,1.0,literal language,1.0,1.0,positive,0.99,0.99,knowledge,1.0,1.0,abstract,0.0,0.99,0.28,1354
2f207c16e59a5e1e9039140b407c5a682e19baf42c38187fd8bbbed9b1148af1:1,33,Classical music helps with concentration.,platform/published,typesafe/jev-1.13,typesafe/jev-1.13-20260917,fact,0.51,0.03,physical,0.64,0.27,literal language,1.0,1.0,positive,1.0,1.0,knowledge,1.0,0.99,everyday,0.95,0.9,0.64,1355
9398dc185377cde7cce621db39c22698298172018f9a6b81540e990e51803ecb:1,593,"Matter is composed of atoms, each consisting of protons, neutrons, and electrons.",platform/published,typesafe/jev-1.13,typesafe/jev-1.13-20260917,fact,1.0,1.0,physical,1.0,1.0,literal language,1.0,1.0,positive,1.0,1.0,knowledge,1.0,1.0,abstract,0.01,0.99,0.44,1366
9536b53522f851ef6c1bb0240bc284d6ad12829046e6fcae819d1121e1c4c420:1,1001,Empirical data drives conclusions about trends observed in social behavior.,platform/published,typesafe/jev-1.13,typesafe/jev-1.13-20260917,fact,0.8,0.61,social,0.03,0.94,literal language,1.0,1.0,positive,0.99,0.98,knowledge,0.56,0.13,abstract,0.0,0.99,0.57,1360
44d871763d7e7dc0aa9a6ee82a3c0c54e89bac6ca2faf23539029a9623ce3713:1,186,Logical fallacies weaken arguments.,platform/published,typesafe/jev-1.13,typesafe/jev-1.13-20260917,fact,0.91,0.83,social,0.12,0.76,literal language,0.94,0.88,positive,0.72,0.43,knowledge,0.74,0.47,abstract,0.07,0.86,0.86,1353
7e22a84f5b969d22ea8a8319d6270a9ab49c1a1cfda6dc9db20203d875869257:1,187,Hypotheses must be testable.,platform/published,typesafe/jev-1.13,typesafe/jev-1.13-20260917,fact,0.9,0.79,social,0.44,0.12,literal language,1.0,1.0,normative,0.14,0.72,knowledge,0.87,0.74,abstract,0.0,0.99,0.37,1355
cdb32628585268605b2e16273930a96fb5f636911e3d257fd33a2b3756891236:1,1003,"Engineering bridges gaps, connecting communities through practical solutions.",platform/published,typesafe/jev-1.13,typesafe/jev-1.13-20260917,opinion,0.02,0.97,social,0.17,0.66,figure of speech,0.01,0.98,normative,0.4,0.2,knowledge,0.86,0.73,abstract,0.09,0.83,0.7,1357
e749951857710da420dc52fd346135c45f3ea2c445d6094db24ebb60f21b399b:1,594,Matter's state changes depend on temperature and pressure conditions.,platform/published,typesafe/jev-1.13,typesafe/jev-1.13-20260917,fact,1.0,1.0,physical,1.0,1.0,literal language,1.0,1.0,positive,1.0,1.0,knowledge,1.0,1.0,everyday,0.72,0.43,0.8,1359
610542e6a2eb5945b91fd5c68edd80661b65de39f4f4ba2ab8ce8553691c8ced:1,595,Meditative practices compare positively to neural rhythms observed during rest.,platform/published,typesafe/jev-1.13,typesafe/jev-1.13-20260917,fact,0.56,0.12,physical,1.0,0.99,literal language,0.96,0.92,positive,0.73,0.47,knowledge,0.96,0.92,abstract,0.0,1.0,0.18,1360
d7ce7e0378617a1a073e6c5911510305d4e5f9ef18ff121a0efba8a4744dc9be:1,34,People celebrate birthdays.,platform/published,typesafe/jev-1.13,typesafe/jev-1.13-20260917,fact,1.0,1.0,social,0.0,1.0,literal language,1.0,1.0,positive,0.98,0.96,knowledge,1.0,1.0,everyday,1.0,1.0,0.96,1351
dfba21829a857991d362e963860183cc7283b886c9cf0a6b8c5600e877e5e759:1,1002,Engaging in regular physical activity can enhance overall fitness levels.,platform/published,typesafe/jev-1.13,typesafe/jev-1.13-20260917,fact,1.0,1.0,physical,1.0,1.0,literal language,1.0,1.0,positive,1.0,1.0,knowledge,0.98,0.97,everyday,0.98,0.95,0.94,1359
bbcb336c0fa37db7a3c54c3ec4818e7d717462af20d96af6dba70ab6ed574a7f:1,43,Wait for your turn when in a queue.,platform/published,typesafe/jev-1.13,typesafe/jev-1.13-20260917,opinion,0.1,0.8,social,0.0,1.0,literal language,1.0,1.0,normative,0.0,1.0,knowledge,0.84,0.69,everyday,1.0,1.0,0.95,1356
9ca1d16a1ca5c08d24fe3115565e80e8183745d2dd0eefbf2fda3b6c3ab55d27:1,188,Thorough analysis prevents missteps.,platform/published,typesafe/jev-1.13,typesafe/jev-1.13-20260917,opinion,0.04,0.92,social,0.12,0.76,figure of speech,0.39,0.21,positive,0.71,0.43,reasoning,0.43,0.14,abstract,0.42,0.15,0.89,1354
84c892df9041427b704cc3cd94e9a85530cfa7459beefe64b5388edbc9f015d2:1,1004,Engineering design processes involve identifying problems and creating solutions.,platform/published,typesafe/jev-1.13,typesafe/jev-1.13-20260917,fact,1.0,1.0,physical,0.81,0.62,literal language,1.0,1.0,positive,1.0,1.0,knowledge,1.0,0.99,abstract,0.31,0.39,0.81,1357
6b00eba2cd9725e098c91b0747231d96221af8b645fc3d5a6b9ccfddf8321da8:1,596,"Memory is the scrapbook of the mind, preserving snapshots of our past.",platform/published,typesafe/jev-1.13,typesafe/jev-1.13-20260917,opinion,0.0,0.99,social,0.27,0.46,figure of speech,0.0,1.0,positive,0.93,0.86,knowledge,0.98,0.97,abstract,0.2,0.61,0.73,1363
7d7314760f6847f2b475569e7e68b420db18f573a982cd72e92d51e46d7d3b09:1,36,Regular savings lead to financial stability.,platform/published,typesafe/jev-1.13,typesafe/jev-1.13-20260917,opinion,0.33,0.33,social,0.02,0.96,literal language,0.93,0.86,positive,0.93,0.86,knowledge,0.57,0.14,everyday,0.76,0.52,0.9,1354
96e4e76d19b8eabab4c0d6a0eca5acd4347338a08916ab07a2bc5bfe21740cad:1,35,It's common to send holiday cards around December.,platform/published,typesafe/jev-1.13,typesafe/jev-1.13-20260917,fact,0.89,0.79,social,0.0,1.0,literal language,1.0,1.0,positive,0.92,0.85,knowledge,1.0,1.0,everyday,1.0,1.0,0.94,1357
11c37ed788d06f8a2c31ea3298da5fb65595b4c53577805ef30a0242e504ec4b:1,1005,Engineering projects require collaboration across multiple disciplines for success.,platform/published,typesafe/jev-1.13,typesafe/jev-1.13-20260917,fact,0.68,0.36,social,0.09,0.82,literal language,1.0,1.0,positive,0.96,0.92,knowledge,0.94,0.87,abstract,0.26,0.49,0.82,1357
cf4b5192f3c09b0eab448cde3fb3b03feb421c4c67cbdbc4f3dd4f972c9eecf9:1,189,The Enlightenment era promoted reason.,platform/published,typesafe/jev-1.13,typesafe/jev-1.13-20260917,fact,1.0,0.99,social,0.0,1.0,literal language,1.0,1.0,positive,0.99,0.98,knowledge,1.0,1.0,abstract,0.0,1.0,0.76,1356
5f5c0ddc0fc8ee72ff7d6eca434eacf11200d5879be4ef6f10e4328f59ab920f:1,597,"Metabolism is the fire burning within, fueling life's every action.",platform/published,typesafe/jev-1.13,typesafe/jev-1.13-20260917,opinion,0.26,0.48,physical,1.0,1.0,figure of speech,0.0,1.0,positive,0.98,0.96,knowledge,0.97,0.95,abstract,0.07,0.86,0.6,1364
aff1efed8253fbc76916c191c18513709ca925fbcc9db80567e8ae7e8dd32463:1,190,Patience is a virtue.,platform/published,typesafe/jev-1.13,typesafe/jev-1.13-20260917,opinion,0.0,0.99,social,0.0,1.0,figure of speech,0.07,0.85,normative,0.0,1.0,knowledge,0.99,0.99,abstract,0.08,0.85,0.85,1354
aef165dc4783999637e6df64ec825b6b67805134fb3e2a313bbe7d08fcc2e61b:1,598,Mindful eating practices promote healthier relationships with food.,platform/published,typesafe/jev-1.13,typesafe/jev-1.13-20260917,fact,0.57,0.14,social,0.05,0.9,literal language,0.95,0.89,positive,0.78,0.56,knowledge,0.96,0.92,everyday,0.76,0.53,0.72,1357
2361950329e52be8517bef8556b5b5de364e2c5bdf85323e6d979e9a6d24ba31:1,37,Graduating college increases job prospects.,platform/published,typesafe/jev-1.13,typesafe/jev-1.13-20260917,fact,0.91,0.81,social,0.0,0.99,literal language,1.0,1.0,positive,1.0,1.0,knowledge,0.95,0.91,everyday,0.63,0.26,0.88,1354
62abaf8a9a512fbf37f9e8a328ad4eb9e6382248e238fc11a827b0e28625223d:1,191,Rational exploration seeks truth.,platform/published,typesafe/jev-1.13,typesafe/jev-1.13-20260917,opinion,0.09,0.81,social,0.09,0.81,literal language,0.83,0.66,positive,0.59,0.18,knowledge,0.69,0.39,abstract,0.0,1.0,0.76,1354
d0948a23821a6182d87f0453f4a250d8bf4f411e9a1572ad5ed8434794b1df42:1,1006,"Engineering solves practical problems, allowing for technological advancements in society.",platform/published,typesafe/jev-1.13,typesafe/jev-1.13-20260917,fact,0.89,0.78,physical,0.95,0.9,literal language,1.0,1.0,positive,0.99,0.98,knowledge,0.79,0.58,abstract,0.11,0.78,0.82,1359
f00bee56dc36e33983af7be1685029eb70e090236e7c4655af483acfab244a0f:1,599,Mindfulness increases self-awareness and reduces stress levels.,platform/published,typesafe/jev-1.13,typesafe/jev-1.13-20260917,fact,0.97,0.93,social,0.34,0.33,literal language,1.0,1.0,positive,1.0,1.0,knowledge,0.99,0.99,everyday,0.63,0.27,0.69,1360
222e2ae400201d727529d407f53682e65e8b7b8f16aa5869675627acee7d29a7:1,38,Crying helps to release emotions.,platform/published,typesafe/jev-1.13,typesafe/jev-1.13-20260917,fact,0.69,0.38,social,0.5,0.0,literal language,0.97,0.94,positive,0.99,0.98,knowledge,1.0,0.99,everyday,0.97,0.95,0.92,1354
1dfa5c6ad684b7350b75246ea359e7ef74bfd9d83c6b76fc9f3ee049841bcf4a:1,1007,Engineers design structures based on principles of physics and material science.,platform/published,typesafe/jev-1.13,typesafe/jev-1.13-20260917,fact,1.0,1.0,physical,1.0,1.0,literal language,1.0,1.0,positive,1.0,1.0,knowledge,0.99,0.99,abstract,0.2,0.59,0.78,1361
67531e5be7e9c947ff7531568063d62b746255cf5620023981e69f79d39dcd60:1,192,Socratic questioning promotes deep understanding.,platform/published,typesafe/jev-1.13,typesafe/jev-1.13-20260917,opinion,0.14,0.72,social,0.0,1.0,literal language,0.99,0.98,positive,0.93,0.86,knowledge,0.81,0.63,abstract,0.04,0.92,0.7,1355
7463c1f3bdd992c9f796ee421de6af2f7d5a400f04c869a42ae8cc5f08a25a19:1,600,"Minds dance in the ballroom of thought, choreographed by reason.",platform/published,typesafe/jev-1.13,typesafe/jev-1.13-20260917,opinion,0.0,1.0,social,0.03,0.94,figure of speech,0.0,1.0,normative,0.34,0.32,knowledge,0.81,0.61,abstract,0.0,1.0,0.15,1364
ef033d193032a59f54721a5088f04bfa695d37e350911af122b914bfb0cd40a9:1,193,Knowledge builds wisdom.,platform/published,typesafe/jev-1.13,typesafe/jev-1.13-20260917,opinion,0.0,1.0,social,0.0,0.99,figure of speech,0.06,0.88,positive,0.7,0.39,knowledge,0.61,0.23,abstract,0.01,0.98,0.87,1351
7448e269d1300c689b3154b2dc68fed180f5665fb07115f678059530943bb189:1,39,Governments create laws.,platform/published,typesafe/jev-1.13,typesafe/jev-1.13-20260917,fact,1.0,1.0,social,0.0,1.0,literal language,1.0,1.0,positive,1.0,1.0,knowledge,1.0,1.0,everyday,0.53,0.07,0.92,1353
15e7672f0543437a3b85ccddb61c16c894ff86e0645569dbf6bc25ee1a42adb2:1,1009,Ethical considerations surround medical technologies and their implications for society.,platform/published,typesafe/jev-1.13,typesafe/jev-1.13-20260917,fact,0.78,0.56,social,0.0,1.0,literal language,1.0,1.0,positive,0.65,0.29,knowledge,0.99,0.97,abstract,0.0,0.99,0.78,1359
1f4c10aa85c278a1fce435c54afdea8f49c2502139262183aa509d4a8d88bd7b:1,1008,Engineers design structures to withstand forces like gravity and wind.,platform/published,typesafe/jev-1.13,typesafe/jev-1.13-20260917,fact,1.0,1.0,physical,1.0,1.0,literal language,1.0,1.0,positive,1.0,0.99,knowledge,1.0,1.0,everyday,0.67,0.35,0.84,1360
9ce8117177b8dc4570f7f93c3cfd1811413b0f73f37349cd16da3e10414fe057:1,601,Moderate caffeine intake can enhance physical endurance temporarily.,platform/published,typesafe/jev-1.13,typesafe/jev-1.13-20260917,fact,1.0,1.0,physical,1.0,1.0,literal language,1.0,1.0,positive,1.0,1.0,knowledge,1.0,0.99,everyday,0.79,0.57,0.55,1357
85bdcdee73885f932567b349c6d84dc9f15a6bd1af41d589c8a2f6a290237db6:1,194,Open-mindedness encourages learning.,platform/published,typesafe/jev-1.13,typesafe/jev-1.13-20260917,opinion,0.18,0.65,social,0.0,1.0,literal language,0.93,0.86,positive,0.86,0.71,knowledge,0.86,0.73,abstract,0.3,0.41,0.92,1354
a6bc25ac46ab2d080fb2ad1290bffb1c6f9d19e97b8c6f49040c6710e9d433ef:1,40,Students study for exams.,platform/published,typesafe/jev-1.13,typesafe/jev-1.13-20260917,fact,0.99,0.99,social,0.07,0.87,literal language,1.0,1.0,positive,1.0,1.0,knowledge,1.0,1.0,everyday,1.0,1.0,0.95,1352
f44b40ed637484254205632db9ce5645324f40ad77a1659f21589d3397c76abe:1,602,Moderation is the gentle sunlight nurturing the garden of well-being.,platform/published,typesafe/jev-1.13,typesafe/jev-1.13-20260917,opinion,0.0,1.0,social,0.02,0.96,figure of speech,0.0,1.0,normative,0.0,0.99,knowledge,0.9,0.8,abstract,0.02,0.97,0.59,1360
fc29a616f7b9a2aab950383ff8fa534eb61684334335538abb32c1c018320d51:1,1010,Evaporation occurs when liquid water turns into vapor due to heat exposure.,platform/published,typesafe/jev-1.13,typesafe/jev-1.13-20260917,fact,1.0,1.0,physical,1.0,1.0,literal language,1.0,1.0,positive,1.0,1.0,knowledge,1.0,1.0,everyday,0.96,0.93,0.93,1362
de8d55a02aad0b3c2c5f4fa5e577ba10c5b8e2b03d37c985a369151f0d009956:1,196,Social equity promotes fairness.,platform/published,typesafe/jev-1.13,typesafe/jev-1.13-20260917,opinion,0.31,0.37,social,0.0,1.0,literal language,1.0,1.0,normative,0.07,0.85,knowledge,0.98,0.96,abstract,0.01,0.98,0.84,1352
c8d4e66af1a26506ba7168ced2c75f8b3ec4c96f1e430b226861e33a991413e4:1,195,It takes two to tango.,platform/published,typesafe/jev-1.13,typesafe/jev-1.13-20260917,opinion,0.29,0.42,social,0.0,1.0,figure of speech,0.0,0.99,normative,0.4,0.19,knowledge,0.92,0.84,everyday,0.63,0.26,0.87,1353
95707f0d4ec31a1921594106507cd090dcd853d5161b273dd8bf53e5ccacd636:1,1011,"Every action has an equal and opposite reaction, as stated in physics.",platform/published,typesafe/jev-1.13,typesafe/jev-1.13-20260917,fact,1.0,1.0,physical,1.0,1.0,literal language,0.99,0.99,positive,1.0,1.0,knowledge,1.0,1.0,abstract,0.05,0.9,0.22,1361
fae87bc725b9e04fe227448726a9afd5a38b313061f1f343622f56fe1476001d:1,603,Monsoons bring seasonal heavy rains to regions like South Asia.,platform/published,typesafe/jev-1.13,typesafe/jev-1.13-20260917,fact,1.0,1.0,physical,1.0,1.0,literal language,1.0,1.0,positive,1.0,1.0,knowledge,1.0,1.0,everyday,0.63,0.26,0.71,1360
5cfdc04a94b5b3a9a643a0072c270d614845af9384ecf33c20887151f3415524:1,41,Tea is enjoyed by many people.,platform/published,typesafe/jev-1.13,typesafe/jev-1.13-20260917,fact,0.72,0.44,social,0.0,1.0,literal language,1.0,1.0,positive,1.0,1.0,knowledge,1.0,1.0,everyday,0.99,0.98,0.95,1354
99024c448536d6685acbffdd38483d7b91de7975f0b5e39c67f6b9668c084687:1,42,Cheating is frowned upon.,platform/published,typesafe/jev-1.13,typesafe/jev-1.13-20260917,opinion,0.14,0.73,social,0.0,1.0,literal language,0.95,0.89,normative,0.0,1.0,knowledge,1.0,1.0,everyday,0.88,0.76,0.92,1353
49ce25a1714f489866a29b1a3937b15d2d7ccbea37b88315661ef65ec80d7251:1,604,Motion is life's unceasing dialogue with the fabric of space-time.,platform/published,typesafe/jev-1.13,typesafe/jev-1.13-20260917,opinion,0.0,0.99,physical,0.99,0.98,figure of speech,0.0,1.0,positive,0.77,0.54,knowledge,0.9,0.81,abstract,0.0,1.0,0.12,1362
d95b12f1d9f5939cfadcea0c94326866c8736f175961fac6cd8941e4780adef9:1,1012,Every child needs a village; community support fosters growth and development universally.,platform/published,typesafe/jev-1.13,typesafe/jev-1.13-20260917,opinion,0.0,0.99,social,0.0,1.0,figure of speech,0.0,0.99,normative,0.04,0.92,knowledge,0.67,0.34,abstract,0.02,0.96,0.66,1362
f7751ad48616722c63d7ccbc7396511ae668b08d8ab5614bfae810743eb1fa38:1,44,Being organized helps efficiency.,platform/published,typesafe/jev-1.13,typesafe/jev-1.13-20260917,fact,0.78,0.57,physical,0.63,0.26,literal language,0.99,0.98,positive,0.99,0.98,knowledge,0.93,0.86,everyday,0.98,0.97,0.96,1352
5e993a7c48486d3cdd38bb1e3e8ba935ba4cf4622837555ff419b1f6d987aedb:1,197,Civil rights movements championed equality.,platform/published,typesafe/jev-1.13,typesafe/jev-1.13-20260917,fact,0.98,0.96,social,0.0,1.0,literal language,1.0,0.99,positive,0.9,0.8,knowledge,1.0,1.0,abstract,0.01,0.98,0.89,1355
a667c99c7f823095ddabb73a06a2db16ae45b608df84e5d72bbd9114c834517d:1,1013,"Every cloud has a silver lining, often hiding hope amid despair.",platform/published,typesafe/jev-1.13,typesafe/jev-1.13-20260917,opinion,0.0,1.0,social,0.01,0.98,figure of speech,0.0,1.0,normative,0.17,0.67,knowledge,0.94,0.87,abstract,0.16,0.67,0.69,1360
df50ce477589eae95b0e29f2f53bdbbe0675923fb02c0779704f01686f81a215:1,45,Religious beliefs vary among cultures.,platform/published,typesafe/jev-1.13,typesafe/jev-1.13-20260917,fact,1.0,1.0,social,0.0,1.0,literal language,1.0,1.0,positive,1.0,1.0,knowledge,1.0,1.0,abstract,0.2,0.6,0.9,1355
f32bec8fba7141e54ef6fab0650ce75064f36e95eb543c60793a617334e6df5d:1,198,A clear goal sets the path.,platform/published,typesafe/jev-1.13,typesafe/jev-1.13-20260917,opinion,0.01,0.99,social,0.0,0.99,figure of speech,0.01,0.99,normative,0.48,0.03,knowledge,0.71,0.43,abstract,0.39,0.22,0.88,1354
ec5e0e4a135e4b845e04558406caa15464d7242a494afb40b9bc8f0ed6757b3b:1,1014,Every ecosystem comprises interconnected relationships that sustain life and diversity.,platform/published,typesafe/jev-1.13,typesafe/jev-1.13-20260917,fact,0.96,0.93,physical,1.0,1.0,literal language,0.99,0.99,positive,1.0,0.99,knowledge,0.99,0.97,abstract,0.01,0.99,0.72,1358
3af4181e60b21edb5932b46fb6c1f019a45f20ae380d693217b871f43781acd9:1,605,Mount Everest is the highest mountain peak globally.,platform/published,typesafe/jev-1.13,typesafe/jev-1.13-20260917,fact,1.0,1.0,physical,1.0,1.0,literal language,1.0,1.0,positive,1.0,1.0,knowledge,1.0,1.0,everyday,0.51,0.02,0.82,1356
20d46cb6ed7e965edd6073f89250fa7c6e8ed40133d16ef862099d2c0b35789d:1,606,"Mountains are Earth's ancient storytellers, whispering tales of eons past.",platform/published,typesafe/jev-1.13,typesafe/jev-1.13-20260917,opinion,0.0,1.0,physical,0.52,0.04,figure of speech,0.0,1.0,normative,0.28,0.43,knowledge,0.99,0.97,abstract,0.03,0.94,0.22,1367
4069421391078303cbd8aeeb8c9e07eff9f6cf93f31f33558b8aeaa4b0a7bcd1:1,1015,"Every equation tells a story, revealing relationships hidden in plain sight.",platform/published,typesafe/jev-1.13,typesafe/jev-1.13-20260917,opinion,0.0,1.0,physical,0.77,0.53,figure of speech,0.0,1.0,normative,0.41,0.17,knowledge,0.91,0.82,abstract,0.0,0.99,0.3,1360
77f587ee09544392c30faf5dc94474652f2a89b7ecc5761423e93bdf287f407c:1,199,Kindness spreads like wildfire.,platform/published,typesafe/jev-1.13,typesafe/jev-1.13-20260917,opinion,0.0,1.0,social,0.0,1.0,figure of speech,0.0,1.0,positive,0.8,0.61,knowledge,0.95,0.91,abstract,0.11,0.78,0.6,1353
1c37e0034d3df801c5d3e4ce4303f6f296c67fa55988c961f1fbe9c0ef683b83:1,607,"Mountains are nature's steadfast sentinels, watching over human endeavors.",platform/published,typesafe/jev-1.13,typesafe/jev-1.13-20260917,opinion,0.0,1.0,social,0.37,0.27,figure of speech,0.0,1.0,normative,0.23,0.54,knowledge,0.96,0.93,abstract,0.05,0.89,0.29,1363
38dcc5cdd6fd17ff4119f45f610f8efe4f5eba78d0101b1008a014a9f6130d2a:1,46,The more the merrier.,platform/published,typesafe/jev-1.13,typesafe/jev-1.13-20260917,opinion,0.0,1.0,social,0.0,1.0,figure of speech,0.01,0.99,normative,0.0,1.0,knowledge,0.98,0.96,everyday,0.91,0.82,0.68,1353
1a82b062a5fcff49661e0e8fbccd50075b044354f750d6e786423616d6d7e37a:1,1016,"Every machine operates based on principles of physics, maximizing efficiency in design.",platform/published,typesafe/jev-1.13,typesafe/jev-1.13-20260917,opinion,0.48,0.04,physical,1.0,1.0,literal language,0.93,0.86,positive,0.93,0.87,knowledge,0.89,0.78,abstract,0.1,0.8,0.55,1361
335bc63905748f2ddb26f0e766c3b4305c1d1c1aa6d1e36b4e11a9d5437950fc:1,200,Good deeds spread goodwill.,platform/published,typesafe/jev-1.13,typesafe/jev-1.13-20260917,opinion,0.02,0.96,social,0.0,1.0,figure of speech,0.09,0.82,positive,0.75,0.5,knowledge,0.87,0.74,abstract,0.29,0.43,0.9,1352
036774588e4fc8ba8292330f4d99e01fc78cb283b49e77e86db6aeae5ec4c6a8:1,47,Relationships are about compatibility and intricate aims.,platform/published,typesafe/jev-1.13,typesafe/jev-1.13-20260917,opinion,0.0,1.0,social,0.0,1.0,literal language,0.72,0.44,positive,0.61,0.23,knowledge,0.95,0.9,abstract,0.26,0.48,0.59,1357
dc3487785c8c9dd82c9fa74b79a75ca85dab468a03167950191760cd8a391e7c:1,608,"Mountaintops echo eternity, whispering the secrets of ancient stones.",platform/published,typesafe/jev-1.13,typesafe/jev-1.13-20260917,opinion,0.0,1.0,physical,0.68,0.36,figure of speech,0.0,1.0,positive,0.65,0.3,knowledge,0.99,0.98,abstract,0.02,0.96,0.08,1364
6c03824804390181b8c7d9a531a7a65cc36fc4f582fddcb5c607feb5551d66f0:1,1017,Every polynomial function can be expressed in a standard form using coefficients.,platform/published,typesafe/jev-1.13,typesafe/jev-1.13-20260917,fact,1.0,1.0,physical,1.0,1.0,literal language,1.0,1.0,positive,1.0,1.0,knowledge,0.96,0.93,abstract,0.0,1.0,0.26,1360
b83254d901ebdd728dc2a3fd93ba9fefbab7d0988ad7a62eccd9290343d21f7b:1,201,Objective critique refines practices.,platform/published,typesafe/jev-1.13,typesafe/jev-1.13-20260917,opinion,0.11,0.77,social,0.0,0.99,literal language,0.69,0.38,positive,0.78,0.55,knowledge,0.57,0.13,abstract,0.04,0.93,0.79,1353
40763c787f43da7dc18ae31ef8da03787012342c6760f2ed5f91167483da3017:1,48,Trust your instincts.,platform/published,typesafe/jev-1.13,typesafe/jev-1.13-20260917,opinion,0.0,1.0,social,0.0,1.0,figure of speech,0.27,0.47,normative,0.0,1.0,knowledge,0.75,0.5,everyday,0.81,0.61,0.86,1351
a632efae4f55d8062d605d5b324a4f7fde7adbe5cf850ce9cd3c8421aa04e143:1,610,"Muscles are nature's levers, powering the machinery of daily movement.",platform/published,typesafe/jev-1.13,typesafe/jev-1.13-20260917,fact,0.63,0.27,physical,1.0,1.0,figure of speech,0.0,1.0,positive,1.0,0.99,knowledge,0.91,0.82,everyday,0.7,0.41,0.81,1362
484015ed5e49f6560eacf133c0313f5fe4837a48e93104dcb213a377871febf1:1,202,Ignorance is bliss.,platform/published,typesafe/jev-1.13,typesafe/jev-1.13-20260917,opinion,0.0,1.0,social,0.0,1.0,figure of speech,0.0,1.0,normative,0.04,0.91,knowledge,0.91,0.82,abstract,0.1,0.81,0.53,1353
8dca9674755331d25d0929e2dfbe39d0322f0e06204a4621f8e3bdaae7f45961:1,1018,Every road we travel leaves footprints in the sands of time.,platform/published,typesafe/jev-1.13,typesafe/jev-1.13-20260917,opinion,0.0,1.0,social,0.03,0.95,figure of speech,0.0,1.0,positive,0.64,0.28,knowledge,0.86,0.72,abstract,0.01,0.99,0.37,1360
85185891f544f260e79114f512b3d361d8a5357004a1d7a124b3700450fd770a:1,1019,Every rose has its thorn; beauty can accompany challenges and discomfort.,platform/published,typesafe/jev-1.13,typesafe/jev-1.13-20260917,opinion,0.05,0.9,social,0.37,0.27,figure of speech,0.0,1.0,positive,0.68,0.37,reasoning,0.36,0.27,abstract,0.27,0.46,0.84,1361
34a85e40dcebb931f9098c3f6cb58fa14ea99dd244193ba3dd273e072f8e452a:1,609,Mountaintops offer panoramic views of surrounding landscapes and regions.,platform/published,typesafe/jev-1.13,typesafe/jev-1.13-20260917,fact,0.99,0.97,physical,1.0,1.0,literal language,1.0,1.0,positive,1.0,1.0,knowledge,0.99,0.99,everyday,1.0,1.0,0.93,1360
1a4a1f1ae1524dc03fd42cc9c16fdd7929eaa3ca7e5ef224b14b369c8ecacda9:1,203,Humility cultivates respect.,platform/published,typesafe/jev-1.13,typesafe/jev-1.13-20260917,opinion,0.0,1.0,social,0.0,1.0,figure of speech,0.29,0.42,normative,0.44,0.13,knowledge,0.8,0.6,abstract,0.13,0.74,0.84,1354
abad71d256a237b5d842c3b4f4bf95bd5a3a3cfda12972437b887ba827c58d17:1,611,"Muscles strengthen through resistance, like iron sharpening steel's edge.",platform/published,typesafe/jev-1.13,typesafe/jev-1.13-20260917,fact,0.96,0.91,physical,1.0,1.0,figure of speech,0.0,0.99,positive,1.0,0.99,knowledge,0.94,0.87,everyday,0.83,0.65,0.83,1362
9be34e693f41338b9d6cdf06319c2b90ca81bb448b14c08e953b7711dacd16bf:1,204,Apologizing can restore harmony.,platform/published,typesafe/jev-1.13,typesafe/jev-1.13-20260917,opinion,0.18,0.64,social,0.0,1.0,literal language,0.93,0.85,positive,0.88,0.75,knowledge,0.87,0.75,everyday,0.98,0.97,0.93,1354
6d8d02a0b88de3490e759a9adbdcef96e313612997d4cbce921c19577bd9329a:1,1020,Every story has two sides; perspectives shape narratives in complex ways.,platform/published,typesafe/jev-1.13,typesafe/jev-1.13-20260917,opinion,0.0,1.0,social,0.0,1.0,figure of speech,0.05,0.91,positive,0.76,0.53,knowledge,0.72,0.44,abstract,0.05,0.91,0.81,1360
ce77eeb5ee6f99c2ff772a04385cdda9e6eb864f0fba623ab3a1ad91e551ac29:1,612,Museum exhibits reflect cultural history and artistic evolution.,platform/published,typesafe/jev-1.13,typesafe/jev-1.13-20260917,fact,0.7,0.4,social,0.0,0.99,literal language,0.99,0.98,positive,0.99,0.99,knowledge,0.97,0.94,abstract,0.22,0.56,0.81,1357
931409af1790bbfc9304b3e006414bc632832ec1586b8c0ecba02297bb9020f4:1,205,Offering forgiveness heals hurts.,platform/published,typesafe/jev-1.13,typesafe/jev-1.13-20260917,opinion,0.01,0.98,social,0.0,1.0,figure of speech,0.09,0.81,positive,0.72,0.43,knowledge,0.91,0.82,everyday,0.6,0.2,0.79,1353
edb63a7d675fa3c318ba9d4fa850307c8f0a973fa3a817a357520564e0bae7c8:1,1021,Every tradition has roots; customs build the framework for community connections.,platform/published,typesafe/jev-1.13,typesafe/jev-1.13-20260917,opinion,0.02,0.96,social,0.0,1.0,figure of speech,0.03,0.95,positive,0.63,0.26,knowledge,0.84,0.69,abstract,0.03,0.94,0.81,1360
90119de179ef478304e521e8ab0208a968217ab08ca4414d02063ae3ebeeba4c:1,206,Encouragement inspires action.,platform/published,typesafe/jev-1.13,typesafe/jev-1.13-20260917,opinion,0.08,0.83,social,0.0,1.0,literal language,0.62,0.23,positive,0.96,0.91,knowledge,0.96,0.91,everyday,0.59,0.18,0.89,1354
f6a741f000276aa0cc60feb3438b8cd9ae2d91879bf504544f3f55b03b8c29fa:1,1022,"Exercise boosts mood by releasing endorphins, promoting mental well-being.",platform/published,typesafe/jev-1.13,typesafe/jev-1.13-20260917,fact,0.99,0.99,physical,1.0,1.0,literal language,1.0,1.0,positive,1.0,1.0,knowledge,0.96,0.91,everyday,0.84,0.68,0.89,1361
04aa26cc078962f9b5aba0af70eca0ddb9630936e42bd273460a6b8cfb67ea44:1,613,Music evokes emotions and connects across cultural boundaries.,platform/published,typesafe/jev-1.13,typesafe/jev-1.13-20260917,opinion,0.24,0.52,social,0.0,1.0,literal language,0.77,0.55,positive,0.99,0.98,knowledge,1.0,0.99,abstract,0.31,0.39,0.83,1357
d0eae94680fc91a95a8014c766ed968e8b66d92c83a07c31ae6fbe66d776d8a7:1,614,"Music evokes emotions, resonating differently with individuals.",platform/published,typesafe/jev-1.13,typesafe/jev-1.13-20260917,opinion,0.44,0.13,social,0.0,0.99,literal language,0.63,0.25,positive,1.0,1.0,knowledge,1.0,1.0,everyday,0.79,0.58,0.92,1358
ec3925500fad83deea6f58804d58121afda94129a2716ac2cad236b121d99558:1,207,Spill the beans means reveal a secret.,platform/published,typesafe/jev-1.13,typesafe/jev-1.13-20260917,fact,1.0,1.0,social,0.0,1.0,figure of speech,0.0,1.0,positive,0.86,0.73,knowledge,1.0,1.0,everyday,0.95,0.89,0.79,1356
2e6bafc36fc1c094b0a027318e8c5117aa9b5f65d3718676c35eb976413b845a:1,615,"Music is the heart's language, a universal melody sung across cultures.",platform/published,typesafe/jev-1.13,typesafe/jev-1.13-20260917,opinion,0.0,1.0,social,0.0,1.0,figure of speech,0.0,1.0,normative,0.19,0.62,knowledge,0.99,0.98,abstract,0.02,0.97,0.53,1361
1b427013a811ae2f1f8dd68c8a7c49b824638209a3fd87c213a7e82a3155b01d:1,1023,Field experiments assess real-world applicability of scientific theories.,platform/published,typesafe/jev-1.13,typesafe/jev-1.13-20260917,fact,0.97,0.95,physical,0.59,0.18,literal language,1.0,1.0,positive,1.0,1.0,knowledge,0.92,0.84,abstract,0.01,0.99,0.55,1360
6e1d63812d741112cc999d7425e572ee1fd493b1cefadf8d95ecbdf7d5f66aad:1,1024,Fitness fads come and go; the core principles remain grounded in science.,platform/published,typesafe/jev-1.13,typesafe/jev-1.13-20260917,opinion,0.08,0.84,social,0.49,0.03,figure of speech,0.21,0.57,positive,0.98,0.95,knowledge,0.75,0.51,abstract,0.26,0.48,0.77,1362
1ac05bce6f172c09480f4b4e12878fb1da3da37e32c39759f8fb0e84be9deaee:1,208,"Waste not, want not.",platform/published,typesafe/jev-1.13,typesafe/jev-1.13-20260917,opinion,0.01,0.97,social,0.01,0.98,figure of speech,0.0,1.0,normative,0.02,0.97,knowledge,0.69,0.37,everyday,0.83,0.67,0.91,1354
2345a5b4230e2db6523b1db176eab7c7252a39ca9d493431692f11f541b1ee76:1,616,Music is the heartbeat synchronizing the rhythm of global cultures.,platform/published,typesafe/jev-1.13,typesafe/jev-1.13-20260917,opinion,0.0,1.0,social,0.0,1.0,figure of speech,0.0,1.0,normative,0.34,0.32,knowledge,0.89,0.78,abstract,0.0,1.0,0.29,1360
f8baae294555f70dc849c8f06a3d134d88d1f60a7efb6e3cd393e55150971ba1:1,209,Humility precedes honor.,platform/published,typesafe/jev-1.13,typesafe/jev-1.13-20260917,opinion,0.0,1.0,social,0.0,1.0,figure of speech,0.01,0.99,normative,0.11,0.78,knowledge,0.94,0.88,abstract,0.03,0.94,0.75,1353
88a6deda2ffc71439bb78af0e7fc47590daf130327795a728c7b793564ae0a9a:1,617,"Nanotechnology is the wizard’s wand, building vast worlds from minuscule particles.",platform/published,typesafe/jev-1.13,typesafe/jev-1.13-20260917,opinion,0.0,1.0,physical,0.95,0.9,figure of speech,0.0,1.0,normative,0.38,0.24,knowledge,0.96,0.91,abstract,0.0,1.0,0.11,1365
846d82c6ded75628461cca4ada4657d2befa9dcbb84d174166be2be17f0b5f20:1,618,Nasal breathing during prayer affects physiology akin to controlled breathing's effects.,platform/published,typesafe/jev-1.13,typesafe/jev-1.13-20260917,fact,0.88,0.76,physical,1.0,1.0,literal language,0.97,0.94,positive,1.0,1.0,knowledge,0.65,0.29,abstract,0.17,0.65,0.34,1361
124231461c83f307289d9764ab38e1bb6c9c85cb61380ac924ca069e1c4ed0dd:1,210,He who hesitates is lost.,platform/published,typesafe/jev-1.13,typesafe/jev-1.13-20260917,opinion,0.0,1.0,social,0.0,1.0,figure of speech,0.0,1.0,normative,0.07,0.87,knowledge,0.85,0.71,abstract,0.4,0.19,0.67,1355
18638eea6165817529c253a5be1de88e3604f0e8355f3f069e94cd2e86304a41:1,1025,Floodplains are important areas for agriculture due to nutrient-rich soil deposited by rivers.,platform/published,typesafe/jev-1.13,typesafe/jev-1.13-20260917,fact,1.0,0.99,physical,1.0,1.0,literal language,1.0,1.0,positive,0.97,0.94,knowledge,0.94,0.88,abstract,0.28,0.43,0.68,1365
69024bb4eed9afa11c3779770ffb257f8e0c7def9975f5036bdcbc9972b00b6a:1,1026,Flora and fauna adaptations reflect evolutionary changes to meet environmental challenges.,platform/published,typesafe/jev-1.13,typesafe/jev-1.13-20260917,fact,1.0,1.0,physical,1.0,1.0,literal language,1.0,1.0,positive,1.0,1.0,knowledge,0.79,0.59,abstract,0.0,1.0,0.64,1360
428230a4a5884f5a73130205bdd2c97a75f2bc409e8aad40ec28dd370d4603a7:1,211,Gratitude fosters joy.,platform/published,typesafe/jev-1.13,typesafe/jev-1.13-20260917,opinion,0.05,0.9,social,0.0,1.0,figure of speech,0.33,0.35,positive,0.92,0.83,knowledge,0.95,0.9,abstract,0.34,0.33,0.85,1354
8837dbff535b42468b3c3ed3c3e09d4af5b61ce2e06a23cf58119056a23ea64d:1,619,Natural selection sculpts life's diversity with meticulous precision.,platform/published,typesafe/jev-1.13,typesafe/jev-1.13-20260917,opinion,0.25,0.51,physical,1.0,1.0,figure of speech,0.0,0.99,positive,0.96,0.93,knowledge,0.93,0.86,abstract,0.0,1.0,0.3,1359
e7cb3c5d6574159c37bae823c0ba84cf8ef86813f265e0687404fb1b7e9f4c74:1,1027,"Flowers bloom in spring, showcasing seasonal changes and environmental responses.",platform/published,typesafe/jev-1.13,typesafe/jev-1.13-20260917,fact,1.0,0.99,physical,1.0,1.0,literal language,0.99,0.99,positive,1.0,1.0,knowledge,0.97,0.95,everyday,0.98,0.96,0.92,1360
2a9bf5f820f7a6abcf044636aff4eb4b93767dd6abdb8f3050559a77cca164bc:1,212,Actions speak louder than words.,platform/published,typesafe/jev-1.13,typesafe/jev-1.13-20260917,opinion,0.0,1.0,social,0.0,1.0,figure of speech,0.0,1.0,normative,0.02,0.95,knowledge,0.94,0.88,abstract,0.49,0.02,0.9,1353
6209c8bc9995d924331dc8042d3ae4410081ba3d2f32584f59cdd809fb1bf4bd:1,621,Newton's second law states force equals mass times acceleration.,platform/published,typesafe/jev-1.13,typesafe/jev-1.13-20260917,fact,1.0,1.0,physical,1.0,1.0,literal language,1.0,1.0,positive,1.0,1.0,knowledge,1.0,1.0,abstract,0.04,0.92,0.26,1358
d7ac618f171ab32a7f7d3d439d553162f6845d88bac26b59e78b55faf2079992:1,213,Cultural sagas recount historical events.,platform/published,typesafe/jev-1.13,typesafe/jev-1.13-20260917,fact,0.9,0.8,social,0.0,1.0,literal language,1.0,0.99,positive,1.0,1.0,knowledge,1.0,1.0,abstract,0.08,0.83,0.72,1356
c8899a96c77f804fc20004b5c7d67468e965820c808a2d6c248af4e936d06d17:1,1028,Fluid dynamics studies how liquids and gases behave under various forces and conditions.,platform/published,typesafe/jev-1.13,typesafe/jev-1.13-20260917,fact,1.0,1.0,physical,1.0,1.0,literal language,1.0,1.0,positive,1.0,1.0,knowledge,1.0,1.0,abstract,0.07,0.87,0.51,1361
82f63cd2f6bd98417f9a05fa426680c1f5f74d718d8b8b0fbc8a5ec7a0876e61:1,620,"Nature follows its own script, often unknowable and infinite.",platform/published,typesafe/jev-1.13,typesafe/jev-1.13-20260917,opinion,0.0,1.0,physical,0.89,0.79,figure of speech,0.0,1.0,positive,0.85,0.71,knowledge,0.95,0.91,abstract,0.0,1.0,0.3,1361
ba47456d8bf5095c75af840769e67f43cfa2b83c38040cc4cb6e92db0713f0b9:1,1029,"Fluids exert pressure uniformly in all directions, demonstrated in physics by Pascal's principle.",platform/published,typesafe/jev-1.13,typesafe/jev-1.13-20260917,fact,1.0,1.0,physical,1.0,1.0,literal language,1.0,1.0,positive,1.0,1.0,knowledge,0.98,0.97,abstract,0.04,0.93,0.17,1364
1e462f7f450069a1d211523f880a6233e9a19e5bbdadccd4223753eeb9928aef:1,214,Monastic orders follow strict rules.,platform/published,typesafe/jev-1.13,typesafe/jev-1.13-20260917,fact,0.96,0.93,social,0.0,1.0,literal language,1.0,1.0,positive,0.99,0.97,knowledge,1.0,1.0,abstract,0.16,0.68,0.8,1354
f675fee1af1d77adb4f7fcef2a5de681e1c9394e2a2fa213bae468cec104e65d:1,622,Newton's third law: every action has an equal and opposite reaction.,platform/published,typesafe/jev-1.13,typesafe/jev-1.13-20260917,fact,1.0,1.0,physical,1.0,1.0,literal language,0.99,0.97,positive,1.0,1.0,knowledge,1.0,1.0,abstract,0.13,0.73,0.37,1361
561633c872fefe65a0de69d6550ad51e3a0daa0bbb3fd0ea721e6a88b3ae733d:1,1030,Foreshadowing in literature refers to hints about future events in a storyline.,platform/published,typesafe/jev-1.13,typesafe/jev-1.13-20260917,fact,1.0,1.0,social,0.01,0.98,literal language,0.93,0.85,positive,0.97,0.95,knowledge,1.0,1.0,abstract,0.13,0.74,0.48,1363
839e881f9345d2eb73e1bc4ce78c57d3388452aca802cb5842a1895fedd2babe:1,215,Logical steps enhance procedures.,platform/published,typesafe/jev-1.13,typesafe/jev-1.13-20260917,opinion,0.23,0.54,physical,0.76,0.52,literal language,0.94,0.88,positive,0.63,0.27,knowledge,0.7,0.4,abstract,0.31,0.38,0.83,1352
4185fbf9734d708dd4ab79ebe65bb45dd439284f1e9643fbb8f86a4bbeb5854a:1,1031,Fossils found in sedimentary rock layers provide insight into Earth's historical life forms.,platform/published,typesafe/jev-1.13,typesafe/jev-1.13-20260917,fact,1.0,1.0,physical,1.0,1.0,literal language,1.0,1.0,positive,1.0,1.0,knowledge,0.97,0.95,abstract,0.03,0.95,0.64,1366
d5810fe5c5c8e3ec90169ee1cd56d1638329b047f0624ffef249a54b8fcdcc05:1,623,Norms are the choreography directing the dance of communal life.,platform/published,typesafe/jev-1.13,typesafe/jev-1.13-20260917,opinion,0.0,1.0,social,0.0,1.0,figure of speech,0.0,1.0,normative,0.28,0.45,knowledge,0.86,0.72,abstract,0.0,0.99,0.57,1362
d4cfb2484f08f85e5221d4f15f76fc3aef9933bb6c82b55ecfff3a4ff2aa6760:1,216,Shintoism involves purification rituals.,platform/published,typesafe/jev-1.13,typesafe/jev-1.13-20260917,fact,1.0,1.0,social,0.0,0.99,literal language,1.0,1.0,positive,0.99,0.99,knowledge,1.0,1.0,abstract,0.15,0.7,0.56,1354
fae3aa8f3d431d7eedbc50cc8578899fe623c3882160c88a56d68881ac7968c7:1,1032,Frequency measures how often a wave oscillates per unit of time.,platform/published,typesafe/jev-1.13,typesafe/jev-1.13-20260917,fact,1.0,1.0,physical,1.0,1.0,literal language,1.0,1.0,positive,1.0,1.0,knowledge,1.0,1.0,abstract,0.12,0.77,0.48,1361
f3448f39e4c514c6c24a7c916b3cdc8d92c640bd5210b22a8e36e062f3b17d0c:1,624,Numbers analyze quantities as fundamental elements of computation.,platform/published,typesafe/jev-1.13,typesafe/jev-1.13-20260917,fact,0.7,0.4,physical,1.0,0.99,literal language,0.81,0.62,positive,0.98,0.96,knowledge,0.93,0.87,abstract,0.0,1.0,0.5,1356
339a100d73f67a7c1a345fc2419251aa2e8a1a9b28dc90e3103f3d33ee2f975b:1,217,Mindfulness improves focus.,platform/published,typesafe/jev-1.13,typesafe/jev-1.13-20260917,fact,0.93,0.87,physical,0.66,0.32,literal language,1.0,1.0,positive,1.0,1.0,knowledge,1.0,0.99,everyday,0.73,0.46,0.67,1353
db5c62bd84621dfc3931dd7bb3067d99436b68b7dac14ea9a9f94cd1bdc08224:1,625,Numbers and operations form the base of arithmetic principles.,platform/published,typesafe/jev-1.13,typesafe/jev-1.13-20260917,fact,0.97,0.93,physical,0.99,0.99,literal language,0.69,0.38,positive,0.99,0.99,knowledge,0.95,0.9,abstract,0.04,0.93,0.82,1357
a25fcdb01edc4db179d7707735c246440da6367e06aed3da9d64ab714901ddde:1,1033,Friction causes heat generation when objects slide against each other.,platform/published,typesafe/jev-1.13,typesafe/jev-1.13-20260917,fact,1.0,1.0,physical,1.0,1.0,literal language,1.0,1.0,positive,1.0,1.0,knowledge,1.0,0.99,everyday,0.99,0.98,0.92,1360
d933d79aefab366880509c88a78536758061dd1c8aec14e7d8d8f43cdbbf6647:1,1035,Geographic information systems (GIS) can be used to analyze spatial data effectively.,platform/published,typesafe/jev-1.13,typesafe/jev-1.13-20260917,fact,0.99,0.98,physical,0.98,0.96,literal language,1.0,1.0,positive,1.0,1.0,knowledge,1.0,0.99,abstract,0.07,0.86,0.47,1365
c1abe25125453fd2a63739ca0f7e8d8378754f3fc4adce5dc3a2b94598ff5712:1,626,Numbers are the keys unlocking the universe’s hidden symphony.,platform/published,typesafe/jev-1.13,typesafe/jev-1.13-20260917,opinion,0.0,1.0,physical,0.91,0.82,figure of speech,0.0,1.0,normative,0.47,0.06,knowledge,0.94,0.89,abstract,0.0,1.0,0.12,1360
58bf71ff2cd71f1ad9a48dd29f5a3db2d819ddd0eb2b14c3f135d2d704cc90e0:1,627,Numbers map the uncharted wilderness of human reason's realm.,platform/published,typesafe/jev-1.13,typesafe/jev-1.13-20260917,opinion,0.0,1.0,physical,0.57,0.14,figure of speech,0.0,1.0,positive,0.55,0.1,knowledge,0.82,0.64,abstract,0.0,1.0,0.14,1360
7e9e5910ae0a866c0c8b6208725b7a70616d5848ae750601cb3fb37e4ecade15:1,218,Practicing instruments prepares for performances.,platform/published,typesafe/jev-1.13,typesafe/jev-1.13-20260917,fact,0.93,0.87,physical,0.54,0.07,literal language,1.0,1.0,positive,0.99,0.98,knowledge,0.87,0.75,everyday,1.0,1.0,0.96,1355
9591daea6e1cda739964198c89370e9e5edefd56ff5ed7fd24d00b0227db3550:1,1034,"Friction opposes motion, illustrating a measurable force in physical interactions.",platform/published,typesafe/jev-1.13,typesafe/jev-1.13-20260917,fact,1.0,1.0,physical,1.0,1.0,literal language,1.0,1.0,positive,1.0,1.0,knowledge,0.99,0.97,everyday,0.83,0.66,0.8,1362
67b2adbf1bd0b3ce16ea5325fe1e93935ff2ed7eb794c9118838994d12229e92:1,219,Structured frameworks guide learning.,platform/published,typesafe/jev-1.13,typesafe/jev-1.13-20260917,opinion,0.34,0.32,social,0.01,0.99,literal language,0.86,0.71,positive,0.76,0.51,knowledge,0.96,0.92,abstract,0.12,0.76,0.76,1352
54aa485272a36a65208270a75b0ab6110f8a092f9f88e1f2df82695c0507208f:1,1036,Geographical barriers can lead to speciation as populations evolve in isolation.,platform/published,typesafe/jev-1.13,typesafe/jev-1.13-20260917,fact,1.0,1.0,physical,1.0,1.0,literal language,1.0,1.0,positive,1.0,1.0,knowledge,0.91,0.83,abstract,0.0,1.0,0.44,1363
b342447da925e7dc462fd310714640c19a0216d22d141c2ea51cc41596e3a838:1,220,Structured preparations ensure readiness.,platform/published,typesafe/jev-1.13,typesafe/jev-1.13-20260917,opinion,0.16,0.69,social,0.43,0.15,literal language,0.79,0.57,positive,0.72,0.44,knowledge,0.61,0.22,abstract,0.45,0.09,0.84,1352
b42dcae60abb157a0f48c0ba429c80194a550a5daaa74b81e1449e5f9de9fc03:1,630,Numbers weave patterns into the fabric of mathematical reality.,platform/published,typesafe/jev-1.13,typesafe/jev-1.13-20260917,opinion,0.0,0.99,physical,0.98,0.95,figure of speech,0.0,1.0,positive,0.78,0.56,knowledge,0.96,0.93,abstract,0.0,1.0,0.15,1357
71ef54077af7d8b95b69c9ee906301fb42c4279021c81cd0ed38b602fe77c021:1,222,Writing lists organizes tasks.,platform/published,typesafe/jev-1.13,typesafe/jev-1.13-20260917,fact,0.77,0.55,social,0.46,0.07,literal language,1.0,1.0,positive,0.98,0.97,knowledge,0.96,0.92,everyday,1.0,1.0,0.93,1354
9e1fbaa0460611424b2baa8e195367467dc8e3c0ebd3a9dd07b83ede097efa23:1,221,Proof by contradiction validates theorems.,platform/published,typesafe/jev-1.13,typesafe/jev-1.13-20260917,fact,1.0,0.99,physical,0.96,0.92,literal language,1.0,1.0,positive,0.99,0.98,knowledge,0.78,0.55,abstract,0.0,1.0,0.3,1355
75e18fa74c5f1d486393fb626cfedc4f62a6f1bda3d524a745bb95c6fd96b91c:1,628,Numbers pitch an invisible symphony in the theater of nature.,platform/published,typesafe/jev-1.13,typesafe/jev-1.13-20260917,opinion,0.0,1.0,physical,0.92,0.84,figure of speech,0.0,1.0,positive,0.73,0.46,knowledge,0.93,0.86,abstract,0.0,1.0,0.12,1360
ac2ea193b7f7e1d04f10ad89b3d8c2b76554659550aa6367510a8d976c7661e0:1,1037,Geographical coordinates can pinpoint locations accurately on Earth's surface.,platform/published,typesafe/jev-1.13,typesafe/jev-1.13-20260917,fact,1.0,1.0,physical,1.0,1.0,literal language,1.0,1.0,positive,1.0,1.0,knowledge,1.0,0.99,everyday,0.64,0.28,0.76,1361
1753c4ac3811f129549aa3791864d1efd27fc2f83bc4b89811d8f5d72ca7d2e2:1,629,"Numbers tell tales timelessly, independent of who’s turning the page.",platform/published,typesafe/jev-1.13,typesafe/jev-1.13-20260917,opinion,0.01,0.98,physical,0.74,0.47,figure of speech,0.0,1.0,positive,0.84,0.69,knowledge,0.91,0.83,abstract,0.01,0.99,0.46,1362
a3ce72c1d356974d28c9f7e2080ec59e398906216711cd76e2435d20f13054ec:1,1038,"Geometry involves understanding shapes, angles, and the measurements associated with them.",platform/published,typesafe/jev-1.13,typesafe/jev-1.13-20260917,fact,1.0,1.0,physical,1.0,1.0,literal language,1.0,1.0,positive,1.0,0.99,knowledge,1.0,1.0,everyday,0.5,0.0,0.85,1361
31c3488215ab43c7ff004d4b47805446688e7589fe38ddce0985704dcb7a859f:1,223,Synagogues are places of Jewish worship.,platform/published,typesafe/jev-1.13,typesafe/jev-1.13-20260917,fact,1.0,1.0,social,0.22,0.57,literal language,1.0,1.0,positive,1.0,0.99,knowledge,1.0,1.0,everyday,0.93,0.87,0.88,1356
f01c4b600739d6bb7a995172608b39f2ba6f6a81aa9b03e52010160dcaaf0bfb:1,631,Nutrition is the compass guiding life's journey toward wellness.,platform/published,typesafe/jev-1.13,typesafe/jev-1.13-20260917,opinion,0.0,1.0,physical,0.68,0.36,figure of speech,0.0,1.0,normative,0.01,0.98,knowledge,0.9,0.8,abstract,0.06,0.88,0.66,1360
fa645f18859582d611ce4b23b0de3b6be8cf904e3c2905e053014adabfed46fa:1,224,Judaism observes the Sabbath weekly.,platform/published,typesafe/jev-1.13,typesafe/jev-1.13-20260917,fact,1.0,1.0,social,0.0,1.0,literal language,1.0,1.0,positive,0.92,0.85,knowledge,1.0,1.0,everyday,0.74,0.48,0.69,1354
d346076caee2a3889e2ec4836c62d865f7d6e616c74b249bac52ba664ff919ee:1,632,Nutrition is the kaleidoscope coloring health’s evolving landscape.,platform/published,typesafe/jev-1.13,typesafe/jev-1.13-20260917,opinion,0.0,1.0,physical,0.81,0.63,figure of speech,0.0,1.0,normative,0.48,0.03,knowledge,0.93,0.87,abstract,0.01,0.99,0.18,1361
a6fbe2b87ecfeaa2d1dfb7e76a1f77cc4ddde67d762152ae7f5936cf1a6ee79a:1,1039,"Good fences make good neighbors, establishing boundaries for peaceful coexistence.",platform/published,typesafe/jev-1.13,typesafe/jev-1.13-20260917,opinion,0.0,1.0,social,0.0,1.0,figure of speech,0.0,0.99,normative,0.0,1.0,knowledge,0.61,0.22,everyday,0.52,0.04,0.88,1362
72338742d1ae2419fd0ed46ab6b8497fa064be68a8a5b65cdfffd16cecb56ce9:1,1040,Gravity affects the trajectory of thrown objects and projectiles.,platform/published,typesafe/jev-1.13,typesafe/jev-1.13-20260917,fact,1.0,1.0,physical,1.0,1.0,literal language,1.0,1.0,positive,1.0,1.0,knowledge,1.0,0.99,everyday,0.98,0.96,0.92,1359
5c287889eb8357d1db99c5c3bd23d0613ec03c1a75bc53edbac45d452cf77d0a:1,225,Methodologies standardize procedures.,platform/published,typesafe/jev-1.13,typesafe/jev-1.13-20260917,fact,0.96,0.92,social,0.01,0.98,literal language,1.0,1.0,positive,0.97,0.94,knowledge,0.97,0.94,abstract,0.04,0.91,0.79,1356
350937032e63b3c68537bbe4fcaee75b5e53f75b43c0540f70171f99a62926f6:1,1041,Gravity causes objects to fall toward the Earth when dropped.,platform/published,typesafe/jev-1.13,typesafe/jev-1.13-20260917,fact,1.0,1.0,physical,1.0,1.0,literal language,1.0,1.0,positive,1.0,1.0,knowledge,0.99,0.97,everyday,0.99,0.98,0.95,1358
61541eb309d2fbb2b37cac5206fe62e095a547636119ecdca5e93c9cbafd41e7:1,633,"Nutritional advice often reflects societal views, not definitive truths.",platform/published,typesafe/jev-1.13,typesafe/jev-1.13-20260917,opinion,0.07,0.85,social,0.0,1.0,literal language,0.99,0.98,positive,0.91,0.81,knowledge,0.77,0.53,abstract,0.08,0.84,0.72,1360
0d476bec915be518a873fb51c7b0c9f4b892ed74e627a2e000333f721e40f7ec:1,1043,Growth often comes amid challenges; overcoming adversity strengthens character and resolve.,platform/published,typesafe/jev-1.13,typesafe/jev-1.13-20260917,opinion,0.0,1.0,social,0.0,1.0,figure of speech,0.13,0.73,normative,0.36,0.28,knowledge,0.58,0.15,abstract,0.16,0.69,0.9,1361
8c7963b3327c1666aeb186623c50d3a262e1aef4f8d02c82ba92b61036948698:1,226,Ramadan is a holy month in Islam.,platform/published,typesafe/jev-1.13,typesafe/jev-1.13-20260917,fact,0.9,0.8,social,0.0,1.0,literal language,1.0,1.0,normative,0.09,0.82,knowledge,1.0,1.0,abstract,0.44,0.12,0.71,1356
6881e6599dc2e54d21e20dae831a47418606358f4c5806ed1a044e43aa844e8f:1,1042,Gravity pulls us down; it's a force no one can escape.,platform/published,typesafe/jev-1.13,typesafe/jev-1.13-20260917,fact,0.97,0.94,physical,1.0,1.0,literal language,0.75,0.5,positive,1.0,1.0,knowledge,0.99,0.98,everyday,0.94,0.89,0.94,1361
de0574baa105009acff78d73af9044ec1e130ae902a9b580d5539bb00742cc33:1,634,Objects in motion stay in motion unless acted upon by force.,platform/published,typesafe/jev-1.13,typesafe/jev-1.13-20260917,fact,1.0,1.0,physical,1.0,1.0,literal language,1.0,1.0,positive,1.0,1.0,knowledge,0.99,0.99,abstract,0.12,0.75,0.44,1359
0ae1b2ee2d0473a0d7cf819fb8dc2870e4c48a4518a85eae6c4c7422ea0787be:1,227,Tipping in restaurants is customary.,platform/published,typesafe/jev-1.13,typesafe/jev-1.13-20260917,fact,0.86,0.71,social,0.0,1.0,literal language,1.0,1.0,normative,0.14,0.71,knowledge,1.0,1.0,everyday,1.0,0.99,0.77,1355
b1f648100b8a95550ca8168bf4e3d5b96d46e623f2deb86395147476886f0644:1,636,Observed phenomena can be subjectively interpreted or empirically measured.,platform/published,typesafe/jev-1.13,typesafe/jev-1.13-20260917,fact,0.94,0.87,physical,0.69,0.37,literal language,1.0,1.0,positive,1.0,1.0,knowledge,0.85,0.71,abstract,0.06,0.88,0.76,1364
d452986c93c6e53e673f0b19c002322f4f08e6734e755f02973e881e756f10d5:1,635,Observation reveals patterns in everyday life activities.,platform/published,typesafe/jev-1.13,typesafe/jev-1.13-20260917,fact,0.83,0.67,social,0.34,0.32,literal language,0.99,0.98,positive,1.0,1.0,knowledge,0.94,0.88,everyday,0.87,0.75,0.91,1357
13f4adf83455812df87be89b0d9a2735cedc667b986b29c16c8bfa80268c0ad1:1,1044,Growth often requires discomfort; stepping outside comfort zones reveals insights.,platform/published,typesafe/jev-1.13,typesafe/jev-1.13-20260917,opinion,0.0,0.99,social,0.0,0.99,figure of speech,0.01,0.98,normative,0.46,0.07,knowledge,0.67,0.34,abstract,0.24,0.52,0.85,1360
d84240a2809b698d25e51042e0ac8f92d4c7733269f3207107c7a4fe3f80a7c3:1,1045,Health recommendations are based on aggregated data and research findings.,platform/published,typesafe/jev-1.13,typesafe/jev-1.13-20260917,fact,0.99,0.99,social,0.46,0.09,literal language,1.0,1.0,positive,1.0,0.99,knowledge,0.98,0.96,abstract,0.03,0.93,0.63,1358
a38b5c3938272799d5f1740ba12cacdba218011ce613f7ed386178caccefffc3:1,228,Sharing meals creates bonds.,platform/published,typesafe/jev-1.13,typesafe/jev-1.13-20260917,opinion,0.14,0.72,social,0.0,1.0,literal language,0.54,0.09,positive,0.93,0.87,knowledge,0.99,0.97,everyday,0.94,0.88,0.92,1352
9342a5398096c88b74e0a586385559ea2391d797325f89bf8125c81a776b1d02:1,637,"Oceans are Earth's eternal mirror, reflecting the sky's boundless dreams.",platform/published,typesafe/jev-1.13,typesafe/jev-1.13-20260917,opinion,0.0,1.0,physical,0.63,0.26,figure of speech,0.0,1.0,normative,0.48,0.03,knowledge,0.99,0.98,abstract,0.02,0.97,0.1,1365
b93fd3e625e92f47b299621dc680bce8ff0e743461bb6cd8df559f6665e06f7e:1,229,Handwritten notes show thoughtfulness.,platform/published,typesafe/jev-1.13,typesafe/jev-1.13-20260917,opinion,0.0,1.0,social,0.0,1.0,literal language,0.68,0.36,normative,0.08,0.85,knowledge,0.91,0.82,everyday,0.83,0.65,0.83,1357
c5d0bae5534800a986bd66b4ad50bbfc3654e9ab5093ad944b114b28eb24b016:1,230,Read books to expand knowledge.,platform/published,typesafe/jev-1.13,typesafe/jev-1.13-20260917,opinion,0.29,0.41,social,0.09,0.82,literal language,0.99,0.99,normative,0.01,0.97,knowledge,0.77,0.53,everyday,0.98,0.95,0.93,1353
50da9cb53533e69d69ee94b52b67702b2503448f39fc394b7ad8ad756d558604:1,638,"Oceans are the planet's lungs, breathing life into coastal horizons.",platform/published,typesafe/jev-1.13,typesafe/jev-1.13-20260917,opinion,0.03,0.94,physical,0.8,0.59,figure of speech,0.0,1.0,positive,0.69,0.37,knowledge,0.97,0.94,abstract,0.03,0.93,0.29,1364
4185ad09aaa6f9fc350698dc311df0675d9a8babfff3d62dbe9b03fd80707d16:1,231,Folktales reflect indigenous knowledge.,platform/published,typesafe/jev-1.13,typesafe/jev-1.13-20260917,opinion,0.37,0.25,social,0.0,1.0,literal language,0.91,0.83,positive,0.99,0.98,knowledge,0.97,0.95,abstract,0.01,0.98,0.63,1354
678989c5233e463d2b4a361ddc0e39ad0f2f1e7bd7e9014dea02d883c3f51665:1,232,Objective criteria ensure fairness.,platform/published,typesafe/jev-1.13,typesafe/jev-1.13-20260917,opinion,0.04,0.93,social,0.0,1.0,literal language,0.82,0.64,normative,0.21,0.57,reasoning,0.46,0.08,abstract,0.02,0.96,0.72,1352
bd180bc90940f0ed133bef662c6ba13f2c8df32d4d186a5abc1cfe354d89b58c:1,639,"Omega-3s are the body’s lubricant, vital as oil in machinery.",platform/published,typesafe/jev-1.13,typesafe/jev-1.13-20260917,opinion,0.06,0.88,physical,1.0,1.0,figure of speech,0.0,1.0,positive,0.93,0.87,knowledge,0.82,0.65,abstract,0.27,0.46,0.31,1365
b4828c38a659d64db2a2b5d62eb55b683d145bacc017d352ecd05c20be569822:1,640,Opinions are subjective and vary among individuals.,platform/published,typesafe/jev-1.13,typesafe/jev-1.13-20260917,fact,0.56,0.12,social,0.0,1.0,literal language,0.99,0.99,positive,0.95,0.91,knowledge,0.95,0.89,abstract,0.19,0.62,0.94,1357
604d408836fe3533888bc004ec220d2614a345d65fc0645f23c6a0dd35b2d0e2:1,1046,Heart rate during exercise indicates intensity and guides training effectiveness.,platform/published,typesafe/jev-1.13,typesafe/jev-1.13-20260917,fact,0.99,0.99,physical,1.0,1.0,literal language,1.0,1.0,positive,1.0,0.99,knowledge,0.92,0.84,everyday,0.94,0.88,0.78,1358
a0638313415b9b7c0127773cfbe583c81b1c3a11615a472d468b9fd1f9f5e4a2:1,1047,Heart rate monitors help track physical exertion during workouts.,platform/published,typesafe/jev-1.13,typesafe/jev-1.13-20260917,fact,1.0,1.0,physical,1.0,1.0,literal language,1.0,1.0,positive,1.0,1.0,knowledge,1.0,1.0,everyday,1.0,1.0,0.91,1359
2a717dbecc1f81e9f8595512e35c387356dc5b567b91e1183c05529e44f45252:1,1048,Historical milestones mark pivotal moments that influence societal development.,platform/published,typesafe/jev-1.13,typesafe/jev-1.13-20260917,opinion,0.25,0.5,social,0.0,1.0,literal language,0.84,0.68,positive,0.95,0.9,knowledge,0.86,0.72,abstract,0.0,1.0,0.85,1359
bac8563b5f389c4468373475948a957b476c066976006c477ccf556cd7b0d2f6:1,233,"Shintoism focuses on kami, or spiritual beings.",platform/published,typesafe/jev-1.13,typesafe/jev-1.13-20260917,fact,1.0,1.0,social,0.0,1.0,literal language,1.0,1.0,positive,1.0,0.99,knowledge,1.0,1.0,abstract,0.01,0.99,0.46,1358
6c28359d62c489b9dcf7fb5d19cd603efbb4c9a02f1f25ed60bce2690ba1e00d:1,1049,Historical records provide insights into past societies and their cultures.,platform/published,typesafe/jev-1.13,typesafe/jev-1.13-20260917,fact,0.97,0.93,social,0.0,0.99,literal language,0.99,0.98,positive,1.0,1.0,knowledge,0.98,0.95,abstract,0.05,0.9,0.82,1360
8af2b78901b7370abef625feee402555b03cc08c174464c061c4d871b2a553c1:1,641,Opinions are the castles built on the shifting sands of thought.,platform/published,typesafe/jev-1.13,typesafe/jev-1.13-20260917,opinion,0.0,1.0,social,0.0,1.0,figure of speech,0.0,1.0,normative,0.42,0.16,knowledge,0.88,0.76,abstract,0.0,0.99,0.24,1362
647a81b6ac04acf755b1cbb27d9a485787c0474a3f65c95ef7f7ac596db62329:1,642,"Opinions are the fog clouding judgment, revealing distinct individual truths.",platform/published,typesafe/jev-1.13,typesafe/jev-1.13-20260917,opinion,0.0,1.0,social,0.0,1.0,figure of speech,0.0,1.0,normative,0.07,0.85,knowledge,0.7,0.41,abstract,0.0,0.99,0.27,1363
8ceaa32f73bacbce6a0d8745d22b73ea0967f123744b8a2d16b25edb54df88ab:1,234,A smile is contagious.,platform/published,typesafe/jev-1.13,typesafe/jev-1.13-20260917,fact,0.5,0.01,social,0.03,0.93,figure of speech,0.01,0.99,positive,1.0,0.99,knowledge,1.0,1.0,everyday,0.97,0.94,0.89,1352
0c37beb4fe8221ee24577315b1e9727191cdf8017ff26faef5be027e4e9831f7:1,1050,Homeostasis is a biological principle that maintains stability within living organisms internally.,platform/published,typesafe/jev-1.13,typesafe/jev-1.13-20260917,fact,1.0,1.0,physical,1.0,1.0,literal language,1.0,1.0,positive,1.0,1.0,knowledge,1.0,1.0,abstract,0.0,1.0,0.39,1362
8ba8843e3a980b146f0a17f4737a23be9c892aa629b4a69fcc8ec735be5fa707:1,643,Opinions are the kaleidoscope lenses tinting reality with personal hues.,platform/published,typesafe/jev-1.13,typesafe/jev-1.13-20260917,opinion,0.0,1.0,social,0.0,1.0,figure of speech,0.0,1.0,positive,0.68,0.37,knowledge,0.9,0.8,abstract,0.01,0.98,0.46,1363
4275b4c674161a551d1019c0ef3fc355172a9c8a79d7e11be0f9ce6174804c18:1,1051,Human DNA contains the instructions necessary for all bodily functions and traits.,platform/published,typesafe/jev-1.13,typesafe/jev-1.13-20260917,fact,0.98,0.96,physical,1.0,1.0,literal language,0.95,0.9,positive,1.0,1.0,knowledge,1.0,0.99,abstract,0.02,0.97,0.67,1360
75aa7144eb53d8ea28c8f5b8b4945dab7c0b61bc77b56056b047e74a7eab0320:1,235,History repeats itself.,platform/published,typesafe/jev-1.13,typesafe/jev-1.13-20260917,opinion,0.01,0.98,social,0.0,1.0,figure of speech,0.0,0.99,positive,0.99,0.98,knowledge,0.91,0.83,abstract,0.01,0.99,0.62,1351
8961cf9a9b27e9878ff09f409b0099baef13edb816a8fa62a8ca7d08be536808:1,236,Dogs are loyal animals.,platform/published,typesafe/jev-1.13,typesafe/jev-1.13-20260917,opinion,0.18,0.63,social,0.13,0.74,literal language,0.96,0.91,positive,0.9,0.8,knowledge,1.0,1.0,everyday,0.93,0.87,0.93,1352
55ec32015c4fc8c3d748f6458777d9acca9cfdfd34751595e9937d22034fedbf:1,1052,Human bodies need protein to repair and build muscle tissue.,platform/published,typesafe/jev-1.13,typesafe/jev-1.13-20260917,fact,1.0,1.0,physical,1.0,1.0,literal language,1.0,1.0,positive,1.0,1.0,knowledge,1.0,1.0,everyday,0.92,0.85,0.92,1358
7034542ed2371d4b6ad8509399591f1a27f7668226123924ec75c7d9d6896927:1,644,Opinions are the shimmering mirage; reality's oasis often lies beyond sight.,platform/published,typesafe/jev-1.13,typesafe/jev-1.13-20260917,opinion,0.0,1.0,social,0.02,0.97,figure of speech,0.0,1.0,normative,0.1,0.81,knowledge,0.76,0.52,abstract,0.0,1.0,0.36,1367
40f7d7712343d4c2379b0b3b42390312fc1f2b8b9d0b567c41f549d1d34f1ee0:1,237,Sharing is caring.,platform/published,typesafe/jev-1.13,typesafe/jev-1.13-20260917,opinion,0.0,1.0,social,0.0,1.0,figure of speech,0.0,1.0,normative,0.0,1.0,knowledge,0.92,0.84,everyday,0.59,0.18,0.85,1351
c10e3a15208773bb6bb0c307b58ad0f2ae9671b9220053b27d408ac8ece13036:1,645,"Opinions are the weather; they change, yet shape life's everyday climate.",platform/published,typesafe/jev-1.13,typesafe/jev-1.13-20260917,opinion,0.0,1.0,social,0.0,1.0,figure of speech,0.0,1.0,positive,0.72,0.45,knowledge,0.61,0.22,abstract,0.14,0.72,0.68,1364
df6924c44447582658ea380516a05b37270671bffd2ebfde44f0f1a5af7cd67f:1,238,AI ethics address bias concerns.,platform/published,typesafe/jev-1.13,typesafe/jev-1.13-20260917,fact,0.99,0.99,social,0.0,1.0,literal language,1.0,1.0,positive,0.89,0.79,knowledge,1.0,1.0,abstract,0.01,0.97,0.72,1353
ad99d587042436244e304a6797d7dea0dd7472587e632598898923145c514840:1,1053,Human communication involves both verbal and nonverbal elements to convey messages effectively.,platform/published,typesafe/jev-1.13,typesafe/jev-1.13-20260917,fact,0.98,0.95,social,0.0,0.99,literal language,1.0,1.0,positive,0.97,0.95,knowledge,1.0,0.99,everyday,0.84,0.69,0.94,1362
7132fc48ae4a207f5d60808039754f1e926c918a57efb5cb1beab5b912844c8a:1,1054,Human immunology requires knowledge of body responses to various pathogens.,platform/published,typesafe/jev-1.13,typesafe/jev-1.13-20260917,fact,0.99,0.98,physical,1.0,1.0,literal language,1.0,1.0,positive,0.91,0.81,knowledge,0.89,0.77,abstract,0.01,0.98,0.63,1360
3b4bf06e3c92748e148a703822f3f94af8c4cb5a4f7e4cc45d9363eb47859bcb:1,647,Opinions cannot be demonstrated as objectively true or false.,platform/published,typesafe/jev-1.13,typesafe/jev-1.13-20260917,opinion,0.42,0.16,social,0.0,0.99,literal language,0.98,0.97,positive,0.91,0.82,reasoning,0.38,0.24,abstract,0.01,0.99,0.75,1359
19212742bea2e5902f88851a6f6726b4044640fdd819fd1ebf6a547a2e707d92:1,239,Novels can offer social commentary.,platform/published,typesafe/jev-1.13,typesafe/jev-1.13-20260917,fact,0.97,0.94,social,0.0,1.0,literal language,1.0,1.0,positive,1.0,1.0,knowledge,1.0,0.99,abstract,0.28,0.45,0.9,1354
164592dd7bf09472985f5ef009ab14ab6016da2d5c4ffe0083e288bf5b819d30:1,1055,Human perception of temperature varies depending on individual sensitivity.,platform/published,typesafe/jev-1.13,typesafe/jev-1.13-20260917,fact,1.0,0.99,physical,0.84,0.68,literal language,1.0,1.0,positive,1.0,1.0,knowledge,1.0,1.0,everyday,0.97,0.94,0.88,1357
f07dc6d24d792c35f1bde410bbdc5df2b2009d49c8453c39888c6f5f1ae29dac:1,1056,Humans breathe in oxygen and exhale carbon dioxide during respiration.,platform/published,typesafe/jev-1.13,typesafe/jev-1.13-20260917,fact,1.0,1.0,physical,1.0,1.0,literal language,1.0,1.0,positive,1.0,1.0,knowledge,1.0,1.0,everyday,0.87,0.73,0.96,1362
85f9dde2186db95a8992376da9cc4f52256dfa1b6e96a2aaa284bb9751a0a91e:1,646,"Opinions are the wind, sometimes a gentle breeze, sometimes a storm.",platform/published,typesafe/jev-1.13,typesafe/jev-1.13-20260917,opinion,0.0,1.0,social,0.0,1.0,figure of speech,0.0,1.0,positive,0.65,0.29,knowledge,0.95,0.9,abstract,0.08,0.84,0.51,1363
4f996a30e82ba4ceaef865f1270c148e694b79e85d1e93c0faea828c23df519e:1,240,Clear logic explains phenomena.,platform/published,typesafe/jev-1.13,typesafe/jev-1.13-20260917,opinion,0.19,0.63,physical,0.91,0.83,literal language,0.88,0.76,positive,0.92,0.84,knowledge,0.83,0.66,abstract,0.02,0.97,0.77,1352
fb64f567e05841bc972a3d6e4211cbfa68618dbaa27bb7046dbcf64817af1aa4:1,648,Opinions differ based on personal experiences and biases.,platform/published,typesafe/jev-1.13,typesafe/jev-1.13-20260917,fact,0.69,0.38,social,0.0,1.0,literal language,0.99,0.99,positive,1.0,1.0,knowledge,0.89,0.78,abstract,0.45,0.1,0.94,1358
7eac59ee344dc1f00c0a0874571097a644e203d9a2eb60901c00a4777f71119f:1,1057,"Hurricanes form over warm ocean waters, illustrating meteorological patterns and climatic conditions.",platform/published,typesafe/jev-1.13,typesafe/jev-1.13-20260917,fact,1.0,1.0,physical,1.0,1.0,literal language,1.0,1.0,positive,1.0,1.0,knowledge,0.98,0.97,abstract,0.06,0.88,0.64,1368
f4ad600d74a8787efbf36a2fcb7791cefd77c99ba14f69e7a4205a46794a8c1b:1,649,Opinions on art are subjective and culturally influenced.,platform/published,typesafe/jev-1.13,typesafe/jev-1.13-20260917,opinion,0.18,0.65,social,0.0,1.0,literal language,0.99,0.99,positive,0.83,0.66,knowledge,0.97,0.94,abstract,0.07,0.87,0.85,1358
bb6cc650cec9b6516452e66af19b5e5fb972ea77cf2537f3d41590bd73a29181:1,242,Many cultures practice ancestor worship.,platform/published,typesafe/jev-1.13,typesafe/jev-1.13-20260917,fact,1.0,0.99,social,0.0,1.0,literal language,1.0,1.0,positive,1.0,1.0,knowledge,1.0,1.0,abstract,0.09,0.82,0.78,1353
13cdec58cf8c54df06eeb995d9ee105d52af8143a8c7b89e4eb4c029bb5431e7:1,241,Team sports build camaraderie.,platform/published,typesafe/jev-1.13,typesafe/jev-1.13-20260917,opinion,0.19,0.61,social,0.0,1.0,literal language,0.98,0.97,positive,0.97,0.94,knowledge,0.98,0.96,everyday,0.8,0.6,0.89,1355
c6270bd7bbf49a390407a3bf439eb5e7da1a5acae724610ea300980b5ff73e66:1,650,"Opinions reflect personal beliefs, not objectively provable truths.",platform/published,typesafe/jev-1.13,typesafe/jev-1.13-20260917,opinion,0.43,0.14,social,0.0,1.0,literal language,0.99,0.97,positive,0.9,0.8,knowledge,0.71,0.42,abstract,0.04,0.93,0.87,1360
6f17371669b84613e75bc14e4ad4addfd8042a8991c7881e237093257a868036:1,1058,"Hydration influences cognitive functions, impacting concentration and memory.",platform/published,typesafe/jev-1.13,typesafe/jev-1.13-20260917,fact,1.0,1.0,physical,1.0,1.0,literal language,1.0,1.0,positive,1.0,1.0,knowledge,1.0,1.0,everyday,0.77,0.55,0.74,1359
578efb779395e50726c04dff3b083d2cff168ffa8b8e899f05a6bcccb05c825f:1,651,Past events are echoes influencing today's shared reality.,platform/published,typesafe/jev-1.13,typesafe/jev-1.13-20260917,opinion,0.0,0.99,social,0.02,0.96,figure of speech,0.0,1.0,positive,0.93,0.86,knowledge,0.62,0.24,abstract,0.0,1.0,0.5,1357
3a7258d051cceb141df3b9198837438fff531ff42ba0ade258b1e3a07bf50289:1,243,Hosting dinner parties fosters relationships.,platform/published,typesafe/jev-1.13,typesafe/jev-1.13-20260917,opinion,0.15,0.7,social,0.0,1.0,literal language,0.99,0.98,positive,0.97,0.94,knowledge,0.93,0.86,everyday,0.97,0.95,0.89,1354
420fd38af479d3cb780f968cb6a5014e08b8275fc734f86607bf84d96fc1d3c5:1,244,Adhering to deadlines shows responsibility.,platform/published,typesafe/jev-1.13,typesafe/jev-1.13-20260917,opinion,0.04,0.91,social,0.0,1.0,literal language,0.95,0.91,normative,0.05,0.89,knowledge,0.51,0.02,everyday,0.87,0.73,0.92,1355
e683886eed2729be69fa72ca931d6240f9724162c03ef24eb3fad24329b58f01:1,1059,Hydraulic systems operate based on principles of fluid mechanics.,platform/published,typesafe/jev-1.13,typesafe/jev-1.13-20260917,fact,1.0,1.0,physical,1.0,1.0,literal language,1.0,1.0,positive,1.0,1.0,knowledge,1.0,1.0,abstract,0.12,0.75,0.41,1359
7af6df163ac156cbc25bf9cf87369b072b4c74d8d8499a3ca07a7f31e35f7fad:1,652,"Past events are echoes, resonating through the corridors of time.",platform/published,typesafe/jev-1.13,typesafe/jev-1.13-20260917,opinion,0.0,1.0,social,0.05,0.9,figure of speech,0.0,1.0,positive,0.72,0.44,knowledge,0.94,0.88,abstract,0.0,1.0,0.23,1360
c9bad26e65ab2f992511e2d4667938014f447a9382b5116864dc120ae4620989:1,1060,"Hydrogen and oxygen combine to form water, a necessary compound for life.",platform/published,typesafe/jev-1.13,typesafe/jev-1.13-20260917,fact,1.0,1.0,physical,1.0,1.0,literal language,1.0,1.0,positive,1.0,0.99,knowledge,1.0,1.0,abstract,0.37,0.25,0.82,1363
ffa77a4ceb3055c971b7aae99eb018bbc2e12024e54df36fda2ad83d57052b4e:1,245,Sharing spreads joy.,platform/published,typesafe/jev-1.13,typesafe/jev-1.13-20260917,opinion,0.0,1.0,social,0.0,1.0,figure of speech,0.05,0.91,positive,0.59,0.17,knowledge,0.98,0.97,everyday,0.7,0.39,0.86,1351
65e1a311acb9d714263e3fcd76b328858e25a743f2214c03548fd962b5599b0e:1,1061,Hydrology studies the distribution and movement of water within the Earth's systems.,platform/published,typesafe/jev-1.13,typesafe/jev-1.13-20260917,fact,1.0,1.0,physical,1.0,1.0,literal language,1.0,1.0,positive,1.0,1.0,knowledge,1.0,1.0,abstract,0.02,0.97,0.41,1363
1c0f6067bcb61a0654cee871c1074c9bf765857c1eb5bc1322f8b8ad303f223b:1,653,Patience is the conductor orchestrating health's symphony in steady tempo.,platform/published,typesafe/jev-1.13,typesafe/jev-1.13-20260917,opinion,0.0,1.0,social,0.13,0.75,figure of speech,0.0,1.0,normative,0.03,0.95,knowledge,0.78,0.56,abstract,0.01,0.98,0.4,1365
58b6e93a7f7a13b65d0abe830ad43c9c9ffe6058266b633f7fb88d3b537663d2:1,246,Saying good morning builds rapport.,platform/published,typesafe/jev-1.13,typesafe/jev-1.13-20260917,opinion,0.05,0.9,social,0.0,1.0,literal language,0.9,0.8,positive,0.87,0.74,knowledge,0.96,0.93,everyday,0.98,0.97,0.88,1354
357fca341e9d32b996ea6cff07f75572327c456474813c973731995973fb5941:1,654,"Patience is the gardener, cultivating the seeds of fitness.",platform/published,typesafe/jev-1.13,typesafe/jev-1.13-20260917,opinion,0.0,1.0,social,0.4,0.21,figure of speech,0.0,1.0,normative,0.03,0.93,knowledge,0.75,0.5,abstract,0.09,0.83,0.61,1361
8666f4316e93b6f735ddffb349bf234fd23ea9fbd92cd47aa545ee2ccc80c470:1,1062,Hypotheses are born from curiosity; experimentation leads to innovation and discovery.,platform/published,typesafe/jev-1.13,typesafe/jev-1.13-20260917,opinion,0.05,0.91,social,0.22,0.55,figure of speech,0.13,0.74,positive,0.86,0.71,reasoning,0.43,0.13,abstract,0.01,0.98,0.79,1362
b35b3891d2d49f4b663e7f69c0ce0a42954f3c5a0ccbe59b086856c7e8deaa8c:1,247,Compliments uplift spirits.,platform/published,typesafe/jev-1.13,typesafe/jev-1.13-20260917,opinion,0.05,0.89,social,0.0,1.0,figure of speech,0.3,0.41,positive,0.95,0.91,knowledge,1.0,0.99,everyday,0.97,0.93,0.92,1352
6572ae4e1cfa4ae95d4fb111eff3a1b775e67ef24df4fc343eeb80e54d2edf7c:1,1063,"In a world of chaos, mathematics offers clarity and certainty.",platform/published,typesafe/jev-1.13,typesafe/jev-1.13-20260917,opinion,0.0,0.99,physical,0.73,0.45,figure of speech,0.03,0.94,normative,0.4,0.2,knowledge,0.8,0.6,abstract,0.0,0.99,0.56,1359
aa6bec7ca88bf49bd607f657eda47d68181587262a5f46b104ea9ba167f6fb63:1,655,Patience is the secret ingredient in the recipe of health.,platform/published,typesafe/jev-1.13,typesafe/jev-1.13-20260917,opinion,0.0,1.0,social,0.05,0.9,figure of speech,0.0,1.0,normative,0.05,0.9,knowledge,0.85,0.7,abstract,0.05,0.9,0.56,1360
a036ca285ccbc498514e0432be9d0a49b1199155dd3cb5b17ba7f453a2eed5c5:1,248,Kind gestures build strong bonds.,platform/published,typesafe/jev-1.13,typesafe/jev-1.13-20260917,opinion,0.04,0.92,social,0.0,1.0,figure of speech,0.38,0.25,positive,0.72,0.45,knowledge,0.95,0.91,everyday,0.76,0.52,0.92,1353
d1f4f2ab3ebab6d4f1e07d72060e3b624bc7c4a992642f3ec8e75463c40b112e:1,656,Peer pressure can influence decision-making and behaviors.,platform/published,typesafe/jev-1.13,typesafe/jev-1.13-20260917,fact,1.0,1.0,social,0.0,1.0,literal language,1.0,0.99,positive,1.0,1.0,knowledge,1.0,1.0,everyday,0.96,0.92,0.94,1356
d8b81f185ceef63fd7932cdf26d96358d3e4eb1d49b301d726b36bd98ada5cbc:1,1064,"In business, customer satisfaction influences company practices and success rates.",platform/published,typesafe/jev-1.13,typesafe/jev-1.13-20260917,fact,0.95,0.9,social,0.0,1.0,literal language,1.0,1.0,positive,1.0,1.0,knowledge,0.97,0.94,abstract,0.3,0.4,0.87,1359
2961348d618e1f3c4f5156d575e35aa751a784a1d5026d42a2f11a62361601f2:1,249,Compliments boost self-esteem.,platform/published,typesafe/jev-1.13,typesafe/jev-1.13-20260917,fact,0.63,0.25,social,0.0,1.0,literal language,0.97,0.94,positive,0.99,0.99,knowledge,0.99,0.99,everyday,0.96,0.92,0.87,1353
cdc4563aa3ffcbfb9ed246bd6196d7076ca590fb43bb6d352f886c75a411a5a1:1,1065,"In engineering, precision is key; even small errors can lead to failure.",platform/published,typesafe/jev-1.13,typesafe/jev-1.13-20260917,fact,0.52,0.05,physical,1.0,1.0,literal language,0.85,0.7,normative,0.42,0.15,knowledge,0.8,0.61,abstract,0.29,0.42,0.67,1362
507ce3dead24412825cb01ef97299fa99baf9ff1f7c1dc061142bd98587e82f7:1,657,Peer support can enhance motivation and goal achievement.,platform/published,typesafe/jev-1.13,typesafe/jev-1.13-20260917,fact,0.9,0.8,social,0.0,1.0,literal language,1.0,1.0,positive,0.99,0.99,knowledge,0.98,0.96,everyday,0.63,0.25,0.83,1356
1603c6182eb6dc7ed127eaefb44dcb1bbe66ecf74efa229eb9b64f1efc3f6dee:1,250,Offering comfort eases pain.,platform/published,typesafe/jev-1.13,typesafe/jev-1.13-20260917,fact,0.59,0.18,social,0.34,0.32,literal language,0.87,0.74,positive,0.99,0.97,knowledge,0.97,0.94,everyday,0.98,0.95,0.9,1354
17c21b1e0b3a883eb50e5fd94f12e0b185853e3375750953b9cbe43f7cf41ef1:1,1066,"In geometry, a triangle's angles always sum to 180 degrees.",platform/published,typesafe/jev-1.13,typesafe/jev-1.13-20260917,fact,1.0,1.0,physical,1.0,1.0,literal language,1.0,1.0,positive,1.0,1.0,knowledge,0.99,0.98,abstract,0.01,0.98,0.46,1363
5d89298eef6ab9c171dc60680c33730f4a1c5daa2846f717232dc1f34dc840df:1,659,People value honesty in personal and professional relationships.,platform/published,typesafe/jev-1.13,typesafe/jev-1.13-20260917,opinion,0.25,0.5,social,0.0,1.0,literal language,1.0,1.0,positive,0.56,0.12,knowledge,1.0,1.0,everyday,0.64,0.27,0.91,1356
97a795543739047a5e75b70215170dbfc15391228d26927969fa0d77bba7bbb9:1,658,"People need food, water, and shelter to survive.",platform/published,typesafe/jev-1.13,typesafe/jev-1.13-20260917,fact,1.0,1.0,physical,1.0,1.0,literal language,1.0,1.0,positive,1.0,1.0,knowledge,1.0,0.99,everyday,0.98,0.95,0.97,1358
a8ff3bd988874b6100aa7814c9a821d5340f192c6702751c4427cad3d4b3a251:1,251,Encouragement fuels motivation.,platform/published,typesafe/jev-1.13,typesafe/jev-1.13-20260917,opinion,0.21,0.57,social,0.0,1.0,figure of speech,0.18,0.64,positive,0.96,0.92,knowledge,0.98,0.96,everyday,0.68,0.35,0.9,1354
c4e6e07edf020110e313121d049e2579a1385191a6c29d048410e08cce7df234:1,1067,"In life, adversity often breeds strength, forging resilience through tough experiences.",platform/published,typesafe/jev-1.13,typesafe/jev-1.13-20260917,opinion,0.0,0.99,social,0.02,0.97,figure of speech,0.0,1.0,positive,0.83,0.65,knowledge,0.72,0.43,abstract,0.11,0.78,0.89,1361
c081a31059ea0e153bc3ed5bbcfd9fc95dcfb4f1d5f841f6a2214a323fd4a2ae:1,660,"Perception colors reality, blending personal biases with objective facts.",platform/published,typesafe/jev-1.13,typesafe/jev-1.13-20260917,opinion,0.04,0.93,social,0.0,1.0,figure of speech,0.02,0.95,positive,0.97,0.95,knowledge,0.86,0.71,abstract,0.04,0.91,0.76,1360
4ba3e64e0b6dd9e0d4926a4cb62b6be06673c1fac546b5c6d9b56b1ed26896ab:1,1068,"In society, conformity often breeds comfort, while deviation invites scrutiny.",platform/published,typesafe/jev-1.13,typesafe/jev-1.13-20260917,opinion,0.03,0.95,social,0.0,1.0,figure of speech,0.21,0.58,positive,0.86,0.73,knowledge,0.9,0.79,everyday,0.56,0.12,0.88,1360
aac3d6e0131062c7cfe2122f3d6df633895ecdbf72c85ab094cc47ed05a8a9da:1,661,"Perception is a prism, refracting individual realities from a singular light.",platform/published,typesafe/jev-1.13,typesafe/jev-1.13-20260917,opinion,0.0,1.0,social,0.01,0.98,figure of speech,0.0,1.0,positive,0.76,0.53,knowledge,0.86,0.71,abstract,0.0,1.0,0.25,1364
8dfdf9fc501f8cbf4f2ea51fb379c348ff957500645836991aa2c4747f9e7466:1,253,Comforting words ease difficult emotions.,platform/published,typesafe/jev-1.13,typesafe/jev-1.13-20260917,opinion,0.28,0.44,social,0.0,1.0,literal language,0.95,0.91,positive,0.98,0.96,knowledge,1.0,0.99,everyday,0.99,0.97,0.93,1355
a4ada87792f14e42239bf21cdef88fd1d6d87cc31829784d9885fc540812fe0c:1,254,Using please shows respect.,platform/published,typesafe/jev-1.13,typesafe/jev-1.13-20260917,opinion,0.04,0.92,social,0.0,1.0,literal language,0.99,0.97,normative,0.03,0.93,knowledge,0.98,0.96,everyday,0.95,0.9,0.91,1352
1f7e7bfd03483384fbce817ecf8db5175830f3c829a3042206fb9d32fcb75c3d:1,1069,"In the garden of life, the seeds we plant shape future growth.",platform/published,typesafe/jev-1.13,typesafe/jev-1.13-20260917,opinion,0.03,0.95,social,0.24,0.51,figure of speech,0.0,1.0,normative,0.46,0.08,knowledge,0.52,0.04,abstract,0.02,0.96,0.72,1361
c01c5191a8b511cb80262ac8be53201a225f7d4cabb3c16209e168f4efb88c7c:1,252,Greetings establish rapport in conversations.,platform/published,typesafe/jev-1.13,typesafe/jev-1.13-20260917,fact,0.58,0.16,social,0.0,1.0,literal language,0.96,0.93,positive,0.96,0.93,knowledge,0.99,0.99,everyday,0.98,0.96,0.93,1353
0df565903b72e5352124f913a4eb3146841f3260fc7a6d74a5f1526f3d67a354:1,662,Perception is the sieve filtering reality through personal biases.,platform/published,typesafe/jev-1.13,typesafe/jev-1.13-20260917,opinion,0.01,0.98,social,0.0,1.0,figure of speech,0.0,1.0,positive,0.96,0.91,knowledge,0.83,0.67,abstract,0.01,0.97,0.73,1359
506b61ba573bce8cf0f34d1770d19d059db1bede68bcde4f93370628cbda49a0:1,255,A warm smile invites friendliness.,platform/published,typesafe/jev-1.13,typesafe/jev-1.13-20260917,opinion,0.03,0.94,social,0.0,1.0,literal language,0.58,0.17,positive,0.83,0.66,knowledge,0.98,0.95,everyday,0.99,0.99,0.94,1355
ba3d1d31223bb4f59bca8fb7c005896637e35c49a04b14451e2ab0af746e1f03:1,1070,"In the gym, every drop of sweat is a step toward success.",platform/published,typesafe/jev-1.13,typesafe/jev-1.13-20260917,opinion,0.0,1.0,social,0.12,0.76,figure of speech,0.0,1.0,normative,0.02,0.95,knowledge,0.67,0.34,everyday,0.59,0.18,0.44,1361
66b589c707305f191f8b2b0f66541d78854dbffb5fd422f621f359f5896fa526:1,663,Perceptions are the kaleidoscope through which belief refracts reality.,platform/published,typesafe/jev-1.13,typesafe/jev-1.13-20260917,opinion,0.0,1.0,social,0.0,1.0,figure of speech,0.0,1.0,positive,0.79,0.58,knowledge,0.81,0.63,abstract,0.0,1.0,0.29,1362
08b3f63146d20b6dc930bf9b3ff2995d1f3dd5e3bb8acf00e2beeac0525f5cc0:1,256,Lending an ear shows empathy.,platform/published,typesafe/jev-1.13,typesafe/jev-1.13-20260917,opinion,0.04,0.91,social,0.0,1.0,figure of speech,0.0,0.99,normative,0.35,0.31,knowledge,0.83,0.67,everyday,0.95,0.9,0.92,1355
9b00af201a3ad130ecdb3b053c1f053b1a292c38aa7421b9f63280889698b5ee:1,1071,"In the math of life, variables can change outcomes unexpectedly.",platform/published,typesafe/jev-1.13,typesafe/jev-1.13-20260917,opinion,0.42,0.15,physical,0.96,0.93,figure of speech,0.02,0.95,positive,0.99,0.97,knowledge,0.66,0.32,abstract,0.18,0.63,0.72,1359
b05a5f5607c0cafc9d9991fdd4e425b4abfb37699bdbd3364e6e2613373d91a8:1,664,Perceptions color how people view and react to the world.,platform/published,typesafe/jev-1.13,typesafe/jev-1.13-20260917,fact,0.74,0.48,social,0.0,1.0,figure of speech,0.14,0.73,positive,1.0,1.0,knowledge,0.98,0.96,abstract,0.29,0.42,0.94,1360
68ac94c3bc25a303f512a061e465a81769ac4d925d4bfe5635ea16ee92631e2c:1,257,Timely responses are respectful.,platform/published,typesafe/jev-1.13,typesafe/jev-1.13-20260917,opinion,0.0,1.0,social,0.0,1.0,literal language,0.91,0.81,normative,0.0,1.0,knowledge,0.9,0.79,everyday,0.89,0.78,0.87,1353
aef347dede3b726ce838921cb2ac03c79278c9c51c31b831972ced7365c9be05:1,1072,"In the world of science, hypotheses must be tested for validation.",platform/published,typesafe/jev-1.13,typesafe/jev-1.13-20260917,fact,0.97,0.95,physical,0.52,0.05,literal language,1.0,1.0,normative,0.41,0.17,knowledge,0.94,0.89,abstract,0.01,0.98,0.47,1360
ebc79bd9f43bb65403b1a9ca50f4fa8ad261d114b63458665302a91e0bf8948b:1,1073,Innovation drives advancements in technology that reshape our daily experiences.,platform/published,typesafe/jev-1.13,typesafe/jev-1.13-20260917,opinion,0.45,0.09,social,0.5,0.01,literal language,0.83,0.65,positive,0.98,0.97,knowledge,0.8,0.6,abstract,0.1,0.8,0.85,1360
42353eb8c8a0a7dc755798fbfd86385fd8ffe43ed8498764b06c8dbda4e27f06:1,665,"Perceptions paint reality’s fitness journey, blending effort with imagined outcomes.",platform/published,typesafe/jev-1.13,typesafe/jev-1.13-20260917,opinion,0.0,1.0,social,0.0,0.99,figure of speech,0.0,1.0,positive,0.81,0.63,knowledge,0.74,0.47,abstract,0.11,0.78,0.39,1362
083f172baf5b392e9245f868c31aa0b84fe6a5ab3017c0c91c54ecbfde277376:1,258,Algebra is the language translating reality into abstract whispers.,platform/published,typesafe/jev-1.13,typesafe/jev-1.13-20260917,opinion,0.0,1.0,physical,0.74,0.48,figure of speech,0.0,1.0,positive,0.58,0.17,knowledge,0.94,0.89,abstract,0.0,1.0,0.14,1359
ee692b2d777cb01eec9d2fd8676bc1c9acfdbe643e565050d74455ced33cf452:1,1074,Judgments about right and wrong often reflect societal conventions.,platform/published,typesafe/jev-1.13,typesafe/jev-1.13-20260917,opinion,0.36,0.29,social,0.0,1.0,literal language,1.0,1.0,positive,0.93,0.86,knowledge,0.96,0.91,abstract,0.03,0.94,0.87,1359
88464136bfada894cc82a894a532ca4cedda6a903a1c93732b268e930611a833:1,666,Personal preferences guide choices in everyday life.,platform/published,typesafe/jev-1.13,typesafe/jev-1.13-20260917,fact,0.62,0.24,social,0.0,1.0,literal language,1.0,0.99,positive,1.0,0.99,knowledge,0.98,0.97,everyday,0.97,0.94,0.94,1355
48e3c867c4d28a969da141992a85a95b65b34b1500124b74fa04a5ffa6aa3bcf:1,260,"Geometry shapes the universe's unseen architecture, forging reality.",platform/published,typesafe/jev-1.13,typesafe/jev-1.13-20260917,opinion,0.07,0.85,physical,1.0,1.0,figure of speech,0.0,0.99,positive,0.94,0.88,knowledge,0.85,0.7,abstract,0.0,1.0,0.13,1358
5ab1439e5fe861d8f12470470fac8b42da08a347535d0411d20a53238be4c3a1:1,1075,Knowledge allows us to form logical conclusions based on evidence.,platform/published,typesafe/jev-1.13,typesafe/jev-1.13-20260917,fact,0.83,0.66,physical,0.52,0.03,literal language,1.0,1.0,positive,0.99,0.99,knowledge,0.79,0.58,abstract,0.09,0.82,0.87,1358
78fa4625d7b823beac75346b1e57d1b674f27a5358c5b9d8ca16f3fca898527a:1,667,Perspectives are the prisms refracting the light of human experience.,platform/published,typesafe/jev-1.13,typesafe/jev-1.13-20260917,opinion,0.0,1.0,social,0.0,1.0,figure of speech,0.0,1.0,positive,0.71,0.43,knowledge,0.9,0.8,abstract,0.0,1.0,0.29,1363
5016b3f32b19bcd30c32a46cd0bcaf8d7833abe6b7dfc5ae520f35677ab562ba:1,259,Calculus bridges finite points with infinite horizons in nature's canvas.,platform/published,typesafe/jev-1.13,typesafe/jev-1.13-20260917,opinion,0.08,0.84,physical,1.0,1.0,figure of speech,0.0,1.0,positive,0.88,0.75,knowledge,0.85,0.69,abstract,0.0,1.0,0.12,1363
e9a2202ae16f4d2b0b615697f10d8cdb163f5ff20dd98f823d23ff35fcf871e1:1,1076,Knowledge without application is like a tree without roots.,platform/published,typesafe/jev-1.13,typesafe/jev-1.13-20260917,opinion,0.0,1.0,social,0.01,0.98,figure of speech,0.0,1.0,normative,0.02,0.96,knowledge,0.73,0.46,abstract,0.03,0.94,0.71,1357
c7fe88656bf7c06aa9e71b4835ab9b44416090e859e96f9dc9d5fa36206c1709:1,668,Philosophical reflections offer deeper meaning to daily experiences.,platform/published,typesafe/jev-1.13,typesafe/jev-1.13-20260917,opinion,0.0,1.0,social,0.0,1.0,literal language,0.69,0.37,normative,0.13,0.74,knowledge,0.91,0.82,abstract,0.01,0.97,0.51,1359
7deb49bf810caa6672bd629e6c45f73c4d21025076bd60aa6cb2e1409124d063:1,261,"Gravity is the universe's anchor, grounding cosmic seas of stars.",platform/published,typesafe/jev-1.13,typesafe/jev-1.13-20260917,opinion,0.14,0.73,physical,1.0,1.0,figure of speech,0.0,1.0,positive,0.93,0.86,knowledge,0.96,0.93,abstract,0.0,1.0,0.34,1360
a3bcc5068f8c43b705e49f9cda71ae6dbcce52c377626907d3410aae775aeb16:1,670,Philosophy explores life's questions through reasoned thought.,platform/published,typesafe/jev-1.13,typesafe/jev-1.13-20260917,fact,0.82,0.65,social,0.0,0.99,literal language,0.99,0.98,positive,0.98,0.96,knowledge,0.93,0.87,abstract,0.01,0.99,0.69,1360
851c4e70024c6c8fae914deae6474204401d15486428047ac39bde1d8635dbb3:1,1078,Land usage patterns change based on geographic and economic factors influencing development.,platform/published,typesafe/jev-1.13,typesafe/jev-1.13-20260917,fact,1.0,1.0,social,0.38,0.25,literal language,1.0,1.0,positive,1.0,1.0,knowledge,0.91,0.81,abstract,0.02,0.97,0.77,1360
064065ff04d7551a383ac749cd910652717c4fa5a4874df01f1aae035d1d2892:1,1077,"Knowledge, when shared, breeds understanding; it fosters community and strengthens bonds.",platform/published,typesafe/jev-1.13,typesafe/jev-1.13-20260917,opinion,0.0,1.0,social,0.0,1.0,figure of speech,0.07,0.86,normative,0.48,0.04,knowledge,0.72,0.44,abstract,0.05,0.89,0.84,1363
7a2a81029ee6e68ae86de0e2763e7308b7f91ad26cf60fdbc81204db87c04195:1,669,Philosophy explores existential questions using reasoned arguments.,platform/published,typesafe/jev-1.13,typesafe/jev-1.13-20260917,fact,0.91,0.83,social,0.0,0.99,literal language,1.0,1.0,positive,0.99,0.98,knowledge,0.95,0.9,abstract,0.0,1.0,0.56,1359
3d8f8e59e2496ecefed3a374a2652968dd1285e1129c8ac801f083c906d9f2b8:1,262,Infinity is the mirror reflecting mathematics' endless pursuit.,platform/published,typesafe/jev-1.13,typesafe/jev-1.13-20260917,opinion,0.0,1.0,physical,0.63,0.26,figure of speech,0.0,1.0,normative,0.32,0.36,knowledge,0.84,0.68,abstract,0.0,1.0,0.09,1357
4bfd7241b33d1ac80725b672f32f6f07fcd6a6e37e333d07d14a13d24acecfd2:1,263,Logic guides us through the intricate maze of understanding.,platform/published,typesafe/jev-1.13,typesafe/jev-1.13-20260917,opinion,0.0,1.0,social,0.38,0.25,figure of speech,0.0,1.0,positive,0.62,0.25,knowledge,0.84,0.68,abstract,0.01,0.98,0.62,1357
cc786ab06bcccd2bd445613eb3d311d4f15627d1f86aea0c5f43cc2fb1a30146:1,671,Philosophy is the telescope revealing distant truths beyond individual horizons.,platform/published,typesafe/jev-1.13,typesafe/jev-1.13-20260917,opinion,0.0,1.0,social,0.01,0.98,figure of speech,0.0,1.0,normative,0.1,0.81,knowledge,0.87,0.75,abstract,0.0,1.0,0.2,1362
43b5e2410ecd59e9685e15dc9ee4794fa06093d636835ab81e7285d7008cc8f7:1,264,"Mathematics spins webs of logic, catching fleeting truths of existence.",platform/published,typesafe/jev-1.13,typesafe/jev-1.13-20260917,opinion,0.0,1.0,physical,0.92,0.84,figure of speech,0.0,1.0,positive,0.54,0.08,knowledge,0.89,0.78,abstract,0.0,1.0,0.11,1361
c1982c0199793e8384bf122a91e08e4749a4ef34f86f3e139c9e2fe9e512b289:1,1080,"Landscapes tell tales, revealing histories etched in the very earth we tread.",platform/published,typesafe/jev-1.13,typesafe/jev-1.13-20260917,opinion,0.03,0.94,social,0.4,0.19,figure of speech,0.0,1.0,positive,0.76,0.52,knowledge,0.89,0.78,abstract,0.08,0.85,0.51,1365
30484ae8e39c8a34305036fc19f0c0a0d4ee9572d47e59600d9ea9f43b8c7f14:1,672,"Philosophy navigates life's complexities, offering maps in uncharted waters.",platform/published,typesafe/jev-1.13,typesafe/jev-1.13-20260917,opinion,0.0,1.0,social,0.0,1.0,figure of speech,0.0,1.0,normative,0.3,0.4,knowledge,0.9,0.79,abstract,0.0,0.99,0.33,1365
ffec1dc0b1a374d360366fd2541335f3e620c4c73fc1ab0106bcf20a8bd28c16:1,673,Photosynthesis converts sunlight into glucose and oxygen.,platform/published,typesafe/jev-1.13,typesafe/jev-1.13-20260917,fact,1.0,1.0,physical,1.0,1.0,literal language,1.0,1.0,positive,1.0,1.0,knowledge,1.0,1.0,abstract,0.08,0.85,0.69,1358
0dc8a3f529e74a482a9ecf136be17d4d8596ef7624bd2597eac3579c0109fbca:1,1079,Landforms like valleys and hills shape local ecosystems and climate variations.,platform/published,typesafe/jev-1.13,typesafe/jev-1.13-20260917,fact,1.0,1.0,physical,1.0,1.0,literal language,1.0,1.0,positive,1.0,1.0,knowledge,0.97,0.94,abstract,0.25,0.5,0.76,1361
ceb7eab8e8b230a7564c7bcc1102c34ab4a78775fbdcbabe57bc609b6bab5a14:1,1081,Language serves as a tool for clear communication and understanding.,platform/published,typesafe/jev-1.13,typesafe/jev-1.13-20260917,fact,0.54,0.09,social,0.0,1.0,literal language,0.55,0.09,positive,0.68,0.36,knowledge,0.99,0.97,everyday,0.51,0.01,0.94,1358
0466fcdfb7eca04de6bf7bb330d55cede156c7005f0f0f616d69ff94a8f078dc:1,265,"Parabolas are nature's curves, arching through reality's unseen fabric.",platform/published,typesafe/jev-1.13,typesafe/jev-1.13-20260917,opinion,0.01,0.99,physical,0.97,0.94,figure of speech,0.0,1.0,positive,0.8,0.61,knowledge,0.99,0.99,abstract,0.01,0.99,0.14,1363
8caad2212833e3a9f549da886de1f19fc81f15dd49cde524d052fcde3425b9a9:1,266,"Pi is the endless melody, singing circles' infinite symphony.",platform/published,typesafe/jev-1.13,typesafe/jev-1.13-20260917,opinion,0.0,0.99,physical,0.72,0.45,figure of speech,0.0,1.0,positive,0.51,0.01,knowledge,0.98,0.96,abstract,0.0,1.0,0.08,1361
33729b865a1d02740e6172a6324dfc674e2c5317eb404349b32cd3c819be2d8a:1,267,"Prime numbers are the universe's silent sentinels, guarding mystery.",platform/published,typesafe/jev-1.13,typesafe/jev-1.13-20260917,opinion,0.0,1.0,physical,0.72,0.44,figure of speech,0.0,1.0,normative,0.2,0.6,knowledge,0.99,0.98,abstract,0.0,1.0,0.08,1361
9ef187dc49893814494f77f24f9f280afd189ec7d3d78306d896a99ed6d8d9c3:1,674,Photosynthesis in plants produces oxygen as a byproduct.,platform/published,typesafe/jev-1.13,typesafe/jev-1.13-20260917,fact,1.0,1.0,physical,1.0,1.0,literal language,1.0,1.0,positive,1.0,1.0,knowledge,1.0,1.0,abstract,0.21,0.58,0.76,1361
68f2fa4337087f571539cd1b2105a0e2d3922bd6ef71600ff716f624c3a1922b:1,1082,Laws are established societal rules intended to maintain order and promote justice.,platform/published,typesafe/jev-1.13,typesafe/jev-1.13-20260917,fact,0.71,0.43,social,0.0,1.0,literal language,1.0,1.0,normative,0.48,0.04,knowledge,0.99,0.98,abstract,0.04,0.91,0.86,1361
af431d6bf67933f06f115aaf14c4b669574a02f34236c1982d9e4a000a8358b5:1,675,"Photosynthesis is nature's alchemy, turning light into life's breath.",platform/published,typesafe/jev-1.13,typesafe/jev-1.13-20260917,opinion,0.23,0.53,physical,0.99,0.98,figure of speech,0.0,1.0,positive,0.92,0.84,knowledge,0.99,0.98,abstract,0.01,0.98,0.4,1364
fbcb781f30439e0dc90570cdb6a0e89f73aeb323b7c88314eca7555f0b2ec125:1,676,Photosynthesis is the green engine powering Earth’s vibrant tapestry of life.,platform/published,typesafe/jev-1.13,typesafe/jev-1.13-20260917,opinion,0.39,0.22,physical,1.0,0.99,figure of speech,0.0,1.0,positive,0.94,0.89,knowledge,0.95,0.9,abstract,0.02,0.97,0.53,1364
23522b2a6e53735a9890b67c34c22575aa5124eadb7ce3ee244c96e7caf632a3:1,1083,Life cycles characterize living organisms through stages of development.,platform/published,typesafe/jev-1.13,typesafe/jev-1.13-20260917,fact,1.0,1.0,physical,1.0,1.0,literal language,1.0,1.0,positive,1.0,1.0,knowledge,1.0,1.0,abstract,0.18,0.64,0.82,1357
d4e968f2b6503b60bf34f9e1cd42bf6f0235282f9552a96a32b908182b02abd9:1,1084,Life is like a puzzle; each experience is a crucial piece.,platform/published,typesafe/jev-1.13,typesafe/jev-1.13-20260917,opinion,0.0,1.0,social,0.0,1.0,figure of speech,0.0,1.0,normative,0.08,0.84,knowledge,0.79,0.57,abstract,0.05,0.91,0.63,1360
26ad6265bb2505800c99a7f1e1c37a80e859073de3eff35e313605f8f51d0e60:1,268,"Religion offers a compass, pointing to heavens unseen by the naked eye.",platform/published,typesafe/jev-1.13,typesafe/jev-1.13-20260917,opinion,0.0,1.0,social,0.0,1.0,figure of speech,0.0,1.0,normative,0.08,0.85,knowledge,0.78,0.56,abstract,0.0,1.0,0.3,1362
6ceb6d1a2af68d986f97b350cea51fc6668969c39753b172a46946ba983111dd:1,1085,Life without challenges resembles a flat line; growth stems from overcoming obstacles.,platform/published,typesafe/jev-1.13,typesafe/jev-1.13-20260917,opinion,0.0,1.0,social,0.0,1.0,figure of speech,0.0,1.0,normative,0.21,0.59,reasoning,0.35,0.29,abstract,0.07,0.86,0.86,1361
ecfc3e0fad445c66586e9b64cd131f13928284d2c59b3577893146131552de61:1,269,Statistics paint patterns on the canvas of improbable events.,platform/published,typesafe/jev-1.13,typesafe/jev-1.13-20260917,opinion,0.0,1.0,physical,0.73,0.46,figure of speech,0.0,1.0,positive,0.9,0.8,knowledge,0.78,0.57,abstract,0.0,1.0,0.22,1357
fc30d2683a9c030046fd6ba3795e6e0822f23e0e4ea203408771c593ec9033ff:1,677,Photosynthesis transforms sunlight into life's enduring banquet.,platform/published,typesafe/jev-1.13,typesafe/jev-1.13-20260917,fact,0.51,0.01,physical,1.0,1.0,figure of speech,0.0,1.0,positive,0.98,0.95,knowledge,0.97,0.94,abstract,0.01,0.98,0.52,1359
733bd6f2636239ffb9ab4d710abf6b79f4ab9de3690c50c0070fd0f4c86bfdb1:1,1086,Life's complexities are woven from threads of choices and experiences.,platform/published,typesafe/jev-1.13,typesafe/jev-1.13-20260917,opinion,0.0,1.0,social,0.0,1.0,figure of speech,0.0,1.0,positive,0.76,0.52,knowledge,0.81,0.63,abstract,0.02,0.96,0.73,1359
d384cc474df817072384e81bf1b308bc6d318a7dcc4118977fd739d419dfa574:1,271,*Mathematics is the compass navigating the ocean of the unknown.*,platform/published,typesafe/jev-1.13,typesafe/jev-1.13-20260917,opinion,0.0,1.0,physical,0.65,0.3,figure of speech,0.0,1.0,normative,0.18,0.64,knowledge,0.9,0.81,abstract,0.0,1.0,0.24,1361
6d6d4b9cfefbb676cea7852a21a9715d94afe35e7f64e088a4a1116c7ccb6518:1,679,Physics explains natural phenomena with consistent principles.,platform/published,typesafe/jev-1.13,typesafe/jev-1.13-20260917,fact,0.95,0.9,physical,1.0,1.0,literal language,1.0,1.0,positive,1.0,1.0,knowledge,0.96,0.92,abstract,0.01,0.99,0.55,1355
f45ff38249a21a7609c92ad34cfcceeb737f6ff4b7d63547f1f4392588ea8df1:1,678,"Physical laws govern the universe consistently, providing measurable predictions.",platform/published,typesafe/jev-1.13,typesafe/jev-1.13-20260917,fact,0.98,0.96,physical,1.0,1.0,literal language,1.0,1.0,positive,1.0,1.0,knowledge,0.97,0.95,abstract,0.0,1.0,0.52,1358
6210d3fbdc191bf7091e61eba4f6514064e03dcc63d32e6d907e8362731e6142:1,270,"The triangle's sum is an eternal truth, defying dimensions.",platform/published,typesafe/jev-1.13,typesafe/jev-1.13-20260917,fact,0.57,0.14,physical,1.0,1.0,figure of speech,0.03,0.94,positive,0.99,0.97,knowledge,0.75,0.49,abstract,0.0,1.0,0.3,1360
72928b7b0544b30b90f1cc32e4bf39f11fe2fa987d612a2e602cfe23ad9fe047:1,272,"3D printing is the creator’s tool, crafting objects from imagination.",platform/published,typesafe/jev-1.13,typesafe/jev-1.13-20260917,opinion,0.07,0.87,physical,0.78,0.55,figure of speech,0.17,0.66,normative,0.42,0.16,knowledge,0.99,0.98,everyday,0.65,0.3,0.62,1361
e6829cec31c43b40308a5eacc1b893de68a64507b2df661847926e01b613bdf0:1,1087,"Light travels in waves, illustrating its dual nature as both particle and wave.",platform/published,typesafe/jev-1.13,typesafe/jev-1.13-20260917,fact,1.0,1.0,physical,1.0,1.0,literal language,1.0,0.99,positive,1.0,1.0,knowledge,0.93,0.86,abstract,0.0,1.0,0.28,1362
9082e972c5a56a9022e61ae7e4813e20f785c5561bd16da3b331c9a3c3811507:1,680,"Physics is the universe's clockwork, ticking in harmony with cosmic rhythms.",platform/published,typesafe/jev-1.13,typesafe/jev-1.13-20260917,opinion,0.0,1.0,physical,0.94,0.87,figure of speech,0.0,1.0,positive,0.77,0.55,knowledge,0.96,0.93,abstract,0.0,1.0,0.21,1363
59da47cc5db178c06b40a1114dd9e0fa24c5eccfd678e0f180b15a9283bdb120:1,1088,"Like a clock, life follows rhythms governed by the laws of time.",platform/published,typesafe/jev-1.13,typesafe/jev-1.13-20260917,opinion,0.01,0.98,physical,0.91,0.82,figure of speech,0.0,1.0,positive,0.98,0.96,knowledge,0.57,0.14,abstract,0.02,0.96,0.65,1361
a631dddd172c197f2db86facca37de0b2b1dce26f8a0d30c71e156920f093a0f:1,273,A balanced diet is the compass navigating wellness’s expansive ocean.,platform/published,typesafe/jev-1.13,typesafe/jev-1.13-20260917,opinion,0.01,0.98,physical,0.81,0.62,figure of speech,0.0,1.0,normative,0.01,0.98,knowledge,0.9,0.81,abstract,0.16,0.68,0.67,1359
4176d862169d55b641cffb32bb23d8a5924d0d7e7cddb034d341f0fc37bebb2b:1,1089,"Like a pendulum, life swings between highs and lows, shaping our experiences.",platform/published,typesafe/jev-1.13,typesafe/jev-1.13-20260917,opinion,0.0,1.0,social,0.03,0.94,figure of speech,0.0,1.0,positive,0.97,0.94,knowledge,0.78,0.56,abstract,0.21,0.58,0.79,1363
106c132d00591f7a68180c44255bf069955bd4f80465f4fa4b2c19607910025e:1,681,Physics principles are foundational to engineering and technological advancements.,platform/published,typesafe/jev-1.13,typesafe/jev-1.13-20260917,fact,0.97,0.94,physical,1.0,1.0,literal language,0.97,0.94,positive,1.0,0.99,knowledge,0.86,0.72,abstract,0.01,0.98,0.76,1357
c6204009a44c5bd120370c5f08077011f8b208a613734de2fc45074d1d1ce2ee:1,274,A belief system is a raft navigating the river of existence.,platform/published,typesafe/jev-1.13,typesafe/jev-1.13-20260917,opinion,0.0,1.0,social,0.0,1.0,figure of speech,0.0,1.0,normative,0.35,0.3,knowledge,0.83,0.65,abstract,0.0,1.0,0.14,1359
5f6005a56b596406ec1926e4c75e8a1b005f32cca954428925901ad7faab6173:1,682,"Plains are Earth’s fertile canvases, painted with crops and wandering herds.",platform/published,typesafe/jev-1.13,typesafe/jev-1.13-20260917,opinion,0.02,0.96,physical,0.84,0.68,figure of speech,0.0,1.0,positive,0.61,0.23,knowledge,0.99,0.98,everyday,0.65,0.3,0.6,1364
0f2d0a788b593b38fea5c0642b0b26c7d58f8b08dcadf7b3e4c71509a88e8718:1,1090,"Like a story without a plot, randomness lacks order and purpose.",platform/published,typesafe/jev-1.13,typesafe/jev-1.13-20260917,opinion,0.05,0.9,physical,0.61,0.22,figure of speech,0.0,1.0,positive,0.54,0.08,reasoning,0.26,0.48,abstract,0.02,0.97,0.8,1360
bb610bf4fdae20f2ea6c6155f046355850c5b2e1478ab4d1cd53dd4b05a9e0d7:1,683,"Plants breathe sunlight, weaving energy into the fabric of existence.",platform/published,typesafe/jev-1.13,typesafe/jev-1.13-20260917,opinion,0.19,0.61,physical,0.97,0.94,figure of speech,0.0,1.0,positive,0.95,0.91,knowledge,0.99,0.97,abstract,0.05,0.9,0.14,1359
648b69c4257ffc90c9deaa56a29fda78b953a4226cbfebb20a6e3f6482882003:1,1091,"Like waves in the ocean, our emotions ebb and flow through life.",platform/published,typesafe/jev-1.13,typesafe/jev-1.13-20260917,opinion,0.01,0.98,social,0.09,0.81,figure of speech,0.0,1.0,positive,0.99,0.98,knowledge,0.89,0.78,everyday,0.58,0.15,0.8,1361
034a650647dd71959b590d8e77362ffbad197dcced7fb39eee19b0aa6ad0739a:1,275,A car engine converts fuel into mechanical energy for movement.,platform/published,typesafe/jev-1.13,typesafe/jev-1.13-20260917,fact,1.0,1.0,physical,1.0,1.0,literal language,1.0,1.0,positive,1.0,1.0,knowledge,1.0,1.0,everyday,0.94,0.89,0.91,1358
328b983eb91367476bdaf9238d6bd1f7daa52bc18d90f41e7ad26436fc05986c:1,684,Plants convert sunlight into energy through photosynthesis.,platform/published,typesafe/jev-1.13,typesafe/jev-1.13-20260917,fact,1.0,1.0,physical,1.0,1.0,literal language,1.0,1.0,positive,1.0,1.0,knowledge,1.0,1.0,abstract,0.34,0.31,0.86,1358
ddad9df1b7a852fa48c6fcb5c8d15dfd58ee14e768503a5352dbf139744c049e:1,276,A circle's circumference is calculated using its radius.,platform/published,typesafe/jev-1.13,typesafe/jev-1.13-20260917,fact,1.0,1.0,physical,1.0,1.0,literal language,1.0,1.0,positive,1.0,1.0,knowledge,1.0,1.0,abstract,0.12,0.76,0.57,1357
a292396bdc3dd29f8e7c8187f62e2e3d22d9e60ecb3581276cf71031465f88fe:1,277,A compass needle points towards the magnetic north pole.,platform/published,typesafe/jev-1.13,typesafe/jev-1.13-20260917,fact,1.0,1.0,physical,1.0,1.0,literal language,1.0,1.0,positive,1.0,1.0,knowledge,1.0,1.0,everyday,0.9,0.81,0.79,1357
e684c1f7c03de8fe6822080d90337c2edbc65b8962e3cdb95ff5e58719dbc241:1,685,"Plants need sunlight, water, and nutrients to grow.",platform/published,typesafe/jev-1.13,typesafe/jev-1.13-20260917,fact,1.0,1.0,physical,1.0,1.0,literal language,1.0,1.0,positive,1.0,1.0,knowledge,1.0,1.0,everyday,1.0,0.99,0.93,1358
0da9f1489ce6867c878fc3d4918a05f272cff7146d716e74c0f256ea59b4dbb7:1,1092,Living organisms require oxygen to survive and function effectively.,platform/published,typesafe/jev-1.13,typesafe/jev-1.13-20260917,fact,0.98,0.95,physical,1.0,1.0,literal language,1.0,1.0,positive,1.0,1.0,knowledge,1.0,1.0,everyday,0.57,0.15,0.77,1357
7704573b3c6c76226c411a58a2b27b7b3bcb347a051fdda3684d768a1038ed0f:1,1093,"Local geography impacts weather patterns, affecting agriculture and resource distribution.",platform/published,typesafe/jev-1.13,typesafe/jev-1.13-20260917,fact,1.0,1.0,physical,1.0,1.0,literal language,1.0,1.0,positive,1.0,1.0,knowledge,0.87,0.75,abstract,0.29,0.42,0.83,1359
881814aa00439090f115bd6ec8567ed6dda3f521e7f96bc6865f28dddb3a2cd3:1,1095,"Love can be a double-edged sword, both uplifting and devastating.",platform/published,typesafe/jev-1.13,typesafe/jev-1.13-20260917,opinion,0.0,1.0,social,0.0,1.0,figure of speech,0.0,1.0,positive,0.83,0.67,knowledge,0.9,0.8,everyday,0.51,0.03,0.9,1361
cb2de7a4d1995a318412111be0b0ea7969686a1a36f73c316105ecc2eaf7e6b4:1,1094,Logic is the key that unlocks the door to deeper understanding.,platform/published,typesafe/jev-1.13,typesafe/jev-1.13-20260917,opinion,0.0,1.0,social,0.12,0.75,figure of speech,0.0,1.0,normative,0.09,0.81,knowledge,0.84,0.69,abstract,0.0,0.99,0.59,1360
d64be7435aa9a2f9d7d551061f5f5dc8282b4f0bc6cc76834b0d40d000a3f147:1,278,A function maps inputs to specific outputs.,platform/published,typesafe/jev-1.13,typesafe/jev-1.13-20260917,fact,1.0,1.0,physical,1.0,1.0,literal language,1.0,1.0,positive,1.0,1.0,knowledge,1.0,1.0,abstract,0.03,0.94,0.61,1355
769736c7b01165c8297636f550cdaeafc719c94159f5cf6115400a5cca6f7402:1,686,Politics is the theater where power and ambition often play their parts.,platform/published,typesafe/jev-1.13,typesafe/jev-1.13-20260917,opinion,0.0,1.0,social,0.0,1.0,figure of speech,0.0,1.0,positive,0.62,0.23,knowledge,0.97,0.94,abstract,0.02,0.97,0.76,1360
2be4d91cd37f366d4e7842d0dfc99a6480a73088b2a6726b2e7dcdb981d44413:1,279,A hypothesis is a proposed explanation tested through empirical observation.,platform/published,typesafe/jev-1.13,typesafe/jev-1.13-20260917,fact,1.0,0.99,physical,0.88,0.77,literal language,1.0,1.0,positive,0.99,0.99,knowledge,0.97,0.94,abstract,0.02,0.97,0.4,1358
25dde67c2ef9e33b97c0eea05078125710e72a52078c9cef72bf68a044bb93e0:1,687,"Prayer alters stress responses, resembling meditation's impact on the brain.",platform/published,typesafe/jev-1.13,typesafe/jev-1.13-20260917,fact,0.96,0.92,physical,0.99,0.98,literal language,1.0,0.99,positive,1.0,1.0,knowledge,0.94,0.89,abstract,0.03,0.95,0.33,1361
ae1c834edfa43d904e2733605a5482d44b66bf34118a659467e44b1c17d15861:1,280,A map's scale represents real-world distances proportionately.,platform/published,typesafe/jev-1.13,typesafe/jev-1.13-20260917,fact,1.0,1.0,physical,0.91,0.83,literal language,1.0,1.0,positive,1.0,1.0,knowledge,1.0,1.0,everyday,0.78,0.56,0.67,1360
b858c44c6390064f05d106f224913404192042cb948b861e30de01f3c8023fc8:1,1096,Lunar phases can influence ocean tides due to gravitational interactions with Earth.,platform/published,typesafe/jev-1.13,typesafe/jev-1.13-20260917,fact,1.0,1.0,physical,1.0,1.0,literal language,1.0,1.0,positive,1.0,1.0,knowledge,0.98,0.97,abstract,0.24,0.51,0.59,1361
b5c42ebb860b4b2a8822594970cae74fb7845ed94dd3f02286733da1973259f1:1,689,Prayer in religious practice often seeks divine guidance or comfort.,platform/published,typesafe/jev-1.13,typesafe/jev-1.13-20260917,fact,0.92,0.84,social,0.0,1.0,literal language,1.0,1.0,positive,0.99,0.98,knowledge,1.0,0.99,abstract,0.49,0.02,0.85,1359
4348b9cee046d2b0d2d0c8ceba16acc3705f23edd6acabc26f895328a8526f61:1,281,"A parabola is a symmetrical curve, graphically represented by a quadratic equation.",platform/published,typesafe/jev-1.13,typesafe/jev-1.13-20260917,fact,1.0,1.0,physical,1.0,1.0,literal language,1.0,1.0,positive,1.0,1.0,knowledge,1.0,1.0,abstract,0.01,0.98,0.41,1366
91c041178bb8d3e426984fafd339a71f06d593c1f9a9d85c2fc84abe514d8fa9:1,1097,Machines can perform tasks more efficiently than humans in specific contexts.,platform/published,typesafe/jev-1.13,typesafe/jev-1.13-20260917,fact,0.99,0.98,physical,1.0,1.0,literal language,1.0,1.0,positive,1.0,1.0,knowledge,0.96,0.92,everyday,0.8,0.61,0.84,1360
c7cf148b69e8e7f057f8292d1155722e94486123619886dd50be65798bbab8f9:1,688,Prayer can reduce stress and promote a sense of calm.,platform/published,typesafe/jev-1.13,typesafe/jev-1.13-20260917,fact,0.68,0.35,social,0.18,0.65,literal language,1.0,1.0,positive,1.0,0.99,knowledge,1.0,0.99,everyday,0.91,0.83,0.8,1359
221e6d127aface88bbacb2f1d22a46cae82f3ce2cead7b37fd1134d678e1fec7:1,1098,"Magnetic fields are generated around electric currents, a principle observed in physics.",platform/published,typesafe/jev-1.13,typesafe/jev-1.13-20260917,fact,1.0,1.0,physical,1.0,1.0,literal language,1.0,1.0,positive,1.0,1.0,knowledge,1.0,1.0,abstract,0.02,0.96,0.2,1363
d34f201921f7af8cd619b6b6a0c8b7ee4fa8f22ef2fceaea004b50cfb6a42562:1,282,A society's art mirrors its collective hopes and fears.,platform/published,typesafe/jev-1.13,typesafe/jev-1.13-20260917,opinion,0.0,1.0,social,0.0,1.0,figure of speech,0.0,1.0,positive,0.96,0.93,knowledge,0.87,0.74,abstract,0.0,1.0,0.63,1358
e8b0cd8231e8deaa584fe8cd43f4a280c72d63770227c5b3223da973a0b56a4b:1,690,Prayer is the bridge between doubt and divine assurance.,platform/published,typesafe/jev-1.13,typesafe/jev-1.13-20260917,opinion,0.0,1.0,social,0.0,1.0,figure of speech,0.0,1.0,normative,0.02,0.95,knowledge,0.75,0.49,abstract,0.0,1.0,0.27,1358
b62b3d5956370a3870393d1fbc15512d7b269b6254a6a69bd3d619ebef053af4:1,283,A square has four sides of equal length.,platform/published,typesafe/jev-1.13,typesafe/jev-1.13-20260917,fact,1.0,1.0,physical,1.0,1.0,literal language,1.0,1.0,positive,1.0,0.99,knowledge,1.0,1.0,abstract,0.3,0.39,0.8,1356
19da8f629281e40200f91f2cfef22ecd20d36b7472107c1ba92fdb018efef251:1,1099,"Mass and energy are related by Einstein's equation, E=mc^2.",platform/published,typesafe/jev-1.13,typesafe/jev-1.13-20260917,fact,1.0,1.0,physical,1.0,1.0,literal language,1.0,1.0,positive,1.0,1.0,knowledge,1.0,1.0,abstract,0.0,1.0,0.19,1363
2ffd097fab392b96a26ccc1638b5b5b53e2ff198ab26deae65e3f8017254c278:1,691,"Preferences are life's spice, enhancing the flavor of individual experience.",platform/published,typesafe/jev-1.13,typesafe/jev-1.13-20260917,opinion,0.0,1.0,social,0.0,1.0,figure of speech,0.0,1.0,normative,0.01,0.98,knowledge,0.94,0.88,abstract,0.22,0.56,0.73,1360
7c43fb0c51dc088a5b38dc724900b2e0eea3b6018da5c0dc42d9c2fabe2e0b41:1,692,Preferences determine lifestyle choices and habits.,platform/published,typesafe/jev-1.13,typesafe/jev-1.13-20260917,opinion,0.34,0.32,social,0.0,1.0,literal language,0.99,0.99,positive,1.0,1.0,knowledge,0.84,0.68,everyday,0.57,0.15,0.9,1354
bdcbcd9f7fdfbed217edc1cde0d25d5f4066823679fef366db11f68b09b91d20:1,1100,Mass is a measure of the amount of matter in an object.,platform/published,typesafe/jev-1.13,typesafe/jev-1.13-20260917,fact,1.0,1.0,physical,1.0,1.0,literal language,1.0,1.0,positive,1.0,1.0,knowledge,1.0,1.0,abstract,0.23,0.54,0.73,1360
8d5e5d4071411392ba9b3aa1d94b88e62e72af7dc57cfc04c075f1cb9638d095:1,285,A theorem provides a proven statement within a mathematical framework.,platform/published,typesafe/jev-1.13,typesafe/jev-1.13-20260917,fact,1.0,1.0,physical,0.99,0.97,literal language,1.0,1.0,positive,0.99,0.98,knowledge,0.99,0.98,abstract,0.0,1.0,0.28,1358
c356b237ecb0c522ae2342c2ef5cba54862a6d4ba0b0b0dd53d5c65ba445f8f4:1,284,A stop sign means drivers must halt before proceeding.,platform/published,typesafe/jev-1.13,typesafe/jev-1.13-20260917,fact,1.0,1.0,social,0.0,1.0,literal language,1.0,1.0,normative,0.08,0.84,knowledge,1.0,1.0,everyday,1.0,1.0,0.92,1357
2bfa4d0807e52140147ad9fb6787880e4bdf2cd23657a388a22ff52d5276d0ac:1,1101,"Mathematical equations can calculate trajectories, predicting the motion of projectiles accurately.",platform/published,typesafe/jev-1.13,typesafe/jev-1.13-20260917,fact,1.0,1.0,physical,1.0,1.0,literal language,1.0,1.0,positive,1.0,1.0,knowledge,0.99,0.97,abstract,0.14,0.73,0.48,1365
be33517f4c3889bc89b5e983eecc4a25175a1d5df267aa81ab41d43f8cb98dc4:1,694,"Prejudice reflects societal biases, not empirical realities.",platform/published,typesafe/jev-1.13,typesafe/jev-1.13-20260917,opinion,0.16,0.68,social,0.0,1.0,literal language,0.97,0.95,positive,0.92,0.85,knowledge,0.72,0.44,abstract,0.0,0.99,0.61,1358
9b0ff6503ccf10ab6b8729808f49374126ad0c87efe38d4b29b3dff8b78f1635:1,693,"Preferences shape life's symphony, each note a reflection of personal canvas.",platform/published,typesafe/jev-1.13,typesafe/jev-1.13-20260917,opinion,0.0,1.0,social,0.0,1.0,figure of speech,0.0,1.0,normative,0.37,0.26,knowledge,0.94,0.88,abstract,0.03,0.94,0.54,1363
da51054d10dbdbcc4c383fe10e9ea8a09926a3407daf819527f757beb408e4b0:1,286,A tree's age can be determined by counting its rings.,platform/published,typesafe/jev-1.13,typesafe/jev-1.13-20260917,fact,1.0,1.0,physical,1.0,1.0,literal language,1.0,1.0,positive,1.0,1.0,knowledge,1.0,0.99,everyday,0.93,0.87,0.84,1359
9d9b749fb8258f98c7ea8a5b6c5ee3773f8860c73346679bb02f9273efbf8149:1,1102,Mathematical equations describe relationships between variables in logical terms.,platform/published,typesafe/jev-1.13,typesafe/jev-1.13-20260917,fact,1.0,0.99,physical,1.0,1.0,literal language,1.0,1.0,positive,1.0,1.0,knowledge,0.99,0.97,abstract,0.0,0.99,0.62,1360
3bcdedb02f925115ae03bd1356bf27688a0481a819ce754d74db02a276696194:1,1103,Mathematical proofs provide conclusive demonstrations of the validity of a theorem or statement.,platform/published,typesafe/jev-1.13,typesafe/jev-1.13-20260917,fact,0.99,0.97,physical,0.96,0.92,literal language,1.0,1.0,positive,0.98,0.97,knowledge,0.89,0.79,abstract,0.0,1.0,0.37,1366
735ace63347f3c93f6e382fc8a98c0b2949069e45e6cd47e4a609af2d6a5e1a6:1,288,A year is approximately 365.25 days due to Earth's orbit.,platform/published,typesafe/jev-1.13,typesafe/jev-1.13-20260917,fact,1.0,1.0,physical,1.0,1.0,literal language,1.0,1.0,positive,1.0,1.0,knowledge,1.0,0.99,abstract,0.3,0.4,0.73,1365
033c4b70b19513d34612e60a72618314cec542989f5c41e2753ce0677e83c221:1,287,A triangle’s interior angles sum to 180 degrees.,platform/published,typesafe/jev-1.13,typesafe/jev-1.13-20260917,fact,1.0,1.0,physical,1.0,1.0,literal language,1.0,1.0,positive,1.0,1.0,knowledge,0.99,0.99,abstract,0.03,0.94,0.56,1360
62e401c86d9925881d7c0e8c144aa23b6527eb6e7855be0fdb9a4540d876b4f3:1,695,Prejudices are the shadows lurking in the corridors of societal progress.,platform/published,typesafe/jev-1.13,typesafe/jev-1.13-20260917,opinion,0.0,1.0,social,0.0,1.0,figure of speech,0.0,1.0,normative,0.03,0.95,knowledge,0.92,0.84,abstract,0.0,1.0,0.34,1361
4883f28e5787c2e8afb9fec75fc2c9c263b0ff372497f75e633fa6fa9dd95c60:1,696,Probability assesses the likelihood of events occurring.,platform/published,typesafe/jev-1.13,typesafe/jev-1.13-20260917,fact,1.0,1.0,physical,0.99,0.98,literal language,1.0,1.0,positive,1.0,1.0,knowledge,0.99,0.99,abstract,0.16,0.68,0.83,1356
4bfd95302b0484d76655a4e169bb94af6ede83e56d9c265ad6c92bd283770b00:1,289,Adequate rest is crucial for muscle recovery and growth.,platform/published,typesafe/jev-1.13,typesafe/jev-1.13-20260917,fact,1.0,0.99,physical,1.0,1.0,literal language,1.0,1.0,positive,0.87,0.75,knowledge,0.99,0.98,everyday,0.95,0.9,0.88,1359
df11d2886fba7519058ab7023f9a26a1e97cf4404da0ea45c9462eae4ba8613d:1,1104,Mathematical reasoning underpins many logical deductions made in various fields.,platform/published,typesafe/jev-1.13,typesafe/jev-1.13-20260917,fact,0.87,0.75,physical,0.96,0.92,literal language,0.99,0.98,positive,1.0,1.0,knowledge,0.88,0.77,abstract,0.0,0.99,0.68,1362
47cca853103366e0a37e0f13a3442dae231f5a564e202bc30e4f0f38fc1e69df:1,1105,Mathematics allows us to calculate areas and volumes accurately.,platform/published,typesafe/jev-1.13,typesafe/jev-1.13-20260917,fact,1.0,1.0,physical,1.0,1.0,literal language,1.0,1.0,positive,1.0,1.0,knowledge,0.94,0.88,everyday,0.55,0.11,0.66,1359
673b483e3b4d1427e02948f728401df7319ea331ca97cca8b89c0638090bf63d:1,698,Probability is the crystal ball predicting the patterns hidden in chaos.,platform/published,typesafe/jev-1.13,typesafe/jev-1.13-20260917,opinion,0.01,0.98,physical,0.99,0.98,figure of speech,0.0,1.0,positive,0.85,0.7,knowledge,0.9,0.81,abstract,0.0,1.0,0.3,1359
3ae85653f0e6c8040dbc63210a07852b51231a91324abf86db66bb5cb790cb2b:1,290,Adequate rest is the silent ally in fitness’s unyielding marathon.,platform/published,typesafe/jev-1.13,typesafe/jev-1.13-20260917,opinion,0.15,0.71,physical,0.96,0.91,figure of speech,0.0,1.0,normative,0.15,0.7,knowledge,0.88,0.76,everyday,0.63,0.25,0.85,1364
b87863726d480276bc58ad2c3df8965f68ef1eb41259a38007d0259c9e7376b7:1,697,Probability dances with fate in the casino of life.,platform/published,typesafe/jev-1.13,typesafe/jev-1.13-20260917,opinion,0.0,1.0,social,0.06,0.88,figure of speech,0.0,1.0,normative,0.44,0.12,knowledge,0.9,0.8,abstract,0.01,0.99,0.28,1357
adb2d1331848a937a9944917fb1f30524e6b52a3ca5f2f775ff2990b7261a261:1,1106,"Mathematics can model complex systems, providing insights into their behavior.",platform/published,typesafe/jev-1.13,typesafe/jev-1.13-20260917,fact,0.98,0.96,physical,1.0,1.0,literal language,0.98,0.97,positive,1.0,1.0,knowledge,0.94,0.89,abstract,0.0,1.0,0.6,1361
a2d93f94e2f9bd465564a89462c87295919449d8514f081e5b425cfc880957cc:1,291,"Aerodynamics is the wind's tutor, teaching machines the art of flight.",platform/published,typesafe/jev-1.13,typesafe/jev-1.13-20260917,opinion,0.04,0.92,physical,1.0,0.99,figure of speech,0.0,1.0,positive,0.91,0.81,knowledge,0.92,0.85,abstract,0.02,0.97,0.19,1365
d49efa0f015ef6ee9e41b1162b6dd19d82453a1e58e7baf65ebbd3de61ff35c0:1,699,Probability is the dice roll of the universe's grand game.,platform/published,typesafe/jev-1.13,typesafe/jev-1.13-20260917,opinion,0.0,1.0,physical,0.98,0.97,figure of speech,0.0,1.0,positive,0.83,0.67,knowledge,0.86,0.72,abstract,0.0,1.0,0.18,1359
4646788b6a4424f2742f405818b24a504b668c0e5339893365eb529ee998e3fd:1,1107,Mathematics can model population changes based on birth and death rates empirically.,platform/published,typesafe/jev-1.13,typesafe/jev-1.13-20260917,fact,1.0,1.0,physical,0.98,0.97,literal language,1.0,1.0,positive,1.0,1.0,knowledge,0.97,0.93,abstract,0.03,0.95,0.47,1365
084d362f0533faf82dc00e89605ca402139aeb705c17f4d0084c45c7bb365d24:1,1108,Mathematics can predict future trends based on historical data analysis.,platform/published,typesafe/jev-1.13,typesafe/jev-1.13-20260917,fact,0.98,0.97,physical,1.0,0.99,literal language,1.0,1.0,positive,1.0,1.0,knowledge,0.88,0.76,abstract,0.12,0.76,0.64,1360
cdc68665f4b8e5e90e0d9c40f5b1cd7fdecf04465e61becb12ec1ad496e70287:1,700,Probability measures event likelihoods within a defined sample space.,platform/published,typesafe/jev-1.13,typesafe/jev-1.13-20260917,fact,1.0,1.0,physical,1.0,1.0,literal language,1.0,1.0,positive,1.0,1.0,knowledge,1.0,1.0,abstract,0.01,0.98,0.34,1360
178dba1b9db193d3ea263715a2dffef1e577cd7af2cb201689124d121b0ea71c:1,293,Algebra involves solving equations and understanding functions.,platform/published,typesafe/jev-1.13,typesafe/jev-1.13-20260917,fact,1.0,0.99,physical,1.0,0.99,literal language,1.0,1.0,positive,1.0,1.0,knowledge,1.0,1.0,abstract,0.03,0.93,0.6,1357
38923104e697a8fd6a8b5492e2bb1c5f7c0eae2f0e1d5414808bb8f0d2020a97:1,292,Air feels thick with unspoken truths hanging like storm clouds.,platform/published,typesafe/jev-1.13,typesafe/jev-1.13-20260917,opinion,0.0,1.0,social,0.0,1.0,figure of speech,0.0,1.0,positive,0.71,0.42,knowledge,0.98,0.96,abstract,0.35,0.29,0.27,1360
09d945842c2fb1d37bdb00986b26361b6d2e6df6da86f472a4cba29fb8ffdd6d:1,701,"Probability tosses life's dice, weaving patterns from uncertainty's tangled threads.",platform/published,typesafe/jev-1.13,typesafe/jev-1.13-20260917,opinion,0.0,0.99,physical,0.95,0.9,figure of speech,0.0,1.0,positive,0.92,0.84,knowledge,0.87,0.75,abstract,0.0,1.0,0.19,1362
060aba06b2b0e239f306efbfa78655dff00eb2b637dccf1c76eb16dca3da081b:1,1109,Mathematics can predict outcomes in real-world scenarios through modeling.,platform/published,typesafe/jev-1.13,typesafe/jev-1.13-20260917,fact,1.0,1.0,physical,1.0,1.0,literal language,1.0,1.0,positive,1.0,1.0,knowledge,0.88,0.77,abstract,0.16,0.68,0.7,1360
12ee393d4ca075e141ed14203eff45e9b3b0f8beaa1390deee25353919ab6c70:1,702,Proper hygiene helps reduce the spread of infectious diseases.,platform/published,typesafe/jev-1.13,typesafe/jev-1.13-20260917,fact,1.0,1.0,physical,0.98,0.97,literal language,1.0,1.0,positive,1.0,1.0,knowledge,0.98,0.96,everyday,0.94,0.89,0.94,1358
499fcf0270d47e161fc81cc8e7c88aff880d9b395bf4c6a48b763567400a1d0c:1,294,Algebra uses symbols to solve equations representing relationships.,platform/published,typesafe/jev-1.13,typesafe/jev-1.13-20260917,fact,1.0,1.0,physical,0.99,0.99,literal language,1.0,1.0,positive,1.0,1.0,knowledge,1.0,1.0,abstract,0.02,0.97,0.5,1358
57d12ddd179cb2228710bf34b2c26a5ca90589eb8016d454e0f40469c124652d:1,1111,Mathematics enables the modeling of population dynamics in ecology through equations.,platform/published,typesafe/jev-1.13,typesafe/jev-1.13-20260917,fact,1.0,1.0,physical,1.0,1.0,literal language,1.0,1.0,positive,1.0,1.0,knowledge,0.96,0.93,abstract,0.0,1.0,0.36,1361
849250417cbefac17d85e43fc38fa8b695e606e153536e2ed537168ae6fedaa7:1,1110,Mathematics enables financial budgeting by providing tools to analyze income and expenses methodically.,platform/published,typesafe/jev-1.13,typesafe/jev-1.13-20260917,fact,0.98,0.96,physical,0.5,0.01,literal language,1.0,1.0,positive,1.0,1.0,knowledge,0.6,0.21,everyday,0.95,0.9,0.81,1368
9aa984e1ccde8d2830d02ff0664b9bf954b57389cc3b2cfed9bf4cea9b63c668:1,703,Proper nutrition fuels workouts and aids recovery.,platform/published,typesafe/jev-1.13,typesafe/jev-1.13-20260917,fact,1.0,1.0,physical,1.0,1.0,literal language,0.63,0.27,positive,1.0,0.99,knowledge,0.99,0.97,everyday,0.98,0.96,0.94,1356
de3d0fb10268ae3086dd6c71ed81ccc142511816d26e392eb49da68ffc84b6bc:1,295,Algebra whispers secrets only the careful listener will decipher.,platform/published,typesafe/jev-1.13,typesafe/jev-1.13-20260917,opinion,0.0,1.0,social,0.35,0.29,figure of speech,0.0,1.0,normative,0.37,0.27,knowledge,0.94,0.88,abstract,0.01,0.99,0.14,1359
75375568f6b8b349b1db8fb11a0b0a29bce0351db506be68d709645efc7350d4:1,704,Proper posture decreases back pain and improves overall alignment.,platform/published,typesafe/jev-1.13,typesafe/jev-1.13-20260917,fact,0.98,0.96,physical,1.0,1.0,literal language,1.0,1.0,positive,0.99,0.97,knowledge,0.98,0.96,everyday,0.99,0.98,0.89,1358
de724f2eeb7f86d88e499e909d3d12d69d846c5333e15f2f33bddff9bf6faace:1,296,Altruism in religious doctrines parallels evolutionary biology's kin selection.,platform/published,typesafe/jev-1.13,typesafe/jev-1.13-20260917,opinion,0.07,0.86,social,0.03,0.95,literal language,0.66,0.31,positive,1.0,0.99,reasoning,0.17,0.66,abstract,0.0,1.0,0.23,1360
1298d24b38f427d8552b8b80928d4b9e04ba2fee55d34543c510abb2638f6b00:1,1112,Mathematics is the bridge connecting abstract thoughts to tangible realities.,platform/published,typesafe/jev-1.13,typesafe/jev-1.13-20260917,opinion,0.0,1.0,physical,0.92,0.83,figure of speech,0.0,1.0,positive,0.59,0.18,knowledge,0.84,0.68,abstract,0.0,1.0,0.46,1360
9c491e35dccd0a9bd59bd428f3f68c996eb484c9a7af0d601e922f0f9138ffed:1,298,An odd number is not divisible evenly by two.,platform/published,typesafe/jev-1.13,typesafe/jev-1.13-20260917,fact,1.0,1.0,physical,1.0,1.0,literal language,1.0,1.0,positive,1.0,1.0,knowledge,0.98,0.95,abstract,0.08,0.83,0.82,1357
f6195796fa82ea8a4fca633989cc8fb161922b8b34ff578f3a2a1e331f786d42:1,297,Ambition is the fire fueling humanity’s relentless quest for progress.,platform/published,typesafe/jev-1.13,typesafe/jev-1.13-20260917,opinion,0.0,1.0,social,0.0,1.0,figure of speech,0.0,1.0,normative,0.31,0.39,knowledge,0.87,0.73,abstract,0.0,1.0,0.55,1363
7be400a6ea29582dd744d3c52e204f031a1a7600268510ee532b8262ec26bcc6:1,706,Quality sleep rejuvenates the body and mind.,platform/published,typesafe/jev-1.13,typesafe/jev-1.13-20260917,fact,0.95,0.9,physical,1.0,1.0,literal language,0.81,0.62,positive,1.0,1.0,knowledge,1.0,1.0,everyday,0.99,0.98,0.96,1358
8170f65b5c2c7d2bdcb9a620efe962769011d46ebf3f1911ed2a669da602b4b9:1,1113,Mathematics is used to solve real-world problems through logical reasoning.,platform/published,typesafe/jev-1.13,typesafe/jev-1.13-20260917,fact,0.99,0.99,physical,1.0,1.0,literal language,1.0,1.0,positive,1.0,1.0,knowledge,0.91,0.82,everyday,0.51,0.02,0.86,1361
ec723e6ed1286fcf880fe0f5ba13f20e37b908c1173eab49bf42d788b65368b4:1,1114,Mathematics offers tools for analyzing data and making predictions.,platform/published,typesafe/jev-1.13,typesafe/jev-1.13-20260917,fact,1.0,1.0,physical,1.0,1.0,literal language,0.99,0.99,positive,1.0,1.0,knowledge,0.99,0.97,abstract,0.25,0.5,0.69,1359
dbbc6e153224f402e3d0b463f91c90f0689c30d7abfcb3ad417d2e22e94524fb:1,705,Public art installations stimulate cultural discourse and community engagement.,platform/published,typesafe/jev-1.13,typesafe/jev-1.13-20260917,opinion,0.26,0.48,social,0.0,1.0,literal language,0.99,0.98,positive,0.93,0.87,knowledge,0.96,0.91,abstract,0.07,0.86,0.68,1357
d073179d899befe56e8f6925ec288d02f3fa2343d2f81497570ec7d8a2a03ba5:1,299,Ancient myths reflect archetypes resembling evolutionary psychological patterns.,platform/published,typesafe/jev-1.13,typesafe/jev-1.13-20260917,opinion,0.09,0.81,social,0.01,0.98,literal language,0.9,0.8,positive,1.0,1.0,knowledge,0.67,0.33,abstract,0.0,1.0,0.31,1358
bc8b98a773db8e06e2a471b3fd699e5f5094ca5861fb69b1faa300995b57b8ad:1,1116,"Matrices can represent systems of equations, providing solutions through linear algebra methods.",platform/published,typesafe/jev-1.13,typesafe/jev-1.13-20260917,fact,1.0,1.0,physical,1.0,1.0,literal language,1.0,1.0,positive,1.0,1.0,knowledge,0.99,0.98,abstract,0.0,1.0,0.2,1362
f52347c9c706dc2ef9ecc29952b320d8db45f4ed0e9cde26f9c946d5217705f6:1,300,"Antarctica is the coldest continent, located at the southernmost part of Earth.",platform/published,typesafe/jev-1.13,typesafe/jev-1.13-20260917,fact,1.0,1.0,physical,1.0,1.0,literal language,1.0,1.0,positive,1.0,1.0,knowledge,1.0,1.0,abstract,0.49,0.02,0.82,1367
cbb7abb47f088f992867d90ca821172f54d14c479e0e07727436e7136749b949:1,708,Quantum entanglement weaves particles into an inseparable cosmic tapestry.,platform/published,typesafe/jev-1.13,typesafe/jev-1.13-20260917,opinion,0.29,0.42,physical,1.0,1.0,figure of speech,0.0,1.0,positive,0.99,0.98,knowledge,0.99,0.98,abstract,0.0,1.0,0.08,1365
a0e4183a2c5f9c5994bf7e829f676adfa1b8027deb6b84776153488847553011:1,707,Quantum computing promises transformative advances in information processing capabilities.,platform/published,typesafe/jev-1.13,typesafe/jev-1.13-20260917,opinion,0.05,0.9,physical,0.94,0.87,literal language,0.71,0.41,positive,0.86,0.71,knowledge,0.96,0.91,abstract,0.0,1.0,0.23,1359
f46e4a8f9a4815cd9bacc9639eec7eff0c7c541c710ed63bc5a0d19f8ab9b3ff:1,1115,Mathematics serves as the foundation for coding computer algorithms effectively and accurately.,platform/published,typesafe/jev-1.13,typesafe/jev-1.13-20260917,fact,0.76,0.53,physical,0.99,0.99,literal language,0.52,0.03,positive,0.95,0.9,knowledge,0.78,0.56,abstract,0.01,0.97,0.56,1362
43b0f94000c45a82734f41d3301f32ef761e28cc165f0faa01330eadca251032:1,1117,"Matter exists in three states: solid, liquid, and gas.",platform/published,typesafe/jev-1.13,typesafe/jev-1.13-20260917,fact,0.99,0.98,physical,1.0,1.0,literal language,1.0,1.0,positive,1.0,1.0,knowledge,1.0,1.0,everyday,0.68,0.36,0.84,1361
0007028cf222dbd661cfcdf9023b0b366c80df1990ef232ceb68f6938ce0f1f3:1,301,Area calculations require understanding dimension relationships in geometric figures.,platform/published,typesafe/jev-1.13,typesafe/jev-1.13-20260917,fact,1.0,0.99,physical,1.0,1.0,literal language,1.0,1.0,positive,0.99,0.98,knowledge,0.6,0.2,abstract,0.18,0.64,0.67,1357
aa5426371f2b28f132dec7d38fc290487d7e9482627d5f931e49d172b6f852bc:1,709,"Quantum mechanics dances with chaos, revealing patterns beneath reality's calm facade.",platform/published,typesafe/jev-1.13,typesafe/jev-1.13-20260917,opinion,0.01,0.99,physical,1.0,1.0,figure of speech,0.0,1.0,positive,0.94,0.88,knowledge,0.93,0.86,abstract,0.0,1.0,0.08,1363
1cafe1cb9a6ca8d44f85cdb75c65fa23013abb9ac22787bc77a4ba039495fa50:1,1118,Measurements can be taken using standard units like meters and kilograms.,platform/published,typesafe/jev-1.13,typesafe/jev-1.13-20260917,fact,1.0,1.0,physical,0.99,0.98,literal language,1.0,1.0,positive,0.99,0.98,knowledge,1.0,1.0,everyday,1.0,1.0,0.93,1362
b0fd43ad238788f572a98882e7511ec695d61371e313655110d5a534982a1b5a:1,302,Arithmetic is the skeleton holding up the flesh of comprehension.,platform/published,typesafe/jev-1.13,typesafe/jev-1.13-20260917,opinion,0.0,1.0,social,0.48,0.04,figure of speech,0.0,1.0,normative,0.33,0.34,knowledge,0.76,0.52,abstract,0.0,1.0,0.37,1361
06273051637b0a1a5627944872be608e7310fce2daa39d8aba022575b12df557:1,710,"Quantum mechanics is the unruly child, defying classic expectations.",platform/published,typesafe/jev-1.13,typesafe/jev-1.13-20260917,opinion,0.01,0.99,physical,0.91,0.81,figure of speech,0.0,1.0,normative,0.41,0.17,knowledge,0.97,0.94,abstract,0.0,1.0,0.18,1362
69380c6498a48ff167899510c80e2e2b607a8fcfa62342be4468bbbd0ad07346:1,1119,Measurements must be precise to ensure reliable data in scientific research.,platform/published,typesafe/jev-1.13,typesafe/jev-1.13-20260917,fact,0.74,0.49,physical,0.95,0.91,literal language,1.0,1.0,normative,0.17,0.65,knowledge,0.55,0.09,abstract,0.04,0.92,0.54,1362
4ce9cc28c74e19282d398002cafeb012c2d4c5f6bbfd4a4f6181ebb7ca3cdbb6:1,1120,Measuring blood pressure provides insight into cardiovascular health and efficiency.,platform/published,typesafe/jev-1.13,typesafe/jev-1.13-20260917,fact,1.0,1.0,physical,1.0,1.0,literal language,1.0,1.0,positive,1.0,1.0,knowledge,0.92,0.85,everyday,0.88,0.75,0.87,1360
5602a2d51faaf1d3b2374e137450fa5cd115815bccc44bef93652650fbe278c3:1,303,Art can challenge norms and inspire social change.,platform/published,typesafe/jev-1.13,typesafe/jev-1.13-20260917,opinion,0.25,0.5,social,0.0,1.0,literal language,0.92,0.84,positive,0.82,0.63,knowledge,0.96,0.92,abstract,0.01,0.97,0.77,1356
5c9a561836ec6a1454ce609f6a843a47656641130348458017e4ca9e7a235151:1,304,"Art challenges societal norms, sparking conversations and reflections.",platform/published,typesafe/jev-1.13,typesafe/jev-1.13-20260917,opinion,0.03,0.94,social,0.0,1.0,literal language,0.82,0.64,positive,0.76,0.51,knowledge,0.95,0.89,abstract,0.02,0.96,0.76,1358
1fa1e94a6906e28112771200c22145495f829d6a2fb0db0883451b4d44a0f3b8:1,711,Quantum mechanics weaves reality with threads of probability and uncertainty.,platform/published,typesafe/jev-1.13,typesafe/jev-1.13-20260917,opinion,0.46,0.08,physical,1.0,1.0,figure of speech,0.0,1.0,positive,0.99,0.98,knowledge,0.99,0.98,abstract,0.0,1.0,0.11,1361
6f9b12f3ca7b1ffc3a6713e460d8f1653195e6e00163703fb376bb5b8860e1bd:1,712,"Rainforests are nature's green cathedrals, sheltering Earth's ancient secrets.",platform/published,typesafe/jev-1.13,typesafe/jev-1.13-20260917,opinion,0.0,1.0,social,0.47,0.06,figure of speech,0.0,1.0,normative,0.12,0.76,knowledge,0.99,0.99,abstract,0.04,0.93,0.25,1368
7777d54881afc55d6a2c55d84cfd7cffeeb00d4be5a405f67969f6abd5bb4e49:1,305,Art conveys cultural stories through visual and emotional expressions.,platform/published,typesafe/jev-1.13,typesafe/jev-1.13-20260917,opinion,0.29,0.43,social,0.0,1.0,literal language,0.92,0.85,positive,0.97,0.95,knowledge,0.99,0.98,abstract,0.07,0.86,0.86,1358
4a2d0d3c06cdafffa210f23265e5c34554bc351d6eb1040e2a7e64bcc31313f2:1,713,Rainforests like the Amazon are often rich in biodiversity and have dense canopies.,platform/published,typesafe/jev-1.13,typesafe/jev-1.13-20260917,fact,1.0,1.0,physical,1.0,1.0,literal language,1.0,1.0,positive,1.0,1.0,knowledge,1.0,1.0,everyday,0.58,0.17,0.85,1366
8188e82e0a25f1b5e8a02695065e5da357ee81a1248c43559d792790436f1ae1:1,1121,Measuring weight and height are straightforward tasks using standard tools like scales.,platform/published,typesafe/jev-1.13,typesafe/jev-1.13-20260917,fact,0.86,0.73,physical,1.0,1.0,literal language,1.0,1.0,positive,0.99,0.98,knowledge,0.99,0.98,everyday,1.0,1.0,0.94,1362
4aaa6dbe5c740726c6a842d39cc28e18595f7aaea6a7fc285ff282890748ce0a:1,1122,Mechanical advantage allows simple machines to make work easier and more efficient.,platform/published,typesafe/jev-1.13,typesafe/jev-1.13-20260917,fact,0.98,0.97,physical,1.0,1.0,literal language,1.0,0.99,positive,0.99,0.98,knowledge,0.95,0.9,abstract,0.5,0.0,0.65,1362
ffd16e38bce6e58f9633ffbafbdcbaad78b8ad132d08ab1e3a323bef2fa79dcd:1,714,Rational numbers are expressed as fractions of integers.,platform/published,typesafe/jev-1.13,typesafe/jev-1.13-20260917,fact,1.0,1.0,physical,1.0,1.0,literal language,1.0,1.0,positive,0.99,0.99,knowledge,1.0,1.0,abstract,0.01,0.99,0.42,1358
af855d538aadc085c6104cdf7b5e6d915a9136c423e9e79a67f125d1dbe91e32:1,1123,Mechanical advantage enables machines to multiply forces in various applications.,platform/published,typesafe/jev-1.13,typesafe/jev-1.13-20260917,fact,1.0,1.0,physical,1.0,1.0,literal language,0.99,0.98,positive,1.0,1.0,knowledge,1.0,0.99,abstract,0.46,0.08,0.57,1360
d8ec68b9b88445787defbe2b0198f3091f0aa4a4f8c2f5d4eef96f973b4446ae:1,715,Reality's truth is often a mosaic pieced together from subjective shards.,platform/published,typesafe/jev-1.13,typesafe/jev-1.13-20260917,opinion,0.0,1.0,social,0.0,1.0,figure of speech,0.0,1.0,positive,0.75,0.5,knowledge,0.75,0.5,abstract,0.0,1.0,0.42,1361
e0cacb1d9a911c80a1a076a98a01398a1708b8c117663b0c575b295264d221c1:1,307,Art shapes and reflects societal values and norms.,platform/published,typesafe/jev-1.13,typesafe/jev-1.13-20260917,opinion,0.35,0.31,social,0.0,1.0,literal language,0.69,0.37,positive,0.99,0.98,knowledge,0.96,0.91,abstract,0.0,1.0,0.77,1356
3968bef100e7970df74a95d00ef786c2a2c5c67c5b5479431eba77b71f3122f0:1,1124,"Mountain ranges affect climate, resulting in varied weather patterns on either side.",platform/published,typesafe/jev-1.13,typesafe/jev-1.13-20260917,fact,1.0,1.0,physical,1.0,1.0,literal language,1.0,1.0,positive,1.0,1.0,knowledge,0.95,0.91,abstract,0.26,0.47,0.78,1361
afd06876735a8d6c12f79ab688b4aa326f9201468917730fb5ea32d1fe315cc4:1,308,"Artificial intelligence automates tasks, enhancing efficiency in various industries.",platform/published,typesafe/jev-1.13,typesafe/jev-1.13-20260917,fact,0.95,0.9,physical,0.89,0.78,literal language,1.0,1.0,positive,0.99,0.98,knowledge,0.96,0.92,abstract,0.36,0.28,0.71,1361
deb9459e12bb3444269c6491fad9a307e9cfeec7efa069ddbff7acd6def37047:1,306,Art movements often reflect shifts in cultural attitudes.,platform/published,typesafe/jev-1.13,typesafe/jev-1.13-20260917,fact,0.69,0.38,social,0.0,1.0,literal language,0.99,0.97,positive,1.0,1.0,knowledge,0.98,0.95,abstract,0.01,0.99,0.8,1356
76b3c5d8197af5b6abb3a18c6c3b94031c9d7c14bbc88e9d4c0bc08bc7b7ab71:1,716,Reason sketches blueprints where reality’s possibilities unfold.,platform/published,typesafe/jev-1.13,typesafe/jev-1.13-20260917,opinion,0.0,1.0,social,0.34,0.33,figure of speech,0.0,1.0,positive,0.8,0.6,reasoning,0.5,0.01,abstract,0.0,1.0,0.22,1358
d8e6d1e77ffc6c55683083faf60a5fce1e61b6079fde62ad2ad7e551c1abd477:1,1126,"Mountains stand tall, but even the mightiest crumble over time.",platform/published,typesafe/jev-1.13,typesafe/jev-1.13-20260917,fact,0.82,0.64,physical,1.0,1.0,figure of speech,0.24,0.51,positive,1.0,0.99,knowledge,0.93,0.85,abstract,0.12,0.77,0.83,1365
b6d0a7dc6da05f6bb55462527ba78c63d0f8e1df4d0fe11d3a38eaf1f31be799:1,718,Recycling reduces waste and conserves natural resources.,platform/published,typesafe/jev-1.13,typesafe/jev-1.13-20260917,fact,1.0,1.0,physical,0.98,0.96,literal language,1.0,1.0,positive,1.0,0.99,knowledge,0.92,0.83,everyday,0.65,0.3,0.93,1359
3e9a43a7da6ca0bb2810738bc7ff5b83c7038023910e37d2a5c897749124462f:1,310,"Artistic expression weaves a tapestry of hopes and histories, inviting reflection.",platform/published,typesafe/jev-1.13,typesafe/jev-1.13-20260917,opinion,0.0,1.0,social,0.0,1.0,figure of speech,0.0,1.0,normative,0.25,0.5,knowledge,0.98,0.95,abstract,0.01,0.99,0.41,1363
f28bae9d56a73f052e1225a9e6b5c02799962f42a9ca5b75388804a9c625f200:1,311,"Artistic styles vary across cultures, reflecting diverse values.",platform/published,typesafe/jev-1.13,typesafe/jev-1.13-20260917,fact,0.74,0.48,social,0.0,1.0,literal language,0.98,0.97,positive,1.0,0.99,knowledge,0.87,0.74,abstract,0.07,0.85,0.86,1358
4049c9c3b684b901e7a470da9e3cd0647bf4abb23685a2f33d5024aa66fd6eae:1,309,"Artificial intelligence mimics human reasoning, expanding technological frontiers.",platform/published,typesafe/jev-1.13,typesafe/jev-1.13-20260917,fact,0.68,0.35,physical,0.94,0.89,literal language,0.66,0.33,positive,0.99,0.97,knowledge,0.94,0.89,abstract,0.02,0.97,0.6,1362
9d71c8736916db0acc6e3a93bb9a9a0b7c3deb09da1bdd2d6b71d4a439fbefb3:1,1125,Mountains are formed through geological processes over millions of years.,platform/published,typesafe/jev-1.13,typesafe/jev-1.13-20260917,fact,1.0,1.0,physical,1.0,1.0,literal language,1.0,1.0,positive,1.0,1.0,knowledge,1.0,1.0,abstract,0.02,0.95,0.51,1360
4950cc20ed16bf32a167603fedef923ae3bcb8a9524af21ffa40125f87a346a9:1,717,"Recovery is the gentle whisper, mending muscles after a battle well fought.",platform/published,typesafe/jev-1.13,typesafe/jev-1.13-20260917,opinion,0.02,0.95,physical,0.99,0.97,figure of speech,0.0,1.0,normative,0.45,0.1,knowledge,0.97,0.95,everyday,0.66,0.31,0.61,1363
dffbf7cd3bc43ca1a16ff5551d2a127de913c38f05943c61f8e6e5d76b09049a:1,719,Reduced screen time encourages more active and healthy lifestyles.,platform/published,typesafe/jev-1.13,typesafe/jev-1.13-20260917,fact,0.7,0.41,physical,0.96,0.91,literal language,1.0,1.0,positive,0.97,0.94,knowledge,0.62,0.23,everyday,0.82,0.65,0.86,1358
37a2ffac719a3eafa537e64a17dbf026486254c81cf66af17843acd0cc46fe79:1,1127,Muscles need protein to recover and grow after exercise sessions.,platform/published,typesafe/jev-1.13,typesafe/jev-1.13-20260917,fact,1.0,1.0,physical,1.0,1.0,literal language,1.0,1.0,positive,1.0,1.0,knowledge,1.0,1.0,everyday,0.94,0.89,0.85,1359
3c4e9749206156f9bca387be8d7d7be67b3623d047b08e93ff528b2ca63f9daa:1,312,Atoms are the fundamental building blocks of matter.,platform/published,typesafe/jev-1.13,typesafe/jev-1.13-20260917,fact,1.0,1.0,physical,1.0,1.0,literal language,0.72,0.44,positive,1.0,1.0,knowledge,1.0,1.0,abstract,0.0,0.99,0.61,1356
1812ab11beb056a4d44a2ccfaaca1160c2e9ede437a834ba3f7011e3d904492b:1,313,Augmented reality overlays digital information onto physical perceptions.,platform/published,typesafe/jev-1.13,typesafe/jev-1.13-20260917,fact,1.0,1.0,physical,0.98,0.97,literal language,1.0,1.0,positive,1.0,1.0,knowledge,1.0,1.0,everyday,0.61,0.22,0.57,1357
2ef1959f4af42996b598f71e6c5e2fd6426e42bb4ee3fb767c2308aadec1ab8a:1,1128,"Music is a universal language, speaking to hearts across cultural divides.",platform/published,typesafe/jev-1.13,typesafe/jev-1.13-20260917,opinion,0.0,1.0,social,0.0,1.0,figure of speech,0.0,1.0,normative,0.36,0.29,knowledge,0.99,0.97,abstract,0.03,0.93,0.69,1360
e7815a3e84b36dd561c707a0f2a2b445ca932ef2a0a34051c91d1bce351b5cef:1,721,"Regular exercise is the elixir of youth, defying time's relentless march.",platform/published,typesafe/jev-1.13,typesafe/jev-1.13-20260917,opinion,0.0,1.0,physical,0.75,0.5,figure of speech,0.0,1.0,normative,0.36,0.29,knowledge,0.96,0.92,abstract,0.23,0.53,0.48,1364
4673274e9d8e540712ec08840bdb21309ac25ba13cb0b2c189212fe38e2876f2:1,314,Authenticity is the light breaking through conformity's shadow.,platform/published,typesafe/jev-1.13,typesafe/jev-1.13-20260917,opinion,0.0,1.0,social,0.0,1.0,figure of speech,0.0,1.0,normative,0.0,0.99,knowledge,0.8,0.61,abstract,0.0,1.0,0.24,1359
b06d463654f63938357b488b31be8d3a30718378dbc5bbf9f9395edf4521ef23:1,720,Regular check-ups aid in early detection of health issues.,platform/published,typesafe/jev-1.13,typesafe/jev-1.13-20260917,fact,1.0,1.0,physical,0.99,0.98,literal language,1.0,1.0,positive,1.0,1.0,knowledge,0.95,0.91,everyday,0.95,0.91,0.93,1358
a1c789167fa278c452605fc87aa5e4f914b2850352a2cfa353aacd2e772fd092:1,1129,Natural barriers such as mountains can limit the spread of species between habitats.,platform/published,typesafe/jev-1.13,typesafe/jev-1.13-20260917,fact,1.0,1.0,physical,1.0,1.0,literal language,1.0,1.0,positive,1.0,1.0,knowledge,0.98,0.96,abstract,0.21,0.58,0.79,1361
4eb876d765fb3444f2cd2a657467a1e8650c3d7e3ce2eb5e31b667864f56df0c:1,1130,Natural habitats provide essential resources that sustain local wildlife and ecosystems.,platform/published,typesafe/jev-1.13,typesafe/jev-1.13-20260917,fact,0.99,0.99,physical,1.0,1.0,literal language,1.0,1.0,positive,0.99,0.98,knowledge,0.99,0.98,abstract,0.2,0.6,0.87,1359
1f6e1abb14851c802daa11e466762c49c630c38f6c099d5432e9203a2f643a9b:1,722,"Relativity bends the fabric of spacetime, weaving dimensions into reality.",platform/published,typesafe/jev-1.13,typesafe/jev-1.13-20260917,fact,0.82,0.64,physical,1.0,1.0,figure of speech,0.02,0.96,positive,1.0,1.0,knowledge,0.99,0.98,abstract,0.0,1.0,0.11,1362
9e1c009d77b1ee098fb594c1e446a20bf78f038af68ad3befcc2835dd6b9a87f:1,1131,"Natural resources are unevenly distributed, influencing regional development and economics.",platform/published,typesafe/jev-1.13,typesafe/jev-1.13-20260917,fact,1.0,1.0,physical,0.94,0.88,literal language,1.0,1.0,positive,1.0,1.0,knowledge,0.8,0.6,abstract,0.0,0.99,0.74,1361
da1a161b6a1f6fb68499cdc40a7315d9d41ff76ad7076f4d7a9aa0d66b843a1e:1,723,Relativity bends time like a weaver shaping threads in the cosmic loom.,platform/published,typesafe/jev-1.13,typesafe/jev-1.13-20260917,opinion,0.21,0.59,physical,1.0,1.0,figure of speech,0.0,1.0,positive,1.0,0.99,knowledge,0.97,0.95,abstract,0.0,1.0,0.07,1364
5ce53566b7a163ff0696d2d6c69e7499b0e1e82c7acca197172b0a1f0d2d052e:1,1132,Natural selection allows species to adapt to their environments over time.,platform/published,typesafe/jev-1.13,typesafe/jev-1.13-20260917,fact,1.0,1.0,physical,1.0,1.0,literal language,1.0,1.0,positive,1.0,1.0,knowledge,0.98,0.96,abstract,0.0,1.0,0.63,1359
3decd4fbb1402a575ce5ccf2efc188a4e008b9cc6b0973b4c19f23f5435ff945:1,316,Axioms are the seeds from which mathematical forests grow.,platform/published,typesafe/jev-1.13,typesafe/jev-1.13-20260917,opinion,0.01,0.99,physical,0.82,0.63,figure of speech,0.0,1.0,positive,0.74,0.48,knowledge,0.81,0.61,abstract,0.0,1.0,0.19,1359
32f33fe5cda2d1b2c2df457911536c126f83dab432cbaa608fcbc8bf9a4f8d33:1,724,"Religion builds cathedrals in the heart, housing unseen faith.",platform/published,typesafe/jev-1.13,typesafe/jev-1.13-20260917,opinion,0.0,1.0,social,0.0,1.0,figure of speech,0.0,1.0,normative,0.22,0.57,knowledge,0.86,0.72,abstract,0.0,1.0,0.3,1362
857c18f247b868b1d9551dd843606ab32f69320daa0a2c4b8c602bd4308d2275:1,317,Bacteria reproduce rapidly under favorable conditions like warmth and moisture.,platform/published,typesafe/jev-1.13,typesafe/jev-1.13-20260917,fact,1.0,1.0,physical,1.0,1.0,literal language,1.0,1.0,positive,1.0,1.0,knowledge,1.0,1.0,abstract,0.43,0.13,0.72,1360
54a207a902261e9955975b112bb96fd690997353344ed788812556ecb58e67b2:1,725,Religion often encodes moral laws etched in cosmic stone.,platform/published,typesafe/jev-1.13,typesafe/jev-1.13-20260917,opinion,0.02,0.96,social,0.0,1.0,figure of speech,0.0,1.0,positive,0.68,0.36,knowledge,0.96,0.91,abstract,0.0,1.0,0.57,1360
a4e7e5f80a2db88e0e7ec4087a8aa90482a6c8a67883ac91c40537c94d4269d6:1,318,Balance is the tightrope walker on the wire of health.,platform/published,typesafe/jev-1.13,typesafe/jev-1.13-20260917,opinion,0.0,1.0,physical,0.88,0.76,figure of speech,0.0,1.0,normative,0.1,0.79,knowledge,0.85,0.69,abstract,0.03,0.95,0.41,1360
0455bee269ab6f7eb680a8b4f5727da1b67ba74743d2828ee869fd3597931cc1:1,1133,"Natural selection drives evolution, shaping species over vast time scales.",platform/published,typesafe/jev-1.13,typesafe/jev-1.13-20260917,fact,1.0,1.0,physical,1.0,1.0,literal language,0.93,0.86,positive,1.0,1.0,knowledge,0.99,0.97,abstract,0.0,1.0,0.46,1359
ae2334a1282761a352395ac8c0ecf563690c52c5228241e1cfe4ed227c13d728:1,315,Axioms are self-evident truths forming the foundation of mathematical systems.,platform/published,typesafe/jev-1.13,typesafe/jev-1.13-20260917,fact,0.61,0.21,physical,0.92,0.84,literal language,0.97,0.94,positive,0.94,0.87,knowledge,0.99,0.98,abstract,0.0,1.0,0.29,1363
9667b9f3467cf3600afee01689d400e5c7b096e054c8c81aca31e26b5acd3cfa:1,319,"Beauty is in the eye of the beholder, elusive to measurement.",platform/published,typesafe/jev-1.13,typesafe/jev-1.13-20260917,opinion,0.0,1.0,social,0.0,1.0,figure of speech,0.0,1.0,normative,0.1,0.8,knowledge,0.97,0.94,abstract,0.04,0.93,0.75,1362
c4555da54bba5b8550dfe459bd2b6aa010074d6e2bce7aaad57d37bccf7ab88d:1,1136,Nature's complexity reveals intricate designs that inspire awe and curiosity.,platform/published,typesafe/jev-1.13,typesafe/jev-1.13-20260917,opinion,0.0,1.0,physical,0.57,0.14,figure of speech,0.24,0.53,normative,0.3,0.4,knowledge,0.95,0.9,abstract,0.16,0.68,0.61,1359
32499d6e0df38021290c7b210b00b94bd68a1b1d0cba85737d00eb69f5aa22f4:1,320,"Beauty is the butterfly of perception, fluttering on fantasy’s colorful wings.",platform/published,typesafe/jev-1.13,typesafe/jev-1.13-20260917,opinion,0.0,1.0,social,0.0,1.0,figure of speech,0.0,1.0,normative,0.09,0.81,knowledge,0.97,0.94,abstract,0.0,1.0,0.07,1363
5930b552a79aa5353a6c1bfdcea09af7829c99a74a4067c350df0aa94fb526c7:1,1135,Nature thrives on balance; ecosystems flourish when every organism plays its part harmoniously.,platform/published,typesafe/jev-1.13,typesafe/jev-1.13-20260917,opinion,0.06,0.88,physical,0.97,0.94,figure of speech,0.03,0.93,normative,0.45,0.11,knowledge,0.83,0.65,abstract,0.01,0.98,0.75,1366
f9e4ca64099b239fe299fd0f3e0bc6e5803b08249151c049a3922c9390af16aa:1,1134,"Nature operates under laws, offering objective truths grounded in science.",platform/published,typesafe/jev-1.13,typesafe/jev-1.13-20260917,fact,0.87,0.75,physical,1.0,1.0,literal language,0.97,0.95,positive,1.0,1.0,knowledge,0.89,0.79,abstract,0.0,0.99,0.63,1359
9eeab86e1c57f53a0e87ca88c39b94ca98ede39d2a0fed2b02f5d11aff9569e8:1,726,Religion often mirrors the unseen laws governing the universe.,platform/published,typesafe/jev-1.13,typesafe/jev-1.13-20260917,opinion,0.0,1.0,social,0.02,0.97,figure of speech,0.01,0.99,positive,0.69,0.38,knowledge,0.75,0.49,abstract,0.0,1.0,0.27,1358
ee191b03a23768726191b168a51662de763f6394a45a39e9daec45082e2ddb30:1,727,Religion shapes society as gravitational forces shape galaxies.,platform/published,typesafe/jev-1.13,typesafe/jev-1.13-20260917,opinion,0.0,1.0,social,0.0,0.99,figure of speech,0.0,1.0,positive,0.95,0.91,reasoning,0.38,0.24,abstract,0.0,1.0,0.25,1357
613f8dc07f06b89086d509534a19f2d00262073c4d2bdbd9a8ab0118b05bd503:1,728,Religions propose ethical frameworks influencing societal norms.,platform/published,typesafe/jev-1.13,typesafe/jev-1.13-20260917,fact,0.98,0.96,social,0.0,1.0,literal language,1.0,1.0,positive,0.98,0.95,knowledge,0.98,0.97,abstract,0.0,0.99,0.83,1357
4cf56fd7d564d6874442ea0cc3dec6043d6dd78bd8db861c5be278e2e7bfe5fb:1,1137,Numbers don't lie; they reveal truths obscured by personal biases.,platform/published,typesafe/jev-1.13,typesafe/jev-1.13-20260917,opinion,0.0,1.0,social,0.21,0.58,figure of speech,0.01,0.98,normative,0.45,0.09,knowledge,0.56,0.12,abstract,0.02,0.96,0.58,1361
fa7ee68884be2593616a7e31ca20ecba878ae1952b4d9a52f4d8ae9816b87c79:1,321,Belief systems anchor the soul amidst life's turbulent currents.,platform/published,typesafe/jev-1.13,typesafe/jev-1.13-20260917,opinion,0.0,1.0,social,0.0,1.0,figure of speech,0.0,1.0,normative,0.13,0.75,knowledge,0.93,0.85,abstract,0.0,1.0,0.48,1359
c67dc7e418921a66adf80032664c6689c434ce045953602b1bea959e8194a3fd:1,322,"Belief systems are societal blueprints, mapping spiritual landscapes.",platform/published,typesafe/jev-1.13,typesafe/jev-1.13-20260917,opinion,0.0,1.0,social,0.0,1.0,figure of speech,0.0,1.0,positive,0.65,0.31,knowledge,0.89,0.79,abstract,0.0,1.0,0.37,1360
6af98f4bfb5d7661265183910b9f884c5625157e2e67debcf9242b8dd8c8ed91:1,730,Religious beliefs guide moral and ethical decisions.,platform/published,typesafe/jev-1.13,typesafe/jev-1.13-20260917,opinion,0.29,0.43,social,0.0,1.0,literal language,0.99,0.97,positive,0.87,0.73,knowledge,0.99,0.97,abstract,0.07,0.86,0.74,1357
a32ea9a4615e285944d2e42e8b86f298794ca64022b06b247d895d0afa08fb98:1,729,Religious art and music express spiritual beliefs and emotions.,platform/published,typesafe/jev-1.13,typesafe/jev-1.13-20260917,fact,0.69,0.38,social,0.0,1.0,literal language,1.0,1.0,positive,0.99,0.97,knowledge,0.99,0.99,abstract,0.2,0.59,0.91,1359
b909bac3d8d1adbe205790a24b769ae116f3cd50f3c8389c55e4ad8408dc0873:1,1138,Numbers represent quantities that can be manipulated according to established mathematical rules.,platform/published,typesafe/jev-1.13,typesafe/jev-1.13-20260917,fact,1.0,0.99,physical,0.99,0.97,literal language,1.0,1.0,positive,0.99,0.98,knowledge,0.99,0.98,abstract,0.02,0.96,0.71,1360
0f5ea4750c887d43fe8701239c3f272c9609c170f4286f031c5cf96e2997d8e4:1,323,Belief systems provide frameworks for understanding the world.,platform/published,typesafe/jev-1.13,typesafe/jev-1.13-20260917,fact,0.58,0.17,social,0.0,1.0,literal language,0.64,0.29,positive,0.99,0.98,knowledge,0.95,0.89,abstract,0.01,0.99,0.84,1357
230efc09b9157e2591d75007452a764745f4553db7675c5fbe6ecf6e1b7a02f6:1,1139,Nutrition plays a crucial role in overall health and energy levels.,platform/published,typesafe/jev-1.13,typesafe/jev-1.13-20260917,fact,0.97,0.94,physical,1.0,1.0,literal language,0.99,0.99,positive,0.95,0.89,knowledge,0.99,0.98,everyday,0.85,0.7,0.95,1361
4ab454eb29f13c5a8abad6d7f54629f119d06bea9a4d85ce01cefc9ecc7dd4fe:1,1140,Objective measurements can determine temperature using thermometers accurately in degrees.,platform/published,typesafe/jev-1.13,typesafe/jev-1.13-20260917,fact,1.0,1.0,physical,1.0,1.0,literal language,1.0,1.0,positive,1.0,1.0,knowledge,0.98,0.96,everyday,0.98,0.95,0.82,1360
e43455edfc45c15fd650f5de40962d72b1c93111f26c7d468dbfaf27e5e5f3c5:1,325,"Belief systems, like mathematics, strive to decode life’s grand equations.",platform/published,typesafe/jev-1.13,typesafe/jev-1.13-20260917,opinion,0.0,1.0,social,0.01,0.99,figure of speech,0.0,1.0,positive,0.58,0.17,knowledge,0.69,0.39,abstract,0.0,1.0,0.26,1362
e238717df0ac0f3997cb424fb48717f265fca289445c7b65249cf8d779a8c3e2:1,324,Belief systems sculpt individual perceptions like water shaping rock over time.,platform/published,typesafe/jev-1.13,typesafe/jev-1.13-20260917,opinion,0.0,1.0,social,0.0,1.0,figure of speech,0.0,1.0,positive,0.99,0.98,knowledge,0.81,0.62,abstract,0.0,1.0,0.62,1360
9960a63082c0a0ef6436780da073359d0c4e16f0990c5c62ce4a94db36424ebb:1,733,Religious doctrines provide frameworks within the vastness of existential chaos.,platform/published,typesafe/jev-1.13,typesafe/jev-1.13-20260917,opinion,0.0,1.0,social,0.0,1.0,figure of speech,0.01,0.99,normative,0.49,0.03,knowledge,0.75,0.5,abstract,0.0,1.0,0.53,1361
cc9bd1cd716ef6e6591fb4a1a26ed176982b0152b94fd6df2102c2c435e00c22:1,731,Religious communities foster shared values and group identity.,platform/published,typesafe/jev-1.13,typesafe/jev-1.13-20260917,fact,0.74,0.47,social,0.0,1.0,literal language,1.0,1.0,positive,0.97,0.94,knowledge,0.99,0.98,abstract,0.09,0.82,0.87,1358
b05dd081d14fc42c87e4cbe9efa5b00a81588c973e251647a3ff130d594ab585:1,1141,Objective truths exist independent of personal beliefs or opinions.,platform/published,typesafe/jev-1.13,typesafe/jev-1.13-20260917,opinion,0.42,0.16,physical,0.95,0.89,literal language,1.0,1.0,positive,0.99,0.97,knowledge,0.89,0.79,abstract,0.0,1.0,0.73,1357
632971c78d82b4c4552a1a71b9ee7a8e2b516e79bddf4e0131754d1bf73ed2a0:1,732,Religious congregations enhance social cohesion similarly to group survival mechanisms.,platform/published,typesafe/jev-1.13,typesafe/jev-1.13-20260917,opinion,0.17,0.66,social,0.0,1.0,literal language,0.75,0.5,positive,0.99,0.97,reasoning,0.23,0.54,abstract,0.0,1.0,0.45,1362
24d170fa1ef555e93d3bce29c1d56b089f0a8dff8fb955aa3d5d89de875ca6ed:1,326,Beliefs about history often mix facts with collective narratives.,platform/published,typesafe/jev-1.13,typesafe/jev-1.13-20260917,opinion,0.42,0.17,social,0.0,1.0,literal language,0.99,0.98,positive,1.0,1.0,knowledge,0.96,0.91,abstract,0.03,0.93,0.87,1358
8fc08bba5fd1d1932052bbbce5a18e742f0f998ff9ac54ef0f05a7911c3d80aa:1,1142,Objects in motion tend to stay in motion unless acted upon by a force.,platform/published,typesafe/jev-1.13,typesafe/jev-1.13-20260917,fact,1.0,1.0,physical,1.0,1.0,literal language,1.0,1.0,positive,1.0,1.0,knowledge,1.0,0.99,abstract,0.25,0.51,0.51,1362
b26c26a6284ae378aa10886a9d4f0513de1e7c9259d6a14f712893df5f8c3f9e:1,734,Religious faith often interprets natural laws beyond empirical comprehension.,platform/published,typesafe/jev-1.13,typesafe/jev-1.13-20260917,opinion,0.15,0.69,social,0.0,1.0,literal language,0.91,0.81,positive,0.93,0.86,knowledge,0.94,0.88,abstract,0.0,1.0,0.37,1361
326bf39a8c881bebf32c965f20c015b26a912d038f88ec6d0b4b576a2d2dfd92:1,1143,"Ocean currents impact weather patterns globally, illustrating the interconnectedness of systems.",platform/published,typesafe/jev-1.13,typesafe/jev-1.13-20260917,fact,1.0,0.99,physical,1.0,1.0,literal language,0.94,0.89,positive,1.0,1.0,knowledge,0.86,0.71,abstract,0.0,0.99,0.53,1363
97092af93dd22023346c569cd90e4135ebc4992763c8e13d31fd3c5ac2ec76fa:1,327,Beliefs are the shadows cast by the mind's light.,platform/published,typesafe/jev-1.13,typesafe/jev-1.13-20260917,opinion,0.0,1.0,social,0.0,1.0,figure of speech,0.0,1.0,positive,0.69,0.38,knowledge,0.88,0.76,abstract,0.0,1.0,0.16,1359
aaeb28205179d5c8573de892539fa70dcbee34f50830cb588f6b7784a86e93fa:1,1144,Opinions about weight loss methods can differ significantly based on values.,platform/published,typesafe/jev-1.13,typesafe/jev-1.13-20260917,fact,0.56,0.11,social,0.0,1.0,literal language,1.0,1.0,positive,0.93,0.87,knowledge,0.84,0.69,everyday,0.52,0.05,0.91,1361
f9ca7220aad6ef32a86ba9d2d57611f2446bf134d79c2682195a7c8da91f4296:1,328,Beliefs can shape responses to life's uncertainties and trials.,platform/published,typesafe/jev-1.13,typesafe/jev-1.13-20260917,fact,0.62,0.24,social,0.0,1.0,literal language,0.98,0.96,positive,0.99,0.98,knowledge,0.94,0.88,abstract,0.42,0.16,0.93,1359
8406679f008abb3c9e8e02d44fe9547a76453037f3f8fb33f40d7a9270460f6f:1,735,Religious fasting aligns with biological benefits seen in caloric restriction.,platform/published,typesafe/jev-1.13,typesafe/jev-1.13-20260917,fact,0.85,0.7,physical,0.98,0.96,literal language,1.0,1.0,positive,1.0,0.99,knowledge,0.58,0.16,abstract,0.03,0.94,0.33,1362
5f46b42e56ff672d4a4c1863b3f73e514ef889e7ae9b3aac6b93f7762c3e744b:1,329,Beliefs often color perceptions of historical events.,platform/published,typesafe/jev-1.13,typesafe/jev-1.13-20260917,opinion,0.46,0.08,social,0.0,1.0,figure of speech,0.38,0.24,positive,1.0,1.0,knowledge,0.98,0.96,abstract,0.07,0.86,0.92,1356
bd7f776a2dc59beaecd50b0d8f6f60ad78f52b1e9094f15455d8e6c63ed211c5:1,1145,Opinions are like fingerprints: unique to each person and situation.,platform/published,typesafe/jev-1.13,typesafe/jev-1.13-20260917,opinion,0.0,0.99,social,0.0,1.0,figure of speech,0.0,1.0,positive,0.78,0.57,knowledge,0.77,0.54,abstract,0.25,0.5,0.8,1361
9ef357dce38317269f6a692f94ef83f925dfa4183747e4922b64931443470751:1,736,Religious music evokes neural responses similar to those in other auditory stimuli.,platform/published,typesafe/jev-1.13,typesafe/jev-1.13-20260917,fact,0.99,0.97,physical,0.98,0.96,literal language,1.0,1.0,positive,1.0,1.0,knowledge,1.0,1.0,abstract,0.01,0.99,0.32,1363
4d201a207e13ea00d08581ba4b00e0d6e17a823cc78cad0ae1e6ad682c3b12d2:1,738,Religious symbolism conveys complex ideas beyond literal interpretations.,platform/published,typesafe/jev-1.13,typesafe/jev-1.13-20260917,opinion,0.37,0.26,social,0.0,1.0,literal language,0.83,0.65,positive,0.96,0.92,knowledge,0.97,0.94,abstract,0.0,0.99,0.78,1359
a6900cf929f9896f93b45fe164ec43205cc317b8d886bfbc4f966f5a6667c314:1,330,"Beliefs shape the paintings of cultural reality, vivid yet unseen.",platform/published,typesafe/jev-1.13,typesafe/jev-1.13-20260917,opinion,0.0,1.0,social,0.0,1.0,figure of speech,0.0,1.0,positive,0.9,0.8,knowledge,0.79,0.59,abstract,0.0,1.0,0.4,1360
901070b5f421daefcf4bd0f70e1a6680558dcf997dc9b14ce9265b2439c2318c:1,737,"Religious rituals are the clockwork of transcendence, marking time with sacred precision.",platform/published,typesafe/jev-1.13,typesafe/jev-1.13-20260917,opinion,0.0,1.0,social,0.0,1.0,figure of speech,0.0,1.0,normative,0.12,0.76,knowledge,0.85,0.7,abstract,0.0,1.0,0.16,1367
09fafa6858caa2184baf8bed55e2165b8c9afac2514f64b4d04ee6f0e55949dd:1,1146,Opinions on beauty can be as varied as flowers in spring.,platform/published,typesafe/jev-1.13,typesafe/jev-1.13-20260917,opinion,0.0,0.99,social,0.0,1.0,figure of speech,0.0,1.0,positive,0.84,0.69,knowledge,0.93,0.86,abstract,0.3,0.39,0.81,1361
366d93b771b544be67564cafc1e77cdc7473fe6c0a62966a8d5967e0ed461d39:1,1147,"Opinions on fitness regimens differ greatly, rendering choices highly subjective.",platform/published,typesafe/jev-1.13,typesafe/jev-1.13-20260917,opinion,0.06,0.87,social,0.0,1.0,literal language,0.97,0.94,positive,0.82,0.64,knowledge,0.6,0.2,everyday,0.76,0.52,0.84,1362
07b012e94c780288421a251baf8dc9ca5aa08a64199a60454bce300e0738b46e:1,739,Religious symbols hold different meanings based on personal interpretation.,platform/published,typesafe/jev-1.13,typesafe/jev-1.13-20260917,opinion,0.5,0.0,social,0.0,1.0,literal language,1.0,0.99,positive,0.98,0.95,knowledge,0.98,0.96,abstract,0.18,0.63,0.83,1359
839a11a0ac9a6371b2ab6f0fbe7bec179716335a4b468c7fab1167a3869e3291:1,331,Biological processes underpin life through cellular interactions.,platform/published,typesafe/jev-1.13,typesafe/jev-1.13-20260917,fact,1.0,1.0,physical,1.0,1.0,literal language,0.97,0.95,positive,1.0,1.0,knowledge,0.99,0.98,abstract,0.0,0.99,0.65,1358
f3c9e66726ada79674ef7ebedc03a8447178f8c03e8cf363ed743281b59a3144:1,1148,"Opinions on supplements can differ wildly, lacking consistent scientific support.",platform/published,typesafe/jev-1.13,typesafe/jev-1.13-20260917,opinion,0.45,0.1,social,0.01,0.98,literal language,0.73,0.46,positive,0.98,0.97,knowledge,0.95,0.89,abstract,0.31,0.38,0.76,1361
6063d5619634c51e9ef9d8902f67c0749093d53c9241a80e7223996db5e8abfb:1,740,Religious symbols translate the universe’s mysteries into tangible narratives.,platform/published,typesafe/jev-1.13,typesafe/jev-1.13-20260917,opinion,0.0,1.0,social,0.0,1.0,figure of speech,0.0,0.99,positive,0.55,0.1,knowledge,0.83,0.66,abstract,0.0,1.0,0.49,1360
1daa3fb7e3384ad7d64fb6a500bfd3f0ed658eed8a098d291bac23fb84d847e3:1,332,Biometrics unlock the unique map of personal identity.,platform/published,typesafe/jev-1.13,typesafe/jev-1.13-20260917,opinion,0.33,0.33,physical,0.97,0.94,figure of speech,0.0,0.99,positive,0.97,0.94,knowledge,0.91,0.83,abstract,0.26,0.47,0.56,1358
578b4700e9d7acec7bbd204d45b8ac418cdc5e5bd93df6cb4ba6662097dcc64c:1,1149,"Organisms interact with their environments, reflecting principles of ecology.",platform/published,typesafe/jev-1.13,typesafe/jev-1.13-20260917,fact,1.0,1.0,physical,1.0,1.0,literal language,1.0,1.0,positive,1.0,1.0,knowledge,0.95,0.89,abstract,0.14,0.73,0.75,1360
69c550a73df6c94fb2b8389f01efc832b915afa578102a6d68166564f8188ffc:1,333,Blood pressure measures force of blood against artery walls.,platform/published,typesafe/jev-1.13,typesafe/jev-1.13-20260917,fact,1.0,1.0,physical,1.0,1.0,literal language,1.0,1.0,positive,1.0,1.0,knowledge,1.0,1.0,everyday,0.8,0.61,0.73,1357
9c3a69aabd08b10e4c065c8371a95ceefc0a93715b19acca3350db1db9bfaa9c:1,742,"Renewable energy is the earth’s whisper, a gentle beckoning toward sustainability.",platform/published,typesafe/jev-1.13,typesafe/jev-1.13-20260917,opinion,0.0,1.0,social,0.05,0.91,figure of speech,0.0,1.0,normative,0.0,0.99,knowledge,0.99,0.98,abstract,0.0,0.99,0.22,1365
a3005610e6fbed3ab0268aa73e855fb11436f9a86f41e3c2536112a8c07e7bcb:1,334,"Body heat dissipates, mirroring the entropy of energy's restless voyage.",platform/published,typesafe/jev-1.13,typesafe/jev-1.13-20260917,fact,0.75,0.49,physical,1.0,1.0,figure of speech,0.0,1.0,positive,1.0,1.0,knowledge,0.76,0.51,abstract,0.04,0.92,0.37,1364
192327e070eabb82265498c5c899a34c2b6708c7e14f4403b28de9a10bcecf44:1,741,Religious teachings often address life's existential questions.,platform/published,typesafe/jev-1.13,typesafe/jev-1.13-20260917,fact,0.9,0.8,social,0.0,1.0,literal language,1.0,1.0,positive,1.0,1.0,knowledge,1.0,0.99,abstract,0.04,0.92,0.87,1358
0fc58bdd4ebf20e3ab5229f4ee4a4d7dcdd580f517262678637fa5cc76a8b569:1,1150,"Oxygen is essential for combustion, supporting life and energy production.",platform/published,typesafe/jev-1.13,typesafe/jev-1.13-20260917,fact,1.0,1.0,physical,1.0,1.0,literal language,1.0,1.0,positive,1.0,1.0,knowledge,1.0,0.99,everyday,0.63,0.27,0.91,1361
046cd5ab240d5f9e4c216abd09af5f13bb229a90068ab1405c4b82aa471dc89b:1,1151,"Patterns of erosion can be observed along shorelines, affecting coastal landscapes.",platform/published,typesafe/jev-1.13,typesafe/jev-1.13-20260917,fact,1.0,1.0,physical,1.0,1.0,literal language,1.0,1.0,positive,1.0,1.0,knowledge,1.0,1.0,everyday,0.77,0.55,0.73,1362
bc43a4190dc1d74696678bbdbfd479b30224ae34390b06a901a412885a589e6d:1,1152,"People often wear masks, presenting curated versions of themselves to society.",platform/published,typesafe/jev-1.13,typesafe/jev-1.13-20260917,opinion,0.04,0.93,social,0.0,1.0,figure of speech,0.0,0.99,positive,0.98,0.95,knowledge,0.98,0.96,abstract,0.42,0.17,0.82,1360
af6835f3f970017483eebf7ebdf785ead4b40fad3a6033218cafeb4e5f3185b4:1,336,Bones provide structure and support for the human body.,platform/published,typesafe/jev-1.13,typesafe/jev-1.13-20260917,fact,1.0,1.0,physical,1.0,1.0,literal language,1.0,1.0,positive,1.0,1.0,knowledge,1.0,1.0,everyday,0.92,0.83,0.95,1357
3a33dde84d9f903107ae4d946f74a7b2e7e46f9305009d8c0d9be87d485c172b:1,744,"Renewable energy sources reduce reliance on fossil fuels, benefiting the environment.",platform/published,typesafe/jev-1.13,typesafe/jev-1.13-20260917,fact,0.97,0.93,physical,0.98,0.97,literal language,1.0,1.0,positive,0.76,0.52,reasoning,0.36,0.28,abstract,0.03,0.93,0.86,1362
69a13f876a73817e74998fddce6fbc783db0cbe5efc001f9ed3afae113cd60a6:1,335,Body weight is gravity's silent partner in the health dance.,platform/published,typesafe/jev-1.13,typesafe/jev-1.13-20260917,opinion,0.04,0.93,physical,1.0,0.99,figure of speech,0.0,1.0,positive,0.7,0.39,knowledge,0.82,0.64,abstract,0.29,0.42,0.46,1359
1b7e1d908d57a626b2b0f49bb5005f76b9470ca53dab5e57dde06f03e7e84e79:1,743,"Renewable energy is the future’s promise, powering dreams sustainably.",platform/published,typesafe/jev-1.13,typesafe/jev-1.13-20260917,opinion,0.0,1.0,social,0.04,0.92,figure of speech,0.0,1.0,normative,0.01,0.98,knowledge,0.95,0.89,abstract,0.01,0.98,0.42,1363
a688e883281322b0d2d6791c8b8fa2ef8c3f89872f914c4a892b08fac2a2c2d1:1,745,Ritual harmony is akin to rhythmic biological processes in living organisms.,platform/published,typesafe/jev-1.13,typesafe/jev-1.13-20260917,opinion,0.0,1.0,social,0.21,0.57,figure of speech,0.0,1.0,positive,0.95,0.91,reasoning,0.36,0.29,abstract,0.0,1.0,0.26,1363
c22d645666083f5540597c92b5f64dcea23ba7f96320e5cea0943515a3775c59:1,337,"Brainwaves are the symphony of thought, conducted by neural maestros.",platform/published,typesafe/jev-1.13,typesafe/jev-1.13-20260917,opinion,0.0,1.0,physical,0.93,0.87,figure of speech,0.0,1.0,positive,0.81,0.61,knowledge,0.98,0.96,abstract,0.0,0.99,0.15,1363
2aab19bae16b3a7ab79133ed90200f33e5ca996234a7d7c6512681cba8fc3620:1,1153,Perceptions of beauty evolve over time as societal values shift.,platform/published,typesafe/jev-1.13,typesafe/jev-1.13-20260917,opinion,0.43,0.14,social,0.0,1.0,literal language,0.99,0.97,positive,0.99,0.99,knowledge,0.91,0.82,abstract,0.01,0.98,0.84,1360
e0f490309385a5f876a972a390c9014fa4dfde88cc000aaaa42bdcf0c27af194:1,338,"Breath is the rhythm of life, sustaining humanity's unending melody.",platform/published,typesafe/jev-1.13,typesafe/jev-1.13-20260917,opinion,0.01,0.97,physical,0.73,0.45,figure of speech,0.0,1.0,normative,0.31,0.37,knowledge,0.97,0.94,abstract,0.02,0.96,0.47,1363
bf2e94c25f4f646ee2cf805f5bc5581282296354789cf50050943d573d0c2ec3:1,1154,Perceptions of time can differ widely across various cultures.,platform/published,typesafe/jev-1.13,typesafe/jev-1.13-20260917,fact,0.96,0.92,social,0.0,1.0,literal language,1.0,1.0,positive,1.0,1.0,knowledge,1.0,1.0,abstract,0.12,0.77,0.75,1359
5496cf385bdb354310ef010466747224791e2beca59c017176e514872f91373f:1,746,Rituals play a significant role in religious observance and tradition.,platform/published,typesafe/jev-1.13,typesafe/jev-1.13-20260917,fact,0.62,0.23,social,0.0,1.0,literal language,1.0,1.0,positive,0.9,0.8,knowledge,1.0,0.99,abstract,0.17,0.66,0.87,1363
64d84a9d0a31e036cb83997d40a8ca1f7b07968a893b3b8a3ef012d2ace2029b:1,339,Calculus bridges the finite with the infinite beyond mere ocular gaze.,platform/published,typesafe/jev-1.13,typesafe/jev-1.13-20260917,opinion,0.11,0.79,physical,0.99,0.98,figure of speech,0.0,1.0,positive,0.84,0.68,knowledge,0.78,0.55,abstract,0.0,1.0,0.11,1362
13841fb7c29c72baf581a4d987da6ac1968695ccbcc6200f67b778f47ef14596:1,747,"Rivers are Earth's veins, carving paths through continents tirelessly.",platform/published,typesafe/jev-1.13,typesafe/jev-1.13-20260917,opinion,0.13,0.74,physical,1.0,0.99,figure of speech,0.0,1.0,positive,0.98,0.96,knowledge,0.98,0.96,abstract,0.13,0.75,0.42,1360
f2253e5e4e569a4469dca568f3974f07dd13701f6670df965de298635c62cbf3:1,1155,Personal development is often viewed as necessary for career advancement.,platform/published,typesafe/jev-1.13,typesafe/jev-1.13-20260917,opinion,0.26,0.47,social,0.0,1.0,literal language,1.0,1.0,normative,0.36,0.28,knowledge,1.0,0.99,everyday,0.51,0.02,0.85,1358
d19ce950126bffc3891081b01e3d0d718b44811024b51d5f97ea0850f0d8aaf6:1,1156,Personal fitness routines should cater to individual needs for optimal results.,platform/published,typesafe/jev-1.13,typesafe/jev-1.13-20260917,opinion,0.21,0.58,physical,0.82,0.63,literal language,0.99,0.99,normative,0.0,1.0,knowledge,0.65,0.29,everyday,0.92,0.85,0.92,1359
4047f2cce65ba295fe101401c9ea8aed539602588109a061b11af89d16cfd781:1,340,Calculus reveals the hidden dance between finiteness and infinity.,platform/published,typesafe/jev-1.13,typesafe/jev-1.13-20260917,opinion,0.03,0.94,physical,0.99,0.99,figure of speech,0.0,1.0,positive,0.86,0.72,knowledge,0.88,0.76,abstract,0.0,1.0,0.12,1361
818b6e581c653a549aea6b7f774b3222d02dc4f1bca50d7a0dba49110074a08c:1,1158,Philosophical discussions challenge our views on ethics and morality.,platform/published,typesafe/jev-1.13,typesafe/jev-1.13-20260917,opinion,0.35,0.3,social,0.0,1.0,literal language,1.0,0.99,positive,0.97,0.94,knowledge,0.93,0.86,abstract,0.01,0.98,0.74,1360
fc4110792d7ce394529c3edecfb51b50a80fa7064c10e7548132f97b6d28df36:1,341,Calculus studies rates of change and accumulation.,platform/published,typesafe/jev-1.13,typesafe/jev-1.13-20260917,fact,1.0,1.0,physical,1.0,1.0,literal language,1.0,1.0,positive,1.0,1.0,knowledge,1.0,1.0,abstract,0.0,0.99,0.37,1357
5def32ae43d07615caa4097ca943b60af4ca812ee91202e0a62831ac3ce7f0c1:1,1157,Personal health is often dictated by lifestyle choices and habits.,platform/published,typesafe/jev-1.13,typesafe/jev-1.13-20260917,fact,0.87,0.74,physical,0.95,0.91,literal language,0.96,0.93,positive,1.0,1.0,knowledge,0.99,0.97,everyday,0.88,0.76,0.94,1358
ce193437102122b28c780361958b199d111688635b452a3f581db468471f3761:1,748,Rivers carve valleys and shape human settlements over time.,platform/published,typesafe/jev-1.13,typesafe/jev-1.13-20260917,fact,1.0,1.0,physical,1.0,1.0,literal language,0.97,0.94,positive,1.0,1.0,knowledge,0.99,0.98,abstract,0.09,0.81,0.82,1358
96422b6f119e8cf739205721b8ecdf653c47855cc70c4287b2bc8e8364ff9fdb:1,342,"Caloric balance is life's ledger, always speaking the truth.",platform/published,typesafe/jev-1.13,typesafe/jev-1.13-20260917,opinion,0.25,0.49,physical,0.99,0.99,figure of speech,0.0,1.0,positive,0.95,0.9,knowledge,0.82,0.65,abstract,0.15,0.7,0.67,1360
5b6c68fa216a46588f2de237f34b73e566b49c6fde6bb8d9335f792b8c7b2bf6:1,750,"Robots are the tireless workers, building futures with mechanical precision.",platform/published,typesafe/jev-1.13,typesafe/jev-1.13-20260917,opinion,0.0,1.0,social,0.36,0.28,figure of speech,0.0,0.99,normative,0.23,0.54,knowledge,0.96,0.92,abstract,0.11,0.79,0.29,1361
99a9bd2e3cc83e8a5832ac739862c58c683daab9e43dfac73cbc45348017e45c:1,749,"Robotics redefines traditional labor, challenging economic and societal landscapes.",platform/published,typesafe/jev-1.13,typesafe/jev-1.13-20260917,opinion,0.04,0.91,social,0.01,0.98,figure of speech,0.4,0.2,positive,0.88,0.75,knowledge,0.6,0.21,abstract,0.0,1.0,0.52,1360
73e235011d3cbee9c4c16638541e7b4bfc8b4374d4ea0732345f6c3512dd0a84:1,751,Rules are the guardrails keeping society on the highway of coexistence.,platform/published,typesafe/jev-1.13,typesafe/jev-1.13-20260917,opinion,0.0,1.0,social,0.0,1.0,figure of speech,0.0,1.0,normative,0.03,0.95,knowledge,0.56,0.12,abstract,0.02,0.97,0.78,1364
e444f55a37cb94ea5971e47054e2af976e7695945287cc83deded59a55e6efee:1,1160,Photons are particles of light that exhibit wave-particle duality in physics.,platform/published,typesafe/jev-1.13,typesafe/jev-1.13-20260917,fact,1.0,1.0,physical,1.0,1.0,literal language,1.0,0.99,positive,1.0,1.0,knowledge,1.0,1.0,abstract,0.0,1.0,0.16,1365
351b96dea93e4a7673de703575f95ca963e41f913db9483d8f56749963a37df2:1,752,Sacred texts are central to the teachings of many religions.,platform/published,typesafe/jev-1.13,typesafe/jev-1.13-20260917,fact,0.97,0.93,social,0.0,1.0,literal language,0.99,0.98,positive,0.99,0.99,knowledge,1.0,1.0,abstract,0.05,0.9,0.85,1359
34cb355d26ffc8a956fbe23e1b9bc1c473a5083a1a761df95a19fcf472a11c69:1,345,"Cells are the microscopic artisans, crafting the tapestry of life seamlessly.",platform/published,typesafe/jev-1.13,typesafe/jev-1.13-20260917,opinion,0.07,0.86,physical,0.99,0.97,figure of speech,0.0,1.0,positive,0.78,0.55,knowledge,0.98,0.96,abstract,0.0,0.99,0.23,1361
428a10047b3c75d8853cb64fefc823dbd070e441d24e913a4f8b3e00cfb5d3d2:1,343,Cardiovascular exercise enhances heart and lung function.,platform/published,typesafe/jev-1.13,typesafe/jev-1.13-20260917,fact,1.0,1.0,physical,1.0,1.0,literal language,1.0,1.0,positive,1.0,1.0,knowledge,1.0,1.0,everyday,0.84,0.68,0.88,1358
ed1c64e0f14ff425b6c80354fac43107fee1582b456cf5e7ce38b5814a042b3e:1,344,Cardiovascular exercise pumps vitality through a body's circulatory highways.,platform/published,typesafe/jev-1.13,typesafe/jev-1.13-20260917,fact,0.5,0.0,physical,1.0,1.0,figure of speech,0.0,0.99,positive,0.98,0.95,knowledge,0.96,0.92,everyday,0.8,0.61,0.79,1363
3ca6dcad1fd263e2950aade6a459c0321e7f7a5512072080811b4141285ac2e9:1,1159,Philosophical inquiry encourages deep thinking about existence and knowledge.,platform/published,typesafe/jev-1.13,typesafe/jev-1.13-20260917,opinion,0.26,0.48,social,0.0,1.0,literal language,1.0,0.99,positive,0.85,0.71,knowledge,0.91,0.82,abstract,0.0,0.99,0.76,1360
66cf645b11f1c93865433ce42f5df8c42702e426a035b8400e497d48274a280e:1,1161,Photosynthesis allows plants to convert sunlight into energy for growth.,platform/published,typesafe/jev-1.13,typesafe/jev-1.13-20260917,fact,1.0,1.0,physical,1.0,1.0,literal language,1.0,1.0,positive,1.0,1.0,knowledge,1.0,1.0,abstract,0.29,0.42,0.85,1361
bbfbe21daf1ed5962dbb800fc67371219dbebea787c10cf0230eb72597bdcb3b:1,1162,"Plants grow toward light sources, exhibiting a behavior called phototropism.",platform/published,typesafe/jev-1.13,typesafe/jev-1.13-20260917,fact,1.0,1.0,physical,1.0,1.0,literal language,1.0,1.0,positive,1.0,1.0,knowledge,1.0,1.0,everyday,0.9,0.81,0.73,1363
48069ae950e0423c2f92adc2fa7e1289a4eac9cf6ab7ea9e006c180cad47ffbd:1,346,"Chemical bonds are nature's glue, holding reality together.",platform/published,typesafe/jev-1.13,typesafe/jev-1.13-20260917,fact,0.55,0.11,physical,1.0,1.0,figure of speech,0.0,1.0,positive,0.99,0.97,knowledge,0.97,0.94,abstract,0.02,0.97,0.59,1359
1f2059deea6913bb821792f96ff256bbbc58c47eb8d191f25c5ef9a50b60d3db:1,753,Satellites are the eyes watching over Earth from their celestial perch.,platform/published,typesafe/jev-1.13,typesafe/jev-1.13-20260917,opinion,0.13,0.74,physical,0.93,0.86,figure of speech,0.0,1.0,positive,0.94,0.87,knowledge,0.97,0.95,abstract,0.16,0.67,0.52,1361
e9c00363646d62bc039b3a42a2add36956940595ff3a0588e598eb9532c44e13:1,347,Chemical reactions occur at specific rates influenced by temperature.,platform/published,typesafe/jev-1.13,typesafe/jev-1.13-20260917,fact,1.0,1.0,physical,1.0,1.0,literal language,1.0,1.0,positive,1.0,1.0,knowledge,1.0,1.0,abstract,0.12,0.76,0.58,1358
bebfbaf61dd73f6accbd95629ad2eeda987920a9e785590803ba1ae4555d24a2:1,1163,"Pollution can significantly affect air quality, impacting human health and the environment.",platform/published,typesafe/jev-1.13,typesafe/jev-1.13-20260917,fact,1.0,1.0,physical,1.0,1.0,literal language,1.0,1.0,positive,1.0,1.0,knowledge,0.98,0.97,everyday,0.72,0.44,0.94,1362
218f47cf9b8095a870eb29e24ebb048d514b364335c7bab1298fd327d90ccbd5:1,755,"Science deciphers the universe's whisper, a poem written in starlight.",platform/published,typesafe/jev-1.13,typesafe/jev-1.13-20260917,opinion,0.0,1.0,physical,0.75,0.51,figure of speech,0.0,1.0,normative,0.46,0.08,knowledge,0.98,0.96,abstract,0.0,1.0,0.12,1364
1c5825dcb0857f1ef45a66a68b211b99e45dc9de3d05f678e788a70f7cfedb35:1,754,Science builds bridges across the chasms of mystery.,platform/published,typesafe/jev-1.13,typesafe/jev-1.13-20260917,opinion,0.0,1.0,social,0.13,0.73,figure of speech,0.0,1.0,positive,0.62,0.23,knowledge,0.85,0.7,abstract,0.0,1.0,0.38,1358
4a2a21144a00714fe5d0c728bf4a6badbed72725666615b8133f918bfddc12af:1,348,"Chemistry connects us, binding individual molecules into life's shared experience.",platform/published,typesafe/jev-1.13,typesafe/jev-1.13-20260917,opinion,0.02,0.96,physical,0.7,0.41,figure of speech,0.0,1.0,normative,0.45,0.1,knowledge,0.87,0.73,abstract,0.0,1.0,0.24,1361
a6e6bbd28380ee01d63e09b77f94db7b7a1730f90806e2d31ed3f816b7572c9f:1,1165,Preferences can dictate choices in various aspects of daily life.,platform/published,typesafe/jev-1.13,typesafe/jev-1.13-20260917,fact,0.92,0.84,social,0.0,1.0,literal language,1.0,1.0,positive,1.0,1.0,knowledge,0.95,0.89,everyday,0.98,0.95,0.96,1358
ad36fc118729c9ffe0fef3719341a9ec0ab59c788a59c40a1330faf33938300d:1,756,Scientific facts prove validity independent of personal opinion.,platform/published,typesafe/jev-1.13,typesafe/jev-1.13-20260917,opinion,0.34,0.32,physical,0.94,0.88,literal language,0.96,0.91,positive,0.88,0.76,reasoning,0.27,0.46,abstract,0.0,0.99,0.52,1358
d990625e4b41f837cd5d7cd29d856106bd2248c24db998401c06c463873dc695:1,1164,Population density affects resource availability in urban planning and development.,platform/published,typesafe/jev-1.13,typesafe/jev-1.13-20260917,fact,0.99,0.99,physical,0.64,0.28,literal language,1.0,1.0,positive,1.0,1.0,knowledge,0.9,0.81,abstract,0.03,0.93,0.78,1358
b7ade08f63e21c31157a1b739137bf81e6bc445e8cefa27aa2bbad58e7b51210:1,1166,Public attitudes toward renewable energy influence investment and development efforts.,platform/published,typesafe/jev-1.13,typesafe/jev-1.13-20260917,fact,0.99,0.98,social,0.0,1.0,literal language,1.0,1.0,positive,1.0,1.0,knowledge,0.9,0.81,abstract,0.02,0.97,0.84,1358
d7a6d2192c2e7a6ec908a5801e3e67c2521f7831510195c02218bd81b13b7207:1,349,Climate change is a widely discussed and debated global issue.,platform/published,typesafe/jev-1.13,typesafe/jev-1.13-20260917,fact,0.93,0.86,social,0.07,0.87,literal language,1.0,1.0,positive,0.99,0.99,knowledge,1.0,1.0,abstract,0.03,0.95,0.83,1358
ea4d2c63739b278c0a76d0e08ef1fb43a9925ad9f96ad976bc3967d0b1a9a2dc:1,350,"Climate models reflect anthropocentric views, not purely objective equations.",platform/published,typesafe/jev-1.13,typesafe/jev-1.13-20260917,opinion,0.03,0.94,social,0.01,0.98,literal language,0.93,0.86,positive,0.84,0.67,knowledge,0.66,0.32,abstract,0.0,1.0,0.35,1362
7d4cc211e19606d14fe168d301580fe8d562c672e85b7dfcb4abbcfc3ff39d7f:1,757,"Scientific journals may echo prevailing beliefs, blurring objectivity.",platform/published,typesafe/jev-1.13,typesafe/jev-1.13-20260917,opinion,0.09,0.81,social,0.0,1.0,figure of speech,0.36,0.28,positive,0.97,0.94,knowledge,0.78,0.56,abstract,0.0,0.99,0.63,1363
26a7ca9c66c711174ebf23419b0091f7ded40c47cf8654e79092b7026768ddcf:1,758,"Scientific paradigms evolve, reflecting prevailing community beliefs.",platform/published,typesafe/jev-1.13,typesafe/jev-1.13-20260917,fact,0.62,0.25,social,0.0,1.0,literal language,0.88,0.76,positive,1.0,0.99,knowledge,0.93,0.86,abstract,0.0,1.0,0.39,1360
91c56472e15a2dba8be7d5e483210f535d4cd45d3725d0262766410636dd12b1:1,351,Coding languages are architects scripting the blueprint of digital realities.,platform/published,typesafe/jev-1.13,typesafe/jev-1.13-20260917,opinion,0.0,1.0,social,0.2,0.59,figure of speech,0.0,1.0,normative,0.47,0.06,knowledge,0.86,0.72,abstract,0.0,0.99,0.21,1358
eb17cbd515144c758e5dd7335995b4def8febb7610f7593d8f90e6b6df24ec8f:1,1167,Public spaces in cities are designed with accessibility to foster inclusiveness.,platform/published,typesafe/jev-1.13,typesafe/jev-1.13-20260917,opinion,0.45,0.1,social,0.42,0.16,literal language,1.0,1.0,positive,0.7,0.4,knowledge,0.96,0.92,everyday,0.59,0.18,0.63,1362
307b70a088d90344d25a7b71cccdf4df44809c183c5f0056361a755b13123851:1,759,Scientific theories are the maps drawn from the wellspring of collective inquiry.,platform/published,typesafe/jev-1.13,typesafe/jev-1.13-20260917,opinion,0.01,0.97,social,0.05,0.9,figure of speech,0.0,1.0,positive,0.77,0.55,knowledge,0.9,0.79,abstract,0.0,1.0,0.28,1363
ca5f0d37432fce19901cf891819634cd0f2a3af690195b28aaf7392b9471dcb3:1,1168,"Rain shadow effects occur when mountains block moisture-laden winds, creating dry areas.",platform/published,typesafe/jev-1.13,typesafe/jev-1.13-20260917,fact,1.0,1.0,physical,1.0,1.0,literal language,0.96,0.92,positive,1.0,1.0,knowledge,0.99,0.99,abstract,0.06,0.89,0.47,1363
7bb61be8fa66f96c82022a2759f7ccd3fe2681e4c0bd728ae3527f4d98426c3e:1,352,Cognitive dissonance is the mind's storm clashing belief and evidence.,platform/published,typesafe/jev-1.13,typesafe/jev-1.13-20260917,opinion,0.46,0.09,social,0.0,0.99,figure of speech,0.0,1.0,positive,0.99,0.99,knowledge,0.96,0.92,abstract,0.06,0.87,0.57,1364
946a01c839a092ed02fc0590722faa009b7a9747063d41a7314ed5874d0700de:1,1169,Rainfall patterns can vary significantly across different regions of the globe.,platform/published,typesafe/jev-1.13,typesafe/jev-1.13-20260917,fact,1.0,1.0,physical,1.0,1.0,literal language,1.0,1.0,positive,1.0,1.0,knowledge,1.0,1.0,abstract,0.14,0.72,0.79,1361
8a9837637e1664275808e007f8dbefce75ce8f4419c59afcac494fa77398ff6e:1,760,Seasonal changes occur due to the Earth's axial tilt.,platform/published,typesafe/jev-1.13,typesafe/jev-1.13-20260917,fact,1.0,1.0,physical,1.0,1.0,literal language,1.0,1.0,positive,1.0,1.0,knowledge,0.99,0.98,abstract,0.2,0.6,0.65,1360
2d30c7450171c0e4e2ef45f5c11359ac5c4398456f748f7a730feb87513a3e87:1,761,Sedentary lifestyles can lead to health issues like obesity.,platform/published,typesafe/jev-1.13,typesafe/jev-1.13-20260917,fact,1.0,1.0,physical,1.0,1.0,literal language,1.0,1.0,positive,1.0,1.0,knowledge,0.95,0.91,everyday,0.9,0.8,0.93,1359
493def177b48cf1527f2f7de657db0ecafead85c5b21178ec3a356bc2e15cc95:1,354,Communication is the dance of words between people.,platform/published,typesafe/jev-1.13,typesafe/jev-1.13-20260917,opinion,0.0,0.99,social,0.0,1.0,figure of speech,0.0,1.0,positive,0.85,0.7,knowledge,0.99,0.98,abstract,0.46,0.08,0.72,1356
b9a07b959a5100558b8f252e5420acd09bb1109dfe8e581745f65c04c958e888:1,353,Common beliefs often echo the whispers of society's silent architects.,platform/published,typesafe/jev-1.13,typesafe/jev-1.13-20260917,opinion,0.0,1.0,social,0.0,1.0,figure of speech,0.0,1.0,positive,0.87,0.73,knowledge,0.73,0.46,abstract,0.0,1.0,0.22,1359
a9d0db5572fa88313992a9d4d3b5a1ed7b1565aef4f270ddd71c8c0eb0b00f64:1,762,Self-awareness blooms like a rare flower in the garden of perception.,platform/published,typesafe/jev-1.13,typesafe/jev-1.13-20260917,opinion,0.0,1.0,social,0.0,0.99,figure of speech,0.0,1.0,positive,0.57,0.14,knowledge,0.98,0.96,abstract,0.0,0.99,0.14,1362
a4f7f4f7a9f50d1c1c0b2b9db98af6e735883544039c0ecc776c11b6220f6b47:1,1170,"Recycling reduces waste, reflecting a societal value toward sustainability and environmental conservation.",platform/published,typesafe/jev-1.13,typesafe/jev-1.13-20260917,fact,0.59,0.17,social,0.04,0.92,literal language,1.0,1.0,normative,0.3,0.4,reasoning,0.35,0.3,abstract,0.41,0.17,0.88,1363
