statement,fact,fact_explanation,fact_confidence,physical,physical_explanation,physical_confidence,literal language,literal language_explanation,literal language_confidence,positive,positive_explanation,positive_confidence,knowledge,knowledge_explanation,knowledge_confidence,everyday,everyday_explanation,everyday_confidence,commonsense,design_point,model
Democracy is the best form of government.,0,It is a subjective value judgment; there is no objective demonstration that one system of government is best.,4,0,"Governments and democracy are human social constructions, not physical laws of nature.",4,1,It plainly says what it means with no metaphor or figure of speech.,4,0,"It expresses a value judgment about how societies ought to be governed, not an empirical regularity.",4,0,"The conclusion that democracy is best is reached by combining knowledge of history, governance, and values, not a bare observation.",3,0,No single person's experience can prove a governmental system is best; it is a generalization about political systems. It is not an everyday situation one encounters directly.,4,This is a widely shared political judgment that goes beyond any individual's direct experience and is generally accepted as sensible.,"['opinion', 'social', 'literal language', 'normative', 'reasoning', 'abstract']",z-ai/glm-5.3
"If a law is unjust, people should be allowed to protest it.",0,Whether protest should be allowed is inherently subjective and cannot be objectively proven correct.,4,0,"Laws, injustice, and protest are all socially constructed human concepts.",4,1,"It means exactly what it says, with no metaphor or hyperbole.",4,0,"It states what people should be allowed to do, a normative rule rather than a descriptive fact.",4,0,"It chains a premise (a law is unjust) to a conclusion (protest should be allowed), which requires combining values and logic.",4,0,It is a general principle about laws and protest not observable in any single everyday encounter.,3,A common moral-political judgment that combines a norm about protest with reasoning about injustice.,"['opinion', 'social', 'literal language', 'normative', 'reasoning', 'abstract']",z-ai/glm-5.3
Workers deserve a fair wage for an honest day's work.,0,What counts as fair is a subjective value judgment that cannot be objectively demonstrated.,4,0,"Wages, work, and fairness are human social conventions.",4,1,"Despite the idiom-like phrasing, the claim literally concerns wages and fairness, so I am only somewhat confident it avoids figurative language entirely.",2,0,"It expresses what workers deserve, a normative entitlement rather than a positive fact.",4,0,"The conclusion links honest work to deserving fair pay, an inference from values rather than a bare observation.",3,0,"It is a general principle about labor and fairness, not something verified by a single everyday experience.",3,This is a widely held social value about fairness in labor that goes beyond direct observation.,"['opinion', 'social', 'literal language', 'normative', 'reasoning', 'abstract']",z-ai/glm-5.3
Children should respect their elders.,0,It is a subjective value; whether children should respect elders cannot be objectively proven.,4,0,Respect and elders are social concepts rooted in human conventions.,4,1,It says plainly what it means without figures of speech.,4,0,"It prescribes how children ought to behave, a social norm rather than an empirical claim.",4,0,"It is more a direct normative prescription than an inferred conclusion, so I am somewhat unconfident it satisfies the reasoning feature.",2,0,"It is a general norm about respect, not something one directly observes as true from a single experience.",3,A common social norm about family and intergenerational relations that many cultures share.,"['opinion', 'social', 'literal language', 'normative', 'reasoning', 'abstract']",z-ai/glm-5.3
A person's character matters more than their appearance.,0,It is a subjective value judgment about what matters most.,4,0,Character and appearance-based judgment are socially constructed human concerns.,4,1,It is stated in plain words that mean exactly what they say.,4,0,It expresses a value about how we ought to judge and value people.,4,0,"It reflects a conclusion derived from combining moral values and life knowledge rather than a bare observation, though it reads like a direct maxim.",3,0,It is a general conclusion about character and appearance not verifiable from one person's everyday experience.,3,"A familiar moral maxim about how we should judge people, valued across cultures.","['opinion', 'social', 'literal language', 'normative', 'reasoning', 'abstract']",z-ai/glm-5.3
Everyone deserves a second chance after making a mistake.,0,Whether everyone deserves a second chance is inherently subjective.,4,0,"Mistakes, forgiveness, and second chances are human social concepts.",4,1,It means exactly what it says in plain language.,4,0,"It states what people deserve, a normative entitlement, not a descriptive fact.",4,0,"The conclusion generalizes from knowledge of human fallibility to a claim about desert, though it functions largely as a direct norm.",3,0,"It is a general principle about mistakes and forgiveness, not something observable in a single everyday event.",3,A common belief about forgiveness and redemption that most people consider sensible.,"['opinion', 'social', 'literal language', 'normative', 'reasoning', 'abstract']",z-ai/glm-5.3
Marriage should be a partnership of equals.,0,It is a subjective view; many societies have held otherwise and it cannot be objectively proven.,4,0,Marriage and equality are socially constructed human institutions and values.,4,1,It uses plain words meaning exactly what they say.,4,0,"It prescribes how marriage should be, a value judgment rather than an empirical description.",4,0,"It is a conclusion drawn from values about equality and knowledge of relationships, though stated directly as a norm.",3,0,"It is a general conclusion about marriage as an institution, not observable in one everyday encounter.",3,A widespread modern value about how spouses should treat each other.,"['opinion', 'social', 'literal language', 'normative', 'reasoning', 'abstract']",z-ai/glm-5.3
Honest people deserve more trust than skilled liars.,0,"Who deserves trust is a subjective judgment, so it cannot be objectively demonstrated.",4,0,"Honesty, trust, and lying are human social concepts.",4,1,It is plain language with no figurative expressions.,4,0,"It is about who deserves trust, a normative judgment about social value.",4,0,It combines knowledge of honesty and lying to conclude who merits trust.,3,0,It states a general rule linking honesty and trust beyond any single observed case.,3,A common-sense pairing of honesty with trustworthiness that most people accept.,"['opinion', 'social', 'literal language', 'normative', 'reasoning', 'abstract']",z-ai/glm-5.3
"If a friend needs help, you should try to help them.",0,"Whether one should help is a subjective moral view, not objectively provable.",4,0,Friendship and helping are socially constructed human relations.,4,1,It says exactly what it means in ordinary words.,4,0,"It prescribes what one should do, a social norm rather than a fact.",4,0,"It links a premise (a friend needs help) to a conclusion (you should help), an inferential structure.",4,0,"It is a general norm about friendship, though helping friends is an everyday-type situation, so I am somewhat unconfident.",2,A basic social norm of friendship and reciprocity that most people follow.,"['opinion', 'social', 'literal language', 'normative', 'reasoning', 'abstract']",z-ai/glm-5.3
People who break promises should apologize.,0,It is a subjective social expectation; one could reasonably disagree.,4,0,Promises and apologies are human social conventions.,4,1,It is stated plainly with no figures of speech.,4,0,"It states what people should do, a norm of social conduct.",4,0,"It connects breaking a promise to the conclusion that an apology is owed, an inference from social rules.",3,0,"It is a general rule about promise-breaking, not tied to a single everyday experience.",3,A common convention about promises and accountability that most people recognize.,"['opinion', 'social', 'literal language', 'normative', 'reasoning', 'abstract']",z-ai/glm-5.3
"Voting is a civic duty, so every citizen should participate.",0,Whether voting is a duty is a subjective value judgment that cannot be objectively settled.,4,0,"Voting, citizenship, and duties are socially constructed human practices.",4,1,"It is plain, ordinary language meaning exactly what it says.",4,0,"It asserts what citizens should do, a normative civic rule.",4,0,It explicitly moves from a premise (voting is a duty) to a conclusion (citizens should participate).,4,0,"It concerns civic duty at the level of society, beyond any individual's direct experience.",4,A widely shared view linking voting to civic responsibility through reasoning.,"['opinion', 'social', 'literal language', 'normative', 'reasoning', 'abstract']",z-ai/glm-5.3
"If a country's economy is failing, its leaders should change course.",0,"What leaders should do, and even what counts as failing, is inherently subjective.",4,0,"Economies and governments are human social constructions, not natural laws.",4,1,It uses plain language that means exactly what it says.,4,0,"It prescribes what leaders should do, a normative claim rather than a description.",4,0,It draws a conclusion (change course) from a premise (economy failing) via logic about leadership.,4,0,National economies and leadership decisions are abstractions far from everyday personal experience.,4,A common political judgment that combines causal reasoning with a norm about leadership.,"['opinion', 'social', 'literal language', 'normative', 'reasoning', 'abstract']",z-ai/glm-5.3
Teachers deserve more respect than they currently receive.,0,It is inherently subjective; levels of deserved respect cannot be objectively measured.,4,0,Respect and the teaching profession are socially constructed human phenomena.,4,1,It is plainly worded with no figurative language.,4,0,It expresses a value judgment about how much respect people ought to give.,4,0,"It compares current respect to what is deserved, a conclusion from social knowledge rather than a bare fact, though it is somewhat direct.",3,0,"It is a general social judgment about respect for a profession, beyond a single personal encounter.",3,A common sentiment about the social status of teachers that many people share.,"['opinion', 'social', 'literal language', 'normative', 'reasoning', 'abstract']",z-ai/glm-5.3
"If a custom harms people, that custom should be abandoned.",0,Judging harm and abandonment is subjective; the principle cannot be objectively proven.,4,0,Customs are socially constructed rules governing human behavior.,4,1,It is plain language with no metaphors.,4,0,"It states what should be done with customs, a normative rule.",4,0,"It moves from a premise (custom harms people) to a conclusion (abandon it), which requires inference.",4,0,"It is a general principle about customs, not something verifiable through one everyday experience.",3,A general moral principle about reforming harmful traditions that many endorse.,"['opinion', 'social', 'literal language', 'normative', 'reasoning', 'abstract']",z-ai/glm-5.3
A fair trial is better than swift punishment.,0,Which is better is a subjective value judgment that cannot be objectively settled.,4,0,"Trials and punishment are human social institutions, not physical phenomena.",4,1,It uses plain words meaning exactly what they say.,4,0,It expresses a value preference about how justice ought to work.,4,0,"It compares two approaches and concludes one is better, an inferred evaluation from legal and moral knowledge.",3,0,"It concerns justice at the level of legal systems, beyond individual everyday experience.",3,A widespread legal-moral value about justice procedures that most societies accept.,"['opinion', 'social', 'literal language', 'normative', 'reasoning', 'abstract']",z-ai/glm-5.3
People should be treated equally regardless of their religion.,0,It is a subjective moral stance; others have held opposing views and it cannot be objectively proven.,4,0,Religion and equality are socially constructed human categories.,4,1,"It is plain, literal language.",4,0,"It prescribes how people should be treated, a normative value.",4,0,"It functions primarily as a direct normative prescription rather than an inferred conclusion, so I am only somewhat confident.",2,0,"It is a general principle about equality, not observable from any single personal experience.",3,A widely held principle of tolerance and equal treatment that reflects common moral sense.,"['opinion', 'social', 'literal language', 'normative', 'reasoning', 'abstract']",z-ai/glm-5.3
"If you promise to keep a secret, you should keep it.",0,It is a subjective social expectation that cannot be objectively demonstrated.,4,0,Secrets and promises are human social conventions.,4,1,It says exactly what it means in plain words.,4,0,"It states what one should do, a social norm about promising.",4,0,"It links a premise (you promised) to a conclusion (keep it), an inference from the rule that promises bind.",4,0,"It is a general norm about promises, though secrets arise in everyday situations, so I am somewhat unconfident it is fully abstract.",2,A basic norm of confidentiality and trust that people rely on in daily social life.,"['opinion', 'social', 'literal language', 'normative', 'reasoning', 'abstract']",z-ai/glm-5.3
Corporations should prioritize people over profits.,0,It is a subjective value judgment about what companies should value.,4,0,"Corporations, profits, and priorities are human social constructions.",4,1,It is plain language with no figures of speech.,4,0,"It prescribes what corporations should do, a normative claim about values.",4,0,"It concludes a priority ordering from underlying values and knowledge of corporate behavior, though it is stated fairly directly.",3,0,"It is a general claim about business conduct at a societal level, far from everyday personal experience.",4,A common modern view about corporate responsibility that involves social values.,"['opinion', 'social', 'literal language', 'normative', 'reasoning', 'abstract']",z-ai/glm-5.3
Patients should be told the truth about their health.,0,It is a subjective ethical stance; some cultures historically disagreed.,4,0,"Medical ethics, patients, and truth-telling are socially constructed human practices.",4,1,"It is ordinary, literal wording.",4,0,"It states what should happen, a norm of medical conduct.",4,0,"It is largely a direct normative prescription rather than an inferred conclusion, so my confidence is limited.",2,0,"It is a general ethical principle about medical practice, not something one arrives at from a single experience.",3,A widely accepted norm of medical ethics about honesty toward patients.,"['opinion', 'social', 'literal language', 'normative', 'reasoning', 'abstract']",z-ai/glm-5.3
"If a law is unfair, courts should strike it down.",0,It is a subjective view about judicial power and fairness that cannot be objectively proven.,4,0,"Laws and courts are human social institutions, not natural phenomena.",4,1,It uses plain words meaning exactly what they say.,4,0,"It states what courts should do, a normative claim about institutional roles.",4,0,"It moves from a premise (a law is unfair) to a conclusion (courts should strike it down), an inferential chain.",4,0,"It concerns laws and courts at an institutional level, beyond everyday individual experience.",4,A common constitutional-moral view about the role of courts in checking unfair laws.,"['opinion', 'social', 'literal language', 'normative', 'reasoning', 'abstract']",z-ai/glm-5.3
"If you go to work in bathing suits, you will be fired.",1,"In most workplaces, violating dress codes can lead to termination, demonstrable across employment contexts. It is not mere opinion. Confidence is high.",3,0,Dress codes and employment rules are socially constructed conventions. They are not physical laws of nature. Confidence is high.,4,1,"Plain statement about attire and job consequences, no figurative language. Confidence is high.",4,0,Refers to social norms about appropriate workplace attire and consequences of violating them. It is not a physical law but a social convention. Confidence is high.,4,0,Combines knowledge of workplace norms with logic to conclude termination follows dress code violations. It is not a simple observation. Confidence is high.,4,0,"Involves generalizing across employment contexts and formal rules, not a specific everyday encounter. It requires abstract understanding of institutional norms. Confidence is moderate.",3,"It is common sense that professional settings require business attire, and violating dress codes leads to consequences.","['fact', 'social', 'literal language', 'normative', 'reasoning', 'abstract']",z-ai/glm-5.3
"If a person donates money to charity, they are being generous.",1,"Generosity is a socially agreed-upon trait, and charitable giving matches its definition, making this verifiable in social terms. It is not purely subjective opinion. Confidence is moderate.",3,0,Generosity and charity are human social constructs and moral concepts. They do not exist in physics. Confidence is high.,4,1,States plainly that donation implies generosity. No figurative language. Confidence is high.,4,0,"Assigns a positive moral value to charitable giving. It is a value judgment, not empirical fact. Confidence is high.",4,0,"Infers a character trait from an action by combining definition with observation. It is a logical conclusion, not direct knowledge. Confidence is high.",4,0,"Connects an action to an abstract character trait, not a specific everyday experience. Confidence is moderate.",3,It is common sense that charitable giving reflects the virtue of generosity.,"['fact', 'social', 'literal language', 'normative', 'reasoning', 'abstract']",z-ai/glm-5.3
"If you litter in public places, you are doing something wrong.",1,"Societies have demonstrable norms and laws against littering, making wrongness verifiable in social terms. It is not pure opinion. Confidence is moderate.",3,0,Littering norms are human-made rules about public behavior. Not physical in nature. Confidence is high.,4,1,Plain statement that littering is wrong. No metaphors. Confidence is high.,4,0,"Expresses a moral/social norm that littering is wrong. It is a value judgment, not empirical law. Confidence is high.",4,0,Applies the norm 'littering is wrong' to conclude an act is wrong. It is reasoning from a rule. Confidence is high.,4,0,"Judging wrongness requires generalizing across social norms, not a specific daily experience. Confidence is moderate.",3,It is common sense that littering is socially unacceptable and morally discouraged.,"['fact', 'social', 'literal language', 'normative', 'reasoning', 'abstract']",z-ai/glm-5.3
"If you cut in line, others will consider you rude.",1,"In most cultures, queue-jumping is demonstrably perceived as rude. It is verifiable social behavior, not mere opinion. Confidence is high.",4,0,Queuing and rudeness are human social conventions. They are not physical phenomena. Confidence is high.,4,1,"Plain prediction about rudeness, no figurative language. Confidence is high.",4,0,Refers to social norms about queuing etiquette. It is not a physical law. Confidence is high.,4,0,"Combines knowledge of etiquette with logic to predict social perception. It is an inference, not an observation. Confidence is high.",4,0,"Predicts others' perceptions based on general etiquette rules, slightly beyond a single everyday encounter. Confidence is moderate.",3,It is common sense that cutting in line violates social etiquette and provokes disapproval.,"['fact', 'social', 'literal language', 'normative', 'reasoning', 'abstract']",z-ai/glm-5.3
"If you help an elderly person cross the street, you are kind.",1,"Kindness has a socially agreed definition, and helping the elderly matches it. This is verifiable in social terms, not pure opinion. Confidence is moderate.",3,0,Kindness and helping norms are human social/moral constructs. Confidence is high.,4,1,Plain statement that helping implies kindness. No figures of speech. Confidence is high.,4,0,"Evaluates an act as kind, reflecting a moral value. It is a judgment, not a physical fact. Confidence is high.",4,0,"Infers kindness from an action using definition and logic. It is a conclusion, not direct observation. Confidence is high.",4,0,"Links an action to an abstract virtue, requiring generalization beyond the act itself. Confidence is moderate.",3,It is common sense that helping the elderly is an act of kindness.,"['fact', 'social', 'literal language', 'normative', 'reasoning', 'abstract']",z-ai/glm-5.3
"If you steal from your friend, your friendship will likely end.",1,"Theft typically destroys trust, demonstrable across social experience. It is not purely subjective. Confidence is moderate.",3,0,Friendship and trust are human social constructs. Confidence is high.,4,1,"Plain prediction about friendship ending, no figurative language. Confidence is high.",4,0,"Involves norms of trust and honesty in friendships. It is about social expectations, not physical law. Confidence is high.",4,0,Combines knowledge of trust with logic to predict friendship outcomes. It is an inference. Confidence is high.,4,0,"Predicts relationship outcomes from general trust principles, beyond a single event. Confidence is moderate.",3,"It is common sense that betrayal of trust, like theft, destroys friendships.","['fact', 'social', 'literal language', 'normative', 'reasoning', 'abstract']",z-ai/glm-5.3
"If you cheat on an exam, you deserve punishment.",1,"Institutions demonstrably punish cheating, so desert of punishment is socially verifiable. It is not mere opinion. Confidence is moderate.",3,0,Exam rules and punishments are human social constructs. Confidence is high.,4,1,Plain statement about cheating and punishment. No metaphors. Confidence is high.,4,0,"Expresses a normative judgment about deserving punishment. It is a value/convention, not physical fact. Confidence is high.",4,0,Applies the rule 'cheating is wrong' to conclude punishment is deserved. It is reasoning from a norm. Confidence is high.,4,0,"Involves institutional rules and desert, requiring abstraction beyond a single experience. Confidence is moderate.",3,It is common sense that academic dishonesty warrants consequences.,"['fact', 'social', 'literal language', 'normative', 'reasoning', 'abstract']",z-ai/glm-5.3
"If you shout at a job interview, you will not get hired.",1,"Shouting in interviews demonstrably leads to rejection in hiring practices. It is verifiable, not opinion. Confidence is high.",4,0,Hiring norms and professionalism are socially constructed. Confidence is high.,4,1,"Plain prediction, no figurative language. Confidence is high.",4,0,Involves professional etiquette norms about interview behavior. It is a social convention. Confidence is high.,4,0,Combines knowledge of interview norms with logic to predict hiring outcomes. It is an inference. Confidence is high.,4,0,"Generalizes about hiring outcomes from professional norms, beyond one experience. Confidence is moderate.",3,It is common sense that shouting in interviews is unprofessional and disqualifying.,"['fact', 'social', 'literal language', 'normative', 'reasoning', 'abstract']",z-ai/glm-5.3
"If you wear a swimsuit to a funeral, you are being disrespectful.",1,Disrespect is verifiable against widely agreed mourning etiquette. It is not purely subjective. Confidence is moderate.,3,0,Funeral attire customs are human social constructs. Confidence is high.,4,1,Plain statement about attire and disrespect. No figures of speech. Confidence is high.,4,0,"Involves norms of respect and mourning attire. It is a social convention, not physical law. Confidence is high.",4,0,Applies etiquette norms to conclude disrespect. It is reasoning from a rule. Confidence is high.,4,0,"Requires understanding etiquette's abstract relation to respect, beyond the immediate scene. Confidence is moderate.",3,"It is common sense that funerals require somber, respectful attire.","['fact', 'social', 'literal language', 'normative', 'reasoning', 'abstract']",z-ai/glm-5.3
"If you lie to your boss, you may lose your job.",1,"Workplace dishonesty demonstrably leads to firing in many cases. It is verifiable, not opinion. Confidence is high.",4,0,Employment and honesty norms are human social constructs. Confidence is high.,4,1,Plain statement about lying and job loss. No figurative language. Confidence is high.,4,0,Involves workplace norms of honesty and their consequences. It is a social convention. Confidence is high.,4,0,Combines knowledge of workplace norms with logic to predict job loss. It is an inference. Confidence is high.,4,0,"Predicts employment outcomes from general honesty norms, beyond a single event. Confidence is moderate.",3,It is common sense that dishonesty at work risks termination.,"['fact', 'social', 'literal language', 'normative', 'reasoning', 'abstract']",z-ai/glm-5.3
"If you break a promise, people will trust you less.",1,Trust erosion after broken promises is demonstrable in social psychology. It is not mere opinion. Confidence is high.,4,0,Promises and trust are human social constructs. Confidence is high.,4,1,Plain statement about promises and trust. No metaphors. Confidence is high.,4,0,"Involves the social norm that promises should be kept. It is a convention, not physical law. Confidence is high.",4,0,Infers reduced trust from promise-breaking using social knowledge and logic. It is a conclusion. Confidence is high.,4,0,"Generalizes about trust across relationships, beyond one interaction. Confidence is moderate.",3,It is common sense that promise-breaking erodes trust.,"['fact', 'social', 'literal language', 'normative', 'reasoning', 'abstract']",z-ai/glm-5.3
"If you skip the queue at a bank, others will get angry.",1,"Queue-jumping demonstrably causes anger in social settings. It is verifiable, not opinion. Confidence is high.",4,0,Queuing and anger norms are human social constructs. Confidence is high.,4,1,"Plain prediction, no figurative language. Confidence is high.",4,0,Refers to queuing norms and fairness expectations. It is a social convention. Confidence is high.,4,0,Combines knowledge of fairness with logic to predict anger. It is an inference. Confidence is high.,4,0,"Predicts emotional reactions from fairness norms, beyond one specific scene. Confidence is moderate.",3,It is common sense that queue-jumping provokes anger.,"['fact', 'social', 'literal language', 'normative', 'reasoning', 'abstract']",z-ai/glm-5.3
"If you thank someone, they will feel appreciated.",1,Gratitude demonstrably increases feelings of appreciation in social psychology. It is not opinion. Confidence is high.,4,0,Gratitude and appreciation are human social/emotional constructs. Confidence is high.,4,1,Plain statement about thanks and appreciation. No figures of speech. Confidence is high.,4,0,"Involves the social convention of expressing gratitude. It is a norm, not physical law. Confidence is high.",4,0,Infers feeling appreciated from gratitude using social knowledge. It is a conclusion. Confidence is high.,4,0,"Generalizes emotional effects across social interactions, beyond a single event. Confidence is moderate.",3,It is common sense that expressing gratitude makes people feel valued.,"['fact', 'social', 'literal language', 'normative', 'reasoning', 'abstract']",z-ai/glm-5.3
"If you drive drunk, you are acting irresponsibly.",1,Irresponsibility is verifiable given laws and safety facts about drunk driving. It is not pure opinion. Confidence is moderate.,3,0,Responsibility and driving laws are human social constructs. Confidence is high.,4,1,"Plain statement, no figurative language. Confidence is high.",4,0,"Judges drunk driving as irresponsible, reflecting moral/legal norms. It is a value judgment. Confidence is high.",4,0,Applies norms of responsibility to drunk driving to reach a conclusion. It is reasoning. Confidence is high.,4,0,"Assesses character against safety and legal norms, beyond a single incident. Confidence is moderate.",3,It is common sense that drunk driving is irresponsible and dangerous.,"['fact', 'social', 'literal language', 'normative', 'reasoning', 'abstract']",z-ai/glm-5.3
"If you talk loudly in a library, you will be asked to leave.",1,"Librarians demonstrably enforce quiet rules and remove violators. It is verifiable, not opinion. Confidence is high.",4,0,Library rules and etiquette are human social constructs. Confidence is high.,4,1,"Plain prediction, no figurative language. Confidence is high.",4,0,Involves library etiquette norms about silence. It is a social convention. Confidence is high.,4,0,Combines knowledge of library norms with logic to predict removal. It is an inference. Confidence is high.,4,0,"Predicts enforcement from institutional rules, slightly beyond everyday routine. Confidence is moderate.",3,It is common sense that libraries require quiet and violations lead to removal.,"['fact', 'social', 'literal language', 'normative', 'reasoning', 'abstract']",z-ai/glm-5.3
"If you forget your spouse's birthday, they will be upset.",1,Forgetting key dates demonstrably causes upset in relationships. It is not purely subjective. Confidence is moderate.,3,0,Birthdays and relationship expectations are human social constructs. Confidence is high.,4,1,Plain statement about birthdays and emotions. No metaphors. Confidence is high.,4,0,Involves norms of remembering important dates in relationships. It is a social expectation. Confidence is high.,4,0,Infers upset from forgetting using knowledge of relationship expectations. It is a conclusion. Confidence is high.,4,0,"Predicts emotional outcomes from relationship norms, beyond one event. Confidence is moderate.",3,It is common sense that forgetting important personal dates hurts loved ones.,"['fact', 'social', 'literal language', 'normative', 'reasoning', 'abstract']",z-ai/glm-5.3
"If you give your seat to a pregnant woman, you are being considerate.",1,Considerateness is verifiable against widely agreed courtesy standards. It is not pure opinion. Confidence is moderate.,3,0,Courtesy and priority seating norms are social constructs. Confidence is high.,4,1,Plain statement about giving seats. No figurative language. Confidence is high.,4,0,Reflects norms of courtesy toward pregnant women. It is a social convention. Confidence is high.,4,0,Infers considerateness from the act using social definitions. It is reasoning. Confidence is high.,4,0,Links an action to an abstract virtue of considerateness. Confidence is moderate.,3,It is common sense that offering seats to those in need is considerate.,"['fact', 'social', 'literal language', 'normative', 'reasoning', 'abstract']",z-ai/glm-5.3
"If you plagiarize a paper, you are committing academic dishonesty.",1,Plagiarism's definition makes the classification verifiable. It is not mere opinion. Confidence is high.,4,0,Academic honesty rules are human institutional constructs. Confidence is high.,4,1,"Plain statement, no figures of speech. Confidence is high.",4,0,Refers to academic integrity norms against plagiarism. It is a rule/convention. Confidence is high.,4,0,Classifies an act by applying the definition of plagiarism. It is reasoning from a rule. Confidence is high.,4,0,"Involves institutional rules and category 'academic dishonesty', beyond everyday experience. Confidence is moderate.",3,It is common sense that plagiarism violates academic integrity.,"['fact', 'social', 'literal language', 'normative', 'reasoning', 'abstract']",z-ai/glm-5.3
"If you ignore a red traffic light, you are breaking the law.",1,Traffic law makes this verifiable as a legal fact. It is not opinion. Confidence is very high.,4,0,Traffic laws are human social constructs. Confidence is very high.,4,1,Plain statement about law and traffic lights. No metaphors. Confidence is very high.,4,0,"Involves legal norms requiring obedience to traffic signals. It is a rule, not physical law. Confidence is high.",4,0,Combines knowledge of traffic law with the act to conclude law-breaking. It is reasoning. Confidence is high.,4,0,"Applies legal categories to behavior, requiring abstract rule knowledge. Confidence is moderate.",3,It is common sense that running red lights is illegal.,"['fact', 'social', 'literal language', 'normative', 'reasoning', 'abstract']",z-ai/glm-5.3
"If you arrive late to a meeting, you should apologize.",1,"Apologizing for lateness is demonstrably expected etiquette, verifiable socially. It is not pure opinion. Confidence is moderate.",3,0,Punctuality and apology norms are human social constructs. Confidence is high.,4,1,Plain statement about apology and meetings. No figurative language. Confidence is high.,4,0,Expresses a normative expectation to apologize for lateness. It is a social convention. Confidence is high.,4,0,Concludes an obligation from the norm that lateness is impolite. It is reasoning. Confidence is high.,4,0,"Applies general etiquette rules to a situation, beyond direct experience. Confidence is moderate.",3,It is common sense that lateness to meetings warrants an apology.,"['fact', 'social', 'literal language', 'normative', 'reasoning', 'abstract']",z-ai/glm-5.3
"If you spread gossip about coworkers, you are harming workplace trust.",1,Gossip's harmful effect on trust is demonstrable in organizational research. It is not mere opinion. Confidence is moderate.,3,0,Gossip and workplace trust are human social constructs. Confidence is high.,4,1,Plain statement about gossip and trust. No metaphors. Confidence is high.,4,0,Involves norms against gossiping and expectations of trust. It is a social value. Confidence is high.,4,0,Infers harm to trust from gossip using social knowledge. It is a conclusion. Confidence is high.,4,0,"Assesses impact on abstract workplace trust, beyond a single interaction. Confidence is moderate.",3,It is common sense that gossip damages workplace relationships and trust.,"['fact', 'social', 'literal language', 'normative', 'reasoning', 'abstract']",z-ai/glm-5.3
Democracy is the best form of government.,0,"It expresses a subjective preference about governance that cannot be objectively verified, unlike a factual claim.",4,0,"Government forms are human constructs, not features of the physical world.",4,1,"It uses plain language meaning exactly what it says, with no metaphorical or figurative expression.",4,0,"It expresses a value judgment about how society should be organized, not an empirical observation.",4,1,"It states a belief about the world directly, without deriving it from combined premises or logic.",3,0,"It concerns political philosophy and systems, which cannot be directly experienced in everyday life.",4,"This reflects a widely shared view about political systems, making it common sense despite being subjective.","['opinion', 'social', 'literal language', 'normative', 'knowledge', 'abstract']",z-ai/glm-5.3
Every citizen should have the right to vote.,0,"Whether voting is a right is a matter of moral stance, not objective demonstration.",4,0,Voting rights are socially constructed conventions of human societies.,4,1,"It is plain, direct language with no figures of speech.",4,0,"It prescribes what should be, expressing a norm about civic entitlements.",4,1,It asserts a belief directly rather than deriving a conclusion through logical steps.,3,0,Rights concepts are abstract principles not directly encountered in daily experience.,4,This is a moral principle about rights that many people hold as common sense.,"['opinion', 'social', 'literal language', 'normative', 'knowledge', 'abstract']",z-ai/glm-5.3
Religion does more good than harm in the world.,0,The balance of good and harm from religion is inherently subjective and undemonstrable.,4,0,"Religion is a human social construct, not a natural phenomenon.",4,1,It states its meaning plainly without metaphor or hyperbole.,4,0,It is a judgment about the value of a social institution rather than a physical regularity.,3,1,"It is a direct assertion about the world, not a conclusion from combined premises.",4,0,Assessing religion's net global impact requires abstraction beyond everyday experience.,4,"People commonly hold views on religion's net effect, though it cannot be objectively settled.","['opinion', 'social', 'literal language', 'normative', 'knowledge', 'abstract']",z-ai/glm-5.3
Monogamy is the most ethical relationship model.,0,Ethical rankings of relationship models cannot be objectively proven.,4,0,Relationship models are social conventions of human origin.,4,1,It is stated in plain literal terms.,4,0,It expresses a moral judgment about how relationships should be structured.,4,1,It asserts a belief directly rather than reasoning from multiple premises.,3,0,Comparing ethical merits of relationship models is an abstract philosophical judgment.,4,Views on relationship norms are widely shared common sense though subjective.,"['opinion', 'social', 'literal language', 'normative', 'knowledge', 'abstract']",z-ai/glm-5.3
Corporal punishment should be banned in all schools.,0,Whether such punishment should be banned is a subjective policy stance.,4,0,Punishment practices in schools are socially constructed rules.,4,1,"It uses plain, direct wording without figurative language.",4,0,It prescribes a rule about what should be permitted in schools.,4,1,It directly states a belief without combining multiple logical premises.,3,0,"It is a general policy claim about all schools, beyond any single experience.",4,This reflects a widely held stance on child-rearing and education policy.,"['opinion', 'social', 'literal language', 'normative', 'knowledge', 'abstract']",z-ai/glm-5.3
Artificial intelligence will never truly understand emotions.,0,Whether AI can truly understand emotions is presently undecidable and subjective.,4,0,Emotions and understanding are human-centric social concepts.,3,1,"It is plain literal language, though 'truly understand' is somewhat interpretive.",3,0,It is a judgment about the nature of understanding rather than a physical law.,3,1,"It asserts a belief directly, not a derived conclusion.",4,0,Machine understanding of emotion is an abstract philosophical issue.,4,"Many people share intuitions about machine limitations, though unverifiable.","['opinion', 'social', 'literal language', 'normative', 'knowledge', 'abstract']",z-ai/glm-5.3
Honesty is always the best policy.,0,Whether honesty is always best is a subjective value claim.,4,0,Honesty norms are social conventions.,4,1,"It is plain language, though its aphoristic form borders on figurative.",2,0,It is a moral rule about how one should behave.,4,1,It states a belief directly without logical derivation.,3,0,"It generalizes over all situations, an abstraction beyond experience.",4,This is a familiar moral maxim many treat as common sense.,"['opinion', 'social', 'literal language', 'normative', 'knowledge', 'abstract']",z-ai/glm-5.3
Nationalism is a dangerous ideology.,0,Calling nationalism dangerous is a subjective evaluative claim.,4,0,Nationalism is a socially constructed ideology.,4,1,It is plain literal wording.,4,0,"It is a judgment about a belief system, not an empirical law.",4,1,It directly asserts a belief rather than reasoning to a conclusion.,3,0,"Ideology evaluation is abstract, not from everyday encounters.",4,"A common sentiment about political ideology, inherently judgmental.","['opinion', 'social', 'literal language', 'normative', 'knowledge', 'abstract']",z-ai/glm-5.3
Everyone deserves equal respect regardless of their job.,0,It is a moral stance that cannot be objectively proven.,4,0,Respect and jobs are social constructs.,4,1,"It uses plain, direct language.",4,0,It prescribes how people should treat others.,4,1,"It directly states a belief, not a logical conclusion.",3,0,"It states a general principle about respect, abstracted beyond daily interactions.",4,A moral view about equality many regard as common sense.,"['opinion', 'social', 'literal language', 'normative', 'knowledge', 'abstract']",z-ai/glm-5.3
Social media has made society more divided.,0,The judgment that society is more divided is subjective and contested.,4,0,Social media and division are social phenomena.,4,1,It is plain literal language.,4,0,"It reflects a judgment about social health, a normative assessment.",3,1,It asserts an observation about the world directly.,4,0,Societal division from social media is a broad abstraction.,4,A widely expressed view about technology's social effects.,"['opinion', 'social', 'literal language', 'normative', 'knowledge', 'abstract']",z-ai/glm-5.3
Wealthy nations have a moral duty to help poor nations.,0,Moral duties of this kind cannot be objectively demonstrated.,4,0,Nations and duties are human social constructs.,4,1,It is stated plainly without figurative language.,4,0,It prescribes what nations ought to do.,4,1,It states a belief directly rather than deriving it logically.,3,0,Global justice duties are abstract principles.,4,A common ethical stance on global justice.,"['opinion', 'social', 'literal language', 'normative', 'knowledge', 'abstract']",z-ai/glm-5.3
Voting should be mandatory for all adults.,0,Whether voting should be mandatory is a contested policy opinion.,4,0,Voting obligations are social conventions.,4,1,It is plain literal wording.,4,0,It prescribes a rule for civic behavior.,4,1,It asserts a rule directly without reasoning from premises.,3,0,Mandatory voting is a general policy principle.,4,A civic norm some hold as common sense.,"['opinion', 'social', 'literal language', 'normative', 'knowledge', 'abstract']",z-ai/glm-5.3
Fame usually makes people less happy.,0,Happiness judgments about fame are subjective and not objectively decidable.,4,0,Fame is a socially constructed status.,4,1,It is plain literal language.,4,0,It reflects a belief about value and well-being rather than a natural law.,3,1,"It is a direct assertion about the world, not a logical derivation.",4,0,Generalizing fame's effect on happiness goes beyond everyday experience.,4,A common intuition about celebrity and well-being.,"['opinion', 'social', 'literal language', 'normative', 'knowledge', 'abstract']",z-ai/glm-5.3
Higher education should be free for everyone.,0,"It is a subjective policy preference, not demonstrable fact.",4,0,Education funding is a social convention.,4,1,It uses plain direct language.,4,0,It prescribes what should be provided socially.,4,1,"It directly states a belief, not a reasoned conclusion.",3,0,It is a general policy claim about an entire system.,4,A widely debated policy stance reflecting values.,"['opinion', 'social', 'literal language', 'normative', 'knowledge', 'abstract']",z-ai/glm-5.3
Cultural traditions deserve to be preserved even when inconvenient.,0,Whether traditions deserve preservation is a subjective value judgment.,4,0,Cultural traditions are social constructs.,4,1,It is plain literal wording.,4,0,It expresses what ought to be valued socially.,4,1,It states a belief directly without logical derivation.,3,0,Preservation of traditions is a broad abstract principle.,4,A common value judgment about heritage.,"['opinion', 'social', 'literal language', 'normative', 'knowledge', 'abstract']",z-ai/glm-5.3
Luck plays a bigger role in success than talent.,0,Weighing luck versus talent is inherently subjective.,4,0,"Success, luck and talent are social evaluative concepts.",3,1,It is plain literal language.,4,0,"It is a belief about merit and value, not a natural regularity.",3,1,"It asserts a belief directly, not a combined inference.",4,0,Comparing luck and talent across success is an abstract generalization.,4,"A common intuition about success, undecidable objectively.","['opinion', 'social', 'literal language', 'normative', 'knowledge', 'abstract']",z-ai/glm-5.3
Forgiveness is better than revenge.,0,Comparing moral worth of forgiveness and revenge is subjective.,4,0,Forgiveness and revenge are social-moral concepts.,4,1,"It is plain literal language, though aphoristic in feel.",3,0,It is a moral judgment about how one should act.,4,1,It states a belief directly without reasoning steps.,3,0,It abstractly compares moral responses beyond specific cases.,4,A widely shared moral intuition.,"['opinion', 'social', 'literal language', 'normative', 'knowledge', 'abstract']",z-ai/glm-5.3
Income inequality is morally unacceptable.,0,Moral unacceptability of inequality is a subjective judgment.,4,0,Income and inequality are socially constructed measures.,4,1,It is stated plainly and literally.,4,0,It expresses a value judgment about economic arrangements.,4,1,It directly asserts a moral belief rather than deriving it.,3,0,It is a general principle about economic systems.,4,A common ethical stance on economic fairness.,"['opinion', 'social', 'literal language', 'normative', 'knowledge', 'abstract']",z-ai/glm-5.3
Political correctness has gone too far.,0,Whether it has gone too far is a subjective judgment.,4,0,Political correctness is a social convention.,4,1,"It is mostly plain, though 'gone too far' is mildly figurative.",3,0,It critiques social norms about acceptable speech.,4,1,It directly asserts an opinion about the world.,4,0,It is a broad claim about speech norms in society.,4,A frequently expressed view about speech norms.,"['opinion', 'social', 'literal language', 'normative', 'knowledge', 'abstract']",z-ai/glm-5.3
Parenthood is more meaningful than any career.,0,Meaning comparisons between parenthood and career are subjective.,4,0,Parenthood and careers are social institutions.,4,1,It is plain literal language.,4,0,It is a value judgment about life priorities.,4,1,It states a belief directly without logical derivation.,3,0,Meaningfulness of life roles is an abstract evaluative claim.,4,A value view many people hold about life priorities.,"['opinion', 'social', 'literal language', 'normative', 'knowledge', 'abstract']",z-ai/glm-5.3
Public art makes cities better places to live.,0,Whether public art improves cities is a subjective aesthetic judgment.,4,0,Public art and city livability are social constructs.,4,1,It is plain literal wording.,4,0,It expresses a value about how cities should be.,3,1,It asserts an observation directly rather than a derived conclusion.,4,0,The claim generalizes about urban quality of life.,4,A common view on urban culture and quality of life.,"['opinion', 'social', 'literal language', 'normative', 'knowledge', 'abstract']",z-ai/glm-5.3
Money makes the world go round.,0,Whether money truly drives the world is a subjective claim people can debate but cannot objectively prove or disprove; it is not a demonstrable fact.,4,0,"Money and its power are human-constructed institutions and socially governed behavior, not a law of physics or nature.",4,0,"It is a hyperbolic metaphor; money does not literally make the Earth rotate, so it does not use plain literal language.",4,1,It describes an alleged empirical regularity — how the world actually works — rather than endorsing how things ought to be or stating a value.,3,0,The aphorism condenses an inferred conclusion — generalizing from repeated observations that money motivates most human activity — by combining knowledge with logic rather than stating a single observation.,3,0,"It asserts a sweeping generalization about the driving force of all human society, a macro-level regularity no individual could observe directly. It is not about an everyday encounter with specific objects or situations.",4,This common metaphorical saying reflects widely shared folk wisdom that financial interests are the central driving force behind human affairs and society.,"['opinion', 'social', 'figure of speech', 'positive', 'reasoning', 'abstract']",z-ai/glm-5.3
The pen is mightier than the sword.,0,Whether words truly outweigh violence is debatable and cannot be objectively demonstrated; many would argue the opposite.,4,0,"Pens, swords, persuasion, and violence are all matters of human society, communication, and politics rather than natural or physical laws.",4,0,It is a metaphor contrasting two symbols — pen and sword — rather than plain literal language about writing instruments and weapons.,4,1,"It asserts an empirical claim about what actually prevails in human affairs, not a judgment about what should prevail.",3,0,"The conclusion that ideas outlast force is an inference drawn from combining historical knowledge and logic, not a direct observation.",3,0,"It is a general claim about the long-run power of ideas versus violence across history, not something observable in a single everyday experience.",4,"This classic aphorism expresses the common-sense belief that words, ideas, and persuasion ultimately shape history more than violence does.","['opinion', 'social', 'figure of speech', 'positive', 'reasoning', 'abstract']",z-ai/glm-5.3
Money talks; those with the deepest pockets make the loudest noise.,0,The strength of wealth's influence is a contested subjective judgment that cannot be proven objectively correct or incorrect.,4,0,"Wealth, influence, and power are human social constructions, not features of the physical world.",4,0,It uses personification and metaphor — money cannot literally talk and pockets cannot literally make noise.,4,1,"It describes how power actually works in the world, an alleged empirical regularity, rather than prescribing how wealth should be treated.",3,0,"The second clause is an inferred conclusion from the general premise that money influences outcomes, combining knowledge and reasoning rather than stating a bare fact.",3,0,It states a society-wide regularity about the influence of wealth that no individual could verify through personal everyday experience alone.,4,This saying captures the common-sense view that wealthy people hold disproportionate influence over society and politics.,"['opinion', 'social', 'figure of speech', 'positive', 'reasoning', 'abstract']",z-ai/glm-5.3
"Love makes the world go round, so a world without it is a stage with no play.",0,Whether love is essential to a meaningful world is inherently subjective and cannot be objectively demonstrated.,4,0,"Love and stages are matters of human emotion, relationships, and culture, not of physics or biology.",4,0,It contains metaphor and simile — love does not literally spin the Earth and the world is not literally a stage.,4,1,"It describes what love supposedly does in the world, an empirical-style claim, rather than commanding people to love.",3,0,"The second clause is a logical inference: if love animates the world, then without it life would be empty — combining premises into a conclusion.",3,0,It makes a sweeping abstract claim about the fundamental role of love in human life that transcends any single personal experience.,4,This poetic saying conveys the common-sense belief that love is what gives human life its meaning and movement.,"['opinion', 'social', 'figure of speech', 'positive', 'reasoning', 'abstract']",z-ai/glm-5.3
"A rising tide lifts all boats, and trickle-down economics proves it.",0,Trickle-down economics is a hotly contested theory that cannot be objectively proven true; the claim is inherently subjective.,4,0,"Tides here stand for the human economic system of markets and wealth distribution, not a natural physical phenomenon.",4,0,It uses the metaphor of a tide lifting boats to describe economic growth; it is not plain literal language.,4,1,"It asserts an empirical claim that growth automatically benefits all, describing what happens rather than prescribing what should happen.",3,0,"It presents the conclusion that growth helps everyone, arrived at by combining economic theory and logical inference.",3,0,"It asserts a macroeconomic theory about how national economies work, far beyond anything observable in everyday life.",4,"This statement reflects the common-sense economic belief that overall economic growth benefits everyone in society, including the poor.","['opinion', 'social', 'figure of speech', 'positive', 'reasoning', 'abstract']",z-ai/glm-5.3
"War is just diplomacy by other means; in the end, the pen outlives the sword.",0,"Whether war is merely politics continued by other means, and whether ideas outlast violence, are debatable subjective judgments.",4,0,"War, diplomacy, pens, and swords all concern human politics, culture, and society, not natural laws.",4,0,"It is aphoristic and metaphorical — war is not literally diplomacy, and a pen cannot literally outlive a sword in the intended sense.",4,1,"It claims to describe what war actually is and what actually endures, rather than stating how things should be.",3,0,The conclusion that words outlast violence is an inference drawn from historical knowledge and logical argument.,3,0,"It is a sweeping theory about the nature of war and diplomacy across history, not something encountered in ordinary daily life.",4,"This statement echoes the common-sense realist view that war serves political ends, yet words ultimately outlast violence.","['opinion', 'social', 'figure of speech', 'positive', 'reasoning', 'abstract']",z-ai/glm-5.3
"Art is a lie that brings us nearer to the truth, and so every portrait is a self-portrait.",0,Whether art is a revealing lie and whether all portraits are self-portraits are inherently subjective aesthetic judgments.,4,0,"Art, truth, and portraiture are human cultural constructs and matters of human experience, not physical phenomena.",4,0,"It contains a paradoxical metaphor (art as a lie) and a paradox (every portrait is a self-portrait), so it is not literal language.",4,1,"It claims art in fact brings us closer to truth — an assertion about what art does, not a rule about how art ought to be made.",3,0,The conclusion that every portrait is a self-portrait follows logically from the premise that art distills the artist's inner truth.,3,0,"It is a philosophical claim about the nature and function of all art, not something one could verify through individual experience.",4,This statement expresses the common-sense aesthetic belief that artistic fiction reveals deeper truths and that artists project themselves into their work.,"['opinion', 'social', 'figure of speech', 'positive', 'reasoning', 'abstract']",z-ai/glm-5.3
"Beauty is in the eye of the beholder, so fashion is just opinion dressed in silk.",0,That beauty is purely subjective is a contested philosophical position that cannot be objectively proven or disproven.,4,0,"Beauty standards and fashion are socially constructed human phenomena, not natural or physical laws.",4,0,"It uses idiom and personification — beauty has no literal eye, and opinion cannot literally wear silk.",4,1,"It describes what beauty and fashion actually are, rather than prescribing how people should dress or judge.",3,0,The claim that fashion is opinion in disguise is a conclusion logically derived from the premise that beauty is subjective.,3,0,"It makes a general philosophical claim about the nature of beauty and the essence of the fashion industry, beyond everyday observation.",4,This saying captures the common-sense view that beauty is subjective and that fashion merely reflects collective opinion.,"['opinion', 'social', 'figure of speech', 'positive', 'reasoning', 'abstract']",z-ai/glm-5.3
"No man is an island, and no society survives without trust.",0,"While plausible, the absolute claims that no one is self-sufficient and that no society survives without trust are debatable generalizations.",4,0,"Isolation, society, and trust are matters of human relationships and social organization, not of physics or biology.",4,0,"It contains a famous metaphor comparing a person to an island, which is not literal language.",4,1,"It asserts an empirical claim about what humans and societies actually are and require, not a moral command to trust people.",3,0,"The second clause generalizes a conclusion about societal survival from the premise of human interdependence, combining knowledge with inference.",3,0,"It states abstract conclusions about human interdependence and the conditions for societal survival, not concrete everyday events.",4,This statement expresses the common-sense belief that humans are inherently interdependent and that trust binds societies together.,"['opinion', 'social', 'figure of speech', 'positive', 'reasoning', 'abstract']",z-ai/glm-5.3
"Every cloud has a silver lining, so even the darkest ages breed renaissance.",0,That every hardship yields good is an optimistic subjective belief that cannot be objectively proven — many tragedies never do.,4,0,"Silver linings, dark ages, and renaissances are metaphors drawn from human history and culture, not natural phenomena.",4,0,It uses metaphor and hyperbole: clouds with silver linings and dark ages breeding rebirths are figurative images.,4,1,It claims an empirical pattern in history — that bad times actually produce renewal — rather than prescribing that people should be optimistic.,3,0,The conclusion about renaissances is an inference drawn by extending the proverb's premise about adversity to all of history.,3,0,It draws a sweeping conclusion about history and human affairs — dark ages breeding renaissances — that no one can observe directly.,4,This statement conveys the common-sense belief that hardship ultimately gives rise to renewal and progress.,"['opinion', 'social', 'figure of speech', 'positive', 'reasoning', 'abstract']",z-ai/glm-5.3
"Two heads are better than one, which is why juries of twelve outjudge any lone tyrant.",0,Whether groups reliably judge better than individuals is a debatable claim; juries can err and experts can outperform crowds.,4,0,"Juries, tyrants, and decision-making are human social and political institutions, not natural phenomena.",4,0,It uses synecdoche — heads standing for whole people — making it figurative rather than plain literal language.,4,1,"It asserts what actually leads to better judgments, an empirical claim, rather than stating that groups ought to rule.",3,0,The conclusion about juries outjudging tyrants is logically derived from the premise that collaboration improves judgment.,3,0,It generalizes about collective decision-making across society — juries versus tyrants — far beyond everyday individual experience.,4,This statement reflects the common-sense belief that collective deliberation produces wiser judgments than unilateral decisions.,"['opinion', 'social', 'figure of speech', 'positive', 'reasoning', 'abstract']",z-ai/glm-5.3
"Time is money, so the leisure class is quietly going bankrupt.",0,"Equating time with money and judging the leisure class as bankrupt are subjective value-laden judgments, not provable facts.",4,0,"Money, the leisure class, and the value of time are socially constructed economic concepts, not physical laws.",4,0,It is metaphorical and ironic — time is not literally currency and people do not literally go bankrupt from leisure.,4,1,It claims an empirical state of affairs — that idlers are in fact losing — rather than prescribing that people should work harder.,3,0,The conclusion that leisure leads to bankruptcy follows logically from the premise that time equals money.,3,0,"It draws a sweeping socioeconomic conclusion about an entire class of people, not something observable in daily life.",4,This statement expresses the common-sense view that time has economic value and that idleness amounts to impoverishment.,"['opinion', 'social', 'figure of speech', 'positive', 'reasoning', 'abstract']",z-ai/glm-5.3
"If you want to cook the meal, you must stay out of the kitchen, they say.",0,Whether one truly must withdraw from the kitchen to get things done is a subjective judgment that cannot be objectively proven.,4,0,"Kitchens, meals, and the pressure of scrutiny are metaphors rooted in human social life and convention, not nature.",4,0,"It is built entirely on a proverbial metaphor where a kitchen stands for responsibility and heat, so it is clearly figurative.",4,1,"It is framed as a claim about how getting things done works in practice, not as a rule about what one ought to do.",3,0,The counterintuitive conclusion follows from combining the proverb's logic with the observation that responsibility itself creates heat.,3,0,"It is a generalized aphorism about handling pressure and responsibility, not about cooking an actual meal one encounters daily.",4,"This statement wittily inverts the famous proverb about pressure and responsibility, playing on the common-sense tension between wanting results and facing criticism or heat.","['opinion', 'social', 'figure of speech', 'positive', 'reasoning', 'abstract']",z-ai/glm-5.3
"Democracy is the worst form of government, except for all the others.",0,Ranking forms of government is a classic subjective judgment that can never be objectively demonstrated.,4,0,"Forms of government like democracy are human social and political constructs, not natural or physical phenomena.",4,0,"It is a famous paradoxical aphorism — calling something the worst and the best at once — which is rhetorical, not literal.",4,1,It asserts an alleged empirical fact — that all other governments are worse — rather than declaring democracy morally obligatory.,3,0,The conclusion that democracy is least bad is reached by logically comparing it against all known alternatives.,3,0,"It is a broad comparative judgment about entire systems of government, far beyond everyday experience.",4,"This famous quip captures the common-sense belief that despite its flaws, democracy remains the best available political system.","['opinion', 'social', 'figure of speech', 'positive', 'reasoning', 'abstract']",z-ai/glm-5.3
"Fortune favors the bold, which is why Wall Street never rewards the faint of heart.",0,Whether boldness is truly rewarded more often than caution is debatable — bold people also fail spectacularly — so it is subjective.,4,0,"Fortune, boldness, and markets are human social and cultural phenomena, not natural laws.",4,0,"It personifies fortune as favoring people and uses hyperbole about Wall Street, making it figurative.",4,1,It describes an alleged empirical regularity — that markets reward boldness — rather than advising people to be bold.,3,0,The claim about Wall Street is a conclusion inferred by applying the proverb's general rule to the financial world.,3,0,"It states a general law of success across life and markets, not a specific event one personally experiences.",4,This proverb conveys the common-sense belief that risk-taking is more likely to lead to success than timidity.,"['opinion', 'social', 'figure of speech', 'positive', 'reasoning', 'abstract']",z-ai/glm-5.3
Better the devil you know than the devil you don't; that's why incumbents keep winning.,0,"Whether familiar evils are truly better is a subjective judgment, and the explanation of incumbent wins is contestable.",4,0,"Elections, incumbents, and devils as metaphors for choices are all human social and political matters.",4,0,It is a proverb that metaphorically calls unfamiliar choices devils; it is not plain literal language.,4,1,It describes an actual behavioral regularity — how voters in fact choose — rather than how they should vote.,3,0,The explanation for incumbent victories is a conclusion inferred by applying the proverb's logic to electoral behavior.,3,0,"It generalizes about a universal risk preference and an electoral pattern across politics, not everyday incidents.",4,"This statement expresses the common-sense belief that people prefer familiar risks to unknown ones, explaining incumbent political success.","['opinion', 'social', 'figure of speech', 'positive', 'reasoning', 'abstract']",z-ai/glm-5.3
"The customer is always right, so the market is never wrong for long.",0,"Both claims are debatable business dogmas: customers are often wrong, and markets can stay irrational, so they are subjective.",4,0,"Customers, markets, and commerce are human social institutions and conventions, not natural phenomena.",4,0,It uses hyperbole and personification — customers are not literally always right and the market is not a person that errs.,4,1,"It describes how markets and customers allegedly behave, an empirical claim, rather than prescribing business ethics.",3,0,The conclusion that markets self-correct is logically inferred from the premise that consumer demand is authoritative.,3,0,It asserts abstract economic principles about markets and consumer sovereignty that no individual can observe directly.,4,This statement reflects the common-sense faith in consumer sovereignty and the market's self-correcting wisdom.,"['opinion', 'social', 'figure of speech', 'positive', 'reasoning', 'abstract']",z-ai/glm-5.3
You can't have your cake and eat it too; every bailouts' bill comes due.,0,Whether bailout costs always come due is a contested economic opinion; some argue debts can be rolled over indefinitely.,4,0,"Cakes here stand for economic choices, and bailouts are human fiscal institutions, both social rather than physical.",4,0,"It uses a proverb about cake and a metaphor of bills coming due for financial rescues, so it is figurative.",4,1,It predicts what actually happens to economies — that costs must eventually be paid — not what should be done.,3,0,The conclusion about bailouts is inferred by applying the proverb's logic about trade-offs to government spending.,3,0,"It is a generalization about trade-offs and fiscal consequences in national economies, well beyond everyday experience.",4,"This statement expresses the common-sense economic belief that benefits and costs cannot both be escaped, and rescue spending must eventually be paid.","['opinion', 'social', 'figure of speech', 'positive', 'reasoning', 'abstract']",z-ai/glm-5.3
"When in Rome, do as the Romans do; fitting in is the price of belonging.",0,Whether one ought to or truly must conform is subjective; some argue authenticity matters more than fitting in.,4,0,"Customs, conformity, and belonging are human social conventions, not natural or physical phenomena.",4,0,It is an idiomatic proverb — Rome and Romans stand for any host culture — not plain literal language.,4,1,It describes the actual price of belonging — an empirical claim about how social acceptance works — not a moral rule.,3,0,The second clause is a conclusion logically derived from the proverb's premise that adaptation leads to acceptance.,3,0,"It states a general social principle about conformity and acceptance across all cultures, not a specific everyday incident.",4,This proverb expresses the common-sense belief that adapting to local customs is necessary for social acceptance.,"['opinion', 'social', 'figure of speech', 'positive', 'reasoning', 'abstract']",z-ai/glm-5.3
"The trend is your friend until the bend at the end, and every party ends at dawn.",0,The timing and inevitability of reversals is debated — some trends persist for generations — making this a subjective claim.,4,0,"Trends, markets, and parties are human social phenomena and collective behaviors, not natural laws.",4,0,"It rhymes and personifies the trend as a friend and the boom as a party ending at dawn, which is clearly figurative.",4,1,"It predicts what empirically happens — trends bend, parties end — rather than prescribing how one should act.",3,0,The conclusion that parties end at dawn is inferred by extending the premise about trend reversals to all booms.,3,0,"It is a generalization about the reversal of trends and booms across markets and life, not a specific observable event.",4,"This market saying conveys the common-sense belief that favorable conditions eventually reverse, so good times never last forever.","['opinion', 'social', 'figure of speech', 'positive', 'reasoning', 'abstract']",z-ai/glm-5.3
"Silence is golden, for the empty vessel makes the loudest noise.",0,Whether silence is always valuable and loud people always ignorant are subjective judgments; sometimes speaking out is vital.,4,0,"Speech, silence, and reputation are human social behaviors and conventions, not physical phenomena.",4,0,It combines two metaphors — silence as gold and ignorant people as noisy empty vessels — making it clearly figurative.,4,1,It claims an empirical correlation — that loudness tracks emptiness — describing what is rather than commanding silence.,3,0,The second clause is a conclusion about human character inferred from the premise about the value of restraint.,3,0,"It asserts general truths about speech, wisdom, and character across all human interaction, not a specific situation.",4,This proverb conveys the common-sense belief that restraint in speech is valuable and that the loudest voices are often the emptiest.,"['opinion', 'social', 'figure of speech', 'positive', 'reasoning', 'abstract']",z-ai/glm-5.3
An apple a day keeps the doctor away.,1,"Its truth can in principle be tested by studying health outcomes associated with apple consumption, unlike pure opinion. Confidence is moderate because it is an aphorism rather than a precise claim.",3,1,"It concerns diet and physical health, which fall under biology and medicine rather than social rules. Confidence is moderate because the saying is partly cultural.",3,0,It is a proverb using 'keeps the doctor away' as a folksy hyperbole. Confidence is very high since it is a well-known saying.,4,0,"It implicitly endorses a convention about healthy eating habits, suggesting what one should do. It is not a purely empirical law, so confidence is moderate.",3,1,It states an observation about health and diet rather than deriving a conclusion through logic. Confidence is high because it directly asserts a worldly claim.,4,0,The health effects of regular fruit consumption cannot be verified through a single everyday encounter but require aggregated study. Confidence is moderate.,3,"This proverb reflects the common belief that eating fruit regularly supports health, an idea widely shared across cultures.","['fact', 'physical', 'figure of speech', 'normative', 'knowledge', 'abstract']",z-ai/glm-5.3
Laughter is the best medicine.,1,"Claims about laughter's health effects can be tested scientifically, making it fact-like rather than pure opinion. Confidence is moderate given its figurative form.",3,1,It refers to bodily and mental health processes studied by medicine and psychology. Confidence is moderate because laughter is also a social behavior.,3,0,"It is a metaphorical aphorism, calling laughter 'medicine' figuratively. Confidence is very high.",4,0,"It conveys a value judgment that one should embrace humor for wellbeing, not a neutral empirical regularity. Confidence is moderate-high.",3,1,It directly asserts an observation about the effect of laughter rather than a chain of reasoning. Confidence is high.,4,0,Whether laughter heals cannot be established by a single everyday experience but requires systematic evidence. Confidence is moderate.,3,This saying expresses the common belief that humor improves wellbeing and aids recovery.,"['fact', 'physical', 'figure of speech', 'normative', 'knowledge', 'abstract']",z-ai/glm-5.3
A rolling stone gathers no moss.,1,"Interpreted literally about stones and moss, it is checkable; as a general life claim it is less clearly verifiable. Confidence is moderate.",3,1,"The underlying imagery concerns physical objects (stones, moss) and natural processes. Confidence is moderate because the message is social.",3,0,It is a classic metaphorical aphorism about life using stone imagery. Confidence is very high.,4,0,"It implicitly endorses a value that staying active is good, acting as a social convention. Confidence is moderate.",3,1,It presents an observation about the world via imagery rather than a reasoned conclusion. Confidence is high.,4,0,"The link between motion and stagnation in life is an abstract regularity, not something directly observed in a single everyday event. Confidence is moderate-high.",3,This proverb commonly suggests that constant activity or movement prevents stagnation or accumulation of problems.,"['fact', 'physical', 'figure of speech', 'normative', 'knowledge', 'abstract']",z-ai/glm-5.3
You cannot fit a square peg in a round hole.,1,The literal geometric claim is objectively verifiable; the figurative life lesson is less so. Confidence is moderate-high.,3,1,It rests on geometry and physical properties of objects. Confidence is high for the literal reading.,4,0,"It is a metaphor about compatibility, not just geometry. Confidence is high.",4,0,"It functions as a convention discouraging forcing incompatible matches, implying one should not try. Confidence is moderate.",3,1,It states an observation about shapes rather than deriving a conclusion. Confidence is high.,4,0,The broader lesson about incompatibility generalizes beyond direct everyday observation. Confidence is moderate.,3,This saying conveys the common understanding that incompatible things cannot be forced together.,"['fact', 'physical', 'figure of speech', 'normative', 'knowledge', 'abstract']",z-ai/glm-5.3
All that glitters is not gold.,1,Literal claims about glittering materials not all being gold are verifiable; the proverb as life advice is opinion-like. Confidence is moderate.,3,1,"It involves material properties (gold, glitter) known through chemistry. Confidence is moderate because the meaning is social.",3,0,It is a metaphorical aphorism using gold imagery. Confidence is very high.,4,0,"It conveys a value lesson warning against trusting appearances, a social convention about judgment. Confidence is moderate.",3,1,"It offers an observation about appearances and value, not a reasoned argument. Confidence is high.",4,0,The generalization about deceptive appearances goes beyond any single everyday encounter. Confidence is moderate-high.,3,This proverb reflects the common sense that appearances can be deceiving.,"['fact', 'physical', 'figure of speech', 'normative', 'knowledge', 'abstract']",z-ai/glm-5.3
A stitch in time saves nine.,1,The sewing claim is empirically testable; as general life advice it is harder to verify. Confidence is moderate.,3,1,It derives from physical repair processes like sewing and mechanics. Confidence is moderate-high.,3,0,It is an aphorism using sewing imagery to make a general point. Confidence is very high.,4,0,"It endorses the convention that one should address problems promptly, a prescriptive norm. Confidence is moderate-high.",3,1,It states an observed regularity about repairs rather than a logical derivation. Confidence is high.,4,0,The principle that early action prevents escalation generalizes beyond direct single experiences. Confidence is moderate-high.,3,This saying expresses the common sense that fixing problems early prevents larger ones later.,"['fact', 'physical', 'figure of speech', 'normative', 'knowledge', 'abstract']",z-ai/glm-5.3
Old habits die hard.,1,"Habit persistence is measurable in psychology, so the claim is fact-like, though phrased figuratively. Confidence is moderate.",3,1,It concerns behavioral and neural mechanisms studied scientifically rather than purely social rules. Confidence is moderate.,3,0,It is an idiom using death imagery to describe habit persistence. Confidence is very high.,4,0,"It implies a judgment about behavior change, often used to caution against starting bad habits. Confidence is moderate.",3,1,It asserts an observation about human behavior rather than reasoning to a conclusion. Confidence is high.,4,0,"The regularity about habits requires aggregate observation, not one everyday event. Confidence is moderate-high.",3,This saying captures the common observation that ingrained behaviors are difficult to change.,"['fact', 'physical', 'figure of speech', 'normative', 'knowledge', 'abstract']",z-ai/glm-5.3
One man's trash is another man's treasure.,1,"Whether people do value discarded items differently is empirically observable, so it is fact-like. Confidence is moderate.",3,1,"It concerns objects and their material value, though valuation is social. Confidence is somewhat low.",2,0,It is a parallel aphorism with metaphorical 'trash' and 'treasure' framing. Confidence is very high.,4,0,"It conveys a value judgment about subjective worth, a social convention about valuation. Confidence is moderate-high.",3,1,It states an observation about how people value things rather than a reasoned conclusion. Confidence is high.,4,0,The relativity of value is an abstract regularity beyond any single encounter. Confidence is moderate-high.,3,This proverb reflects the common understanding that value depends on perspective and circumstance.,"['fact', 'physical', 'figure of speech', 'normative', 'knowledge', 'abstract']",z-ai/glm-5.3
The pen is mightier than the sword.,1,"Whether communication or violence has more historical impact is in principle examinable, though the saying is figurative. Confidence is moderate.",3,1,"It concerns pens, swords, and their physical effects, though the claim is largely social. Confidence is somewhat low.",2,0,It is a classic metaphor comparing pen and sword. Confidence is very high.,4,0,"It expresses a value preference for persuasion over force, a normative judgment. Confidence is moderate-high.",3,1,It asserts an observation about influence in the world rather than a logical derivation. Confidence is high.,4,0,Comparing the influence of ideas versus violence requires broad historical abstraction. Confidence is moderate-high.,3,This saying expresses the common belief that words and ideas have greater influence than violence.,"['fact', 'physical', 'figure of speech', 'normative', 'knowledge', 'abstract']",z-ai/glm-5.3
Time and tide wait for no man.,1,That time and tides proceed independent of human will is objectively verifiable. Confidence is high.,4,1,"Tides are governed by astronomy and physics, grounding the saying in natural rules. Confidence is moderate-high.",4,0,It is an aphorism personifying time and tide. Confidence is very high.,4,0,"It implicitly urges people not to procrastinate, carrying a prescriptive social message. Confidence is moderate.",3,1,It states an observation about time and natural cycles rather than a reasoned conclusion. Confidence is high.,4,0,The general inevitability of time is an abstraction beyond any single everyday experience. Confidence is moderate.,3,This proverb conveys the common understanding that natural forces and time proceed regardless of human wishes.,"['fact', 'physical', 'figure of speech', 'normative', 'knowledge', 'abstract']",z-ai/glm-5.3
You can't teach an old dog new tricks.,1,"Animal and human learning across ages is empirically studied, so the claim is fact-like though hyperbolic. Confidence is moderate.",3,1,It concerns biological learning capacity studied in animal behavior and neuroscience. Confidence is moderate-high.,3,0,"It is a metaphorical idiom about people, using dog imagery. Confidence is very high.",4,0,It carries a conventional judgment about expectations for older learners. Confidence is moderate.,3,1,It states an observation about learning ability rather than a logical conclusion. Confidence is high.,4,0,"Learning capacity across ages is a generalized regularity, not a single everyday event. Confidence is moderate-high.",3,This saying expresses the common belief that older individuals learn new behaviors less easily.,"['fact', 'physical', 'figure of speech', 'normative', 'knowledge', 'abstract']",z-ai/glm-5.3
"Where there's smoke, there's fire.",1,"Literally, smoke indicates combustion, which is physically verifiable; figuratively it generalizes this. Confidence is moderate-high.",3,1,The literal claim is grounded in physics and chemistry of combustion. Confidence is high for the literal sense.,4,0,It is a metaphorical aphorism about rumors or problems using fire imagery. Confidence is very high.,4,0,"It functions as a social caution to take warning signs seriously, implying one should investigate. Confidence is moderate.",3,1,It states an observed regularity linking signs to causes rather than a reasoned conclusion. Confidence is high.,4,0,The inference from signs to causes generalizes beyond any one everyday sighting. Confidence is moderate.,3,This proverb reflects the common sense that visible signs usually indicate an underlying cause or real problem.,"['fact', 'physical', 'figure of speech', 'normative', 'knowledge', 'abstract']",z-ai/glm-5.3
An ounce of prevention is worth a pound of cure.,1,"Cost comparisons between prevention and treatment are empirically studiable, making it fact-like. Confidence is moderate.",3,1,It concerns measurable quantities like cost and effort in physical systems like health or machinery. Confidence is moderate.,3,0,It uses exaggerated weight measures metaphorically ('ounce' vs 'pound'). Confidence is very high.,4,0,"It prescribes that one should prevent problems, a normative convention about prudence. Confidence is high.",3,1,It states an observation about costs of prevention versus repair rather than a derivation. Confidence is high.,4,0,"The prevention-cure tradeoff is an abstract principle across many domains, not one everyday event. Confidence is moderate-high.",3,This saying expresses the common belief that preventing problems is better and cheaper than fixing them.,"['fact', 'physical', 'figure of speech', 'normative', 'knowledge', 'abstract']",z-ai/glm-5.3
Every cloud has a silver lining.,1,"Whether misfortunes typically yield benefits is empirically debatable, leaning toward opinion. Confidence is low-moderate.",2,1,"The imagery is of physical clouds, but the message is largely social and emotional. Confidence is low.",2,0,It is a metaphor using cloud imagery to describe hope. Confidence is very high.,4,0,"It encourages an optimistic outlook, reflecting a value judgment about interpreting hardship. Confidence is moderate-high.",3,1,It states an observation about adversity and outcomes rather than a logical conclusion. Confidence is high.,4,0,The regularity that hardship yields benefit is an abstract generalization beyond single experiences. Confidence is moderate-high.,3,This proverb conveys the common belief that difficult situations often contain some positive aspect.,"['fact', 'physical', 'figure of speech', 'normative', 'knowledge', 'abstract']",z-ai/glm-5.3
A chain is only as strong as its weakest link.,1,"The literal claim about chains is physically verifiable, and the general systems claim is testable. Confidence is high.",4,1,It is grounded in the physical properties of materials and structures. Confidence is high.,4,0,It is a metaphor extending chain strength to teams and systems. Confidence is very high.,4,0,"It implies one should attend to weak points, a prescriptive convention about reliability. Confidence is moderate.",3,1,It states an observation about systems and failure rather than a reasoned conclusion. Confidence is high.,4,0,Applying it to organizations or processes requires abstract generalization beyond direct observation. Confidence is moderate-high.,3,This saying reflects the common understanding that systems fail at their most vulnerable point.,"['fact', 'physical', 'figure of speech', 'normative', 'knowledge', 'abstract']",z-ai/glm-5.3
Blood is thicker than water.,1,"Whether family bonds are in fact stronger is an empirical question, though the saying is largely a value statement. Confidence is low-moderate.",2,1,"It uses physical substances as metaphors, but the claim concerns social bonds. Confidence is low.",2,0,It is a metaphor comparing blood (kinship) and water (other ties). Confidence is very high.,4,0,"It endorses a social value prioritizing family ties, a convention about loyalty. Confidence is high.",3,1,It states an observation about family loyalty rather than a logical derivation. Confidence is high.,4,0,Comparing strengths of relationship types requires abstract generalization across many cases. Confidence is moderate-high.,3,This proverb expresses the common belief that family bonds are stronger than other relationships.,"['fact', 'physical', 'figure of speech', 'normative', 'knowledge', 'abstract']",z-ai/glm-5.3
Every dog has its day.,1,"Whether everyone eventually succeeds is empirically questionable, making this more opinion-like. Confidence is low-moderate.",2,1,"It concerns life outcomes, which are social and personal, not physical regularities. Confidence is low.",2,0,It is an idiomatic aphorism using dog imagery for people. Confidence is very high.,4,0,"It conveys a hopeful social message encouraging perseverance, a value judgment. Confidence is moderate-high.",3,1,It states an observation about fortunes over life rather than a reasoned conclusion. Confidence is high.,4,0,The claim about eventual success is a broad abstraction about life trajectories. Confidence is moderate-high.,3,This saying expresses the common belief that everyone gets a chance at success or good fortune eventually.,"['fact', 'physical', 'figure of speech', 'normative', 'knowledge', 'abstract']",z-ai/glm-5.3
Two heads are better than one.,1,"Effects of collaboration on performance are empirically studiable, so it is fact-like. Confidence is moderate-high.",3,1,"It concerns cognition studied in psychology, though collaboration is also social. Confidence is moderate.",3,0,It is an aphorism using 'heads' metonymically for people. Confidence is very high.,4,0,It prescribes cooperation as a social convention about working together. Confidence is high.,3,1,It states an observed regularity about collaboration rather than a logical derivation. Confidence is high.,4,0,The general advantage of collaboration is an abstract regularity beyond single experiences. Confidence is moderate-high.,3,This proverb reflects the common belief that collaboration produces better outcomes than working alone.,"['fact', 'physical', 'figure of speech', 'normative', 'knowledge', 'abstract']",z-ai/glm-5.3
A picture is worth a thousand words.,1,Communication effectiveness of images versus words can be empirically tested. Confidence is moderate-high.,3,1,It involves perception and visual processing studied in cognitive science. Confidence is moderate.,3,0,It is a hyperbolic aphorism ('a thousand words') about imagery. Confidence is very high.,4,0,"It implies a convention favoring visuals in communication, a value judgment. Confidence is moderate.",3,1,It states an observation about communication effectiveness rather than a reasoned conclusion. Confidence is high.,4,0,Quantifying informational value of images versus words requires abstraction beyond single instances. Confidence is moderate-high.,3,This saying expresses the common belief that visual information conveys more than verbal description.,"['fact', 'physical', 'figure of speech', 'normative', 'knowledge', 'abstract']",z-ai/glm-5.3
Rome wasn't built in a day.,1,Rome's construction over centuries is historically verifiable; the general lesson is more value-laden. Confidence is moderate.,3,1,"Building and construction are physical processes, though the lesson is social. Confidence is moderate.",3,0,It is an allusive aphorism using Rome as a metaphor for great works. Confidence is very high.,4,0,"It counsels patience, a prescriptive social convention about effort and time. Confidence is moderate-high.",3,1,It states an observation about the gradual nature of large undertakings rather than a derivation. Confidence is high.,4,0,The principle that achievement takes time generalizes beyond any single observation. Confidence is moderate-high.,3,This proverb conveys the common understanding that great achievements require time and patience.,"['fact', 'physical', 'figure of speech', 'normative', 'knowledge', 'abstract']",z-ai/glm-5.3
You reap what you sow.,1,The literal agricultural claim is factual; the moral generalization is harder to verify objectively. Confidence is moderate.,3,1,"The imagery is grounded in agriculture, a physical process, though the message is moral. Confidence is moderate.",3,0,"It is a metaphor using farming imagery (sowing, reaping) for life consequences. Confidence is very high.",4,0,It functions as a moral convention warning that good and bad deeds return to the doer. Confidence is high.,3,1,It states an observed regularity linking actions to outcomes rather than a logical derivation. Confidence is high.,4,0,The link between deeds and eventual outcomes is an abstract moral generalization. Confidence is moderate-high.,3,This saying expresses the common belief that actions have corresponding consequences.,"['fact', 'physical', 'figure of speech', 'normative', 'knowledge', 'abstract']",z-ai/glm-5.3
Democracies are more stable than monarchies.,0,"'More stable' is debatable and hard to prove definitively, making it a subjective judgment.",3,0,"Democracies and monarchies are human-constructed institutions, and the claim concerns social arrangements.",4,1,It plainly compares stability of two government types without metaphor or figurative devices.,4,1,"It describes an alleged empirical pattern about political systems, not a value judgment about which is better.",3,1,"It is a claim about how the world works, not a logical derivation from premises.",4,0,Comparing regime stability is a generalization beyond any single person's everyday encounters.,4,"Many people hold views about which political systems endure, reflecting broadly shared beliefs about governance formed through education and news rather than direct experience.","['opinion', 'social', 'literal language', 'positive', 'knowledge', 'abstract']",z-ai/glm-5.3
Advertising makes people buy things they don't need.,0,Whether purchases are 'not needed' and whether ads cause them is contestable and cannot be definitively proven.,3,0,Advertising and consumer needs are socially constructed phenomena of human society.,4,1,The sentence means exactly what it says about advertising's effect on purchases.,4,1,"It asserts a causal regularity in the world, not a prescription about what should happen.",4,1,"It states an observation about the effects of advertising, not a step-by-step inference.",4,0,"It is a broad generalization about society-wide consumer behavior, not a specific everyday incident.",4,A widespread intuition about consumer culture that people absorb from media commentary rather than personal experimentation.,"['opinion', 'social', 'literal language', 'positive', 'knowledge', 'abstract']",z-ai/glm-5.3
Organized religion has caused more wars than any other ideology.,0,"Counting and attributing wars to ideologies is highly contestable among historians, so it cannot be objectively settled.",3,0,"Religion, ideologies, and wars are human social phenomena.",4,1,It directly compares the war-causing effects of ideologies with no figurative language.,4,1,"It claims an empirical pattern about historical events, not a moral judgment.",3,1,"It is a factual-sounding observation about history, not a chain of reasoning.",4,0,Assessing causes of wars across centuries is beyond any individual's direct experience.,4,A commonly expressed belief about religion's role in history that people repeat without consulting scholarly evidence.,"['opinion', 'social', 'literal language', 'positive', 'knowledge', 'abstract']",z-ai/glm-5.3
People are basically honest when no one is watching.,0,Whether people are basically honest is a debatable subjective claim lacking objective proof.,3,0,Honesty and being watched are social concepts about human conduct.,4,1,It plainly states a belief about honesty without figures of speech.,4,1,"It describes how people allegedly behave, not how they should behave.",4,1,"It is a general observation about human behavior, not a logical argument.",4,0,"It is a claim about human nature in general, not about a specific everyday encounter.",4,A widely shared intuition about human nature that shapes how people trust strangers.,"['opinion', 'social', 'literal language', 'positive', 'knowledge', 'abstract']",z-ai/glm-5.3
Money can't buy genuine friendship.,0,Whether money can buy genuine friendship is subjective and unfalsifiable in practice.,3,0,Money and friendship are human social institutions.,4,1,"Taken literally, it asserts a limit on money's power; it is phrased plainly, though it borders on aphorism.",2,1,It describes a social regularity about money's limits rather than prescribing behavior.,3,1,"It is an observation about what money can and cannot do socially, not a derivation.",4,0,"It is a broad claim about wealth and human bonds, not tied to a specific everyday situation.",4,A familiar adage-like belief about wealth and relationships that many people hold as folk wisdom about society.,"['opinion', 'social', 'literal language', 'positive', 'knowledge', 'abstract']",z-ai/glm-5.3
Strict parents raise more obedient children.,0,"Developmental psychology offers mixed evidence, so the claim is debatable and not objectively settled.",3,0,Parenting styles and obedience are socially defined human behaviors.,4,1,It plainly links strict parenting to child obedience without figurative language.,4,1,"It asserts a descriptive correlation in upbringing, not a value judgment about parenting.",3,1,"It states a perceived regularity about parenting outcomes, not a reasoning chain.",4,0,"It generalizes about parenting across families, beyond one person's direct observation.",4,A folk belief about parenting styles that circulates widely in casual conversation.,"['opinion', 'social', 'literal language', 'positive', 'knowledge', 'abstract']",z-ai/glm-5.3
The news media is more biased now than it was fifty years ago.,0,Measuring 'bias' across eras is inherently subjective and cannot be objectively proven.,4,0,News media and bias are human social constructs.,4,1,It directly compares media bias across time with plain wording.,4,1,"It describes an alleged change in media behavior, not a norm about what media should do.",3,1,"It is an observation about media history, not an inference from premises.",4,0,Judging media bias over decades requires synthesis far beyond individual experience.,4,A common complaint about modern journalism shared by many people across generations.,"['opinion', 'social', 'literal language', 'positive', 'knowledge', 'abstract']",z-ai/glm-5.3
Every culture believes some version of an afterlife.,0,"As a universal claim it is empirically questionable and its truth is contested, making it more opinion than demonstrable fact.",2,0,Afterlife beliefs and cultures are socially constructed human phenomena.,4,1,"It literally claims all cultures hold afterlife beliefs, with no figurative language.",4,1,"It describes what cultures believe, not what they should believe.",4,1,"It is an observation about cultural beliefs, not a logical derivation.",4,0,"It is a claim about all cultures, far beyond any individual's encounters.",4,A widely repeated claim about human religiosity that people often state as general knowledge about societies.,"['opinion', 'social', 'literal language', 'positive', 'knowledge', 'abstract']",z-ai/glm-5.3
Divorce rates rise when women gain economic independence.,0,The causal link is debated among researchers and cannot be cleanly demonstrated as true or false.,3,0,"Divorce, marriage, and economic roles are socially constructed institutions.",4,1,"It plainly connects women's independence with divorce rates, meaning exactly what it says.",4,1,It describes a social trend without prescribing what ought to happen.,3,1,"It states a perceived correlation between two social phenomena, not a reasoning process.",4,0,"It is a macro-level sociological generalization, not an everyday occurrence one witnesses directly.",4,A common sociological intuition linking gender economics and family patterns that people cite in discussions of marriage.,"['opinion', 'social', 'literal language', 'positive', 'knowledge', 'abstract']",z-ai/glm-5.3
Celebrity gossip spreads faster than political news.,0,"'Faster' and the comparison are vague and unfalsifiable in practice, resting on subjective judgment.",3,0,"Celebrities, gossip, and news are socially constructed categories of human culture.",4,1,It literally compares spread speeds of two news types without figurative devices.,4,1,"It describes how gossip travels, not a judgment about what should spread.",3,1,"It is an observation about information spread, not a chain of logic.",4,0,"It generalizes about information diffusion across whole societies, beyond individual experience.",4,A folk observation about media and public attention that people often assert in casual conversation about society.,"['opinion', 'social', 'literal language', 'positive', 'knowledge', 'abstract']",z-ai/glm-5.3
People trust strangers less in big cities than in small towns.,0,"The claim is contestable and studies show mixed results, so it cannot be definitively proven.",3,0,"Trust, cities, and towns are social constructs of human experience.",4,1,It plainly compares trust levels by location with ordinary wording.,4,1,"It describes how people behave, not a norm about how they should behave.",3,1,"It asserts an observed pattern about social behavior, not a reasoning conclusion.",4,0,"It is a general claim about city and town life, not a single everyday event.",4,A widely shared belief about urban vs. rural social life that people invoke when discussing communities.,"['opinion', 'social', 'literal language', 'positive', 'knowledge', 'abstract']",z-ai/glm-5.3
Working long hours makes people less productive.,0,"The effect varies and is debated, so the general claim cannot be objectively settled.",3,0,Work hours and productivity are socially defined concepts of human economies.,4,1,"It directly states a perceived effect of long hours on productivity, meaning what it says.",4,1,"It asserts a causal regularity about work, not a value statement about working hours.",3,1,"It is an observation about the relationship between hours and output, not a logical derivation.",4,0,"It is a general claim about labor and productivity, not a specific everyday incident.",4,A common belief about work culture and burnout that many professionals hold and share.,"['opinion', 'social', 'literal language', 'positive', 'knowledge', 'abstract']",z-ai/glm-5.3
"Fashion trends are created by corporations, not by people.",0,Trend origins are complex and the exclusive attribution to corporations is a subjective interpretive claim.,3,0,Fashion and corporations are human social constructions.,4,1,It plainly attributes trend creation to corporations with no figurative language.,4,1,"It describes how trends come about, not how they should, making it a positive claim.",3,1,"It is an observation about how fashion arises, not an argument from premises.",4,0,"It is a claim about the fashion industry as a whole, beyond individual experience.",4,A common belief about consumer culture and the origins of popular styles.,"['opinion', 'social', 'literal language', 'positive', 'knowledge', 'abstract']",z-ai/glm-5.3
Intelligence is valued more than kindness in modern society.,0,The comparison of values is inherently subjective and cannot be objectively proven.,4,0,"Intelligence, kindness, and societal valuation are social concepts.",4,1,"It plainly compares how society values two traits, with ordinary wording.",4,1,It describes what society values rather than prescribing what it should value.,3,1,"It is an observation about societal priorities, not a reasoning chain.",4,0,"It is a claim about society-wide values, not about a specific everyday situation.",4,A familiar complaint about social values that people express in discussions of merit and culture.,"['opinion', 'social', 'literal language', 'positive', 'knowledge', 'abstract']",z-ai/glm-5.3
Legal systems favor the wealthy over the poor.,0,The degree of favoritism is contested and cannot be definitively measured as true or false.,3,0,"Legal systems, wealth, and class are socially constructed human arrangements.",4,1,"It plainly states that law favors the rich, meaning exactly what it says.",4,1,"It describes an alleged empirical pattern in justice, not a norm about what law should do.",3,1,"It is an observation about how legal systems operate, not a logical derivation.",4,0,"It is a general claim about legal systems across society, beyond everyday encounters.",4,A widespread belief about justice and inequality that many people hold about how courts work.,"['opinion', 'social', 'literal language', 'positive', 'knowledge', 'abstract']",z-ai/glm-5.3
Social media has made people more lonely.,0,"Research is mixed and 'more lonely' is hard to measure, making the claim subjective and unproven.",3,0,Social media and loneliness are social phenomena of human experience.,4,1,It directly asserts a causal effect on loneliness with plain wording.,4,1,"It describes an alleged causal effect, not a judgment about whether social media is good.",3,1,"It states an observed claim about social media's effects, not a reasoning process.",4,0,"It is a society-wide claim about technology and psychology, not a personal everyday event.",4,A very common contemporary belief about technology's effect on wellbeing that people often assert.,"['opinion', 'social', 'literal language', 'positive', 'knowledge', 'abstract']",z-ai/glm-5.3
National service creates stronger citizens.,0,'Stronger citizens' is a subjective notion and the claim cannot be objectively proven.,4,0,National service and citizenship are socially constructed institutions.,4,1,It plainly links service to citizenship quality without figurative language.,4,1,"It claims a causal effect on citizens rather than prescribing a duty, though 'stronger citizens' is partly evaluative.",2,1,"It is an observation about the effects of national service, not a logical derivation.",4,0,"It generalizes about civic effects across a nation, beyond any individual's experience.",4,A commonly expressed belief about civic duty and military or community service.,"['opinion', 'social', 'literal language', 'positive', 'knowledge', 'abstract']",z-ai/glm-5.3
Migration enriches a country's culture.,0,Whether culture is 'enriched' is a subjective value judgment that cannot be objectively settled.,4,0,"Migration and culture are inherently social, human-constructed phenomena.",4,1,"It plainly asserts that migration adds cultural richness, meaning what it says.",4,1,"It describes an alleged effect of migration rather than prescribing policy, though 'enriches' is partly evaluative.",2,1,"It is an observation about migration's cultural effects, not an argument.",4,0,"It is a broad claim about nations and cultures, not an everyday encounter.",4,A widely held belief about immigration and cultural change frequently asserted in public debate.,"['opinion', 'social', 'literal language', 'positive', 'knowledge', 'abstract']",z-ai/glm-5.3
People work harder when they feel appreciated.,0,"The effect varies by person and study, so the claim is debatable and not objectively provable.",3,0,Appreciation and work are social phenomena rooted in human relationships.,4,1,It plainly connects appreciation to effort with ordinary wording.,4,1,"It describes how appreciation affects behavior, not a norm about how people should be treated.",3,1,"It states a perceived regularity about motivation, not a reasoning conclusion.",4,0,"It is a general claim about human motivation across contexts, not a specific incident.",4,A common intuition about workplace motivation and human psychology that managers and workers alike share.,"['opinion', 'social', 'literal language', 'positive', 'knowledge', 'abstract']",z-ai/glm-5.3
History is written by the victors.,0,"The claim is an oversimplification that historians dispute, so it cannot be objectively established.",3,0,"History writing, war, and victory are human social activities.",4,1,"Taken literally it claims victors author histories; though it functions as an aphorism, its wording is plain and its literal claim is meant.",2,1,"It describes an alleged regularity in who records history, not a prescription.",3,1,"It is an observation about how history is recorded, not a logical derivation.",4,0,"It is a sweeping claim about historiography across ages, far beyond individual experience.",4,"A very familiar adage-like belief about how historical records come to be, widely treated as common knowledge about society.","['opinion', 'social', 'literal language', 'positive', 'knowledge', 'abstract']",z-ai/glm-5.3
A judge should not rule on a case involving their own family member.,1,"Whether this norm is actually followed or violated can be verified by observing judicial conduct and codes, independent of opinion.",3,0,"It is a human-made convention about fairness, not a physical law.",4,1,It plainly states an expectation without metaphor or figures of speech.,4,0,It prescribes how judges ought to behave rather than describing what they physically do.,4,0,It combines knowledge that family ties bias judgment with the logic that biased rulings are unfair.,3,1,"People routinely encounter situations requiring impartial judgment, like picking teams or settling disputes.",3,"People understand that impartial decision-makers should avoid conflicts of interest, a widespread social-normative expectation.","['fact', 'social', 'literal language', 'normative', 'reasoning', 'everyday']",z-ai/glm-5.3
"If you cut in line at a store, others will get angry.",1,"The reaction of others is observable and verifiable, not a subjective preference.",4,0,"It concerns human conventions about fairness in queuing, which are socially constructed.",4,1,"The words mean exactly what they say, with no metaphor.",4,0,"It reflects an expectation about social conduct, though phrased as a prediction.",2,0,It applies knowledge that people disapprove of line-cutting to predict an emotional reaction.,3,1,Lines at stores are a common everyday experience for most people.,4,This is basic social common sense about waiting your turn in public places.,"['fact', 'social', 'literal language', 'normative', 'reasoning', 'everyday']",z-ai/glm-5.3
"If you cheat on a test, you should be penalized.",1,Penalties for cheating are documented in institutional rules and are objectively verifiable.,3,0,"It concerns human-made rules about fair evaluation, not physical laws.",4,1,It directly states an expectation without figurative language.,4,0,"It prescribes what ought to happen, not what physically occurs.",4,0,It combines knowledge that cheating is dishonest with the logic that dishonesty deserves penalty.,3,1,Tests and exams are common experiences in ordinary life.,4,This is a widely shared norm about honesty and fairness in academic settings.,"['fact', 'social', 'literal language', 'normative', 'reasoning', 'everyday']",z-ai/glm-5.3
You should thank someone who gives you a gift.,1,"Whether thanking is expected and practiced can be observed across cultures, independent of opinion.",3,0,It is a socially constructed politeness convention.,4,1,It plainly states a social expectation without metaphor.,4,0,It prescribes proper behavior rather than describing an empirical regularity.,4,0,It combines knowledge that gifts involve kindness with the logic that kindness warrants gratitude.,3,1,"Gift-giving occurs regularly in daily life, especially at birthdays and holidays.",4,Expressing gratitude for gifts is a basic social courtesy understood by nearly everyone.,"['fact', 'social', 'literal language', 'normative', 'reasoning', 'everyday']",z-ai/glm-5.3
"If you arrive late to a meeting, you should apologize.",1,This expectation is observable in everyday workplace and social conduct.,3,0,It is a human convention about punctuality and respect.,4,1,It says exactly what it means without figurative expressions.,4,0,It prescribes appropriate social behavior.,4,0,It links the knowledge that lateness inconveniences others to the expectation of an apology.,3,1,Meetings and lateness are common occurrences in ordinary life.,4,Apologizing for lateness is a standard social expectation in professional and personal life.,"['fact', 'social', 'literal language', 'normative', 'reasoning', 'everyday']",z-ai/glm-5.3
A child who breaks a neighbor's window while playing should admit it.,1,Whether this norm is taught and followed is verifiable through observation and testimony.,3,0,"It is a social expectation about honesty and responsibility, not a physical rule.",4,1,It plainly describes what a child should do without metaphor.,4,0,It prescribes proper conduct for the child.,4,0,It combines knowledge that damage occurred with the moral logic of taking responsibility.,3,1,Children playing near houses is a common scenario in daily life.,4,Taking responsibility for accidental damage is a widely understood childhood moral lesson.,"['fact', 'social', 'literal language', 'normative', 'reasoning', 'everyday']",z-ai/glm-5.3
"When sharing food, everyone should get a fair portion.",1,This expectation can be tested by observing sharing behavior and reactions to unfairness.,3,0,Fairness in sharing is a socially constructed value.,4,1,It states the expectation directly without figures of speech.,4,0,"It prescribes how food should be distributed, not how it is physically divided.",4,0,It combines knowledge that people need food with the logic that equal needs imply equal shares.,3,1,Sharing food occurs frequently at meals and gatherings.,4,Fairness in distributing shared resources is a fundamental social norm.,"['fact', 'social', 'literal language', 'normative', 'reasoning', 'everyday']",z-ai/glm-5.3
"If a guest visits your home, you should offer them a seat.",1,This practice and expectation are observable across many cultures.,3,0,"It is a human convention about hospitality, not a natural law.",4,1,It plainly states a hospitality expectation.,4,0,It prescribes polite behavior for hosts.,4,0,It combines knowledge that standing is tiring with the logic that hosts should ensure guest comfort.,3,1,Having visitors at home is a routine experience for most people.,4,Hospitality toward guests is a near-universal social convention.,"['fact', 'social', 'literal language', 'normative', 'reasoning', 'everyday']",z-ai/glm-5.3
You should not read someone else's diary without permission.,1,This norm is verifiable through laws and widespread social practices.,3,0,"Privacy is a socially constructed right, not a physical feature.",4,1,It states the prohibition directly and plainly.,4,0,It prescribes proper conduct regarding others' belongings.,4,0,It combines knowledge that diaries are private with the logic that privacy should be respected.,3,1,Personal journals and privacy are common in everyday life.,4,Respecting personal privacy is a basic social norm.,"['fact', 'social', 'literal language', 'normative', 'reasoning', 'everyday']",z-ai/glm-5.3
"If you borrow money from a friend, you should pay it back.",1,The expectation and consequences of not repaying are observable facts of social life.,3,0,Debt repayment between friends is a social and moral convention.,4,1,It says exactly what it means without metaphor.,4,0,It prescribes what borrowers ought to do.,4,0,It combines knowledge that borrowing implies obligation with the logic that obligations should be met.,3,1,Lending among friends is a common everyday situation.,4,"Repaying debts, especially to friends, is a fundamental norm of trust and fairness.","['fact', 'social', 'literal language', 'normative', 'reasoning', 'everyday']",z-ai/glm-5.3
A person who wins a race deserves a prize.,1,Whether prizes are customary for winners can be verified by observing common practice.,3,0,Prizes are human-made conventions tied to competition.,4,1,It plainly links winning to deserving a prize.,4,0,It states what ought to happen rather than a physical fact.,4,0,It combines knowledge that winning requires effort with the logic that effort deserves reward.,3,1,Races and competitions are common in schools and communities.,4,Rewarding achievement is a widely recognized social convention in competitions.,"['fact', 'social', 'literal language', 'normative', 'reasoning', 'everyday']",z-ai/glm-5.3
You should not talk loudly on your phone in a crowded bus.,1,This etiquette and others' reactions to its violation are observable.,3,0,It reflects socially constructed norms of public courtesy.,4,1,It directly states a behavioral expectation.,4,0,It prescribes appropriate public behavior.,4,0,It combines knowledge that loud talking disturbs others with the logic of avoiding disturbance.,3,1,Riding buses and using phones are everyday activities.,4,Being considerate in shared public spaces is common social etiquette.,"['fact', 'social', 'literal language', 'normative', 'reasoning', 'everyday']",z-ai/glm-5.3
"If your coworker helps you finish a project, you should thank them.",1,This norm is verifiable through common workplace practices and reactions.,3,0,It is a social convention about gratitude and reciprocity.,4,1,It plainly prescribes thanking a helper.,4,0,It prescribes proper social conduct in the workplace.,4,0,It combines knowledge that help benefits you with the logic that benefits warrant thanks.,3,1,Workplace collaboration is an ordinary experience for many people.,4,Acknowledging others' contributions is a basic norm of workplace gratitude.,"['fact', 'social', 'literal language', 'normative', 'reasoning', 'everyday']",z-ai/glm-5.3
You should hold the door for the person walking behind you.,1,The practice and expectation are directly observable in public spaces.,3,0,"It is a socially constructed etiquette, not a physical rule.",4,1,It states the expected behavior plainly.,4,0,It prescribes courteous behavior.,4,0,It combines knowledge that a closing door may inconvenience others with the logic of small helpful acts.,3,1,Passing through doors is a constant everyday occurrence.,4,Holding doors for others is a widely practiced courtesy in daily life.,"['fact', 'social', 'literal language', 'normative', 'reasoning', 'everyday']",z-ai/glm-5.3
A student who disrupts class should be reprimanded by the teacher.,1,Classroom discipline practices are documented and observable.,3,0,It involves human-made rules about classroom order.,4,1,It plainly states a consequence for misbehavior.,4,0,It prescribes what should happen to disruptive students.,4,0,It combines knowledge that disruption harms learning with the logic that harmful acts warrant correction.,3,1,Classrooms are common settings in everyday experience.,4,Maintaining order in classrooms is a standard social expectation.,"['fact', 'social', 'literal language', 'normative', 'reasoning', 'everyday']",z-ai/glm-5.3
You should cover your mouth when you sneeze near others.,1,This norm and the health reasons behind it are verifiable facts.,3,0,It is a social politeness norm concerning human behavior.,4,1,It plainly instructs a specific behavior.,4,0,It prescribes proper hygiene conduct.,4,0,It combines knowledge that sneezes spread germs with the logic of protecting others.,3,1,Sneezing occurs regularly in daily life.,4,This is basic hygiene etiquette nearly everyone learns as a child.,"['fact', 'social', 'literal language', 'normative', 'reasoning', 'everyday']",z-ai/glm-5.3
"If you break an item at a store, you should pay for it.",1,This expectation is verifiable through store policies and common practice.,3,0,It reflects human commercial and moral conventions.,4,1,It directly states the expected obligation.,4,0,It prescribes what customers ought to do.,4,0,It combines knowledge that damage causes loss with the logic that one should compensate for losses caused.,3,1,Shopping is a routine everyday activity.,4,Taking responsibility for accidental damage is a common norm in commercial settings.,"['fact', 'social', 'literal language', 'normative', 'reasoning', 'everyday']",z-ai/glm-5.3
You should not spread a friend's secret that they told you in confidence.,1,This norm and the consequences of violating it are observable in social relationships.,3,0,Secrets and trust are socially constructed aspects of relationships.,4,1,It plainly states a behavioral expectation.,4,0,It prescribes loyalty in friendships.,4,0,It combines knowledge that secrets were shared in trust with the logic that trust implies confidentiality.,3,1,Sharing secrets among friends is a common experience.,4,Keeping confidences is a foundational norm of trust in friendships.,"['fact', 'social', 'literal language', 'normative', 'reasoning', 'everyday']",z-ai/glm-5.3
"If you see someone drop their wallet, you should return it to them.",1,The norm and behaviors around lost items are verifiable through observation and lost-and-found practices.,3,0,Property and honesty norms are human social constructions.,4,1,It plainly prescribes returning a dropped wallet.,4,0,It prescribes honest conduct.,4,0,It combines knowledge that the wallet belongs to the person with the logic that owners deserve their property back.,3,1,Dropping and losing items happens in ordinary life.,4,Returning lost property is a widely shared honesty norm.,"['fact', 'social', 'literal language', 'normative', 'reasoning', 'everyday']",z-ai/glm-5.3
You should not laugh at someone who falls down in public.,1,This norm and reactions to its violation are observable in everyday social interactions.,3,0,It concerns socially constructed norms of empathy and decency.,4,1,It states the expectation directly without figurative language.,4,0,It prescribes compassionate behavior.,4,0,It combines knowledge that falling is embarrassing with the logic that embarrassment should not be amplified.,3,1,People occasionally fall or stumble in public places.,4,Showing compassion rather than mockery toward others' misfortune is a basic social decency norm.,"['fact', 'social', 'literal language', 'normative', 'reasoning', 'everyday']",z-ai/glm-5.3
A watched pot never boils.,0,"It is a subjective hyperbole about impatience, not objectively checkable as stated; the pot does boil. 3",3,1,"Boiling water is a physical process, though the saying is about perception; only somewhat physical. 2",2,0,It is a well-known hyperbolic proverb rather than plain literal language. 4,4,1,"It describes an empirical tendency (waiting feels longer) about the world, not a value or norm. 3",3,0,It generalizes from repeated experience of slow-seeming waits to a conclusion; moderately inferential. 3,3,1,"Waiting for water to boil is an ordinary kitchen experience nearly everyone encounters; confidence high, and it is not an abstract regularity. 4",4,People commonly say this to express that time seems to drag when you anxiously wait for something.,"['opinion', 'physical', 'figure of speech', 'positive', 'reasoning', 'everyday']",z-ai/glm-5.3
An apple a day keeps the doctor away.,0,"As stated it is a subjective folk claim, not demonstrably true or false as a universal rule. 3",3,1,"It concerns bodily health, a biological domain, though stated figuratively. 3",3,0,"It is a rhyming proverbial aphorism, not literal language. 4",4,1,It points to an empirical link between diet and health rather than a value judgment. 3,3,0,It draws a conclusion about health from knowledge about nutrition; an inferred generalization. 3,3,1,Eating apples and visiting doctors are ordinary daily-life matters. 4,4,A familiar saying suggesting that eating fruit daily supports health and reduces illness.,"['opinion', 'physical', 'figure of speech', 'positive', 'reasoning', 'everyday']",z-ai/glm-5.3
The early bird catches the worm.,0,"Whether early action always succeeds is subjective; many succeed late, so it is not objectively verifiable. 3",3,1,"The literal image is of animals foraging, a natural phenomenon, but the message is social; moderately physical. 2",2,0,"It is a metaphorical aphorism about people, not literally about birds. 4",4,1,"It describes an empirical regularity (earliness yields reward) rather than a norm, though it is often used prescriptively. 3",3,0,It generalizes a conclusion about outcomes from repeated experience. 3,3,1,Waking early and competing for opportunities are everyday experiences. 3,3,"A common proverb implying that acting early brings rewards, drawn from observed bird behavior.","['opinion', 'physical', 'figure of speech', 'positive', 'reasoning', 'everyday']",z-ai/glm-5.3
Every cloud has a silver lining.,0,"Whether every hardship has a benefit is a subjective outlook, not objectively checkable. 3",3,1,"The imagery is of clouds and light, natural objects, but the claim is psychological; weakly physical. 2",2,0,"It is a classic metaphor, not literal language. 4",4,1,"It asserts an empirical tendency in events rather than a moral rule, though it borders on attitudinal. 2",2,0,It is an inferential generalization from past experiences of bad turns yielding good outcomes. 3,3,1,Setbacks and finding small consolations in them are common everyday situations. 4,4,People use this metaphor to say that difficulties usually contain some hidden benefit.,"['opinion', 'physical', 'figure of speech', 'positive', 'reasoning', 'everyday']",z-ai/glm-5.3
A rolling stone gathers no moss.,0,"Whether motion prevents accumulation (of moss or commitments) is interpretive; both readings are defended, so it is subjective. 3",3,1,"Literally, moss cannot grow on a moving stone, a natural fact; confidence fairly high. 3",3,0,It is a metaphor about people using a stone image. 4,4,1,It states an empirical regularity (rolling objects stay clean) rather than a norm. 3,3,0,It applies physical knowledge to draw a figurative conclusion. 3,3,1,"Moving, changing jobs or homes is a common life experience. 3",3,A well-known saying often used to comment on the effects of staying active versus staying settled.,"['opinion', 'physical', 'figure of speech', 'positive', 'reasoning', 'everyday']",z-ai/glm-5.3
Lightning never strikes the same place twice.,0,"It is folk wisdom that is actually false in fact, but as used it expresses a subjective belief about luck; the framing as opinion is debatable. 2",2,1,"Lightning is a physical phenomenon, squarely in the natural domain. 4",4,0,"It is used as a hyperbolic saying about rare events, though phrased literally. 3",3,1,"It asserts an empirical claim about nature, not a value or norm. 4",4,0,It generalizes from observed rarity to a conclusion about repetition. 3,3,1,Storms and worries about rare bad luck are ordinary experiences. 3,3,A folk belief often voiced after a rare misfortune to imply it will not recur.,"['opinion', 'physical', 'figure of speech', 'positive', 'reasoning', 'everyday']",z-ai/glm-5.3
You can't squeeze blood from a stone.,0,Whether a person or source is truly incapable is a subjective judgment in each case. 3,3,1,Stones are physical objects and the literal claim is about material possibility. 4,4,0,"It is a vivid metaphorical idiom, not literal language. 4",4,1,It describes an empirical impossibility in nature rather than a rule about what should be. 3,3,0,It reasons from the physical properties of stones to a general conclusion about futility. 3,3,1,Dealing with unyielding people or empty resources is everyday experience. 3,3,A common idiom meaning that it is impossible to get something from a source that has none.,"['opinion', 'physical', 'figure of speech', 'positive', 'reasoning', 'everyday']",z-ai/glm-5.3
Still waters run deep.,0,Judging depth of character is subjective and cannot be objectively verified. 3,3,1,"The literal basis is calm water being deep, a natural fact, though applied to people. 3",3,0,It is a metaphor linking calm water to personality. 4,4,1,"It asserts an observed empirical correlation rather than a value, though it can sound evaluative. 2",2,0,"It infers hidden qualities from outward calm, combining observation with logic. 3",3,1,"Meeting quiet, reserved people is an everyday social experience. 3",3,People say this to suggest that quiet individuals often have profound thoughts.,"['opinion', 'physical', 'figure of speech', 'positive', 'reasoning', 'everyday']",z-ai/glm-5.3
A stitch in time saves nine.,0,The exact savings are not objectively provable in every case; it is a subjective generalization. 3,3,1,"Torn fabric worsening is a physical process, lending natural grounding. 3",3,0,It is a rhyming aphorism using a sewing metaphor. 4,4,1,"It describes an empirical regularity of escalating damage rather than a norm, though often used as advice. 3",3,0,It reasons about consequences of early versus late repair. 3,3,1,Mending clothes and fixing small problems promptly are ordinary experiences. 4,4,A proverb advising that fixing a small problem early prevents a bigger one later.,"['opinion', 'physical', 'figure of speech', 'positive', 'reasoning', 'everyday']",z-ai/glm-5.3
The grass is always greener on the other side of the fence.,0,Comparisons of desirability are inherently subjective judgments. 3,3,1,"The imagery is of fields and fences, natural objects, but the claim is about perception; weakly physical. 2",2,0,It is a metaphor using grass and fences for envy. 4,4,1,It describes an empirical tendency in human perception rather than a rule of what should be. 3,3,0,It generalizes from repeated experiences of envy to a broad conclusion. 3,3,1,Envying neighbors' circumstances is a common everyday feeling. 4,4,A familiar saying about people tending to envy what they do not have.,"['opinion', 'physical', 'figure of speech', 'positive', 'reasoning', 'everyday']",z-ai/glm-5.3
Old habits die hard.,0,How hard habits die varies by case and cannot be objectively settled in general. 3,3,1,"Habit formation has a biological basis, but the statement is about behavior; moderately physical. 3",3,0,"The phrase personifies habits dying, a figurative hyperbole. 4",4,1,It describes an empirical regularity of behavior rather than a normative claim. 3,3,0,It concludes difficulty of change from accumulated experience. 3,3,1,Trying to change routines is a universal everyday experience. 4,4,A common observation that long-standing behaviors are difficult to change.,"['opinion', 'physical', 'figure of speech', 'positive', 'reasoning', 'everyday']",z-ai/glm-5.3
"When it rains, it pours.",0,"Whether troubles truly cluster is a subjective perception, not an objective law. 3",3,1,"Rainfall intensity is a natural phenomenon, though the message is psychological; somewhat physical. 2",2,0,It is a hyperbole borrowing weather imagery. 4,4,1,It asserts an empirical pattern in events rather than a value judgment. 3,3,0,It generalizes a conclusion about misfortune clustering from experience. 3,3,1,Experiencing clusters of misfortunes is a common life experience. 3,3,A saying expressing that troubles often arrive all at once.,"['opinion', 'physical', 'figure of speech', 'positive', 'reasoning', 'everyday']",z-ai/glm-5.3
Time flies when you're having fun.,0,Perceived speed of time is subjective and cannot be objectively measured per person. 3,3,1,"It concerns psychology of time perception, which has natural grounding but is not physics; weakly physical. 2",2,0,"Time flying is a metaphor, not literal language. 4",4,1,It describes an empirical feature of perception rather than a norm. 3,3,0,It infers a general link between enjoyment and time perception from experience. 3,3,1,Everyone experiences time speeding by during enjoyable activities. 4,4,A familiar remark that enjoyable moments seem to pass quickly.,"['opinion', 'physical', 'figure of speech', 'positive', 'reasoning', 'everyday']",z-ai/glm-5.3
Absence makes the heart grow fonder.,0,"Whether longing grows is a subjective emotional matter, not objectively checkable. 3",3,1,"It is about emotion and relationships, human in origin; low physicality. 2",2,0,The heart growing fonder is a metaphor for emotion. 4,4,1,It asserts an empirical tendency in feelings rather than a rule about what should be. 3,3,0,It concludes increased affection from the condition of absence via generalization. 3,3,1,Being apart from loved ones is an everyday experience. 4,4,A common saying that separation often deepens affection.,"['opinion', 'physical', 'figure of speech', 'positive', 'reasoning', 'everyday']",z-ai/glm-5.3
Laughter is the best medicine.,0,"Calling it the best medicine is a subjective claim, not objectively provable. 3",3,1,"It touches on health and biology, though figurative; moderately physical. 3",3,0,It is a hyperbolic metaphor comparing laughter to medicine. 4,4,1,It describes an empirical effect of laughter on wellbeing rather than a norm. 3,3,0,It reasons from observed mood improvements to a general conclusion. 3,3,1,Laughing and coping with minor ailments are everyday occurrences. 4,4,People often say that humor and joy help us recover from troubles.,"['opinion', 'physical', 'figure of speech', 'positive', 'reasoning', 'everyday']",z-ai/glm-5.3
The squeaky wheel gets the grease.,0,Whether this outcome is desirable or always true is subjective; the saying can irk people. 2,2,1,Squeaky wheels needing grease is literally a physical fact; the social extension is secondary. 3,3,0,It uses a mechanical metaphor of wheels and grease. 4,4,1,"It describes an empirical regularity in behavior rather than what should be, though often used cynically. 3",3,0,It generalizes from observed instances of vocal complainers being served. 3,3,1,Complaints getting attention is a familiar everyday dynamic. 4,4,A saying noting that those who complain loudly tend to receive attention.,"['opinion', 'physical', 'figure of speech', 'positive', 'reasoning', 'everyday']",z-ai/glm-5.3
Too many cooks spoil the broth.,0,How many is too many is a subjective judgment in each situation. 3,3,1,Broth literally spoiling with too many ingredients is a physical process; moderate confidence. 3,3,0,It is a cooking metaphor applied to collaboration. 4,4,1,It describes an observed empirical tendency of group work rather than a rule of conduct. 3,3,0,It concludes spoilage from excess participation through reasoning about coordination. 3,3,1,Group projects and kitchens are common settings for this experience. 4,4,A familiar proverb suggesting that too many participants ruin an outcome.,"['opinion', 'physical', 'figure of speech', 'positive', 'reasoning', 'everyday']",z-ai/glm-5.3
Better safe than sorry.,0,The trade-off is a matter of judgment; safety is not always better objectively. 3,3,1,It concerns human choice rather than natural law; weak physicality. 2,2,0,"It is a compact aphoristic contrast, though fairly plain language. 3",3,1,"It is largely advice about what one should do, making it closer to normative; low confidence on positive. 2",2,0,It weighs outcomes and concludes that caution minimizes expected regret. 3,3,1,Taking precautions is a daily decision people face. 4,4,A common cautionary phrase about preferring precautions over regret.,"['opinion', 'physical', 'figure of speech', 'positive', 'reasoning', 'everyday']",z-ai/glm-5.3
A picture is worth a thousand words.,0,The thousand figure is arbitrary and the superiority of images is subjective. 3,3,1,"Images and language are human artifacts, so this is social in origin; weak physicality. 2",2,0,It is a hyperbole about visual communication. 4,4,1,It describes an empirical strength of images to convey information rather than a norm. 3,3,0,It reasons that images convey more than language by comparing the two. 3,3,1,Viewing photos and describing scenes are everyday activities. 4,4,A widely used saying about the communicative power of images.,"['opinion', 'physical', 'figure of speech', 'positive', 'reasoning', 'everyday']",z-ai/glm-5.3
"Nothing ventured, nothing gained.",0,Whether risk-taking is worthwhile is a subjective judgment. 3,3,1,"It concerns human action and outcomes, not natural law; weak physicality. 2",2,0,"It is a terse aphorism, though phrased plainly. 3",3,1,"It states an empirical regularity linking effort and reward rather than a moral rule, though often used as advice. 3",3,0,It infers that gains depend on ventures through a logical conditional. 3,3,1,Weighing small risks in daily life is a universal experience. 4,4,A common maxim observing that rewards require taking risks.,"['opinion', 'physical', 'figure of speech', 'positive', 'reasoning', 'everyday']",z-ai/glm-5.3
Blood is thicker than water.,0,Ranking loyalties is inherently subjective; many find friendship stronger. 3,3,1,"Kinship is biological, but the claim is about loyalty, a social matter; weak physicality. 2",2,0,It is a metaphor comparing kinship to blood. 4,4,1,It asserts an empirical strength of family ties rather than what should hold; borderline. 2,2,0,It generalizes a conclusion about loyalty from observed family behavior. 3,3,1,Family obligations arising amid other commitments is a common experience. 3,3,A proverb stating that family bonds are stronger than other ties.,"['opinion', 'physical', 'figure of speech', 'positive', 'reasoning', 'everyday']",z-ai/glm-5.3
"A watched pot never boils, but the stove still heats it slowly.",1,"Heating rate is empirically verifiable, so the claim can be demonstrated correct or incorrect regardless of opinion.",4,1,Water boiling is governed by thermodynamics; heat transfer rate is measurable and objective. It is not a social convention.,4,0,'A watched pot never boils' is a proverb using hyperbole; it does not literally mean the pot never boils.,4,1,"It describes how heat behaves in the world, not a value judgment or social norm.",4,0,"It combines knowledge (stoves transfer heat) with the figurative conclusion about time perception, arriving at a conclusion beyond a bare observation.",3,1,Boiling water on a stove is a routine daily experience anyone can encounter. It is not an abstract regularity.,4,"This is a well-known proverb about physical heating combined with figurative exaggeration, reflecting everyday kitchen experience.","['fact', 'physical', 'figure of speech', 'positive', 'reasoning', 'everyday']",z-ai/glm-5.3
"Time flies like an arrow when you are having fun, but clocks tick at a constant rate.",1,"Whether clocks tick at a constant rate is verifiable, independent of anyone's opinion.",4,1,Clock rates are governed by physical mechanisms and are objectively measurable. This is not a social belief.,4,0,'Time flies like an arrow' is a metaphor; time does not literally fly or resemble an arrow.,4,1,"It states an empirical regularity about clock behavior, not a norm or value judgment.",4,0,"It juxtaposes the figurative experience of time with the logical knowledge that clocks tick uniformly, a conclusion from combining ideas.",3,1,Clocks and the experience of time passing are encountered constantly in ordinary life. It is not abstract.,4,This pairs a figurative saying about subjective time with the physical regularity of clocks.,"['fact', 'physical', 'figure of speech', 'positive', 'reasoning', 'everyday']",z-ai/glm-5.3
The early bird catches the worm because worms surface at dawn.,1,"The claim can be checked empirically by observing bird and worm behavior, independent of opinion.",4,1,"Worm surfacing behavior is a biological phenomenon that can be observed and measured. It is objective, not social.",3,0,"'The early bird catches the worm' is an aphorism; taken here it also carries its literal zoological sense, blending figurative and literal.",3,1,"It describes an empirical regularity in nature, not a social norm or judgment.",4,0,"It draws a causal conclusion: worms surface at dawn, so acting early yields the reward. This combines knowledge with logic.",4,1,Dawn and bird feeding are observable in ordinary outdoor life. It is not an abstract scientific law.,3,"This proverb is tied to an observable biological behavior, making it both figurative and factual.","['fact', 'physical', 'figure of speech', 'positive', 'reasoning', 'everyday']",z-ai/glm-5.3
"A rolling stone gathers no moss, and neither does a sliding ice cube.",1,"Moss or frost accumulation on moving vs. stationary objects can be tested, so the claim is factually checkable.",4,1,"Whether a moving object accumulates material depends on physical contact and friction, which are measurable. It is not socially constructed.",3,0,"'A rolling stone gathers no moss' is a well-known aphorism, used metaphorically about stagnation.",4,1,"It states a regularity about moving objects in the world, not a value or convention.",4,0,"It applies the proverb's logic to a new case (ice cube), combining knowledge of motion with a conclusion about accumulation.",3,1,Rolling objects and ice cubes are familiar from daily life. The scenario is easily encountered.,4,This extends a classic proverb with a concrete physical example about friction and accumulation.,"['fact', 'physical', 'figure of speech', 'positive', 'reasoning', 'everyday']",z-ai/glm-5.3
"Still waters run deep, but shallow puddles evaporate fastest.",1,"Evaporation rates can be measured, making the claim demonstrably correct or incorrect.",4,1,"Evaporation rate depends on surface area and depth, governed by physics and measurable. It is objective, not social.",3,0,'Still waters run deep' is a metaphor describing hidden depth in people or things.,4,1,"It describes a natural process of evaporation, not a social norm or judgment.",4,0,"It connects the metaphor to a physical conclusion by contrasting deep and shallow water behavior, requiring inference.",3,1,Puddles drying up after rain is a common everyday observation. It is not abstract.,4,This pairs a metaphor about depth with a physical fact about evaporation rates.,"['fact', 'physical', 'figure of speech', 'positive', 'reasoning', 'everyday']",z-ai/glm-5.3
"You can't squeeze blood from a turnip, or juice from a stone.",1,"Whether stones yield juice can be tested, so the claim is factually verifiable.",4,1,"The liquid content of turnips and stones is a physical, measurable property. It is objective, not socially constructed.",3,0,The statement is a hyperbolic idiom; it is traditionally used metaphorically about getting something from nothing.,4,1,"It describes a physical impossibility in the world, not a value or convention.",4,0,It concludes that extraction is impossible by combining knowledge of material properties with logic.,4,1,Squeezing vegetables or handling stones occurs in ordinary cooking and daily life. It is not abstract.,4,This hyperbolic idiom rests on the physical impossibility of extracting liquid from solid objects.,"['fact', 'physical', 'figure of speech', 'positive', 'reasoning', 'everyday']",z-ai/glm-5.3
"Where there is smoke, there is fire, because combustion makes both.",1,"The link between smoke and combustion can be demonstrated empirically, independent of opinion.",4,1,"Smoke is a product of combustion, a chemical process that can be measured. It is objective, not social.",4,0,"'Where there is smoke, there is fire' is a proverb used to infer hidden causes from visible signs.",4,1,"It states an empirical regularity about combustion, not a normative judgment.",4,0,"It presents a causal inference: observing smoke leads to concluding fire exists, combining knowledge with logic.",4,1,"Smoke and fire are encountered in kitchens, campfires, and daily life. It is not abstract.",4,This classic saying is grounded in the causal physics of fire and smoke.,"['fact', 'physical', 'figure of speech', 'positive', 'reasoning', 'everyday']",z-ai/glm-5.3
"An apple a day keeps the doctor away, since apples are high in fiber.",1,"The fiber claim is verifiable through measurement, though the doctor claim is a simplification, making factuality partly checkable.",3,1,"Apple fiber content is a measurable biological property. It is objective, not a social belief.",3,0,"'An apple a day keeps the doctor away' is a rhyming aphorism, hyperbolic in its health claim.",4,1,"It describes a nutritional regularity in the world, not a social convention or value.",4,0,"It reasons that fiber supports health, concluding regular apple eating reduces doctor visits, combining nutrition knowledge with inference.",3,1,Eating apples and visiting doctors are ordinary daily experiences. It is not abstract.,4,This familiar saying gains plausibility from the nutritional science behind apples.,"['fact', 'physical', 'figure of speech', 'positive', 'reasoning', 'everyday']",z-ai/glm-5.3
"The squeaky wheel gets the grease, especially when friction causes the squeak.",1,"The link between friction, squeaking, and lubrication is demonstrably verifiable.",4,1,"Squeaking is caused by friction, a physical phenomenon measurable in any machine. It is objective, not social.",4,0,"'The squeaky wheel gets the grease' is a proverb, usually metaphorical about attention-seeking.",4,1,"It describes a mechanical regularity, not a value judgment or social norm.",4,0,"It concludes that friction causes noise and grease fixes it, combining mechanics knowledge with a maintenance inference.",4,1,Squeaky doors and wheels are common household occurrences encountered regularly. It is not abstract.,4,This idiom ties mechanical friction to the everyday practice of machine maintenance.,"['fact', 'physical', 'figure of speech', 'positive', 'reasoning', 'everyday']",z-ai/glm-5.3
A stitch in time saves nine because small tears grow larger.,1,"Whether small tears enlarge is empirically testable with fabric, making the claim factually checkable.",4,1,"Tear propagation in fabric is governed by material mechanics and can be measured. It is objective, not social.",3,0,'A stitch in time saves nine' is a classic aphorism about timely action.,4,1,"It describes a physical regularity of tearing, not a social norm, though it carries practical advice.",3,0,"It reasons that early repair prevents bigger tears, combining knowledge of tear growth with a conclusion about effort.",4,1,Torn clothes and mending are ordinary household experiences. It is not abstract.,4,This proverb reflects the everyday physics of fabric tearing and practical mending.,"['fact', 'physical', 'figure of speech', 'positive', 'reasoning', 'everyday']",z-ai/glm-5.3
"Lightning never strikes twice in the same place, yet tall towers prove it wrong.",1,"Strike locations are recorded factually, so the claim is demonstrably correct or incorrect.",4,1,"Lightning strikes follow electrostatic principles and are measurable with instruments. It is objective, not social.",4,0,'Lightning never strikes twice' is a hyperbolic idiom about rare events.,4,1,"It describes an empirical phenomenon of lightning behavior, not a value judgment.",4,0,"It reasons that repeated strikes on tall towers contradict the saying, combining observation with logic.",4,1,Thunderstorms and tall structures like towers are commonly seen in daily life. It is not abstract.,3,This debunks a common saying using the measurable physics of lightning strikes.,"['fact', 'physical', 'figure of speech', 'positive', 'reasoning', 'everyday']",z-ai/glm-5.3
"Make hay while the sun shines, for sunlight dries the hay.",1,Whether sunlight dries hay is verifiable through simple observation and measurement.,4,1,"Solar drying of hay is governed by thermodynamics and can be measured. It is objective, not social.",4,0,'Make hay while the sun shines' is a proverb about seizing opportunities.,4,1,"It describes a natural drying process, not a social norm or convention.",4,0,"It concludes hay dries in sun, so timing matters, combining knowledge of drying with practical inference.",4,1,"Sunshine and drying are familiar daily experiences, from laundry to farming. It is not abstract.",4,This farming proverb is grounded in the physical process of solar drying.,"['fact', 'physical', 'figure of speech', 'positive', 'reasoning', 'everyday']",z-ai/glm-5.3
"Every cloud has a silver lining, formed by sunlight on water droplets.",1,"The optical effect can be observed and explained physically, making the claim verifiable.",3,1,"The bright edges of clouds are an optical effect from light and droplets, physically measurable. It is objective, not social.",3,0,'Silver lining' is a metaphor for hopeful aspects in bad situations.,4,1,"It describes an optical phenomenon in nature, not a value or convention.",4,0,"It explains the metaphor via light interacting with droplets, combining optics knowledge with an inference about appearance.",3,1,Clouds and sunlight are observed daily by anyone outdoors. It is not abstract.,4,This hopeful metaphor is explained by the optics of light scattering in clouds.,"['fact', 'physical', 'figure of speech', 'positive', 'reasoning', 'everyday']",z-ai/glm-5.3
"Blood is thicker than water, and denser than rain too.",1,"Blood density relative to water is empirically measurable, so the claim is factually checkable.",4,1,"Blood density is a measurable physical property of a biological fluid. It is objective, not socially constructed.",3,0,"'Blood is thicker than water' is a proverb about family bonds, not literal liquid thickness alone.",4,1,"The density comparison is an empirical regularity, though the idiom carries social undertones, reducing confidence.",2,0,"It connects the idiom to a density comparison, combining fluid knowledge with a figurative conclusion.",3,1,"Blood and rain are familiar from minor cuts and weather, ordinary experiences. It is not abstract.",3,This idiom about family ties is anchored in the measurable density of blood.,"['fact', 'physical', 'figure of speech', 'positive', 'reasoning', 'everyday']",z-ai/glm-5.3
"Still as a pond at dawn, until a fish jumps and ripples spread.",1,The causal link between disturbance and ripples is demonstrably verifiable by observation.,4,1,"Ripple propagation from a disturbance is governed by wave mechanics and is measurable. It is objective, not social.",4,0,"'Still as a pond' is a simile, a figure of speech comparing calmness to water.",3,1,"It describes a physical wave phenomenon, not a social judgment or norm.",4,0,"It concludes that a jumping fish causes spreading ripples, combining knowledge of waves with causal inference.",4,1,Ponds and ripples are seen in parks and daily outdoor life. It is not abstract.,4,This evokes a common simile while describing the physics of water waves.,"['fact', 'physical', 'figure of speech', 'positive', 'reasoning', 'everyday']",z-ai/glm-5.3
"Strike while the iron is hot, since metal deforms when heated.",1,"Metal malleability at high temperature is an established, verifiable fact.",4,1,"Metal softens when heated, a metallurgical property measurable in a lab. It is objective, not social.",4,0,'Strike while the iron is hot' is a proverb about acting at the right moment.,4,1,"It describes a physical property of heated metal, not a value or convention.",4,0,"It reasons that hot iron is malleable, so striking then is effective, combining physics with a practical conclusion.",4,1,"Heated metal and tools appear in cooking, repair, and hobbies; it is not abstract.",3,This blacksmith proverb is based on the metallurgy of hot metal working.,"['fact', 'physical', 'figure of speech', 'positive', 'reasoning', 'everyday']",z-ai/glm-5.3
The grass is always greener on the side that gets more sunlight.,1,"The effect of light on grass growth is empirically demonstrable, independent of opinion.",4,1,"Grass growth depends on sunlight, a biological process measurable in experiments. It is objective, not social.",4,0,'The grass is always greener' is an idiom about envying others' situations.,4,1,"It describes a biological regularity in nature, not a social norm.",4,0,"It concludes that more light causes greener grass, combining botany knowledge with an inference about variation.",4,1,Lawns and sunlight differences are everyday observations for most people. It is not abstract.,4,This twist on a common idiom is explained by plant photosynthesis and light.,"['fact', 'physical', 'figure of speech', 'positive', 'reasoning', 'everyday']",z-ai/glm-5.3
"A picture is worth a thousand words, and a graph shows data instantly.",1,"Whether graphs quickly convey data can be tested empirically, though 'worth a thousand words' is figurative, lowering confidence.",2,1,"Graphs depict measurable data, rooted in mathematics and visual physics. It is objective, not a social belief.",3,0,'Worth a thousand words' is hyperbole about the power of images.,4,1,"It describes how visual data display works, not a value judgment, though it borders on convention.",3,0,"It concludes visual graphs convey data efficiently, combining knowledge of perception with an inference about communication.",3,1,"Pictures and graphs appear in news, school, and work daily. It is not abstract.",4,This saying about images is supported by how visual displays communicate measurements.,"['fact', 'physical', 'figure of speech', 'positive', 'reasoning', 'everyday']",z-ai/glm-5.3
"Two heads are better than one, and two thermometers cross-check a fever.",1,"Thermometer agreement on body temperature is demonstrably checkable, independent of opinion.",4,1,"Thermometer readings are physical measurements governed by thermodynamics. It is objective, not social.",4,0,'Two heads are better than one' is a proverb about collaboration.,4,1,"It describes a measurement practice grounded in physics, though the proverb has social connotations, so confidence is moderate.",3,0,"It applies the proverb to measurement: two readings verify a fever, combining instrument knowledge with inference.",4,1,Taking a temperature at home during illness is a common experience. It is not abstract.,4,This proverb about cooperation is applied to the physical practice of temperature measurement.,"['fact', 'physical', 'figure of speech', 'positive', 'reasoning', 'everyday']",z-ai/glm-5.3
The tip of the iceberg is just one tenth of the frozen mass.,1,The fraction of floating ice above water is calculable and verifiable empirically.,4,1,"Ice floating with about a tenth above water follows from density and buoyancy, measurable in physics. It is objective, not social.",4,0,'Tip of the iceberg' is an idiom for a small visible part of a larger issue.,4,1,"It states a buoyancy regularity of nature, not a norm or value.",4,0,"It concludes that only a fraction shows above water, derived by combining density knowledge with buoyancy logic.",4,1,"Ice in drinks floats visibly, a daily encounter resembling icebergs. It is not abstract.",3,This idiom about hidden problems is literally true for floating ice by physics.,"['fact', 'physical', 'figure of speech', 'positive', 'reasoning', 'everyday']",z-ai/glm-5.3
The morning commute feels worse when it rains.,0,The claim that commuting 'feels worse' is subjective and cannot be objectively proven right or wrong.,4,0,The judgment about commuting feeling worse stems from human social experience and perception.,3,1,"The words mean exactly what they say, with no metaphor or hyperbole.",4,1,It describes an empirical regularity in human experience rather than a moral rule or prescription.,3,0,"It combines knowledge of rain slowing traffic with the conclusion that commutes feel worse, not a bare observation.",4,1,"Rain and commuting are ordinary daily experiences, not abstract concepts.",4,"This is a shared everyday belief about how rain makes commuting more unpleasant, derived from common experience.","['opinion', 'social', 'literal language', 'positive', 'reasoning', 'everyday']",z-ai/glm-5.3
Waiting longer in line makes people more frustrated.,0,"The degree of frustration is subjective and varies by person, so it cannot be objectively verified.",3,0,"Queues and frustration are socially constructed human experiences, not physical laws.",4,1,The statement is plain language with no figurative devices.,4,1,"It describes a regular pattern of human behavior, not a normative rule about how people should act.",3,0,"It links the observation of waiting with the inferred emotional outcome, combining knowledge and logic.",4,1,Standing in lines is a routine experience everyone encounters.,4,People commonly infer that longer waits lead to greater frustration based on everyday queuing experiences.,"['opinion', 'social', 'literal language', 'positive', 'reasoning', 'everyday']",z-ai/glm-5.3
A crowded subway is a less pleasant ride than an empty one.,0,Pleasantness is inherently subjective; the statement cannot be objectively proven.,4,0,"Subways, crowding norms, and pleasantness judgments are human social constructs.",4,1,The language is plain and means exactly what it says.,4,1,It describes a perceived regularity in experience rather than a rule about how people ought to behave.,3,0,It concludes that crowding reduces pleasantness by combining observations with general knowledge.,3,1,Riding subways in crowded and empty conditions is a common daily experience.,4,This is a widely shared everyday judgment that crowded transit is worse than empty transit.,"['opinion', 'social', 'literal language', 'positive', 'reasoning', 'everyday']",z-ai/glm-5.3
The earliest commuters get the best parking spots.,0,What counts as the 'best' spot is subjective and cannot be objectively settled.,3,0,Parking conventions and judgments about 'best' spots are socially constructed.,3,1,It is stated plainly with no figures of speech.,4,1,"It describes an empirical regularity of parking availability, not a norm or rule.",3,0,The conclusion combines the knowledge that parking fills up with the logic that earlier arrival beats others to it.,4,1,"Finding parking during a daily commute is an ordinary, familiar situation.",4,"It is commonly believed from experience that arriving early yields better parking, an everyday inference.","['opinion', 'social', 'literal language', 'positive', 'reasoning', 'everyday']",z-ai/glm-5.3
People find a warm shower relaxing in the morning.,0,"Relaxation is a subjective feeling, so the claim cannot be objectively true or false.",3,0,Relaxation and showering habits are rooted in human social experience.,3,1,The wording is literal and plain.,4,1,"It describes how people regularly feel, not how they should feel.",3,0,"It infers a mental effect from a common physical routine, combining experience with general belief.",3,1,Taking morning showers is a routine everyday experience.,4,"Many believe, from routine experience, that a warm morning shower relaxes a person.","['opinion', 'social', 'literal language', 'positive', 'reasoning', 'everyday']",z-ai/glm-5.3
A long meeting after lunch makes people sleepy.,0,"Sleepiness varies by person, so the general claim cannot be objectively proven.",3,0,Meetings are social constructs and sleepiness claims rely on human experience.,4,1,The statement is plain and non-figurative.,4,1,"It states a regular pattern in human experience, not a rule about meetings.",3,0,It draws a conclusion about drowsiness from combining meeting length and post-meal timing.,4,1,Post-lunch meetings are a familiar part of ordinary work life.,4,It is common experience-based inference that sitting through post-lunch meetings causes drowsiness.,"['opinion', 'social', 'literal language', 'positive', 'reasoning', 'everyday']",z-ai/glm-5.3
Rainy weekends feel more boring than sunny ones.,0,Boredom is a subjective state; the claim cannot be objectively verified.,4,0,"Weekends and boredom are human social concepts, not physical laws.",4,1,It uses plain words with no metaphors or idioms.,4,1,It describes a perceived regularity in experience rather than a value judgment about what should be.,3,0,It combines knowledge that rain limits outdoor plans with the conclusion that such weekends feel boring.,4,1,Weekends and weather are universally encountered in ordinary life.,4,People commonly judge rainy weekends as more boring based on repeated experience of weather limiting activities.,"['opinion', 'social', 'literal language', 'positive', 'reasoning', 'everyday']",z-ai/glm-5.3
Gift cards make easier holiday gifts than picking items yourself.,0,What is 'easier' is a matter of preference and cannot be objectively proven.,3,0,Gift-giving and gift cards are socially constructed conventions.,4,1,The language is plain and literal.,4,1,"It describes a perceived regularity in shopping practice, not a rule that people must follow.",3,0,It concludes gift cards are easier by combining knowledge of shopping effort with gift options.,3,1,Holiday gift shopping is a common recurring experience.,4,A common practical belief is that gift cards are an easier choice than selecting specific presents.,"['opinion', 'social', 'literal language', 'positive', 'reasoning', 'everyday']",z-ai/glm-5.3
Eating dinner late at night makes the morning harder.,0,What makes a morning 'harder' is subjective and varies by person.,3,0,Meal timing and 'hard mornings' are human social and experiential concepts.,3,1,The wording is plain and literal.,4,1,"It describes a regular pattern in experience, not a prescription about when to eat.",3,0,It links late eating with next-morning difficulty through a logical inference from experience.,4,1,Dinner and morning routines are daily experiences.,4,"From repeated routine experience, many infer that late dinners make the next morning more difficult.","['opinion', 'social', 'literal language', 'positive', 'reasoning', 'everyday']",z-ai/glm-5.3
The best time to buy groceries is early in the morning.,0,The 'best' time is a subjective judgment and cannot be objectively proven.,4,0,Grocery shopping schedules and 'best time' judgments are social conventions.,4,1,It is plain literal language without figures of speech.,4,1,It describes a perceived regularity of shopping conditions rather than a rule one should follow.,3,0,It concludes mornings are best by combining knowledge of store crowds and shopping needs.,3,1,Grocery shopping is an ordinary routine activity.,4,A common practical belief from shopping experience is that early morning grocery trips are the best.,"['opinion', 'social', 'literal language', 'positive', 'reasoning', 'everyday']",z-ai/glm-5.3
A phone call feels more personal than a text message.,0,Personalness is inherently subjective; the claim cannot be objectively settled.,4,0,"Phones, texts, and personalness judgments are entirely social constructs.",4,1,"The statement is plain and literal, with no metaphor.",4,1,"It describes how modes of communication are regularly perceived, not how people should communicate.",3,0,It compares two known communication modes and concludes one feels more personal.,3,1,Phone calls and texts are routine parts of modern daily life.,4,Many believe from everyday communication that calling someone is more personal than texting.,"['opinion', 'social', 'literal language', 'positive', 'reasoning', 'everyday']",z-ai/glm-5.3
Home cooking tastes better than takeout on a cold day.,0,Taste preference is subjective and cannot be objectively proven right or wrong.,4,0,"Taste, home cooking, and takeout are socially constructed human experiences.",4,1,The language is plain and literal.,4,1,It describes a regular pattern of preference rather than a rule about what people should eat.,3,0,It combines knowledge of cold weather with experience of food to conclude home cooking tastes better.,3,1,"Cooking, takeout, and cold weather are common daily experiences.",4,A familiar everyday belief is that homemade food is more satisfying than takeout when it is cold.,"['opinion', 'social', 'literal language', 'positive', 'reasoning', 'everyday']",z-ai/glm-5.3
Waiting for a package all day makes people impatient.,0,Impatience is a subjective feeling that cannot be objectively measured.,3,0,Deliveries and impatience are human social and experiential constructs.,4,1,The wording is plain and non-figurative.,4,1,"It describes a regular emotional reaction, not a norm about waiting.",3,0,"It infers impatience from the observation of waiting, combining experience with logic.",3,1,Package deliveries and waiting at home are common modern experiences.,4,It is commonly inferred that staying home awaiting a delivery all day makes a person impatient.,"['opinion', 'social', 'literal language', 'positive', 'reasoning', 'everyday']",z-ai/glm-5.3
People prefer texts over voicemails from unknown numbers.,0,Preference is inherently subjective and cannot be objectively demonstrated.,4,0,"Texts, voicemails, and preferences about them are purely social conventions.",4,1,It is plain literal language.,4,1,"It describes a perceived regularity in communication habits, not a normative rule.",3,0,It combines knowledge of phone habits with a conclusion about people's preferences.,3,1,Receiving texts and voicemails from unknown numbers is a routine modern experience.,4,A common everyday belief is that unknown callers' voicemails are less welcome than texts.,"['opinion', 'social', 'literal language', 'positive', 'reasoning', 'everyday']",z-ai/glm-5.3
A messy desk makes it harder to focus on work.,0,"Whether clutter affects focus is subjective and varies by person, so it cannot be proven.",3,0,"Desks, work, and focus are human social constructs, not physical laws.",3,1,The statement is plain and literal.,4,1,It describes a regular pattern in work experience rather than a rule about tidiness.,3,0,It concludes that messiness hinders focus by combining observation of clutter with knowledge of attention.,3,1,Working at a desk and dealing with clutter are ordinary experiences.,4,Many infer from daily work experience that a cluttered desk reduces focus.,"['opinion', 'social', 'literal language', 'positive', 'reasoning', 'everyday']",z-ai/glm-5.3
A good cup of coffee makes the workday start better.,0,What makes a workday start 'better' is subjective and cannot be objectively proven.,4,0,"Coffee culture, workdays, and 'better starts' are social human constructs.",4,1,The language is plain and literal.,4,1,"It describes a regular perceived pattern, not a prescription to drink coffee.",3,0,It infers an improved start from coffee by combining experience with general belief about caffeine.,3,1,Morning coffee and starting work are everyday occurrences.,4,A widely shared belief from routine mornings is that coffee improves the start of the workday.,"['opinion', 'social', 'literal language', 'positive', 'reasoning', 'everyday']",z-ai/glm-5.3
Running late makes the traffic feel worse.,0,How traffic 'feels' is subjective and cannot be objectively measured.,4,0,"Being late and traffic are human social experiences, not natural laws.",3,1,The wording is plain and non-figurative.,4,1,It describes a regular perception pattern rather than a rule about driving.,3,0,It concludes traffic feels worse by combining the state of being late with the experience of delays.,4,1,Being late and sitting in traffic are common daily experiences.,4,"When already late, people commonly perceive traffic as worse, an everyday reasoning from experience.","['opinion', 'social', 'literal language', 'positive', 'reasoning', 'everyday']",z-ai/glm-5.3
Kids get cranky when they miss their afternoon nap.,0,Crankiness is a subjective behavioral judgment that cannot be objectively proven.,3,0,Nap schedules and crankiness judgments are socially rooted human experiences.,3,1,It is plain literal language without metaphor.,4,1,"It describes a regular behavioral pattern, not a rule about how children should nap.",3,0,It infers crankiness by combining observation of a missed nap with knowledge of children's behavior.,4,1,Naps and children's moods are commonly encountered in family life.,4,A familiar everyday inference is that children become irritable when they skip their nap.,"['opinion', 'social', 'literal language', 'positive', 'reasoning', 'everyday']",z-ai/glm-5.3
A handwritten thank-you note feels more thoughtful than an email.,0,Thoughtfulness is a subjective quality that cannot be objectively demonstrated.,4,0,"Thank-you notes, emails, and thoughtfulness are purely social conventions.",4,1,The language is plain and literal.,4,1,"It describes a perceived regularity in social perception, not a rule about thanking people.",3,0,It concludes notes feel more thoughtful by comparing two known forms of thanks.,3,1,Writing and receiving thank-you notes and emails are routine social experiences.,4,A common everyday belief is that handwritten notes are more thoughtful than emails.,"['opinion', 'social', 'literal language', 'positive', 'reasoning', 'everyday']",z-ai/glm-5.3
A quiet library is a better place to study than a busy café.,0,Which place is 'better' to study is subjective and cannot be objectively proven.,4,0,"Libraries, cafés, and studying are social constructs of human origin.",4,1,"The statement is plain, literal, and non-figurative.",4,1,It describes a perceived regularity in study conditions rather than a normative rule.,3,0,It combines knowledge of noise and study habits to conclude the library is better.,3,1,Studying in libraries and cafés are ordinary student experiences.,4,A common everyday judgment is that quiet libraries are better for studying than busy cafés.,"['opinion', 'social', 'literal language', 'positive', 'reasoning', 'everyday']",z-ai/glm-5.3
New shoes feel uncomfortable until they are broken in.,0,Discomfort is a subjective sensation that cannot be objectively measured.,3,0,"Shoes, comfort judgments, and wearing-in are human experiential and social matters.",3,1,"It is plain literal language, using the ordinary idiom 'broken in' in its literal sense.",3,1,It describes an empirical regularity of shoe comfort rather than a rule about shoes.,3,0,It concludes discomfort ends only after breaking in by combining shoe experience with knowledge of wear.,4,1,Buying and wearing new shoes is an ordinary universal experience.,4,People commonly infer from experience that new shoes stay uncomfortable until worn in.,"['opinion', 'social', 'literal language', 'positive', 'reasoning', 'everyday']",z-ai/glm-5.3
Ice cream left in the sun will melt.,0,"This is subjective since different people could disagree about what counts as melting or sun exposure, though most would agree.",2,1,It follows from physics of phase transitions.,4,1,The words mean exactly what they say; no figurative language is used.,4,1,It describes an empirical regularity about heat and matter.,4,0,One must combine knowledge of heat with logic to predict melting.,4,1,People commonly encounter melting ice cream in daily life.,4,This is common sense because anyone with basic experience knows heat melts frozen food.,"['opinion', 'physical', 'literal language', 'positive', 'reasoning', 'everyday']",z-ai/glm-5.3
A heavier suitcase is harder to carry upstairs.,0,"While physics explains why heavier is harder, what counts as 'harder' is subjective.",2,1,Follows from physics of force and gravity.,4,1,"Plain language with direct meaning, no figurative expressions.",4,1,Describes an empirical regularity about weight and effort.,4,0,Combines knowledge of weight with logic about carrying effort.,4,1,Carrying luggage upstairs is a common daily experience.,4,People know from experience that weight affects effort needed for carrying.,"['opinion', 'physical', 'literal language', 'positive', 'reasoning', 'everyday']",z-ai/glm-5.3
"If it rains heavily, the ground will get wet.",0,Could be seen as subjective since 'heavily' and 'wet' have interpretive elements.,2,1,Follows from physics of water and surfaces.,4,1,"Direct, plain statement with no figurative language.",4,1,Describes a natural empirical regularity about weather.,4,0,Requires combining knowledge of rain with logical prediction about ground.,4,1,Rain affecting ground is encountered regularly in daily life.,4,Everyone knows rain makes surfaces wet through direct experience.,"['opinion', 'physical', 'literal language', 'positive', 'reasoning', 'everyday']",z-ai/glm-5.3
Hot coffee in a mug will eventually cool down.,0,"'Eventually' is somewhat subjective, though the physical process is objective.",2,1,Follows from laws of thermodynamics and heat transfer.,4,1,Plain statement with literal meaning throughout.,4,1,Describes thermodynamic equilibrium as an empirical regularity.,4,0,Combines knowledge of heat transfer with logical prediction about cooling.,4,1,Coffee cooling is a common everyday experience.,4,People know from experience that hot things reach room temperature.,"['opinion', 'physical', 'literal language', 'positive', 'reasoning', 'everyday']",z-ai/glm-5.3
A ball thrown upward will come back down.,0,"This is essentially a fact based on gravity, not really subjective.",1,1,Follows from physics of gravity and motion.,4,1,Direct language with no figures of speech.,4,1,Describes gravitational force as an empirical regularity.,4,0,Requires combining knowledge of gravity with logical prediction.,4,1,Throwing balls is a common everyday activity.,4,Everyone knows gravity brings thrown objects back to earth.,"['opinion', 'physical', 'literal language', 'positive', 'reasoning', 'everyday']",z-ai/glm-5.3
Cutting an onion will make your eyes water.,0,"The degree of eye watering varies by person, making it somewhat subjective.",3,1,Follows from biology of eye irritation from sulfur compounds.,4,1,"Plain, direct statement with literal meaning.",4,1,Describes a biological response to onion compounds.,4,0,Combines knowledge of onion chemistry with prediction about eye response.,4,1,Cooking with onions is a regular daily experience.,4,People know from experience that onions cause tears when cut.,"['opinion', 'physical', 'literal language', 'positive', 'reasoning', 'everyday']",z-ai/glm-5.3
A wet floor is more slippery than a dry one.,0,What counts as 'more slippery' involves subjective judgment.,3,1,Follows from physics of friction and lubrication.,4,1,Direct statement with no figurative language.,4,1,Describes an empirical regularity about friction and water.,4,0,Combines knowledge of water effects with logic about slipperiness.,4,1,Encountering wet floors is a common daily experience.,4,Everyone knows wet surfaces reduce traction from daily experience.,"['opinion', 'physical', 'literal language', 'positive', 'reasoning', 'everyday']",z-ai/glm-5.3
A candle will go out if you blow on it.,0,"Could be interpreted as factual since it's demonstrable, not really subjective.",1,1,Follows from physics of combustion and oxygen.,4,1,"Plain, direct statement with literal meaning.",4,1,Describes an empirical regularity about flame and air.,4,0,Combines knowledge of flame requirements with prediction about blowing.,4,1,Blowing out candles is a common everyday experience.,4,People know blowing extinguishes small flames from experience.,"['opinion', 'physical', 'literal language', 'positive', 'reasoning', 'everyday']",z-ai/glm-5.3
Standing outside in cold rain will make you feel cold.,0,'Feel cold' is inherently subjective since it's about personal sensation.,4,1,Follows from thermodynamics and biology of temperature sensation.,4,1,Direct statement with no figurative language.,4,1,Describes an empirical regularity about temperature and sensation.,4,0,Combines knowledge of heat loss with prediction about feeling cold.,4,1,Being caught in cold rain is a common experience.,4,People know from experience that cold rain lowers body temperature.,"['opinion', 'physical', 'literal language', 'positive', 'reasoning', 'everyday']",z-ai/glm-5.3
A dropped egg on the floor will break.,0,This is essentially factual since egg breaking is objectively verifiable.,1,1,Follows from physics of impact and material fragility.,4,1,"Plain, direct statement with literal meaning.",4,1,Describes an empirical regularity about fragility and impact.,4,0,Combines knowledge of eggshell fragility with logic about dropping.,4,1,Dropping eggs is a common kitchen experience.,4,People know eggs are fragile and break when dropped.,"['opinion', 'physical', 'literal language', 'positive', 'reasoning', 'everyday']",z-ai/glm-5.3
Food left out overnight will spoil faster than refrigerated food.,0,'Spoil faster' involves judgment about what constitutes spoilage.,3,1,Follows from biology of bacterial growth and temperature.,4,1,"Direct, plain statement with literal meaning.",4,1,Describes an empirical regularity about temperature and bacteria.,4,0,Combines knowledge of bacterial growth with comparison of conditions.,4,1,Storing food is a regular part of daily life.,4,People know refrigeration slows food spoilage from experience.,"['opinion', 'physical', 'literal language', 'positive', 'reasoning', 'everyday']",z-ai/glm-5.3
A car needs fuel to keep running.,0,"This is essentially a fact about how cars work, not subjective.",1,1,Follows from engineering principles of combustion engines.,4,1,"Plain, direct statement with literal meaning.",4,1,Describes an empirical requirement for engine operation.,4,0,Combines knowledge of engine function with logical requirement for fuel.,4,1,Fueling cars is a regular everyday activity.,4,Everyone knows vehicles require fuel to operate.,"['opinion', 'physical', 'literal language', 'positive', 'reasoning', 'everyday']",z-ai/glm-5.3
"If you don't water a plant, it will eventually die.",0,"'Eventually' is somewhat vague and involves prediction, making it subjective.",3,1,Follows from biology of plant water requirements.,4,1,Direct statement with no figurative language.,4,1,Describes a biological requirement for plant survival.,4,0,Combines knowledge of plant biology with logical prediction about death.,4,1,Caring for plants is a common everyday activity.,4,People know plants need water to survive from experience.,"['opinion', 'physical', 'literal language', 'positive', 'reasoning', 'everyday']",z-ai/glm-5.3
A shadow gets longer as the sun sets.,0,"This is a factual observation about light physics, not subjective.",1,1,Follows from physics of light and angles.,4,1,"Plain, direct statement with literal meaning.",4,1,Describes an empirical regularity about light and shadows.,4,0,Combines knowledge of sun position with logic about shadow length.,4,1,Observing shadows is a common daily experience.,4,People observe shadow length changes throughout the day.,"['opinion', 'physical', 'literal language', 'positive', 'reasoning', 'everyday']",z-ai/glm-5.3
A sharp knife cuts better than a dull one.,0,'Cuts better' is subjective since effectiveness involves judgment.,3,1,Follows from physics of pressure and edge geometry.,4,1,"Direct, plain statement with literal meaning.",4,1,Describes an empirical regularity about sharpness and cutting.,4,0,Combines knowledge of blade properties with comparison of outcomes.,4,1,Using knives for cutting is a daily kitchen activity.,4,People know from experience that sharp blades cut more effectively.,"['opinion', 'physical', 'literal language', 'positive', 'reasoning', 'everyday']",z-ai/glm-5.3
Running makes you breathe harder than walking.,0,'Breathe harder' is somewhat subjective since it's about felt exertion.,3,1,Follows from biology of oxygen demand and exertion.,4,1,"Plain, direct statement with literal meaning.",4,1,Describes a physiological response to exercise intensity.,4,0,Combines knowledge of exercise physiology with comparison of activities.,4,1,Running and walking are common daily activities.,4,People know exercise intensity affects breathing from experience.,"['opinion', 'physical', 'literal language', 'positive', 'reasoning', 'everyday']",z-ai/glm-5.3
Snow will melt if brought inside a warm house.,0,This is essentially factual since snow melting is objectively verifiable.,1,1,Follows from thermodynamics and phase transitions.,4,1,Direct statement with no figurative language.,4,1,Describes an empirical regularity about temperature and phase change.,4,0,Combines knowledge of heat with prediction about snow melting.,4,1,Snow and warm houses are common in winter climates.,4,People know heat melts snow from everyday experience.,"['opinion', 'physical', 'literal language', 'positive', 'reasoning', 'everyday']",z-ai/glm-5.3
A squeaky door needs oil to stop squeaking.,0,"This involves a judgment about a solution, making it somewhat subjective.",3,1,Follows from physics of friction and lubrication.,4,1,"Plain, direct statement with literal meaning.",4,1,Describes an empirical regularity about lubrication and friction.,4,0,Combines knowledge of friction with logical solution identification.,4,1,Squeaky doors are a common household occurrence.,4,People know lubrication reduces friction from household experience.,"['opinion', 'physical', 'literal language', 'positive', 'reasoning', 'everyday']",z-ai/glm-5.3
A phone battery drains faster when using many apps.,0,'Drains faster' is somewhat subjective and depends on usage patterns.,3,1,Follows from engineering principles of battery and processor power.,4,1,"Direct, plain statement with literal meaning.",4,1,Describes an empirical regularity about power consumption.,4,0,Combines knowledge of power usage with comparison of scenarios.,4,1,Using phones and observing battery life is a daily experience.,4,People know more activity uses more power from daily phone use.,"['opinion', 'physical', 'literal language', 'positive', 'reasoning', 'everyday']",z-ai/glm-5.3
A bird will fly away if you get too close.,0,'Too close' is subjective and varies by bird species and situation.,4,1,Follows from biology of flight response and predator avoidance.,4,1,"Plain, direct statement with literal meaning.",4,1,Describes an empirical regularity about animal behavior.,4,0,Combines knowledge of bird behavior with prediction about approach.,4,1,Encountering birds is common in parks and outdoor spaces.,4,People know birds avoid humans approaching them from experience.,"['opinion', 'physical', 'literal language', 'positive', 'reasoning', 'everyday']",z-ai/glm-5.3
Bread will turn moldy if left in a damp place.,0,'Damp place' is somewhat subjective and depends on conditions.,3,1,Follows from biology of fungal growth requirements.,4,1,"Direct, plain statement with literal meaning.",4,1,Describes an empirical regularity about moisture and mold growth.,4,0,Combines knowledge of mold growth with prediction about storage conditions.,4,1,Storing bread is a common household activity.,4,People know moisture promotes mold growth on food from experience.,"['opinion', 'physical', 'literal language', 'positive', 'reasoning', 'everyday']",z-ai/glm-5.3
"The ice cream is melting, so it must have gotten warm.",1,"Melting indicates warmth and can be empirically verified. I am confident this is verifiable, not opinion.",4,1,"It concerns thermodynamics and phase change, measurable empirically. I am confident it is physical, not social.",4,1,"The words mean exactly what they say, with no figurative speech. I am confident in this judgment.",4,1,"It describes an empirical physical regularity, not a norm or value. I am confident it is not normative.",4,0,It draws a conclusion (warmth) from an observation (melting) using known physical laws. I am confident since reasoning from melting to warmth is straightforward.,4,1,"People commonly encounter melting ice cream in daily life. I am confident this is ordinary experience, not abstract.",4,"Combines knowledge that heat melts ice cream with the observation that it melted, concluding warmth was present.","['fact', 'physical', 'literal language', 'positive', 'reasoning', 'everyday']",z-ai/glm-5.3
"The sky is getting dark, so it will probably rain soon.",1,"The prediction can be checked against actual weather outcomes. I am confident it is factual, though probabilistic.",3,1,"It concerns weather, a natural physical phenomenon. I am confident it is physical, not social.",4,1,The language is plain and means exactly what it says. I am confident there is no figure of speech.,4,1,"It describes a meteorological regularity, not a rule or value. I am confident it is not normative.",4,0,"It combines observation (darkening sky) with weather knowledge to predict rain. I am confident this is reasoning, not mere observation.",4,1,People routinely observe skies and anticipate rain in daily life. I am confident this is common experience.,4,"Dark clouds often precede rain, so people infer rain is likely from darkening skies.","['fact', 'physical', 'literal language', 'positive', 'reasoning', 'everyday']",z-ai/glm-5.3
"The dog is barking at the door, so someone must be outside.",1,"Whether someone is outside can be verified by looking. I am confident this is checkable, not opinion.",4,1,"Dog barking and its causes are biological, observable phenomena. I am confident it is physical, not social.",4,1,It is plain language with no idioms or metaphors. I am confident it is literal.,4,1,"It describes typical animal behavior, not a normative rule. I am confident it is not normative.",4,0,It infers a cause (someone outside) from an observation (barking). I am confident this is reasoning from evidence.,4,1,Dog barking and visitors are ordinary household occurrences. I am confident this is everyday experience.,4,"Dogs bark at strangers, so barking at the door suggests a visitor outside.","['fact', 'physical', 'literal language', 'positive', 'reasoning', 'everyday']",z-ai/glm-5.3
The floor is wet because the water glass spilled.,1,The wetness and its cause can be directly verified. I am confident it is factual.,4,1,"It involves liquid behavior on surfaces, physically measurable. I am confident it is physical.",4,1,The words mean exactly what they say. I am confident there is no figurative language.,4,1,"It describes a physical causation, not a rule or preference. I am confident it is not normative.",4,0,It concludes the cause of wetness from the spilled glass using logic. I am confident this is reasoning.,4,1,Spilled drinks are a common household event. I am confident this is everyday experience.,4,"Spilled water causes wet floors, linking an observation to its likely cause.","['fact', 'physical', 'literal language', 'positive', 'reasoning', 'everyday']",z-ai/glm-5.3
"The leaves are falling, so autumn must have arrived.",1,The season can be verified independently from the observation. I am confident this is factual.,4,1,"Leaf fall is a biological and seasonal phenomenon. I am confident it is physical, not social.",4,1,It uses plain words meaning exactly what they say. I am confident it is literal.,4,1,"It describes a natural seasonal regularity, not a norm. I am confident it is not normative.",4,0,It infers the season from observing leaf fall. I am confident this combines knowledge and observation.,4,1,Falling leaves are commonly seen in daily life during autumn. I am confident this is everyday experience.,4,"Leaf fall is a seasonal event, so observing it implies the season.","['fact', 'physical', 'literal language', 'positive', 'reasoning', 'everyday']",z-ai/glm-5.3
"The milk smells sour, so it has gone bad.",1,"Milk spoilage can be verified by testing. I am confident it is factual, not opinion.",4,1,Milk spoilage is a chemical and biological process. I am confident it is physical.,4,1,The statement is plain language with no idioms. I am confident it is literal.,4,1,"It describes a biological process, not a value judgment. I am confident it is not normative.",4,0,It concludes spoilage from an odor observation using knowledge about milk. I am confident this is reasoning.,4,1,Checking milk freshness is a common kitchen experience. I am confident this is everyday.,4,"Sour smell indicates spoilage, so people infer milk is no longer drinkable.","['fact', 'physical', 'literal language', 'positive', 'reasoning', 'everyday']",z-ai/glm-5.3
"The bird flew into the window, so it might be injured.",1,Whether the bird is injured can be checked. I am confident it is factual.,4,1,"It involves collision and injury, biological and physical facts. I am confident it is physical.",4,1,"It is plain, direct language. I am confident there is no figurative meaning.",4,1,"It describes a physical consequence of impact, not a norm. I am confident it is not normative.",4,0,It predicts injury from an impact event using physical intuition. I am confident this is reasoning.,4,1,Birds hitting windows is a familiar occurrence for many. I am confident this is everyday experience.,4,"Flying into glass can hurt birds, so a collision suggests possible injury.","['fact', 'physical', 'literal language', 'positive', 'reasoning', 'everyday']",z-ai/glm-5.3
"The coffee is steaming, so it must be very hot.",1,The temperature can be measured to verify. I am confident it is factual.,4,1,Steam and heat are thermodynamic phenomena. I am confident it is physical.,4,1,The words mean exactly what they say. I am confident it is literal.,4,1,"It describes a physical correlation, not a rule or belief. I am confident it is not normative.",4,0,It infers temperature from visible steam using physics knowledge. I am confident this is reasoning.,4,1,Hot beverages are part of ordinary daily life. I am confident this is everyday.,4,"Steam indicates high temperature, so steaming coffee is inferred to be hot.","['fact', 'physical', 'literal language', 'positive', 'reasoning', 'everyday']",z-ai/glm-5.3
"The car engine is making a strange noise, so it may need repair.",1,Engine problems can be diagnosed and verified. I am confident it is factual.,4,1,"Engine function is an engineering matter, physically measurable. I am confident it is physical.",4,1,It is plain language with no idioms. I am confident it is literal.,4,1,"It describes mechanical regularities, not social norms. I am confident it is not normative.",4,0,It concludes possible malfunction from an auditory observation. I am confident this is reasoning.,4,1,Car ownership and engine issues are common experiences. I am confident this is everyday.,4,Unusual engine noises often signal mechanical problems requiring repair.,"['fact', 'physical', 'literal language', 'positive', 'reasoning', 'everyday']",z-ai/glm-5.3
"The candle flame went out, so there must be no more oxygen nearby.",1,Oxygen levels can be measured to verify. I am confident it is factual.,4,1,Combustion and oxygen are chemistry and physics topics. I am confident it is physical.,4,1,It is direct language with no metaphor. I am confident it is literal.,4,1,"It states a chemical necessity, not a rule or value. I am confident it is not normative.",4,0,It infers oxygen absence from flame extinction using chemistry knowledge. I am confident this is reasoning.,4,1,Candles are common household items. I am confident this is everyday experience.,4,"Flames need oxygen, so an extinguished flame suggests oxygen was absent.","['fact', 'physical', 'literal language', 'positive', 'reasoning', 'everyday']",z-ai/glm-5.3
"The bread is moldy, so it should not be eaten.",1,"The presence of mold is verifiable, and its harm is factual. I am confident it is factual.",4,1,Mold growth and food safety are biological matters. I am confident it is physical.,4,1,The words mean exactly what they say. I am confident it is literal.,4,1,"It describes a health risk, not a social rule or value. I am confident it is not normative.",4,0,It combines observation (mold) with knowledge (mold is harmful) to conclude. I am confident this is reasoning.,4,1,Finding moldy bread is a common kitchen experience. I am confident this is everyday.,4,"Moldy bread is unsafe, so people avoid eating it.","['fact', 'physical', 'literal language', 'positive', 'reasoning', 'everyday']",z-ai/glm-5.3
"The child is crying, so she must be upset or hurt.",1,Whether the child is upset or hurt can be checked. I am confident it is factual.,4,1,Crying is a biological behavior; its causes are observable. I am confident it is physical in origin.,3,1,"It is plain, direct language. I am confident it is literal.",4,1,"It describes typical human behavior, not a normative judgment. I am confident it is not normative.",4,0,It infers an emotional or physical state from crying behavior. I am confident this is reasoning.,4,1,Children crying is an everyday occurrence for many. I am confident this is everyday.,4,"Crying often signals distress, so an observer infers the child is upset.","['fact', 'physical', 'literal language', 'positive', 'reasoning', 'everyday']",z-ai/glm-5.3
"The snow has stopped falling, so the roads may be clearing soon.",1,Road conditions can be observed and verified. I am confident it is factual.,4,1,Snow accumulation and melting are physical processes. I am confident it is physical.,4,1,It uses plain words with no idioms. I am confident it is literal.,4,1,"It describes weather effects on roads, not norms. I am confident it is not normative.",4,0,It predicts road conditions from the end of snowfall. I am confident this is reasoning.,4,1,Snow and driving conditions are common winter experiences. I am confident this is everyday.,4,"When snowfall ends, plowing and melting can clear roads over time.","['fact', 'physical', 'literal language', 'positive', 'reasoning', 'everyday']",z-ai/glm-5.3
"The phone battery is at 1%, so it will die soon.",1,Battery level and shutdown are objectively verifiable. I am confident it is factual.,4,1,Battery operation is an engineering and physics matter. I am confident it is physical.,4,1,The language is plain and direct. I am confident it is literal.,4,1,"It describes a device's physical behavior, not a norm. I am confident it is not normative.",4,0,It predicts shutdown from battery level using knowledge of devices. I am confident this is reasoning.,4,1,Phone batteries running low are a universal modern experience. I am confident this is everyday.,4,"Low battery indicates imminent shutdown, a familiar technological cause-and-effect.","['fact', 'physical', 'literal language', 'positive', 'reasoning', 'everyday']",z-ai/glm-5.3
"The river is rising, so there might be a flood.",1,Water levels and flooding can be measured. I am confident it is factual.,4,1,River behavior is governed by physics and geography. I am confident it is physical.,4,1,It is straightforward language with no idioms. I am confident it is literal.,4,1,"It describes a hydrological regularity, not a social rule. I am confident it is not normative.",4,0,It infers flood risk from rising water levels. I am confident this is reasoning.,4,1,Floods and rivers are encountered in many regions. I am confident this is everyday for many.,4,"Rising river levels precede flooding, so people anticipate danger.","['fact', 'physical', 'literal language', 'positive', 'reasoning', 'everyday']",z-ai/glm-5.3
"The toast is black, so it was toasted too long.",1,Toasting duration and outcome are verifiable. I am confident it is factual.,4,1,Browning of bread is a chemical (Maillard) reaction. I am confident it is physical.,4,1,The words mean exactly what they say. I am confident it is literal.,4,1,"It describes a cooking process, not a preference or norm. I am confident it is not normative.",4,0,It concludes cause (over-toasting) from observation (black color). I am confident this is reasoning.,4,1,Making toast is a routine kitchen activity. I am confident this is everyday.,4,Blackened toast indicates excessive toasting time.,"['fact', 'physical', 'literal language', 'positive', 'reasoning', 'everyday']",z-ai/glm-5.3
"The kettle is whistling, so the water has boiled.",1,Water temperature can be measured to confirm boiling. I am confident it is factual.,4,1,Boiling and steam pressure are physics phenomena. I am confident it is physical.,4,1,It is plain language with no figurative meaning. I am confident it is literal.,4,1,"It describes a physical device behavior, not a norm. I am confident it is not normative.",4,0,It infers boiling from the whistle using appliance knowledge. I am confident this is reasoning.,4,1,Boiling kettles are common in daily life. I am confident this is everyday.,4,A whistling kettle signals that the water inside has reached boiling point.,"['fact', 'physical', 'literal language', 'positive', 'reasoning', 'everyday']",z-ai/glm-5.3
"The fruit is soft and brown, so it is overripe.",1,Ripeness can be assessed objectively. I am confident it is factual.,4,1,Fruit ripening is a biological process. I am confident it is physical.,4,1,"It uses ordinary, direct words. I am confident it is literal.",4,1,"It describes biological decay, not a social rule. I am confident it is not normative.",4,0,It concludes ripeness state from tactile and visual cues. I am confident this is reasoning.,4,1,Judging fruit freshness is a routine experience. I am confident this is everyday.,4,"Soft, brown fruit typically indicates overripeness.","['fact', 'physical', 'literal language', 'positive', 'reasoning', 'everyday']",z-ai/glm-5.3
"The wind is blowing hard, so my hat might blow away.",1,Whether the hat blows away is observable. I am confident it is factual.,4,1,Wind force on objects is a physics matter. I am confident it is physical.,4,1,The words mean exactly what they say. I am confident it is literal.,4,1,"It describes a physical effect of wind, not a norm. I am confident it is not normative.",4,0,It predicts an outcome (hat blowing away) from wind strength. I am confident this is reasoning.,4,1,Windy days and hats flying off are common experiences. I am confident this is everyday.,4,Strong winds can carry away light objects like hats.,"['fact', 'physical', 'literal language', 'positive', 'reasoning', 'everyday']",z-ai/glm-5.3
"The light bulb is flickering, so it will probably burn out soon.",1,Bulb lifespan and failure are verifiable. I am confident it is factual.,4,1,Bulb failure is governed by electrical engineering. I am confident it is physical.,4,1,It is plain language with no idioms. I am confident it is literal.,4,1,"It describes an electrical component's behavior, not a norm. I am confident it is not normative.",4,0,It predicts bulb failure from flickering behavior. I am confident this is reasoning.,4,1,Light bulbs are everyday household items. I am confident this is everyday.,4,"Flickering often precedes bulb failure, so people expect replacement soon.","['fact', 'physical', 'literal language', 'positive', 'reasoning', 'everyday']",z-ai/glm-5.3
"The meat is pink inside, so it is not fully cooked.",1,Internal doneness can be verified with a thermometer. I am confident it is factual.,4,1,Meat doneness involves heat transfer and biology. I am confident it is physical.,4,1,"It uses plain, direct words. I am confident it is literal.",4,1,"It describes a cooking process outcome, not a preference or rule. I am confident it is not normative.",4,0,It infers cooking state from color observation. I am confident this is reasoning.,4,1,Cooking meat is a common kitchen task. I am confident this is everyday.,4,Pink coloration in meat indicates incomplete cooking.,"['fact', 'physical', 'literal language', 'positive', 'reasoning', 'everyday']",z-ai/glm-5.3
The early bird catches the worm.,1,"As a general claim it is an oversimplification that cannot be strictly demonstrated true or false, making this feature questionable. I am somewhat unconfident.",2,0,"It reflects a socially constructed value about promptness and diligence, not a physical law. I am very confident.",4,0,"It is a well-known aphorism using metaphorical imagery of birds and worms, not literal language. I am very confident.",4,0,"It endorses a norm that being early is good behavior, a value judgment. I am somewhat confident.",3,1,"It is a direct observation-based saying rather than a logical argument, so it qualifies as knowledge. I am somewhat confident.",3,1,"People often experience situations where being early or prompt matters, such as sales or opportunities. I am very confident.",4,This common saying conveys that acting promptly brings rewards.,"['fact', 'social', 'figure of speech', 'normative', 'knowledge', 'everyday']",z-ai/glm-5.3
A watched pot never boils.,1,"Literally it is false, but as a claim about perception it is arguably demonstrable, so this is borderline. I am somewhat unconfident.",2,0,"It concerns human perception of time, a socially shaped experience, not a physical property. I am somewhat confident.",3,0,It is a hyperbole/idiom since a watched pot does boil eventually. I am very confident.,4,0,"It carries the implicit advice not to hover impatiently, a mild norm. I am somewhat unconfident.",2,1,"It is an observational saying, not a logical deduction, so it counts as knowledge. I am somewhat confident.",3,1,Waiting for water to boil is a common everyday experience. I am very confident.,4,This saying expresses that time seems to pass slowly when you anxiously wait.,"['fact', 'social', 'figure of speech', 'normative', 'knowledge', 'everyday']",z-ai/glm-5.3
Don't put all your eggs in one basket.,1,"As advice it is opinion-like and cannot be objectively verified, so this feature is weakly satisfied. I am very unconfident.",1,0,"It reflects a socially constructed rule of prudence, not a natural law. I am very confident.",4,0,It is a metaphorical proverb about eggs and baskets rather than literal advice. I am very confident.,4,0,It is a prescriptive norm advising caution and diversification. I am very confident.,4,1,"It is a rule-of-thumb based on observation, not a logical derivation. I am somewhat confident.",3,1,"People routinely face choices about spreading risk in daily life, like investing or planning. I am very confident.",4,This advice warns against risking everything on a single option.,"['fact', 'social', 'figure of speech', 'normative', 'knowledge', 'everyday']",z-ai/glm-5.3
The customer is always right.,1,"It is a normative motto, not something objectively true or false, so this feature is poorly satisfied. I am very unconfident.",1,0,It is a socially constructed commercial convention of human origin. I am very confident.,4,0,It is a hyperbolic aphorism since customers are not literally always right. I am very confident.,4,0,It sets a norm for how businesses should treat customers. I am very confident.,4,1,"It is a stating of a business belief, not a reasoning chain. I am somewhat confident.",3,1,It arises in ordinary shopping and service encounters. I am very confident.,4,This business motto suggests sellers should defer to customers' views.,"['fact', 'social', 'figure of speech', 'normative', 'knowledge', 'everyday']",z-ai/glm-5.3
Time is money.,1,"As a metaphor it cannot be literally verified, making its factual status questionable. I am somewhat unconfident.",2,0,It reflects a socially constructed economic value placed on time. I am very confident.,4,0,"It is a metaphor equating time with money, not a literal identity. I am very confident.",4,0,It carries the value judgment that time should be used productively. I am somewhat confident.,3,1,"It is an aphoristic observation about the world, not a logical argument. I am somewhat confident.",3,1,People constantly trade off time and money in work and errands. I am very confident.,4,This saying conveys that wasted time is like wasted money.,"['fact', 'social', 'figure of speech', 'normative', 'knowledge', 'everyday']",z-ai/glm-5.3
Better late than never.,1,"It is a general value statement that cannot be objectively demonstrated, so confidence is low. I am somewhat unconfident.",2,0,It reflects a social attitude toward timeliness and effort. I am very confident.,4,0,"It is an aphoristic proverb, not plain literal description. I am very confident.",4,0,It endorses a value that acting late is preferable to not acting. I am somewhat confident.,3,1,"It is a remembered aphorism, a piece of common knowledge, not reasoning. I am somewhat confident.",3,1,"Being late with tasks, apologies, or gifts is an everyday occurrence. I am very confident.",4,This saying suggests doing something late is better than not doing it at all.,"['fact', 'social', 'figure of speech', 'normative', 'knowledge', 'everyday']",z-ai/glm-5.3
An apple a day keeps the doctor away.,1,"As an absolute claim it is an exaggeration that cannot be strictly verified, so confidence is low. I am somewhat unconfident.",2,0,It expresses a folk belief about diet shaped by human tradition. I am somewhat confident.,3,0,"It is a rhyming aphorism with hyperbolic imagery, not literal language. I am very confident.",4,0,"It advises a healthy-eating habit, carrying a mild norm. I am somewhat confident.",3,1,It states a folk observation rather than a derived logical conclusion. I am somewhat confident.,3,1,Eating and visiting doctors are ordinary parts of daily life. I am very confident.,4,This saying promotes eating fruit as beneficial to health.,"['fact', 'social', 'figure of speech', 'normative', 'knowledge', 'everyday']",z-ai/glm-5.3
You can't judge a book by its cover.,1,"It is a general moral claim not objectively demonstrable, so this feature is weak. I am somewhat unconfident.",2,0,It concerns social perception and how people evaluate others. I am very confident.,4,0,It is a metaphorical proverb about books and covers. I am very confident.,4,0,It prescribes a norm against judging by appearance. I am very confident.,4,1,"It is an aphoristic observation about appearances, not a logical derivation. I am somewhat confident.",3,1,People often form first impressions in everyday interactions. I am very confident.,4,This saying warns that appearances can be misleading about character or quality.,"['fact', 'social', 'figure of speech', 'normative', 'knowledge', 'everyday']",z-ai/glm-5.3
Money can't buy happiness.,1,"It is an opinion-like claim that cannot be objectively proven, so confidence is low. I am somewhat unconfident.",2,0,It reflects a socially constructed belief about wealth and well-being. I am very confident.,4,0,"It is an aphorism making an absolute claim, a common figure of wisdom speech. I am very confident.",4,0,It expresses a value about what matters in life. I am very confident.,4,1,"It is a stated belief about the world, not a logical argument. I am somewhat confident.",3,1,People frequently weigh money against well-being in daily choices. I am very confident.,4,This saying expresses that wealth alone does not guarantee happiness.,"['fact', 'social', 'figure of speech', 'normative', 'knowledge', 'everyday']",z-ai/glm-5.3
Actions speak louder than words.,1,"As a comparative value claim it is hard to verify objectively, so confidence is low. I am somewhat unconfident.",2,0,"It concerns social evaluation of trustworthiness, a human construct. I am very confident.",4,0,"It uses metaphorical comparison of actions and words speaking, not literal speech. I am very confident.",4,0,It endorses the value of acting over merely talking. I am very confident.,4,1,"It is an observational aphorism, not a piece of logical reasoning. I am somewhat confident.",3,1,People constantly observe promises versus deeds in daily life. I am very confident.,4,This saying means deeds reveal intentions better than promises.,"['fact', 'social', 'figure of speech', 'normative', 'knowledge', 'everyday']",z-ai/glm-5.3
Two wrongs don't make a right.,1,"It is a moral claim that cannot be empirically demonstrated, so this feature is weakly met. I am very unconfident.",1,0,It states a socially constructed moral rule of human origin. I am very confident.,4,0,"It is a rhyming aphorism, a figurative moral saying. I am very confident.",4,0,It is clearly a moral norm about right and wrong. I am very confident.,4,1,"It is a remembered moral maxim, common knowledge, not reasoning. I am somewhat confident.",3,1,People face situations of conflict and retaliation in ordinary life. I am very confident.,4,This saying teaches that retaliating wrongly does not justify the first wrong.,"['fact', 'social', 'figure of speech', 'normative', 'knowledge', 'everyday']",z-ai/glm-5.3
Laughter is the best medicine.,1,"As a superlative claim it is exaggerated and not objectively verifiable, so confidence is low. I am somewhat unconfident.",2,0,"It expresses a folk belief about emotional well-being, a human construct. I am somewhat confident.",3,0,It is a metaphorical aphorism treating laughter as medicine. I am very confident.,4,0,It carries the value that joy and humor are beneficial pursuits. I am somewhat confident.,3,1,"It is a folk observation, not a logical argument. I am somewhat confident.",3,1,Laughing with friends and family is an everyday experience. I am very confident.,4,This saying suggests humor and joy help people heal and cope.,"['fact', 'social', 'figure of speech', 'normative', 'knowledge', 'everyday']",z-ai/glm-5.3
Home is where the heart is.,1,"It is a subjective sentiment, not something demonstrably true or false, so confidence is very low. I am very unconfident.",1,0,"It concerns the social and emotional meaning of home, a human construct. I am very confident.",4,0,It is a metaphorical aphorism equating home with the heart. I am very confident.,4,0,It expresses a value about belonging and attachment over location. I am somewhat confident.,3,1,"It is an aphoristic belief about life, not a logical derivation. I am somewhat confident.",3,1,Feelings about home and belonging arise in ordinary life. I am very confident.,4,This saying means one feels at home wherever loved ones are.,"['fact', 'social', 'figure of speech', 'normative', 'knowledge', 'everyday']",z-ai/glm-5.3
Honesty is the best policy.,1,"It is a value judgment that cannot be objectively demonstrated, so this feature is poorly satisfied. I am very unconfident.",1,0,It expresses a socially constructed moral convention about honesty. I am very confident.,4,0,"It is an aphoristic maxim about policy, not literal policy language. I am very confident.",4,0,It is clearly a norm endorsing truthfulness. I am very confident.,4,1,"It is a moral rule of thumb, common knowledge rather than reasoning. I am somewhat confident.",3,1,People face choices about telling the truth daily. I am very confident.,4,This saying advises that being truthful is the wisest course.,"['fact', 'social', 'figure of speech', 'normative', 'knowledge', 'everyday']",z-ai/glm-5.3
Every cloud has a silver lining.,1,"As an optimistic generalization it cannot be objectively proven, so confidence is low. I am somewhat unconfident.",2,0,"It reflects a socially shaped attitude of optimism, a human outlook. I am very confident.",4,0,It is a metaphorical image of clouds with silver linings. I am very confident.,4,0,It encourages an optimistic value in facing hardship. I am somewhat confident.,3,1,"It is an aphoristic observation about life, not a logical conclusion. I am somewhat confident.",3,1,Setbacks and finding small consolations are everyday experiences. I am very confident.,4,This saying means difficulties usually bring some hidden benefit.,"['fact', 'social', 'figure of speech', 'normative', 'knowledge', 'everyday']",z-ai/glm-5.3
Old habits die hard.,1,"As a generalization about human behavior it can be roughly tested psychologically, so this is borderline. I am somewhat unconfident.",2,0,"Habits are socially shaped patterns of behavior, human in origin. I am somewhat confident.",3,0,"It uses figurative language of habits dying, not literal death. I am very confident.",4,0,"It implies one should expect and perhaps be patient with habit change, a mild normative stance. I am somewhat unconfident.",2,1,"It is a repeated observation, not a logical derivation. I am somewhat confident.",3,1,Trying to change routines is a common everyday struggle. I am very confident.,4,This saying means ingrained behaviors are difficult to change.,"['fact', 'social', 'figure of speech', 'normative', 'knowledge', 'everyday']",z-ai/glm-5.3
Rome wasn't built in a day.,1,"Its literal historical core is true, but as a lesson it is a generalization, making confidence moderate. I am somewhat unconfident.",2,0,It conveys a socially constructed lesson about patience and effort. I am very confident.,4,0,"It is a historical allusion used as an aphorism, clearly figurative. I am very confident.",4,0,It endorses the value of patience and perseverance. I am somewhat confident.,3,1,"It is a remembered saying, not a reasoning process. I am somewhat confident.",3,1,Working toward long-term goals is part of everyday life. I am very confident.,4,This saying means great achievements take time and patience.,"['fact', 'social', 'figure of speech', 'normative', 'knowledge', 'everyday']",z-ai/glm-5.3
Don't cry over spilled milk.,1,"As advice it is subjective and not objectively verifiable, so this feature is weakly met. I am very unconfident.",1,0,It expresses a socially constructed coping norm of human origin. I am very confident.,4,0,"It is a figurative proverb about spilled milk, meaning regrets generally. I am very confident.",4,0,"It prescribes how one ought to react to mishaps, a clear norm. I am very confident.",4,1,"It is a common rule of thumb, not a logical argument. I am somewhat confident.",3,1,Spilling milk and making small mistakes are everyday events. I am very confident.,4,This saying advises not to worry about mistakes that cannot be undone.,"['fact', 'social', 'figure of speech', 'normative', 'knowledge', 'everyday']",z-ai/glm-5.3
Blood is thicker than water.,1,As a general value claim it cannot be objectively proven true or false. I am somewhat unconfident.,2,0,"It concerns kinship, a socially constructed relationship. I am very confident.",4,0,It is a metaphorical proverb about blood and water. I am very confident.,4,0,"It endorses the value of prioritizing family, a social norm. I am somewhat confident.",3,1,"It is an aphoristic belief, not a logical derivation. I am somewhat confident.",3,1,Family loyalty versus other ties is a common everyday theme. I am very confident.,4,This saying means family bonds are stronger than other relationships.,"['fact', 'social', 'figure of speech', 'normative', 'knowledge', 'everyday']",z-ai/glm-5.3
A penny saved is a penny earned.,1,"As a moral about money it cannot be objectively verified, so confidence is low. I am somewhat unconfident.",2,0,"It reflects a socially constructed ethic of thrift, human in origin. I am very confident.",4,0,"It is a rhyming aphorism about pennies, not literal accounting. I am very confident.",4,0,"It prescribes the virtue of frugality, a normative value. I am very confident.",4,1,"It is a practical rule of thumb, common knowledge rather than reasoning. I am somewhat confident.",3,1,Saving small amounts of money is an everyday activity. I am very confident.,4,This saying teaches that saving money is as valuable as earning it.,"['fact', 'social', 'figure of speech', 'normative', 'knowledge', 'everyday']",z-ai/glm-5.3
Actions speak louder than words.,0,"It cannot be objectively proven that actions always matter more than words; it reflects a subjective value judgment about how to judge people, not a demonstrable fact.",4,0,"It concerns human behavior, communication, and social trust, which are of human origin rather than natural or physical rules.",4,0,"It is an aphoristic proverb using figurative comparison ('louder') rather than literal description, and it does not use plain literal language.",4,0,"It expresses a value judgment about what should be taken as meaningful evidence of a person's character, prescribing how we ought to judge others.",4,1,"It is an observation about how people behave and communicate in the world, not a conclusion derived from combining multiple pieces of knowledge.",3,1,"People routinely encounter situations where promises and behavior are compared in ordinary life, making this directly observable in daily experience.",4,This is a classic proverb that expresses a widely shared belief about judging people by their deeds.,"['opinion', 'social', 'figure of speech', 'normative', 'knowledge', 'everyday']",z-ai/glm-5.3
Honesty is the best policy.,0,Whether honesty is truly always the best policy is a subjective judgment; it cannot be objectively demonstrated as correct.,4,0,"It concerns a socially constructed virtue and how people should interact, being of human rather than natural origin.",4,0,"'Best policy' is an aphoristic, figurative construction rather than plain literal language describing a state of affairs.",4,0,"It prescribes a rule of conduct: one ought to be honest, expressing a social norm about proper behavior.",4,1,It reflects a general observation about human dealings rather than a conclusion derived through logical combination of knowledge.,3,1,"Ordinary people encounter choices about honesty in everyday interactions like conversations, work, and relationships.",4,A well-known maxim expressing the shared moral belief that being truthful serves a person best in life.,"['opinion', 'social', 'figure of speech', 'normative', 'knowledge', 'everyday']",z-ai/glm-5.3
You can't judge a book by its cover.,0,It is a subjective belief about appearances; one cannot objectively prove that appearances never reveal inner qualities.,4,0,"It concerns human appearance, perception, and social judgment, which are human constructs rather than natural laws.",4,0,"It is a metaphorical proverb using the image of a book's cover figuratively, not plain literal language.",4,0,"It prescribes a norm: one should not judge people by outward appearance alone, expressing a social convention of fairness.",4,1,"It is an observation about how appearances and character relate, not a conclusion requiring logical derivation.",3,1,"People constantly encounter new acquaintances whose appearances they might judge, a common everyday experience.",4,A common proverb expressing the belief that outward appearance does not reveal a person's true character.,"['opinion', 'social', 'figure of speech', 'normative', 'knowledge', 'everyday']",z-ai/glm-5.3
Laughter is the best medicine.,0,Whether laughter is truly the best remedy is inherently subjective and cannot be objectively demonstrated as correct.,4,0,"It concerns a socially valued emotional expression and its role in human life, originating from human culture.",4,0,"It is a hyperbolic metaphor calling laughter 'medicine,' rather than plain literal description.",4,0,"It conveys a value prescription: one should embrace joy and humor as a way to cope, reflecting a social ideal.",3,1,It offers a general observation about emotional well-being rather than a conclusion derived by combining knowledge and logic.,3,1,"Everyone experiences hardship and moments of humor in ordinary life, making this directly relatable to daily experience.",4,A familiar saying expressing the shared belief that humor and joy help people cope with hardship.,"['opinion', 'social', 'figure of speech', 'normative', 'knowledge', 'everyday']",z-ai/glm-5.3
Two wrongs don't make a right.,0,It is a moral stance that cannot be objectively proven; whether revenge can ever be justified is a subjective question.,4,0,"It concerns socially constructed morality and interpersonal conduct, originating from human ethical conventions.",4,0,"It is an aphoristic proverb with figurative moral framing, not plain literal language.",4,0,"It prescribes a moral rule of conduct: retaliation does not justify wrongdoing, expressing a social norm.",4,1,"It is a direct observation about the nature of right and wrong actions, not a conclusion derived through logic.",3,1,"People routinely face situations of harm, blame, and the temptation to retaliate in ordinary interactions.",4,A widely shared moral proverb teaching that retaliating with harm does not justify the original wrong.,"['opinion', 'social', 'figure of speech', 'normative', 'knowledge', 'everyday']",z-ai/glm-5.3
A picture is worth a thousand words.,0,It cannot be objectively proven that images are always more powerful than words; it reflects a subjective preference.,4,0,"It concerns human communication, art, and interpretation, all of which are socially constructed practices.",4,0,"It is a hyperbolic metaphor using 'a thousand words' figuratively, not plain literal language.",4,0,"It expresses a value judgment about how information should be conveyed, reflecting a cultural convention about imagery.",3,1,"It is a general observation about communication, not a conclusion derived by combining knowledge and logic.",3,1,"People encounter photos, signs, and charts in daily life where images convey meaning, making this an everyday observation.",4,A well-known saying expressing the common belief that visual images convey meaning more powerfully than verbal description.,"['opinion', 'social', 'figure of speech', 'normative', 'knowledge', 'everyday']",z-ai/glm-5.3
The early bird catches the worm.,0,It is a subjective claim about the value of promptness; one cannot objectively prove early action always wins.,4,0,"It concerns a culturally valued trait (punctuality and initiative) in social life, not a natural physical law.",4,0,"It is a metaphorical proverb using bird imagery figuratively to represent people, not literal language.",4,0,"It prescribes a norm of behavior: one should act early to succeed, reflecting a cultural convention about diligence.",4,1,"It offers an observation about how opportunity and timing work in life, not a logically derived conclusion.",3,1,"People experience the benefits of acting early in everyday situations like queuing, sales, or deadlines.",4,A familiar proverb expressing the belief that those who act promptly gain an advantage.,"['opinion', 'social', 'figure of speech', 'normative', 'knowledge', 'everyday']",z-ai/glm-5.3
Better late than never.,0,"Whether tardy completion is truly better than abandonment is a subjective judgment, not an objectively provable fact.",4,0,"It concerns socially constructed norms about time and obligation, being of human rather than natural origin.",4,0,"It is an aphoristic proverb with a comparative structure, using figurative compactness rather than literal description.",3,0,"It expresses a value judgment excusing lateness, prescribing an attitude toward delayed action.",4,1,"It is a direct observation about timeliness and completion, not a conclusion derived through logical inference.",3,1,"People often arrive late or complete tasks behind schedule in ordinary life, making this situation familiar.",4,A common saying expressing the shared belief that completing something late is preferable to not doing it at all.,"['opinion', 'social', 'figure of speech', 'normative', 'knowledge', 'everyday']",z-ai/glm-5.3
Blood is thicker than water.,0,Whether family ties truly outweigh friendships is inherently subjective and cannot be objectively demonstrated.,4,0,"It concerns kinship and loyalty, socially constructed human relationships rather than natural rules.",4,0,It is a metaphorical proverb using 'blood' and 'water' figuratively for family and other ties.,4,0,"It prescribes a value: one should prioritize family obligations, expressing a social norm about loyalty.",4,1,"It is a general observation about loyalty and family relationships, not a conclusion derived from logic.",3,1,"People routinely navigate obligations between family and friends in ordinary life, making this everyday experience.",4,A proverb expressing the common belief that family bonds matter more than other relationships.,"['opinion', 'social', 'figure of speech', 'normative', 'knowledge', 'everyday']",z-ai/glm-5.3
Money can't buy happiness.,0,"It is an inherently subjective claim about the relationship between money and happiness, impossible to prove objectively.",4,0,"It concerns wealth and happiness, concepts grounded in social life and human values rather than nature.",4,0,"It is an aphoristic proverb with figurative framing of what wealth 'can buy,' not plain literal language.",4,0,"It expresses a value judgment that people should not equate money with fulfillment, a cultural norm.",3,1,It is a general observation about life and well-being rather than a logically derived conclusion.,3,1,"Everyone encounters money and questions of contentment in daily life, making this directly observable.",4,"A widely held belief, often said as a proverb, that wealth alone cannot bring true contentment.","['opinion', 'social', 'figure of speech', 'normative', 'knowledge', 'everyday']",z-ai/glm-5.3
"When in Rome, do as the Romans do.",0,Whether adapting to local customs is always right is a subjective stance; it cannot be objectively proven.,4,0,"It concerns customs, etiquette, and cultural conformity, all socially constructed human practices.",4,0,It is a figurative proverb using the image of Rome to represent any foreign setting.,4,0,"It prescribes a rule of conduct: one ought to conform to local customs, a clear social convention.",4,1,It is an observation about social adaptation rather than a conclusion reached by logical inference.,3,1,"People travel, visit other communities, and adjust to unfamiliar norms in ordinary life.",4,A common proverb advising that one should follow the customs of whatever community one finds oneself in.,"['opinion', 'social', 'figure of speech', 'normative', 'knowledge', 'everyday']",z-ai/glm-5.3
Practice makes perfect.,0,Whether practice truly yields perfection is debatable and cannot be objectively proven; many dispute it.,3,0,"It concerns culturally valued effort and skill, grounded in human social ideals rather than natural law.",3,0,"It is an aphoristic proverb with hyperbolic 'perfect,' rather than plain literal description.",4,0,"It prescribes a norm: one should keep practicing, expressing a cultural value on perseverance.",4,1,"It is a general observation about skill-building, not a conclusion derived by combining knowledge and logic.",3,1,"People practice skills like cooking, driving, or sports in daily life, making this a familiar experience.",4,A familiar saying expressing the shared belief that repeated effort leads to mastery.,"['opinion', 'social', 'figure of speech', 'normative', 'knowledge', 'everyday']",z-ai/glm-5.3
The customer is always right.,0,It is a subjective stance about service priorities; customers are not literally always correct.,4,0,"It concerns marketplace norms and consumer relations, both socially constructed institutions.",4,0,"It is a hyperbolic aphorism, not meant literally but as a service philosophy.",4,0,It prescribes a rule of conduct for sellers: one should treat customer claims as authoritative.,4,1,"It is an observation about commerce and service norms, not a conclusion derived through logic.",3,1,"People shop, dine, and interact with businesses daily, directly encountering this service norm.",4,A well-known business motto expressing the common belief that customer satisfaction should take priority in commerce.,"['opinion', 'social', 'figure of speech', 'normative', 'knowledge', 'everyday']",z-ai/glm-5.3
Don't cry over spilled milk.,0,"Whether one should grieve over irreversible mistakes is a subjective judgment, impossible to prove objectively.",4,0,"It concerns emotional regulation and social attitudes toward resilience, of human rather than natural origin.",4,0,"It uses 'spilled milk' as a metaphor for any past mistake, not plain literal language.",4,0,It prescribes an emotional norm: one ought not to lament what cannot be changed.,4,1,"It is a general observation about coping with regret, not a conclusion derived from logical inference.",3,1,"People spill things, make small mistakes, and feel regret in ordinary daily life.",4,A common proverb expressing the shared belief that one should not dwell on past mistakes that cannot be undone.,"['opinion', 'social', 'figure of speech', 'normative', 'knowledge', 'everyday']",z-ai/glm-5.3
Good things come to those who wait.,0,It cannot be objectively shown that patience always brings rewards; it is an inherently subjective belief.,4,0,"It concerns a culturally prized virtue (patience), rooted in social ideals rather than natural law.",4,0,"It is an aphoristic proverb with figurative promise of 'good things,' not plain literal description.",4,0,"It prescribes a norm: one should be patient, expressing a value judgment about proper conduct.",4,1,"It is an observation about patience and reward, not a conclusion derived by combining knowledge with logic.",3,1,"People wait in lines, for replies, or for results in ordinary daily life, making this familiar.",4,A proverb expressing the common belief that patience is ultimately rewarded.,"['opinion', 'social', 'figure of speech', 'normative', 'knowledge', 'everyday']",z-ai/glm-5.3
You reap what you sow.,0,"Whether deeds reliably produce matching consequences is a subjective belief, not an objectively provable fact.",4,0,"It concerns moral accountability, a socially constructed principle of human conduct.",4,0,"It is a metaphor using farming imagery ('reap,' 'sow') figuratively for actions and outcomes.",4,0,It prescribes a moral norm: one should expect consequences matching one's actions.,4,1,"It is a general observation about behavior and consequences, not a logically derived conclusion.",3,1,"People see their choices produce consequences in everyday work, relationships, and habits.",4,A widely shared proverb expressing the belief that one's actions bring corresponding consequences.,"['opinion', 'social', 'figure of speech', 'normative', 'knowledge', 'everyday']",z-ai/glm-5.3
Absence makes the heart grow fonder.,0,Whether separation always intensifies affection is subjective; many claim it does the opposite.,4,0,"It concerns human romantic and social bonds, which are human constructs rather than natural rules.",4,0,"It is a poetic aphorism, using 'heart' figuratively for affection, not literal description.",4,0,"It conveys a sentimental value about how people should feel during separation, a cultural ideal.",3,1,"It is an observation about relationships and emotions, not a conclusion derived through logic.",3,1,"People experience separation from loved ones through travel, work, or distance in ordinary life.",4,A common saying expressing the shared belief that being apart from loved ones deepens affection.,"['opinion', 'social', 'figure of speech', 'normative', 'knowledge', 'everyday']",z-ai/glm-5.3
Don't put all your eggs in one basket.,0,Whether diversifying risk is always best is a subjective judgment; it cannot be objectively proven.,3,0,"It concerns prudence in human decisions like investing or planning, rooted in social wisdom.",3,0,"It uses 'eggs' and 'basket' as a metaphor for resources and plans, not literal language.",4,0,It prescribes a rule of conduct: one should not concentrate all one's resources on a single option.,4,1,It is a general observation about risk and planning rather than a logically derived conclusion.,3,1,"People make everyday choices about saving, plans, and backups where this advice applies.",4,A familiar proverb advising that one should avoid risking everything on a single plan.,"['opinion', 'social', 'figure of speech', 'normative', 'knowledge', 'everyday']",z-ai/glm-5.3
There's no place like home.,0,It is an inherently subjective sentiment about home; it cannot be objectively demonstrated as true for all.,4,0,"It concerns the social concept of home and belonging, a human construct rather than natural law.",4,0,"It is a hyperbolic aphorism, not a literal measurable claim but an emotional expression.",4,0,"It expresses a cultural value about cherishing home, prescribing an attitude toward domestic life.",3,1,"It is a direct observation about belonging and comfort, not a conclusion derived via reasoning.",3,1,Everyone experiences the comfort of returning home after travel or work in ordinary life.,4,A beloved saying expressing the common belief that home provides comfort no other place can match.,"['opinion', 'social', 'figure of speech', 'normative', 'knowledge', 'everyday']",z-ai/glm-5.3
Time heals all wounds.,0,It cannot be objectively proven that time heals every wound; it is a hopeful subjective belief.,4,0,"It concerns emotional suffering and healing, human experiences shaped by social and personal meaning.",4,0,"It is a hyperbolic metaphor treating time as an active healer, not plain literal description.",4,0,It conveys a comforting norm about how one should cope with loss: trust in time's passage.,3,1,"It is a general observation about grief and recovery, not a conclusion derived by logical inference.",3,1,"People experience heartbreak, grief, and recovery over time in ordinary life.",4,A widely shared saying expressing the belief that emotional pain fades with the passage of time.,"['opinion', 'social', 'figure of speech', 'normative', 'knowledge', 'everyday']",z-ai/glm-5.3
An apple a day keeps the doctor away.,0,"As a proverb, its truth depends on belief and cannot be definitively proven or disproven, so it is inherently subjective.",4,1,"It is loosely grounded in the biological idea that nutrition affects health, though stated figuratively.",2,0,"It is an aphorism with a catchy, metaphorical claim, not literal language.",4,0,"It prescribes a value-imbued guideline that one should eat healthy food daily, rather than describing a physical fact.",3,1,"It conveys folk wisdom about the link between eating fruit and health, stating an observation rather than deriving a conclusion through logic.",4,1,Eating apples and visits to the doctor are ordinary daily experiences everyone encounters.,4,Widely-known proverb reflecting the common belief that healthy eating habits support health and reduce illness.,"['opinion', 'physical', 'figure of speech', 'normative', 'knowledge', 'everyday']",z-ai/glm-5.3
Too many cooks spoil the broth.,0,Whether involving many people ruins a result is subjective and cannot be objectively proven.,4,1,"Cooking broth is a physical activity, and kitchen overcrowding is a tangible process.",3,0,"It is a well-known proverb, not a literal claim about cooks ruining soup.",4,0,"It implicitly judges that large groups should not crowd a task, reflecting a social convention about teamwork.",3,1,"It captures an observation about group work, offering a generalization without deriving it from logical steps.",4,1,"Group projects, cooking, and teamwork are common situations in ordinary life.",4,Common proverb expressing that too many people working on one task can ruin the result.,"['opinion', 'physical', 'figure of speech', 'normative', 'knowledge', 'everyday']",z-ai/glm-5.3
Every cloud has a silver lining.,0,"Whether hardship always brings benefit is a subjective belief, impossible to objectively verify.",4,1,"It borrows imagery from physical clouds and light, though used metaphorically; thus confidence is limited.",2,0,It is a classic metaphorical idiom rather than literal speech.,4,0,It promotes a valued outlook—staying hopeful through adversity—reflecting a norm about attitude.,3,1,It generalizes an observation about life's difficulties often leading to positive outcomes.,3,1,Setbacks like a missed bus or a failed exam are routine human experiences.,4,Popular metaphor suggesting that difficulties usually carry some hidden benefit.,"['opinion', 'physical', 'figure of speech', 'normative', 'knowledge', 'everyday']",z-ai/glm-5.3
Laughter is the best medicine.,0,Calling laughter the 'best' medicine is a subjective judgment that cannot be objectively proven.,4,1,"It touches on real effects of mood on the body, yet is not an empirical scientific claim.",2,0,It is hyperbole; laughter is not literally a medicine.,4,0,"It endorses the value of maintaining cheerfulness, guiding how one should cope with troubles.",3,1,"It is folk wisdom about the healing power of laughter, not a logically derived conclusion.",4,1,Laughing with friends and coping with minor illness are everyday experiences.,4,Common saying suggesting that humor and joy promote healing and wellbeing.,"['opinion', 'physical', 'figure of speech', 'normative', 'knowledge', 'everyday']",z-ai/glm-5.3
The early bird catches the worm.,0,The claim that acting early guarantees rewards is a belief that cannot be definitively proven.,3,1,"Birds catching worms is a natural, observable behavior used as the literal image.",3,0,It is an aphorism; the birds and worms stand metaphorically for human promptness.,4,0,It encourages the valued behavior of punctuality and diligence.,4,1,It records an observed pattern that early action often yields rewards.,4,1,"Waking early, arriving first, or queuing early are routine daily situations.",4,Well-known proverb implying that those who act promptly gain advantages.,"['opinion', 'physical', 'figure of speech', 'normative', 'knowledge', 'everyday']",z-ai/glm-5.3
A watched pot never boils.,0,"It describes a subjective feeling of time, not a measurable fact.",4,1,"Boiling water is a physical process, though the saying is about perception of it.",3,0,"It is hyperbole, since a watched pot does boil eventually.",4,0,"It gently counsels patience, implying one should not obsess over waiting.",3,1,It captures a shared observation about time perception during waiting.,4,1,Waiting for water to boil is a common household experience.,4,Familiar saying expressing that time seems to drag when you anxiously wait.,"['opinion', 'physical', 'figure of speech', 'normative', 'knowledge', 'everyday']",z-ai/glm-5.3
Practice makes perfect.,0,Whether practice guarantees perfection is debatable and cannot be objectively established.,4,1,"It loosely relates to physical skill-building through repetition, though framed as a norm.",2,0,It is an aphorism with hyperbole; perfect mastery is rarely achievable.,4,0,It promotes the valued norm of persistent effort and discipline.,4,1,It generalizes an observed pattern about skill improvement through repetition.,4,1,Practicing skills like cooking or sports is part of ordinary life.,4,Widely shared belief that repeated effort leads to mastery.,"['opinion', 'physical', 'figure of speech', 'normative', 'knowledge', 'everyday']",z-ai/glm-5.3
Absence makes the heart grow fonder.,0,"The effect of absence on love is subjective and varies, so it cannot be proven.",4,1,"It concerns emotions, which are human and social, so physical grounding is weak.",2,0,"It is an aphorism, using 'heart' metaphorically for affection.",4,0,It reflects a valued romantic sentiment about cherishing loved ones from afar.,3,1,It generalizes an observation about how longing changes feelings.,4,1,"Being apart from loved ones, such as during travel, is a common experience.",4,Common saying suggesting that separation often deepens affection.,"['opinion', 'physical', 'figure of speech', 'normative', 'knowledge', 'everyday']",z-ai/glm-5.3
You can't have your cake and eat it too.,0,"As a life adage, its applicability is a matter of belief rather than proof.",3,1,"The cake scenario is physical, but the saying is really about choices, so grounding is partial.",2,0,It is a proverb; the cake is a metaphor for irreconcilable desires.,4,0,"It advises accepting limits and making choices, reflecting a norm of realistic decision-making.",4,1,It states a general observation about trade-offs in choices.,4,1,"Making trade-offs, like spending versus saving, happens in daily life.",4,Familiar expression noting that one cannot enjoy two incompatible benefits at once.,"['opinion', 'physical', 'figure of speech', 'normative', 'knowledge', 'everyday']",z-ai/glm-5.3
Time waits for no one.,0,"The significance of time's passage is a subjective interpretation, not a provable fact.",3,1,"The steady passage of time is a physical reality, measurable by clocks.",3,0,"It personifies time as if it could 'wait', a rhetorical figure.",4,0,It implicitly urges punctuality and prompt action as valued behaviors.,3,1,It reflects the observed reality that time cannot be stopped.,4,1,"Feeling time slip by—deadlines, aging, schedules—is universal daily experience.",4,Common adage expressing that time keeps moving regardless of our wishes.,"['opinion', 'physical', 'figure of speech', 'normative', 'knowledge', 'everyday']",z-ai/glm-5.3
The best things in life are free.,0,What counts as 'best' and 'free' is inherently subjective and cannot be proven.,4,1,"'Free' here refers to human experiences and values, not measurable physical features.",2,0,"It is an aphorism, with 'free' used loosely and rhetorically.",4,0,It promotes the value of appreciating non-material goods over wealth.,4,1,It expresses an observation that intangible joys are often costless.,4,1,"Enjoying sunsets, family, and friendship is part of ordinary life.",4,"Popular saying suggesting that life's most valuable aspects, like love and friendship, cost nothing.","['opinion', 'physical', 'figure of speech', 'normative', 'knowledge', 'everyday']",z-ai/glm-5.3
Better late than never.,0,"Whether lateness is acceptable is a subjective judgment, not an objective fact.",4,1,"It concerns timing in human affairs, with little grounding in physical rules.",2,0,It is a concise aphorism rather than plain literal description.,4,0,"It encourages forgiveness of delays, reflecting a social norm about deadlines.",4,1,It generalizes an observation about the relative value of delayed completion.,4,1,"Late arrivals, gifts, or apologies are everyday occurrences.",4,Common expression noting that a delayed outcome is preferable to none.,"['opinion', 'physical', 'figure of speech', 'normative', 'knowledge', 'everyday']",z-ai/glm-5.3
All that glitters is not gold.,0,Judging whether something's appearance misleads is subjective and situational.,3,1,"Gold and glitter are physical materials, though the warning is about appearance generally.",3,0,"It is a metaphorical proverb, using gold to represent genuine value.",4,0,"It advises caution and skepticism, endorsing a valued attitude of not trusting surfaces.",4,1,It records an observed pattern that shiny exteriors may hide poor quality.,4,1,"Encountering attractive products, people, or offers that disappoint is common.",4,Widely known proverb warning that appearances can be deceptive.,"['opinion', 'physical', 'figure of speech', 'normative', 'knowledge', 'everyday']",z-ai/glm-5.3
"Waste not, want not.",0,"The causal claim is a belief about thrift's benefits, not objectively provable in all cases.",3,1,"Resource use and scarcity are partly physical realities, though framed as advice.",3,0,"It is a terse aphorism with inverted structure, not literal narration.",4,0,It promotes thrift as a valued household norm.,4,1,It expresses an observed link between avoiding waste and avoiding hardship.,4,1,"Managing food, money, and materials in daily life is universal.",4,Traditional saying advising that frugality prevents future scarcity.,"['opinion', 'physical', 'figure of speech', 'normative', 'knowledge', 'everyday']",z-ai/glm-5.3
Home is where the heart is.,0,The essence of 'home' is subjective and varies by person.,4,1,"It concerns human emotion and belonging rather than physical features, so confidence is low.",2,0,"It is a metaphor; 'heart' stands for affection, not an organ.",4,0,It endorses the value of emotional attachment over physical dwelling.,3,1,It captures a shared observation about where people feel belonging.,4,1,"Living in homes, moving, and missing home are common experiences.",4,"Familiar saying suggesting that home is defined by love, not location.","['opinion', 'physical', 'figure of speech', 'normative', 'knowledge', 'everyday']",z-ai/glm-5.3
A picture is worth a thousand words.,0,"Whether images always outdo words is a debatable, subjective claim.",4,1,"Pictures and words are physical media, though the comparison is about meaning.",3,0,It is hyperbole; no fixed word count equals an image's value.,4,0,It reflects a cultural preference for visual communication as more powerful.,3,1,It states an observed belief about how images communicate.,4,1,"Using photos, diagrams, and signs is part of everyday communication.",4,Common expression claiming that images convey meaning more effectively than text.,"['opinion', 'physical', 'figure of speech', 'normative', 'knowledge', 'everyday']",z-ai/glm-5.3
Rome wasn't built in a day.,0,"The implied lesson about patience is a belief, not a demonstrable fact.",3,1,"Building a city is a physical enterprise, though cited figuratively.",3,0,It is an aphorism; Rome stands metaphorically for any great undertaking.,4,0,It counsels patience and realistic expectations as valued virtues.,4,1,It generalizes an observation that big projects take long periods of work.,4,1,Long tasks like learning skills or saving money are common experiences.,4,Well-known proverb noting that great achievements require time.,"['opinion', 'physical', 'figure of speech', 'normative', 'knowledge', 'everyday']",z-ai/glm-5.3
Two heads are better than one.,0,"The superiority of collaboration is a belief, not universally provable.",4,1,"It references heads as physical objects, though the meaning is social.",2,0,It is a proverb; 'heads' metonymically stand for people's minds.,4,0,It endorses cooperation as a valued social norm.,4,1,It generalizes an observed pattern that teamwork aids problem-solving.,4,1,Working with others on tasks or decisions is a routine experience.,4,Familiar saying expressing that collaboration often produces better results.,"['opinion', 'physical', 'figure of speech', 'normative', 'knowledge', 'everyday']",z-ai/glm-5.3
Time is money.,0,"Equating all time with money is a subjective valuation, not a fact.",4,1,"It is rooted in human economic convention rather than natural rules, so confidence is low.",2,0,It is a metaphor; time is not literally currency.,4,0,It endorses efficiency and industriousness as valued norms.,4,1,It reflects the observed economic reality that time has value.,4,1,Trading time for wages or services is part of everyday economics.,4,"Popular maxim equating time with a valuable, spendable resource.","['opinion', 'physical', 'figure of speech', 'normative', 'knowledge', 'everyday']",z-ai/glm-5.3
"When it rains, it pours.",0,The belief that misfortunes cluster is subjective and anecdotal.,4,1,Rainfall and pouring are physical weather events used as the literal image.,3,0,It is an idiom; 'rains' and 'pours' metaphorically describe troubles.,4,0,It frames a shared attitude of resigned expectation about bad luck.,3,1,It generalizes an observed pattern of hardships clustering together.,4,1,"Experiencing multiple problems at once—bills, repairs, illness—is common.",4,Common idiom conveying that troubles often arrive all at once.,"['opinion', 'physical', 'figure of speech', 'normative', 'knowledge', 'everyday']",z-ai/glm-5.3
You should hold the door open for the person behind you.,0,"While widely accepted, the claim that one 'should' hold the door cannot be demonstrated as objectively correct or incorrect; someone could reasonably disagree.",4,0,"Door-holding courtesy is a human-created social norm, not a rule of physics or nature; it exists only because of human convention.",4,1,"The sentence means exactly what it says, with no metaphor, hyperbole, or other figure of speech.",4,0,"It prescribes a behavior (holding doors) as the right thing to do, rather than describing an empirical fact; it expresses a social convention rather than a physical law.",4,1,"It is a direct observation about a social practice, not a conclusion derived by combining premises and logic.",4,1,"Encountering doors in public places is an ordinary, daily experience for most people.",4,"This is a widely shared social courtesy that people learn through everyday social interaction and generally agree on, though it cannot be proven objectively.","['opinion', 'social', 'literal language', 'normative', 'knowledge', 'everyday']",z-ai/glm-5.3
You should not talk loudly on your phone in a crowded elevator.,0,Whether talking on a phone in an elevator is rude is a subjective judgment; it cannot be objectively proven true or false.,4,0,"Elevator etiquette is a socially constructed rule of human origin, not a rule of physics or mathematics.",4,1,The words carry their plain meaning without any metaphor or figure of speech.,4,0,"It expresses a norm about acceptable behavior in public, rather than stating an empirical regularity; it tells people what they should do.",4,1,It is a straightforward observation of a social norm rather than the output of a logical derivation.,4,1,"Riding elevators and encountering phone use are common, everyday experiences.",4,"This is a common etiquette norm that most people recognize from everyday experience, though it is a subjective judgment about proper behavior.","['opinion', 'social', 'literal language', 'normative', 'knowledge', 'everyday']",z-ai/glm-5.3
White is the best color to wear to a summer wedding.,0,Which color is 'best' is inherently subjective and cannot be demonstrated to be objectively correct or incorrect.,4,0,"Fashion norms about wedding attire are socially constructed conventions of human origin, not natural laws.",4,1,"The statement means exactly what it says, with no figurative language involved.",4,0,"It states a preference-based judgment about what one should wear, reflecting a fashion convention rather than an empirical fact.",3,1,"It is a direct statement about dress norms, not a conclusion arrived at through combining knowledge and logic.",4,1,Choosing clothes for a wedding is a common situation people encounter in ordinary life.,4,"Many people believe light colors suit summer events, and this is a common piece of fashion advice, though inherently subjective.","['opinion', 'social', 'literal language', 'normative', 'knowledge', 'everyday']",z-ai/glm-5.3
It is rude to show up an hour late to a dinner party.,0,"Whether lateness is rude is a subjective social judgment; different cultures and individuals may disagree, so it cannot be objectively proven.",4,0,"Punctuality expectations are human-created social conventions, not physical or mathematical rules.",4,1,The sentence uses plain language that means exactly what it says.,4,0,"It judges a behavior as rude, expressing a norm about proper conduct rather than describing a regularity in nature.",4,1,"It is a direct observation about social behavior, not a conclusion derived by reasoning from premises.",4,1,Attending dinner parties and dealing with lateness are ordinary social experiences.,4,"Punctuality norms for social gatherings are widely understood, though they are subjective conventions rather than objective facts.","['opinion', 'social', 'literal language', 'normative', 'knowledge', 'everyday']",z-ai/glm-5.3
A firm handshake makes a better first impression than a limp one.,0,What makes a 'better' first impression is subjective; it cannot be demonstrated as objectively correct or incorrect.,4,0,"Handshake etiquette and first impressions are socially constructed concepts of human origin, not natural phenomena.",4,1,"The statement is plain language that means exactly what it says, with no figure of speech.",4,0,"It expresses a judgment about how one should greet others to make a good impression, reflecting a social convention about proper behavior.",3,1,It is a direct observation about social practice rather than a conclusion arrived at by combining knowledge and logic.,4,1,"Greeting people with handshakes is a common, everyday social experience.",4,"This is a widely held belief about professional and social etiquette, learned through everyday interactions, though subjective.","['opinion', 'social', 'literal language', 'normative', 'knowledge', 'everyday']",z-ai/glm-5.3
Dinner at 6 p.m. is too early for a Saturday night date.,0,Whether 6 p.m. is 'too early' is a subjective preference that cannot be proven objectively correct or incorrect.,4,0,"Timing conventions for dates are human-created social rules, not features of the physical world.",4,1,"The sentence carries its plain, ordinary meaning without figurative language.",4,0,"It expresses a judgment about the socially appropriate time for a date, reflecting convention about proper behavior.",3,1,"It is a straightforward statement about social timing norms, not a conclusion derived from logical reasoning.",4,1,Planning dinner times for dates is an ordinary social experience many people encounter.,4,"This reflects common social expectations about the timing of social outings, though it is inherently a subjective preference.","['opinion', 'social', 'literal language', 'normative', 'knowledge', 'everyday']",z-ai/glm-5.3
You should always thank the host before leaving a party.,0,Whether one 'should' always thank a host is a subjective social judgment that cannot be demonstrated as objectively true or false.,3,0,"Thanking a host is a socially constructed convention of human origin, not a rule of physics or mathematics.",4,1,"The statement means exactly what it says, in plain ordinary language.",4,0,"It prescribes what one should do (thank the host), expressing a norm of etiquette rather than an empirical claim.",4,1,It is a direct observation about social etiquette rather than a conclusion from combining knowledge and logic.,4,1,Attending parties and leaving them is a common experience in ordinary social life.,4,"Thanking hosts is a widely recognized courtesy in everyday social life, though it is a convention rather than an objective fact.","['opinion', 'social', 'literal language', 'normative', 'knowledge', 'everyday']",z-ai/glm-5.3
Wearing shorts to a funeral is disrespectful.,0,Whether particular attire is disrespectful is a subjective judgment that varies by culture and cannot be objectively proven.,4,0,"Funeral dress codes are socially constructed conventions of human origin, not natural laws.",4,1,"The sentence uses plain language that means exactly what it says, with no figure of speech.",4,0,"It judges an attire choice as disrespectful, expressing a norm about proper dress rather than describing an empirical regularity.",4,1,"It is a direct statement about a social norm, not a conclusion arrived at through reasoning from premises.",4,1,Attending funerals and choosing clothes for them are ordinary life experiences for many people.,4,"Dress norms for solemn occasions are widely understood social conventions, though they are subjective judgments.","['opinion', 'social', 'literal language', 'normative', 'knowledge', 'everyday']",z-ai/glm-5.3
Giving up your seat on the bus for an elderly person is the right thing to do.,0,Whether an action is 'the right thing to do' is a subjective moral judgment that cannot be objectively demonstrated.,4,0,"Bus courtesy norms are human-made social rules, not rules of physics or mathematics.",4,1,"The statement is plain and means exactly what it says, with no figurative language.",4,0,"It declares a behavior as the right thing to do, expressing a moral norm rather than an empirical fact.",4,1,It is a direct observation about a social norm rather than a conclusion derived by logic.,4,1,"Riding buses and encountering elderly passengers are ordinary, everyday experiences.",4,"This courtesy toward elderly passengers is a common social norm, though inherently subjective and not objectively provable.","['opinion', 'social', 'literal language', 'normative', 'knowledge', 'everyday']",z-ai/glm-5.3
Baseball caps should not be worn indoors at formal dinners.,0,Whether caps 'should not' be worn is a subjective convention; it cannot be proven objectively correct or incorrect.,4,0,"Hat etiquette is a socially constructed rule of human origin, not a feature of the natural world.",4,1,The sentence carries its ordinary literal meaning without any figure of speech.,4,0,"It expresses a norm about what should not be worn indoors, reflecting a dress convention rather than an empirical claim.",4,1,"It is a straightforward statement about a social convention, not a conclusion arrived at through logical reasoning.",4,1,Formal dinners and choices about hats are common social situations in everyday life.,4,"Hat etiquette at formal events is a widely known social convention, though it is subjective and varies by culture.","['opinion', 'social', 'literal language', 'normative', 'knowledge', 'everyday']",z-ai/glm-5.3
Chocolate is a better Valentine's Day gift than a toaster.,0,Which gift is 'better' is a subjective preference that cannot be objectively demonstrated.,4,0,"Gift-giving conventions for holidays are socially constructed practices of human origin, not natural laws.",4,1,"The statement means exactly what it says, in plain language with no figure of speech.",4,0,"It expresses a judgment about which gift is more appropriate, reflecting a social convention about gift-giving rather than an empirical fact.",3,1,"It is a direct observation about gift-giving practice, not a conclusion derived by combining knowledge and logic.",4,1,Choosing holiday gifts is an ordinary experience that many people encounter annually.,4,"This reflects common gift-giving conventions for holidays, learned through ordinary social experience, though inherently subjective.","['opinion', 'social', 'literal language', 'normative', 'knowledge', 'everyday']",z-ai/glm-5.3
You should not gossip about your coworkers at the office.,0,Whether gossip is wrong is a subjective judgment; it cannot be demonstrated as objectively correct or incorrect.,3,0,"Workplace gossip norms are human-created social rules, not features of physics or mathematics.",4,1,"The sentence uses plain, ordinary language that means exactly what it says.",4,0,"It prescribes what one should not do, expressing a norm of workplace conduct rather than describing an empirical regularity.",4,1,It is a direct statement about a social norm rather than a conclusion derived through reasoning.,4,1,"Working in offices and hearing gossip are common, everyday experiences.",4,"Avoiding workplace gossip is a common social norm, though whether gossip is wrong is a subjective judgment.","['opinion', 'social', 'literal language', 'normative', 'knowledge', 'everyday']",z-ai/glm-5.3
Sunday is the best day of the week to relax.,0,Which day is 'best' for relaxing is a subjective preference that cannot be objectively proven.,4,0,"Weekend conventions and the idea of rest days are socially constructed, of human origin, not physical laws.",4,1,"The statement is plain and means exactly what it says, with no figure of speech.",4,0,"It expresses a value judgment about how the day should be used, reflecting a social convention about rest rather than an empirical fact.",3,1,"It is a direct observation about people's preferences and conventions, not a conclusion derived by logic.",4,1,Experiencing weekends and choosing how to relax are ordinary parts of daily life.,4,"This is a common belief about weekend rest, shaped by social conventions, though inherently subjective.","['opinion', 'social', 'literal language', 'normative', 'knowledge', 'everyday']",z-ai/glm-5.3
Yellow is the happiest color for a child's birthday decorations.,0,Which color is 'happiest' is inherently subjective and cannot be demonstrated as objectively correct.,4,0,Color-mood associations are socially constructed perceptions of human origin rather than objective features of nature.,4,1,The sentence carries its plain literal meaning without metaphor or hyperbole.,4,0,"It expresses a preference-based judgment about what decorations one should choose, reflecting a convention about color and mood.",3,1,"It is a direct observation about color perception and decoration practices, not a logical conclusion.",4,1,"Decorating for children's birthday parties is a common, everyday experience.",4,"Color associations with moods are common perceptions shaped by social convention, though they are subjective.","['opinion', 'social', 'literal language', 'normative', 'knowledge', 'everyday']",z-ai/glm-5.3
It is polite to bring a small gift when visiting someone's home for dinner.,0,Whether bringing a gift is required for politeness is a subjective social judgment that cannot be objectively proven.,4,0,"Host-gift etiquette is a socially constructed convention of human origin, not a rule of physics or mathematics.",4,1,"The statement uses plain, ordinary language that means exactly what it says.",4,0,"It prescribes polite behavior (bringing a gift), expressing a social norm rather than an empirical regularity.",4,1,It is a direct observation about a social custom rather than a conclusion arrived at through reasoning.,4,1,"Dinner visits to people's homes are common, ordinary social experiences.",4,"Bringing gifts to hosts is a widely recognized courtesy in everyday social life, though it is a convention, not a fact.","['opinion', 'social', 'literal language', 'normative', 'knowledge', 'everyday']",z-ai/glm-5.3
You should send a thank-you note after receiving a birthday present.,0,Whether one 'should' send a note is a subjective convention; it cannot be demonstrated as objectively true or false.,4,0,"Thank-you note customs are human-created social conventions, not features of the natural world.",4,1,"The sentence means exactly what it says, with no figurative language involved.",4,0,"It prescribes a behavior (sending a thank-you note), expressing an etiquette norm rather than an empirical claim.",4,1,"It is a direct statement about an etiquette practice, not a conclusion derived by combining knowledge and logic.",4,1,Giving and receiving birthday presents is an ordinary experience for most people.,4,"Thank-you notes are a well-known etiquette practice, learned through ordinary social life, though subjective in nature.","['opinion', 'social', 'literal language', 'normative', 'knowledge', 'everyday']",z-ai/glm-5.3
Coffee tastes better in the morning than in the evening.,0,How coffee 'tastes better' is a subjective preference that cannot be objectively demonstrated.,4,0,"Morning coffee rituals and taste preferences are socially shaped human perceptions, not natural laws.",4,1,"The statement is plain language that means exactly what it says, with no figure of speech.",4,0,"It expresses a preference about when coffee is best consumed, reflecting a convention about morning routines rather than an empirical fact.",3,1,"It is a direct observation about taste and routine, not a conclusion derived through logical reasoning.",4,1,"Drinking coffee at different times of day is an ordinary, everyday experience.",4,"This is a common personal preference about daily routines, widely shared, though inherently subjective.","['opinion', 'social', 'literal language', 'normative', 'knowledge', 'everyday']",z-ai/glm-5.3
A handwritten letter is more thoughtful than an email.,0,Which is 'more thoughtful' is a subjective judgment that cannot be objectively proven correct or incorrect.,4,0,"Perceptions of thoughtfulness in communication are socially constructed conventions of human origin, not physical rules.",4,1,"The sentence carries its plain, literal meaning without any figurative language.",4,0,"It expresses a value judgment about which form of communication is more thoughtful, reflecting a convention about etiquette.",3,1,"It is a direct observation about communication practices, not a conclusion arrived at through logical reasoning.",4,1,Writing letters and emails are ordinary communication activities in daily life.,4,"This is a common perception about personal communication, though it is a subjective value judgment.","['opinion', 'social', 'literal language', 'normative', 'knowledge', 'everyday']",z-ai/glm-5.3
It is wrong to cut in line at the grocery store.,0,"Whether cutting in line is 'wrong' is a subjective social judgment that cannot be objectively demonstrated, though widely agreed.",3,0,"Line etiquette is a human-created social convention, not a rule of physics or mathematics.",4,1,"The statement is plain and means exactly what it says, with no figure of speech.",4,0,"It judges a behavior as wrong, expressing a moral norm about conduct rather than describing an empirical regularity.",4,1,It is a direct statement about a social norm rather than a conclusion derived from premises and logic.,4,1,"Waiting in line at grocery stores is a common, everyday experience.",4,"Queue norms are widely understood social rules, encountered in daily life, though subjective conventions.","['opinion', 'social', 'literal language', 'normative', 'knowledge', 'everyday']",z-ai/glm-5.3
Casual clothes are more comfortable than suits.,0,Comfort is a subjective perception; the claim cannot be demonstrated as objectively correct or incorrect.,4,0,"Perceptions of clothing comfort and what counts as casual are socially constructed, of human origin.",4,1,"The words carry their plain, ordinary meaning without metaphor or hyperbole.",4,0,"It expresses a preference about attire, reflecting common dress conventions about comfort rather than an empirical fact.",3,1,It is a direct observation about clothing and comfort rather than a conclusion arrived at by reasoning.,4,1,"Wearing different kinds of clothes is a universal, everyday experience.",4,"This is a widespread perception about clothing comfort, shaped by everyday experience, though inherently subjective.","['opinion', 'social', 'literal language', 'normative', 'knowledge', 'everyday']",z-ai/glm-5.3
You should take your shoes off when entering a friend's home.,0,Whether one 'should' remove shoes is a subjective convention varying by household and culture; it cannot be objectively proven.,4,0,"Shoe etiquette in homes is a socially constructed convention of human origin, not a natural law.",4,1,"The statement means exactly what it says, in plain ordinary language.",4,0,"It prescribes proper behavior when entering a home, expressing a norm of courtesy rather than an empirical claim.",4,1,"It is a direct observation about a home-visit custom, not a conclusion derived through combining knowledge and logic.",4,1,"Visiting friends' homes and removing shoes are common, everyday experiences.",4,"Shoe removal etiquette in homes is a common social courtesy, though it is subjective and varies by culture.","['opinion', 'social', 'literal language', 'normative', 'knowledge', 'everyday']",z-ai/glm-5.3
A watched pot never boils.,1,Whether watching affects boiling time can be tested and shown false—a pot boils in the same time whether watched or not. It can be demonstrated incorrect.,3,1,Boiling time can be measured empirically; the saying implies a physical process involving water and heat. It is not about social conventions.,3,0,"It's a hyperbolic aphorism; literally watching doesn't change boiling. It figuratively means waiting feels longer, not plain literal language.",4,0,"It carries a conventional judgment about how one should behave—stop staring and go do something useful. It's an accepted social wisdom, not a mere physical description.",3,1,It states a folk observation about time perception rather than deriving a conclusion through combined logic. It's a known world observation.,3,1,"Boiling water for tea or cooking is a routine experience most people encounter daily. The waiting is a familiar, observable situation.",4,This is a common saying about how time seems to drag when you're anxiously waiting for something to happen.,"['fact', 'physical', 'figure of speech', 'normative', 'knowledge', 'everyday']",z-ai/glm-5.3
An apple a day keeps the doctor away.,1,"The health claim can in principle be tested, though the outcome is not definitively true or false as stated. It leans toward factual demonstrability.",3,1,"It relates to nutrition and health, measurable through biology and empirical study. It's not a socially constructed rule.",4,0,It's an aphorism using rhyme; the apple is symbolic of healthy eating generally. It's not meant literally.,4,0,It prescribes a behavior—eat an apple daily—a value judgment about healthy habits. It advises what one should do.,3,1,"It's a direct folk observation about food and health, not a logical derivation. It asserts a known relationship.",4,1,Eating fruit and visiting doctors are ordinary experiences. The situation is common in daily life.,4,"This is a widely known saying suggesting that eating healthy foods, like apples, helps prevent illness.","['fact', 'physical', 'figure of speech', 'normative', 'knowledge', 'everyday']",z-ai/glm-5.3
Laughter is the best medicine.,1,Whether laughter is literally the 'best' medicine is subjective and hard to verify; the claim is questionable. I'm less confident it's a demonstrable fact.,2,1,It touches on health effects that can be empirically measured through medicine or psychology. It's not purely social.,3,0,It's a metaphorical aphorism; laughter isn't literally medicine. It uses figurative language.,4,0,"It expresses a value judgment that one should embrace humor for health. It's a normative recommendation, not just a physical law.",3,1,It's an observed belief about the world rather than a logical conclusion. It's stated as known wisdom.,3,1,Laughing and dealing with illness are common everyday experiences. The situation is frequently encountered.,4,This saying suggests that humor and joy can help heal or improve one's wellbeing.,"['fact', 'physical', 'figure of speech', 'normative', 'knowledge', 'everyday']",z-ai/glm-5.3
Every cloud has a silver lining.,1,As a metaphorical claim it's not literally verifiable; the truth depends on interpretation. It's borderline between fact and opinion.,2,1,"It references clouds, physical objects with observable features. The imagery grounds it in the physical world.",3,0,"It's clearly a metaphor using cloud imagery for troubles. It's figurative, not literal.",4,0,It conveys a value judgment encouraging optimism in adversity. It's a belief about how to view situations.,3,1,"It's a folk observation about life, not a reasoning process. It presents a general world belief.",3,1,Facing hardship and finding hope are universal experiences. People encounter such situations regularly.,4,This saying means that difficult situations usually have some positive aspect to them.,"['fact', 'physical', 'figure of speech', 'normative', 'knowledge', 'everyday']",z-ai/glm-5.3
Actions speak louder than words.,1,"The comparative claim is subjective and not objectively demonstrable. It reads more like an opinion, so confidence is low.",2,1,"Actions are observable physical behaviors, measurable in the world. It's not a purely social abstraction.",3,0,It's an aphorism with metaphorical comparison; words don't literally have volume versus actions. It's figurative language.,4,0,It carries a judgment valuing deeds over promises—a social norm about trustworthiness. It tells what one should value.,3,1,"It's a general observation about human behavior, not a derived conclusion. It states known wisdom directly.",3,1,Observing others' behavior versus their words happens constantly in ordinary life. The situation is commonplace.,4,This means what people do reveals more about their intentions than what they say.,"['fact', 'physical', 'figure of speech', 'normative', 'knowledge', 'everyday']",z-ai/glm-5.3
The early bird catches the worm.,1,"In the literal sense, early birds do often get worms first, but as a general life claim it's not strictly provable. Confidence is moderate.",3,1,It references birds and worms—real biological entities with observable behavior. It's grounded in the natural world.,3,0,It's an aphorism metaphorically comparing proactive people to early birds. It's figurative language.,4,0,It endorses a value of diligence and promptness—a normative judgment about behavior. It advises acting early.,3,1,"It's an observed generalization, not a reasoning chain. It directly states a world observation.",3,1,Competing for opportunities in daily life is an ordinary experience. The lesson applies to common situations.,4,This saying suggests that those who act promptly gain an advantage over others.,"['fact', 'physical', 'figure of speech', 'normative', 'knowledge', 'everyday']",z-ai/glm-5.3
Blood is thicker than water.,1,The claim about relationship strength is subjective and not objectively verifiable. It functions more as opinion.,2,1,It references blood and water—physical substances with measurable properties. The imagery is physical.,3,0,It's a metaphor using liquid viscosity to represent loyalty. It's clearly figurative.,4,0,It expresses a normative value that family loyalty should come first. It's a belief about how to prioritize relationships.,3,1,"It's a folk observation about kinship, not a logical derivation. It presents common knowledge.",3,1,Family and friendship dynamics are part of ordinary daily experience. The situation is universally familiar.,4,This means family bonds are stronger than friendships or other relationships.,"['fact', 'physical', 'figure of speech', 'normative', 'knowledge', 'everyday']",z-ai/glm-5.3
Too many cooks spoil the broth.,1,"The general claim can be tested in cases, but as a universal statement it's not strictly provable. Moderate confidence.",3,1,Broth and cooking involve measurable physical and chemical processes. It's grounded in the physical world.,3,0,It's an aphorism metaphorically linking cooking to teamwork. It's figurative language.,4,0,It warns against excess collaboration—a normative judgment about group work. It implies one should limit involvement.,3,1,"It's an observed generalization about group dynamics, not a reasoning conclusion. It states known wisdom.",3,1,Cooking and group projects are everyday activities. The scenario is familiar and common.,4,This means that too many people working on one task can ruin the outcome.,"['fact', 'physical', 'figure of speech', 'normative', 'knowledge', 'everyday']",z-ai/glm-5.3
You can't have your cake and eat it too.,1,"Literally, once a cake is eaten it no longer exists, which is demonstrably true. The physical claim is verifiable.",4,1,Cake is a tangible object; eating it and possessing it are mutually exclusive physical states. The logic is empirically grounded.,4,0,"It's a metaphorical proverb about choices, not literally only about cake. It's figurative language.",4,0,It advises accepting trade-offs—a value judgment about choices. It implies one should decide responsibly.,3,1,"It's an observation about resource use, not a multi-step reasoning chain. It directly states known knowledge.",3,1,Making trade-offs with cake or resources is an everyday experience. The situation is relatable.,4,This means you cannot enjoy two mutually exclusive benefits at the same time.,"['fact', 'physical', 'figure of speech', 'normative', 'knowledge', 'everyday']",z-ai/glm-5.3
A picture is worth a thousand words.,1,The comparative claim is hyperbolic and not literally measurable as stated. It's borderline fact versus opinion.,2,1,Pictures are physical artifacts conveying measurable visual information. It's grounded in observable reality.,3,0,It's a hyperbole; 'a thousand words' is not a literal count. It's figurative language.,4,0,It values visual communication over text—a judgment about presentation. It suggests how one should communicate.,3,1,"It's a general observation about communication, not a logical derivation. It states known wisdom.",3,1,"Photos, signs, and diagrams are encountered constantly in daily life. The situation is universal.",4,This means that images can convey information more effectively than verbal descriptions.,"['fact', 'physical', 'figure of speech', 'normative', 'knowledge', 'everyday']",z-ai/glm-5.3
All that glitters is not gold.,1,"Literally, some shiny things are indeed not gold—a verifiable fact. The claim can be demonstrated true.",4,1,"Gold and glitter are physical materials with observable, measurable properties. It's grounded in the physical world.",4,0,It's an aphorism metaphorically warning about deception. It's figurative language.,4,0,It advises caution and skepticism—a value judgment about trusting appearances. It instructs how to behave.,3,1,"It's a direct observation about appearances, not a reasoning conclusion. It states common knowledge.",3,1,Encountering deceptive products or people is a common experience. The warning applies to ordinary situations.,4,This warns that appearances can be deceptive; not everything shiny is valuable.,"['fact', 'physical', 'figure of speech', 'normative', 'knowledge', 'everyday']",z-ai/glm-5.3
The grass is always greener on the other side.,1,The claim about perception is subjective and not objectively verifiable. It functions more as opinion.,2,1,Grass is a physical plant whose color can be observed and measured. The imagery is physical.,3,0,It's a metaphor using grass color for life circumstances. It's clearly figurative.,4,0,It carries a judgment against envy—a value about contentment. It implies one should appreciate what they have.,3,1,"It's a folk observation about human nature, not a logical derivation. It presents known wisdom.",3,1,Envying others' lives is a common everyday feeling. The situation is widely familiar.,4,This means people often think others' circumstances are better than their own.,"['fact', 'physical', 'figure of speech', 'normative', 'knowledge', 'everyday']",z-ai/glm-5.3
Strike while the iron is hot.,1,"Literally, blacksmiths must shape iron while hot—a verifiable fact. The physical basis is demonstrable.",4,1,Hot iron is a physical material; its temperature is measurable. The metaphor derives from blacksmithing.,4,0,It's a metaphor extending blacksmithing to opportunity. It's figurative language.,4,0,It prescribes timely action—a normative judgment about seizing chances. It advises what to do.,3,1,"It's an observed practice, not a reasoning chain. It states known wisdom directly.",3,1,Recognizing and acting on opportunities happens in ordinary life. The advice is commonly applicable.,4,This advises taking advantage of opportunities while conditions are favorable.,"['fact', 'physical', 'figure of speech', 'normative', 'knowledge', 'everyday']",z-ai/glm-5.3
A stitch in time saves nine.,1,The literal economics of stitching can be demonstrated; the general principle is also testable in cases. It leans factual.,3,1,Sewing stitches are physical actions with measurable outcomes on fabric. It's grounded in physical work.,4,0,It's an aphorism metaphorically extending sewing to timely repairs. It's figurative.,4,0,It advises promptness—a value judgment about maintenance and foresight. It prescribes behavior.,3,1,"It's a generalization from observation, not a logical derivation. It states known knowledge.",3,1,Mending clothes and addressing small problems are routine experiences. The scenario is everyday.,4,This means fixing a problem early prevents it from becoming much worse later.,"['fact', 'physical', 'figure of speech', 'normative', 'knowledge', 'everyday']",z-ai/glm-5.3
Rome wasn't built in a day.,1,"Literally, Rome took many years to build—a historical fact. The claim is demonstrably true.",4,1,Rome is a physical city whose construction took measurable time. It's grounded in physical reality.,4,0,It's an aphorism metaphorically using Rome for any big endeavor. It's figurative.,4,0,It encourages patience—a value judgment about effort and time. It implies one should persist.,3,1,"It's an observation about construction and effort, not a reasoning chain. It presents known history.",3,1,Working on long-term projects is an ordinary experience. The lesson applies to common situations.,4,This means great achievements require time and patience.,"['fact', 'physical', 'figure of speech', 'normative', 'knowledge', 'everyday']",z-ai/glm-5.3
Barking dogs seldom bite.,1,"The behavioral trend can be observed, though 'seldom' is not absolute; it's a probabilistic claim. Moderate confidence in factuality.",3,1,Dog barking and biting are observable animal behaviors studied in biology. It's grounded in the natural world.,4,0,It's an aphorism metaphorically applying dog behavior to people. It's figurative language.,4,0,It judges loud threats as less dangerous—a value assessment of character. It implies one shouldn't fear boasters.,3,1,"It's a folk observation, not a logical derivation. It states known wisdom directly.",3,1,Encountering barking dogs or loud talkers is common in daily life. The scenario is familiar.,4,This suggests that people who make loud threats rarely follow through with action.,"['fact', 'physical', 'figure of speech', 'normative', 'knowledge', 'everyday']",z-ai/glm-5.3
Don't count your chickens before they hatch.,1,Not all eggs hatch—a verifiable biological fact. The literal basis is demonstrable.,4,1,"Eggs hatching is a biological, observable process. It's grounded in the natural world.",4,0,It's a metaphor extending hatching to any anticipated success. It's figurative.,4,0,It advises against premature optimism—a normative judgment about planning. It tells what to avoid.,3,1,"It's an observation about uncertainty, not a reasoning conclusion. It states common knowledge.",3,1,Farming and anticipating outcomes are everyday activities. The situation is relatable.,4,This warns against assuming success before it's certain.,"['fact', 'physical', 'figure of speech', 'normative', 'knowledge', 'everyday']",z-ai/glm-5.3
The squeaky wheel gets the grease.,1,"Literally, squeaky wheels do get greased—a verifiable maintenance practice. The literal claim is factual.",4,1,"Squeaky wheels and grease involve physical friction and lubrication, measurable in engineering. It's grounded in physical reality.",4,0,It's a metaphor applying wheel maintenance to social behavior. It's figurative.,4,0,It endorses speaking up to get results—a normative judgment about assertiveness. It advises voicing needs.,3,1,"It's an observed regularity, not a logical derivation. It presents known knowledge.",3,1,Complaining and maintenance are everyday occurrences. The scenario is common.,4,This means those who complain loudly are the ones who get attention or help.,"['fact', 'physical', 'figure of speech', 'normative', 'knowledge', 'everyday']",z-ai/glm-5.3
"When it rains, it pours.",1,"Literally, rain sometimes does pour—a verifiable weather fact. The literal claim is true.",4,1,Rain and pouring are physical weather phenomena measured by meteorology. It's grounded in the natural world.,4,0,It's a metaphor applying weather to misfortune. It's clearly figurative.,4,0,It conveys a resigned judgment about handling multiple troubles at once. It implies one should brace for clusters.,3,1,"It's an observation about patterns, not a reasoning chain. It states common knowledge.",3,1,Experiencing bad luck in bunches is a familiar situation. The saying is used in ordinary life.,4,This means problems or events tend to come in clusters rather than singly.,"['fact', 'physical', 'figure of speech', 'normative', 'knowledge', 'everyday']",z-ai/glm-5.3
Don't put all your eggs in one basket.,1,One dropped basket can break all eggs—a demonstrable physical fact. The literal claim is true.,4,1,Eggs and baskets are physical objects; breaking them is an observable event. It's grounded in the physical world.,4,0,It's a metaphor extending eggs to any investment. It's figurative.,4,0,It prescribes diversification—a value judgment about risk management. It advises prudent behavior.,3,1,"It's an observed practice, not a logical derivation. It presents known wisdom.",3,1,Handling eggs and managing resources are everyday tasks. The advice is commonly applicable.,4,This advises spreading resources or risks rather than concentrating them in one place.,"['fact', 'physical', 'figure of speech', 'normative', 'knowledge', 'everyday']",z-ai/glm-5.3
Absence makes the heart grow fonder.,1,The emotional claim is subjective and varies by person; it's not objectively verifiable. It's borderline opinion.,2,1,"It touches on emotional responses that have physiological, measurable aspects. It's not purely social convention.",3,0,It's an aphorism metaphorically describing emotional growth. It's figurative language.,4,0,It expresses a belief about how distance affects love—a value-laden judgment. It frames how one should feel.,3,1,"It's a folk observation about emotions, not a reasoning chain. It states known belief.",3,1,Being away from loved ones is a common experience. The feeling is widely relatable.,4,This suggests that being apart from someone can increase affection for them.,"['fact', 'physical', 'figure of speech', 'normative', 'knowledge', 'everyday']",z-ai/glm-5.3
"If the shoe fits, wear it.",1,Whether a shoe fits is physically demonstrable; the metaphorical claim is more subjective. Moderate confidence.,3,1,"Shoes and fitting are physical matters of size, measurable empirically. It's grounded in the physical world.",4,0,It's a metaphor using shoe fitting for accepting criticism. It's figurative.,4,0,It advises accepting applicable criticism—a normative judgment about self-awareness. It tells what to do.,3,1,"It's an observed social regularity, not a logical derivation. It presents common knowledge.",3,1,Trying on shoes and receiving criticism are common experiences. The scenario is familiar.,4,"This means if a criticism applies to you, accept it.","['fact', 'physical', 'figure of speech', 'normative', 'knowledge', 'everyday']",z-ai/glm-5.3
Coffee tastes better with a spoonful of sugar.,0,"Whether coffee tastes better with sugar is inherently subjective and cannot be objectively proven, since taste varies by person. Confidence is high.",4,1,"The statement concerns taste, which arises from physical and chemical interactions of substances with taste receptors, describable by natural science. It is not a socially constructed rule. Confidence is moderate because taste also involves subjective perception.",3,1,"The sentence plainly means that coffee's flavor improves with sugar, with no metaphor or figure of speech. Confidence is high.",4,0,"It expresses a value judgment about what makes coffee taste better, reflecting a personal or cultural norm of taste. Confidence is high because it is not a neutral empirical regularity. Confidence in the feature is somewhat moderate because it is phrased as a knowledge claim.",3,1,"It is a claim about how the world (coffee taste) is, not a conclusion derived from combining multiple facts. Confidence is high.",4,1,"Adding sugar to coffee is a routine experience for most people in daily life, not an abstract concept. Confidence is high because taste preferences are directly encountered.",4,This is a common everyday belief about taste that many people hold and share in daily life.,"['opinion', 'physical', 'literal language', 'normative', 'knowledge', 'everyday']",z-ai/glm-5.3
Rain makes the air feel fresher.,0,Whether air feels fresher is a subjective perception that cannot be objectively proven true or false for everyone. Confidence is high.,4,1,"It concerns weather and the physical sensation of air, which relate to natural phenomena like humidity and ozone. Confidence is moderate because the feeling is partly perceptual.",3,1,"The sentence directly means rain improves how the air feels, with no figure of speech. Confidence is high.",4,0,"It reflects a shared belief or value about how air should feel after rain, a common convention of perception. Confidence is moderate because it reads more as a knowledge claim than a norm.",2,1,It states an observation about the world rather than a conclusion from combined facts. Confidence is high.,4,1,"Rain and the feeling of air afterward are things people experience in ordinary life, not abstract matters. Confidence is high.",4,"People commonly believe and often say that air feels fresher after rain, based on everyday experience.","['opinion', 'physical', 'literal language', 'normative', 'knowledge', 'everyday']",z-ai/glm-5.3
Pizza is the best late-night snack.,0,'Best' is inherently a subjective judgment that cannot be objectively demonstrated. Confidence is high.,4,1,"It concerns food, a tangible material substance with objective properties like taste and nutrition, not a social construct. Confidence is moderate because 'best' invokes preference.",3,1,"The sentence plainly claims pizza is the top choice among late-night snacks, without metaphor. Confidence is high.",4,0,"It expresses a value about what one should eat late at night, reflecting a personal or cultural norm. Confidence is moderate because it is phrased as a factual-sounding claim. Confidence is somewhat moderate.",3,1,"It is a direct claim about snack quality, not a conclusion from combining multiple facts. Confidence is high.",4,1,Late-night snacking and pizza are ordinary experiences many people encounter regularly. Confidence is high.,4,This is a widely shared everyday opinion that pizza is ideal for late-night eating.,"['opinion', 'physical', 'literal language', 'normative', 'knowledge', 'everyday']",z-ai/glm-5.3
A hot shower after work feels more relaxing than a cold one.,0,"Relaxation is subjective, so the claim cannot be objectively proven true or false for all people. Confidence is high.",4,1,"It concerns water temperature and bodily sensations, which are measurable physical properties. Confidence is moderate because relaxation is a subjective feeling. Confidence is somewhat moderate.",3,1,"The sentence directly compares relaxation from hot versus cold showers, with no figurative language. Confidence is high.",4,0,"It conveys a belief about what makes a shower relaxing, guiding a common preference or expectation. Confidence is moderate because it reads as a perception rather than an explicit norm.",3,1,"It is a straightforward claim about how showers feel, not a multi-step logical conclusion. Confidence is high.",4,1,Taking showers after work is a common daily routine for many people. Confidence is high.,4,Most people share the everyday belief that hot showers are more relaxing than cold ones.,"['opinion', 'physical', 'literal language', 'normative', 'knowledge', 'everyday']",z-ai/glm-5.3
Freshly baked bread smells more appealing than packaged bread.,0,Which smell is more appealing is a subjective judgment that cannot be objectively settled. Confidence is high.,4,1,"It involves smell, which arises from chemical compounds in bread measurable by natural science. Confidence is moderate because 'appealing' is perceptual.",3,1,"The sentence plainly compares the smells of two types of bread, without metaphor. Confidence is high.",4,0,"It reflects a shared value about what smells good, a common convention of taste. Confidence is moderate because it is phrased as a knowledge claim. Confidence is somewhat moderate.",3,1,"It states an observation about bread smell, not a conclusion from combined premises. Confidence is high.",4,1,"Encountering bread, fresh or packaged, is a regular experience in ordinary life. Confidence is high.",4,People commonly hold that fresh-baked bread smells better than store-packaged bread.,"['opinion', 'physical', 'literal language', 'normative', 'knowledge', 'everyday']",z-ai/glm-5.3
Cats make better pets than hamsters for most families.,0,'Better' is inherently subjective and cannot be objectively proven for all families. Confidence is high.,4,1,"It concerns animals, their tangible traits and behaviors described by biology, not social rules. Confidence is moderate because 'better' invokes preference.",3,1,"The sentence plainly compares cats and hamsters as pets, with no figure of speech. Confidence is high.",4,0,"It expresses a value judgment about which pet families should choose, reflecting a common belief. Confidence is high.",4,1,"It is a direct claim about pet suitability, not a conclusion from combining facts. Confidence is high.",4,1,Choosing pets is an ordinary experience many families face. Confidence is high.,4,This expresses the common everyday opinion that cats suit families better than hamsters.,"['opinion', 'physical', 'literal language', 'normative', 'knowledge', 'everyday']",z-ai/glm-5.3
The beach is more enjoyable in summer than in winter.,0,"Enjoyment is subjective, so the claim cannot be objectively demonstrated. Confidence is high.",4,1,"It involves seasonal weather and temperature, objective natural conditions. Confidence is moderate because 'enjoyable' is perceptual.",3,1,"The sentence directly compares beach enjoyment across seasons, without figurative language. Confidence is high.",4,0,"It conveys a belief about when one should enjoy the beach, a common cultural expectation. Confidence is moderate because it reads as a preference claim. Confidence is somewhat moderate.",3,1,"It is a simple claim about seasonal enjoyment, not a derived logical conclusion. Confidence is high.",4,1,Visiting beaches across seasons is a common ordinary experience. Confidence is high.,4,People commonly believe beaches are more pleasant in summer than in winter.,"['opinion', 'physical', 'literal language', 'normative', 'knowledge', 'everyday']",z-ai/glm-5.3
Morning coffee tastes better than afternoon coffee.,0,Which coffee tastes better is subjective and cannot be objectively proven. Confidence is high.,4,1,"It concerns coffee and time of day, involving tangible substances and biological states. Confidence is moderate because taste is subjective.",3,1,"The sentence plainly compares coffee taste at two times, with no metaphor. Confidence is high.",4,0,"It reflects a common belief about when coffee should be enjoyed, a convention of taste. Confidence is moderate because it is phrased as a knowledge claim.",3,1,"It is a direct observation about taste, not a conclusion from combined facts. Confidence is high.",4,1,Drinking coffee at different times is a routine daily experience. Confidence is high.,4,Many people share the everyday belief that coffee tastes better in the morning.,"['opinion', 'physical', 'literal language', 'normative', 'knowledge', 'everyday']",z-ai/glm-5.3
Pine-scented cleaners make a room feel cleaner.,0,Whether a room feels cleaner is subjective and cannot be objectively settled. Confidence is high.,4,1,"It involves scent molecules and their interaction with smell receptors, describable by chemistry. Confidence is moderate because cleanliness perception is subjective. Confidence is somewhat moderate.",3,1,"The sentence directly states that pine scent affects perceived cleanliness, without figurative language. Confidence is high.",4,0,"It reflects a belief about what should signal cleanliness, a common cultural association. Confidence is moderate because it reads as a perception claim. Confidence is somewhat moderate.",3,1,"It is a simple claim about scent and perception, not a derived conclusion. Confidence is high.",4,1,Using scented cleaners while cleaning rooms is an ordinary household experience. Confidence is high.,4,"People commonly believe pine scent makes rooms seem cleaner, based on everyday cleaning experience.","['opinion', 'physical', 'literal language', 'normative', 'knowledge', 'everyday']",z-ai/glm-5.3
Fresh snow makes the neighborhood look prettier.,0,Prettiness is inherently subjective and cannot be objectively proven. Confidence is high.,4,1,"It involves snow, a physical substance with objective properties like whiteness. Confidence is moderate because 'prettier' is perceptual.",3,1,"The sentence plainly says snow improves the neighborhood's appearance, with no metaphor. Confidence is high.",4,0,"It expresses an aesthetic value about how snow should be viewed, a common cultural belief. Confidence is moderate because it is an aesthetic judgment. Confidence is somewhat moderate.",3,1,"It is a direct observation about visual appearance, not a logical conclusion. Confidence is high.",4,1,Seeing snow fall in one's neighborhood is a common ordinary experience in many regions. Confidence is high.,4,Many people share the everyday view that fresh snow beautifies neighborhoods.,"['opinion', 'physical', 'literal language', 'normative', 'knowledge', 'everyday']",z-ai/glm-5.3
Home-cooked meals are more satisfying than fast food.,0,"Satisfaction is subjective, so the claim cannot be objectively demonstrated. Confidence is high.",4,1,"It concerns food, tangible substances with measurable properties like portion size and ingredients. Confidence is moderate because satisfaction is subjective.",3,1,"The sentence plainly compares satisfaction from two food types, without figurative language. Confidence is high.",4,0,"It conveys a value about which meals people should prefer, a common cultural belief. Confidence is high.",4,1,"It is a direct claim about meal satisfaction, not a conclusion from combined facts. Confidence is high.",4,1,Choosing between home-cooked meals and fast food is a routine daily experience. Confidence is high.,4,This reflects the common everyday opinion that home cooking satisfies more than fast food.,"['opinion', 'physical', 'literal language', 'normative', 'knowledge', 'everyday']",z-ai/glm-5.3
Leather seats feel more comfortable than cloth seats in a car.,0,Comfort is subjective and cannot be objectively proven for everyone. Confidence is high.,4,1,"It involves seat materials, tangible substances with measurable properties like texture. Confidence is moderate because comfort is perceptual.",3,1,"The sentence directly compares comfort of two seat materials, with no metaphor. Confidence is high.",4,0,"It expresses a value about what car seats should feel like, a common consumer preference. Confidence is moderate because it reads as a perception claim. Confidence is somewhat moderate.",3,1,"It is a straightforward claim about seat feel, not a derived logical conclusion. Confidence is high.",4,1,Sitting in cars with different seats is a common daily experience for drivers and passengers. Confidence is high.,4,Many people hold the everyday opinion that car leather seats are more comfortable than cloth.,"['opinion', 'physical', 'literal language', 'normative', 'knowledge', 'everyday']",z-ai/glm-5.3
Sunsets over the ocean are more beautiful than sunsets over the city.,0,Beauty is inherently subjective and cannot be objectively demonstrated. Confidence is high.,4,1,"It involves light, atmosphere, and scenery, natural phenomena described by physics. Confidence is moderate because beauty is perceptual.",3,1,"The sentence plainly compares sunset beauty in two settings, without figurative language. Confidence is high.",4,0,"It expresses an aesthetic value about which sunsets people should find beautiful, a cultural norm. Confidence is moderate because it is an aesthetic judgment.",3,1,"It is a simple observation about scenery, not a conclusion from combining facts. Confidence is high.",4,1,Watching sunsets near oceans or cities is an ordinary experience for many people. Confidence is high.,4,This captures the common everyday opinion that ocean sunsets are more beautiful than city sunsets.,"['opinion', 'physical', 'literal language', 'normative', 'knowledge', 'everyday']",z-ai/glm-5.3
Hard mattresses are healthier for your back than soft ones.,0,"The claim is contested and cannot be conclusively proven correct or incorrect, as evidence varies. Confidence is high because it is widely debated.",4,1,"It concerns mattresses and spinal support, involving material firmness and body mechanics measurable by science. Confidence is moderate because health effects are debated.",3,1,"The sentence directly compares mattress firmness and back health, with no metaphor. Confidence is high.",4,0,"It expresses a belief about what mattress people should choose for health, a common convention. Confidence is high.",4,1,"It is a direct claim about mattresses and health, not a conclusion from multiple premises. Confidence is high.",4,1,Sleeping on mattresses of varying firmness is a routine everyday experience. Confidence is high.,4,Many people believe the common claim that firmer mattresses better support back health.,"['opinion', 'physical', 'literal language', 'normative', 'knowledge', 'everyday']",z-ai/glm-5.3
Handwritten letters feel more personal than emails.,0,Personalness is subjective and cannot be objectively proven for all recipients. Confidence is high.,4,1,"It concerns tangible physical media like paper and ink versus digital text, describable materially. Confidence is moderate because the core claim is about perceived feeling, which is subjective.",2,1,"The sentence plainly compares the personal feel of letters and emails, without figurative language. Confidence is high.",4,0,"It reflects a value about how meaningful communication should be conducted, a cultural belief. Confidence is high.",4,1,"It is a direct claim about how communication media feel, not a derived conclusion. Confidence is high.",4,1,Writing and receiving letters and emails are ordinary experiences for many people. Confidence is high.,4,People commonly believe handwritten letters carry more personal feeling than emails.,"['opinion', 'physical', 'literal language', 'normative', 'knowledge', 'everyday']",z-ai/glm-5.3
Crispy bacon tastes better than soggy bacon.,0,Which bacon tastes better is inherently subjective and cannot be objectively settled. Confidence is high.,4,1,"It concerns bacon's texture, a measurable physical property affected by cooking. Confidence is moderate because taste is subjective.",3,1,"The sentence plainly compares taste of crispy versus soggy bacon, with no metaphor. Confidence is high.",4,0,"It expresses a value about how bacon should be cooked and enjoyed, a common preference norm. Confidence is high.",4,1,"It is a direct claim about bacon taste, not a conclusion from combining facts. Confidence is high.",4,1,Eating bacon of varying crispness is a common ordinary experience. Confidence is high.,4,Most people share the everyday opinion that crispy bacon tastes better than soggy bacon.,"['opinion', 'physical', 'literal language', 'normative', 'knowledge', 'everyday']",z-ai/glm-5.3
Cats are nicer than dogs.,0,"Niceness is subjective and cannot be objectively proven, as it depends on preference. Confidence is high.",4,1,"It concerns animals and their observable behaviors, describable by biology, not social rules. Confidence is moderate because 'nicer' invokes subjective judgment.",3,1,"The sentence plainly states cats are nicer than dogs, without metaphor or hyperbole. Confidence is high.",4,0,"It expresses a value judgment about which pet people should find nicer, reflecting a preference norm. Confidence is high.",4,1,"It is a direct claim about animals, not a conclusion from combining multiple facts. Confidence is high.",4,1,Interacting with cats and dogs is a common ordinary experience for many people. Confidence is high.,4,"This is a classic everyday opinion statement about pet preferences, as shown in the task's own example.","['opinion', 'physical', 'literal language', 'normative', 'knowledge', 'everyday']",z-ai/glm-5.3
Ice cream is more refreshing on a hot day than on a cold day.,0,Refreshment is subjective and cannot be objectively demonstrated for everyone. Confidence is high.,4,1,"It involves temperature and frozen food, physical phenomena measurable by science. Confidence is moderate because refreshment is perceptual.",3,1,"The sentence directly compares ice cream's refreshment across weather, without figurative language. Confidence is high.",4,0,"It conveys a belief about when ice cream should be enjoyed, a common cultural expectation. Confidence is moderate because it reads as a perception claim.",3,1,"It is a simple claim about refreshment, not a logical conclusion from combined facts. Confidence is high.",4,1,Eating ice cream in various weather is a common ordinary experience. Confidence is high.,4,People widely share the everyday belief that ice cream refreshes best on hot days.,"['opinion', 'physical', 'literal language', 'normative', 'knowledge', 'everyday']",z-ai/glm-5.3
Wooden floors are nicer underfoot than carpet in summer.,0,Which floor feels nicer is subjective and cannot be objectively proven. Confidence is high.,4,1,It concerns floor materials with measurable properties like heat retention. Confidence is moderate because niceness is perceptual.,3,1,"The sentence plainly compares how floors feel in summer, with no metaphor. Confidence is high.",4,0,"It reflects a value about preferred flooring in summer, a common consumer preference norm. Confidence is moderate because it is phrased as a knowledge claim. Confidence is somewhat moderate.",3,1,"It is a direct observation about flooring feel, not a derived conclusion. Confidence is high.",4,1,Walking on different floorings across seasons is a routine household experience. Confidence is high.,4,Many people believe wooden floors feel nicer than carpet during hot weather.,"['opinion', 'physical', 'literal language', 'normative', 'knowledge', 'everyday']",z-ai/glm-5.3
Fresh strawberries taste sweeter than frozen ones.,0,"Perceived sweetness varies by person, so the claim cannot be objectively settled. Confidence is moderate because sugar content could be measured, but perception is subjective. Confidence is somewhat moderate.",3,1,"It involves fruit and taste chemistry, like sugar content affected by freezing, measurable by science. Confidence is moderate because taste is subjective.",3,1,"The sentence directly compares sweetness of fresh versus frozen strawberries, without figurative language. Confidence is high.",4,0,"It reflects a belief about which strawberries should be preferred for taste, a common convention. Confidence is moderate because it reads as a knowledge claim.",3,1,"It is a straightforward claim about taste, not a conclusion from combining facts. Confidence is high.",4,1,Eating fresh and frozen strawberries is an ordinary experience for many people. Confidence is high.,4,People commonly hold that fresh strawberries taste sweeter than frozen strawberries.,"['opinion', 'physical', 'literal language', 'normative', 'knowledge', 'everyday']",z-ai/glm-5.3
You should not run red lights.,1,"The legality of red-light rules is a fact established by traffic law, verifiable independently of opinion; I am somewhat confident because violations are objectively unlawful in most places.",3,0,The rule of stopping at red lights is a human convention invented by society; I am very confident it has no basis in physical law.,4,1,The sentence plainly refers to traffic signals; I am very confident it contains no metaphor or figurative language.,4,0,This expresses a norm about proper road behavior rather than an empirical fact; I am very confident because it prescribes what one should do.,4,1,"It states a known rule directly, without deriving it from other facts; I am very confident.",4,1,Drivers and pedestrians encounter red lights routinely; I am very confident this occurs in ordinary experience.,4,"Traffic rules are widely understood to protect people, making it common sense to follow them.","['fact', 'social', 'literal language', 'normative', 'knowledge', 'everyday']",z-ai/glm-5.3
It is impolite to burp loudly at a formal dinner.,1,Etiquette codes and widespread social practice make this correctness demonstrable against accepted manners; I am somewhat confident since etiquette standards are documented conventions.,3,0,Politeness norms are socially constructed rules; I am very confident they are of human origin.,4,1,The statement plainly refers to actual burping at dinner; I am very confident there is no figure of speech.,4,0,It describes a social etiquette standard about manners; I am very confident because it judges behavior as appropriate or not.,4,1,It directly states a known etiquette fact without logical derivation; I am very confident.,4,1,People routinely attend formal dinners; I am very confident this situation arises in everyday life.,4,Diners everywhere generally recognize that loud burping at formal meals is rude.,"['fact', 'social', 'literal language', 'normative', 'knowledge', 'everyday']",z-ai/glm-5.3
You should thank someone who gives you a gift.,1,"Gratitude is an established social requirement across cultures, so compliance can be judged against norms; I am somewhat confident because cultural documentation makes it checkable.",3,0,Gift-giving etiquette is a human convention; I am very confident it has no natural or physical basis.,4,1,It plainly refers to thanking people; I am very confident it contains no figurative expression.,4,0,This prescribes proper social conduct; I am very confident because it states what one ought to do.,4,1,It states a direct piece of social knowledge without inferential steps; I am very confident.,4,1,Giving and receiving gifts occurs regularly in ordinary life; I am very confident.,4,It is universally understood that receiving a gift calls for a thank-you.,"['fact', 'social', 'literal language', 'normative', 'knowledge', 'everyday']",z-ai/glm-5.3
A bank teller should not wear pajamas to work.,1,"Bank dress codes are documented institutional policies, making the expectation objectively verifiable; I am somewhat confident because professional standards are codified.",3,0,Workplace dress norms are socially constructed conventions; I am very confident they are of human origin.,4,1,It plainly refers to actual clothing in the workplace; I am very confident there is no metaphor.,4,0,It expresses a workplace dress-code expectation; I am very confident because it judges appropriate behavior.,4,1,"It is a direct observation about professional expectations, not a derived conclusion; I am very confident.",4,1,Bank visits and workplace attire are common experiences; I am very confident.,4,Most people know that certain jobs require appropriate attire.,"['fact', 'social', 'literal language', 'normative', 'knowledge', 'everyday']",z-ai/glm-5.3
You should wait in line and not cut ahead of others.,1,"Line-cutting violates a recognized queueing convention, so the expectation can be judged against accepted practice; I am somewhat confident because the norm is widely documented.",3,0,Queueing rules are human social conventions; I am very confident they are not physical laws.,4,1,It plainly refers to standing in lines; I am very confident it contains no figures of speech.,4,0,It prescribes fair conduct in queues; I am very confident because it states an obligation.,4,1,It directly states a known queueing rule without logical derivation; I am very confident.,4,1,Waiting in lines is an everyday occurrence; I am very confident.,4,Queuing fairly is a basic rule nearly everyone understands and follows.,"['fact', 'social', 'literal language', 'normative', 'knowledge', 'everyday']",z-ai/glm-5.3
You should apologize when you hurt someone accidentally.,1,"Apologizing after causing harm is an established social expectation, checkable against etiquette norms; I am somewhat confident because the norm is widely codified.",3,0,Apology conventions are socially constructed; I am very confident they are of human origin.,4,1,It plainly refers to actual apologies and injuries; I am very confident there is no figurative language.,4,0,It expresses a moral etiquette expectation about apologizing; I am very confident because it prescribes behavior.,4,1,It states a direct social expectation rather than an inference; I am very confident.,4,1,Accidental harms and apologies happen frequently in daily life; I am very confident.,4,"People generally agree that hurting someone, even unintentionally, calls for an apology.","['fact', 'social', 'literal language', 'normative', 'knowledge', 'everyday']",z-ai/glm-5.3
It is rude to talk loudly on your phone in a library.,1,"Library rules and etiquette codes treat loud phone use as improper, making this verifiable against norms; I am somewhat confident because library policies are documented.",3,0,Quiet rules in libraries are human conventions; I am very confident they are socially constructed.,4,1,It plainly refers to phone calls and libraries; I am very confident there is no metaphor.,4,0,It judges behavior as rude according to etiquette; I am very confident because it evaluates conduct.,4,1,It directly states a known etiquette expectation without inference; I am very confident.,4,1,Libraries and phone use are common in daily experience; I am very confident.,4,Nearly everyone knows libraries require quiet and phone calls disturb others.,"['fact', 'social', 'literal language', 'normative', 'knowledge', 'everyday']",z-ai/glm-5.3
Marriage ceremonies usually require a legal license to be official.,1,"Marriage license laws are objective legal facts, verifiable in any jurisdiction; I am very confident because statutes document the requirement.",4,0,Marriage and its legal rules are human social institutions; I am very confident they are not natural phenomena.,4,1,It plainly refers to licenses and ceremonies; I am very confident it contains no figurative language.,4,0,It describes an institutional requirement governing official marriage; I am very confident because it states a rule of proper procedure.,4,1,"It is a direct observation about marriage law, not a derived conclusion; I am very confident.",4,1,Marriage is a familiar life event many people encounter; I am very confident.,4,People commonly know that legal marriage requires paperwork and licensing.,"['fact', 'social', 'literal language', 'normative', 'knowledge', 'everyday']",z-ai/glm-5.3
Voting in an election is a citizen's civic duty.,1,"Civic duty expectations are codified in laws and civics education, making the claim checkable; I am somewhat confident because the duty is a documented norm.",3,0,Voting and citizenship are social institutions of human origin; I am very confident they are not physical facts.,4,1,It plainly refers to voting and elections; I am very confident there is no figure of speech.,4,0,It expresses a value about civic responsibility; I am very confident because it prescribes what citizens should do.,4,1,It directly states a civic expectation without inferential reasoning; I am very confident.,4,1,Elections occur regularly in everyday civic life; I am very confident.,4,People widely understand that participating in elections is an expected responsibility of citizenship.,"['fact', 'social', 'literal language', 'normative', 'knowledge', 'everyday']",z-ai/glm-5.3
A restaurant server should not ignore customers for long periods.,1,"Service industry standards treat neglect of customers as improper, making this verifiable against professional norms; I am somewhat confident because service standards are documented.",3,0,Service etiquette is a socially constructed norm; I am very confident it is of human origin.,4,1,It plainly refers to servers and customers; I am very confident there is no metaphor.,4,0,It states a workplace conduct expectation; I am very confident because it judges appropriate service behavior.,4,1,It is a direct statement about service expectations without logical derivation; I am very confident.,4,1,Dining out is a common experience; I am very confident this occurs in everyday life.,4,Diners generally expect servers to be attentive and available.,"['fact', 'social', 'literal language', 'normative', 'knowledge', 'everyday']",z-ai/glm-5.3
You should remove your shoes before entering a Japanese home.,1,"This custom is an objectively documented Japanese convention, so it can be verified independently; I am very confident because ethnographic sources confirm it.",4,0,The shoes-off custom is a human cultural convention; I am very confident it is socially constructed.,4,1,It plainly refers to shoes and homes; I am very confident it contains no figurative language.,4,0,It states a cultural etiquette rule about entering homes; I am very confident because it prescribes proper conduct.,4,1,It directly states a known cultural practice without inference; I am very confident.,4,1,Visiting homes is an everyday activity; I am very confident this situation arises commonly.,4,Many people know that Japanese households require removing shoes indoors.,"['fact', 'social', 'literal language', 'normative', 'knowledge', 'everyday']",z-ai/glm-5.3
Doctors should keep their patients' medical information confidential.,1,"Medical confidentiality is codified in laws like HIPAA, making the requirement objectively verifiable; I am very confident because statutes document it.",4,0,Doctor-patient confidentiality is a socially constructed professional norm; I am very confident it is of human origin.,4,1,It plainly refers to doctors and medical records; I am very confident there is no figure of speech.,4,0,It expresses a professional ethical requirement; I am very confident because it states what doctors ought to do.,4,1,It directly states a professional obligation without inferential reasoning; I am very confident.,4,1,Medical visits are routine experiences; I am very confident people encounter this.,4,Most people know that medical privacy is a trusted professional obligation.,"['fact', 'social', 'literal language', 'normative', 'knowledge', 'everyday']",z-ai/glm-5.3
You should RSVP to a wedding invitation by the requested date.,1,"RSVP expectations are established etiquette conventions, verifiable against manners guides; I am somewhat confident because etiquette references codify this norm.",3,0,RSVP conventions are human social customs; I am very confident they are not physical laws.,4,1,It plainly refers to invitations and replies; I am very confident there is no metaphor.,4,0,It prescribes proper etiquette for responding to invitations; I am very confident because it states an obligation.,4,1,It is a direct statement about invitation etiquette without logical derivation; I am very confident.,4,1,Wedding invitations are common social events; I am very confident.,4,Guests generally understand that wedding invitations require a timely reply.,"['fact', 'social', 'literal language', 'normative', 'knowledge', 'everyday']",z-ai/glm-5.3
It is expected to leave a tip for good service at restaurants.,1,"Tipping is a documented cultural convention in many countries, so the expectation is verifiable; I am somewhat confident because customs vary but are documented.",3,0,Tipping is a socially constructed convention; I am very confident it is of human origin.,4,1,It plainly refers to leaving money as tips; I am very confident there is no figurative language.,4,0,It expresses a customary social expectation about tipping; I am very confident because it judges proper conduct.,4,1,It directly states a known custom without inferential steps; I am very confident.,4,1,Dining out is a frequent everyday activity; I am very confident.,4,Diners commonly understand that tipping servers is customary practice.,"['fact', 'social', 'literal language', 'normative', 'knowledge', 'everyday']",z-ai/glm-5.3
A student should not submit someone else's work as their own.,1,"Plagiarism rules are objectively codified in academic policies, making the norm verifiable; I am very confident because institutions document these rules.",4,0,Academic honesty standards are human social conventions; I am very confident they are socially constructed.,4,1,It plainly refers to submitting schoolwork; I am very confident it contains no figures of speech.,4,0,It states an academic integrity rule; I am very confident because it prescribes what students ought to do.,4,1,It is a direct statement about school rules without logical inference; I am very confident.,4,1,Schoolwork is part of ordinary experience; I am very confident.,4,Everyone knows that submitting others' work as your own is cheating.,"['fact', 'social', 'literal language', 'normative', 'knowledge', 'everyday']",z-ai/glm-5.3
You should not use someone's photo without their permission.,1,Image rights and consent laws make this requirement objectively verifiable in many jurisdictions; I am somewhat confident because legal codes document it though they vary.,3,0,Photo consent norms are socially constructed; I am very confident they are of human origin.,4,1,It plainly refers to photos and permission; I am very confident there is no metaphor.,4,0,It expresses a privacy norm about consent; I am very confident because it prescribes proper behavior.,4,1,It directly states a known privacy expectation without derivation; I am very confident.,4,1,Sharing photos is a routine activity; I am very confident this arises daily.,4,People generally respect that using others' photos requires consent.,"['fact', 'social', 'literal language', 'normative', 'knowledge', 'everyday']",z-ai/glm-5.3
A driver should yield to pedestrians in a crosswalk.,1,Right-of-way laws requiring drivers to yield are objective legal facts; I am very confident because statutes document them.,4,0,Right-of-way rules are human-made traffic conventions; I am very confident they are not natural laws.,4,1,"It plainly refers to drivers, pedestrians, and crosswalks; I am very confident it contains no figures of speech.",4,0,It prescribes proper road conduct; I am very confident because it states what drivers should do.,4,1,It directly states a traffic rule without logical reasoning; I am very confident.,4,1,Driving and crossing streets are everyday activities; I am very confident.,4,Drivers know they must let pedestrians cross safely at crosswalks.,"['fact', 'social', 'literal language', 'normative', 'knowledge', 'everyday']",z-ai/glm-5.3
People should cover their mouths when they cough.,1,"Covering coughs is an established health and etiquette norm, verifiable against health guidance; I am very confident because public health bodies document it.",4,0,Cough etiquette is a human social convention; I am very confident it is of human origin.,4,1,It plainly refers to coughing and mouths; I am very confident there is no figurative language.,4,0,It expresses a hygiene etiquette expectation; I am very confident because it prescribes proper behavior.,4,1,It directly states a known politeness rule without inference; I am very confident.,4,1,Coughing happens routinely in daily life; I am very confident.,4,Nearly everyone knows that covering a cough is polite and hygienic.,"['fact', 'social', 'literal language', 'normative', 'knowledge', 'everyday']",z-ai/glm-5.3
A landlord must return a tenant's security deposit after the lease ends.,1,"Security deposit rules are objective landlord-tenant laws, verifiable in any jurisdiction; I am very confident because statutes document the requirement.",4,0,Leases and deposits are human social institutions; I am very confident they are socially constructed.,4,1,It plainly refers to leases and deposits; I am very confident it contains no figures of speech.,4,0,It states a legal obligation governing rental conduct; I am very confident because it prescribes what landlords must do.,4,1,"It is a direct observation about rental law, not a derived conclusion; I am very confident.",4,1,Renting apartments is a common everyday experience; I am very confident.,4,Renters and landlords generally know that security deposits should be refunded when leases end.,"['fact', 'social', 'literal language', 'normative', 'knowledge', 'everyday']",z-ai/glm-5.3
It is customary to bring a gift when invited to a birthday party.,1,"Gift-giving at birthdays is a documented cultural custom, so the expectation is verifiable; I am somewhat confident because etiquette guides codify the convention.",3,0,Birthday customs are human social traditions; I am very confident they are not physical facts.,4,1,It plainly refers to parties and gifts; I am very confident there is no metaphor.,4,0,It describes a customary expectation for party guests; I am very confident because it judges appropriate conduct.,4,1,It directly states a known custom without logical derivation; I am very confident.,4,1,Birthday parties are ordinary social events; I am very confident.,4,People generally know that birthday invitations come with the expectation of a gift.,"['fact', 'social', 'literal language', 'normative', 'knowledge', 'everyday']",z-ai/glm-5.3
You should not read someone else's diary without permission.,1,"Privacy expectations around personal writings are established social norms, checkable against etiquette; I am somewhat confident because privacy norms are widely documented.",3,0,Privacy norms are socially constructed rules of human origin; I am very confident they are not natural laws.,4,1,It plainly refers to diaries and reading; I am very confident it contains no figurative language.,4,0,It expresses a privacy norm about respecting personal property; I am very confident because it prescribes proper behavior.,4,1,It directly states a known privacy expectation without inference; I am very confident.,4,1,Personal diaries and privacy issues are encountered in ordinary life; I am very confident.,4,People understand that diaries are private and reading them without consent is wrong.,"['fact', 'social', 'literal language', 'normative', 'knowledge', 'everyday']",z-ai/glm-5.3
Water boils faster in a covered pot.,1,"Whether covering a pot speeds boiling can be demonstrated independently of anyone's opinion, unlike an inherently subjective claim.",4,1,"It concerns a physical process governed by thermodynamics and heat retention, which can be measured empirically, not a socially constructed rule.",4,1,"The language is plain and means exactly what it says, with no aphorism or metaphor.",4,0,"It contains a normative element about what one does when seeking faster boiling, reflecting a practical convention or judgment rather than a purely positive empirical law.",2,1,It states a direct observation about the world rather than presenting a conclusion that combines multiple pieces of knowledge and logic.,4,1,"Boiling water in a covered pot is something people encounter while cooking regularly; it is directly observable in ordinary kitchen experience, not an abstract regularity.",4,This reflects everyday cooking knowledge that people routinely observe when boiling water in their kitchens.,"['fact', 'physical', 'literal language', 'normative', 'knowledge', 'everyday']",z-ai/glm-5.3
Ice cream melts if left outside in the sun.,1,"It can be demonstrated correct or incorrect independent of opinion, unlike a subjective taste claim.",4,1,"Melting is a physical phase change governed by thermodynamics, empirically measurable and not socially constructed.",4,1,"The sentence is plain language meaning exactly what it says, with no figure of speech.",4,0,"The statement implies a practical norm about the inevitability of melting outside, framed as a mild judgment about everyday behavior rather than a purely positive law.",2,1,It is a direct observation about how the world behaves rather than a logical deduction combining multiple facts.,4,1,"People routinely see ice cream left outside melting; this is an ordinary, observable experience, not abstract.",4,This captures a universal everyday experience: frozen treats melt when exposed to heat.,"['fact', 'physical', 'literal language', 'normative', 'knowledge', 'everyday']",z-ai/glm-5.3
Wet clothes take longer to dry on humid days.,1,"The drying time difference can be objectively measured, so the claim is demonstrably correct or incorrect regardless of opinion.",4,1,"It follows from physics of evaporation and humidity, which can be measured empirically, not from human conventions.",4,1,"The language is literal and plain, meaning exactly what it states.",4,0,"It includes an implicit practical judgment about drying expectations, giving it a normative flavor beyond a purely positive regularity.",2,1,"It reports a straightforward observation about the world, not a conclusion derived by combining knowledge and logic.",4,1,"Drying clothes is a common household chore, and this observation comes from ordinary direct experience.",4,People who dry laundry outdoors quickly learn that humid weather slows drying.,"['fact', 'physical', 'literal language', 'normative', 'knowledge', 'everyday']",z-ai/glm-5.3
You should let hot soup cool before eating it.,1,"Whether soup at high temperature can burn is demonstrable independent of opinion, so the underlying claim is factual.",4,1,"It rests on physical facts about temperature and heat transfer that can be measured, not on social convention per se.",3,1,"The sentence is plain and literal, meaning exactly what it says without metaphor.",4,0,"The 'should' expresses a practical norm or recommendation about how to act, satisfying normative beyond a purely positive description.",4,1,It states an observation-based piece of knowledge about hot food rather than a multi-step logical conclusion.,4,1,"Eating hot soup is a routine experience, and this guidance arises from ordinary life, not abstract reasoning.",4,"Everyone learns early that biting into scalding soup burns the mouth, so we wait for it to cool.","['fact', 'physical', 'literal language', 'normative', 'knowledge', 'everyday']",z-ai/glm-5.3
Cutting onions makes your eyes tear up.,1,"The tearing response can be demonstrated empirically, making the claim verifiable independent of opinion.",4,1,"It is explained by chemistry of onion compounds irritating the eyes, a measurable biological effect, not a social rule.",4,1,"The phrasing is literal, describing exactly what happens without figurative language.",4,0,"It carries an implicit normative expectation about what happens in kitchens, a shared practical belief rather than a pure scientific law.",2,1,"It is a simple observation about the world, not a conclusion combining multiple facts with logic.",4,1,"Chopping onions is a common cooking task, and the tearing effect is directly experienced in ordinary life.",4,This is a well-known everyday kitchen experience familiar to anyone who has chopped an onion.,"['fact', 'physical', 'literal language', 'normative', 'knowledge', 'everyday']",z-ai/glm-5.3
Metal objects feel colder than wood at the same temperature.,1,"The felt temperature difference is demonstrable and repeatable, so the claim is objectively testable regardless of opinion.",4,1,"It follows from thermal conductivity differences in materials, a physical fact that can be measured, not a social construct.",4,1,"The wording is plain and literal, describing exactly the sensation without figures of speech.",4,0,"The statement implies a shared practical expectation about how materials feel, a common belief framing beyond a pure law statement.",2,1,"It reports a direct perceptual observation about the world, not a derived logical conclusion.",4,1,"People frequently touch metal and wood objects at home, so this contrast is experienced in daily life.",4,Touching metal versus wood in the same room reveals a familiar everyday sensation of differing coldness.,"['fact', 'physical', 'literal language', 'normative', 'knowledge', 'everyday']",z-ai/glm-5.3
Plants need water to grow.,1,"The necessity of water for plant growth is demonstrable through experiment, independent of anyone's opinion.",4,1,"It concerns a biological requirement that can be measured empirically, not a socially constructed rule.",4,1,"The sentence is simple and literal, meaning exactly what it states.",4,0,"It expresses a widely held practical expectation about caring for plants, giving it a normative framing beyond pure positive description.",2,1,"It is a basic observation about living things, not a conclusion built by combining multiple facts logically.",4,1,"Watering plants is a routine gardening and household activity, observed in ordinary experience.",4,Anyone who has kept a houseplant knows that watering is essential for growth.,"['fact', 'physical', 'literal language', 'normative', 'knowledge', 'everyday']",z-ai/glm-5.3
You should refrigerate milk to keep it from spoiling.,1,"Whether refrigeration slows spoilage is demonstrable in tests, so the underlying claim is objectively verifiable.",4,1,"It rests on biology and physics of bacterial growth at temperatures, which can be measured, not on social convention alone.",3,1,"The language is plain and literal, with no metaphor or hyperbole.",4,0,"The 'should' indicates a practical storage norm or household rule, clearly normative rather than purely positive.",4,1,It is an observation about milk spoilage and storage rather than a conclusion from multi-step reasoning.,4,1,Refrigerating milk is a daily household routine encountered by nearly everyone.,4,Storing milk in the fridge is a household norm rooted in the everyday experience of spoilage.,"['fact', 'physical', 'literal language', 'normative', 'knowledge', 'everyday']",z-ai/glm-5.3
Rocks sink in water.,1,"Whether typical rocks sink is objectively testable in a tank of water, independent of opinion.",4,1,"Sinking follows from density and buoyancy, physical laws measurable empirically, not social rules.",4,1,The phrasing is literal and means exactly what it says.,4,0,"It conveys a shared practical expectation about how rocks behave in water, a common-sense belief framing beyond a pure law statement.",2,1,"It is a direct observation about objects in water, not a conclusion derived by combining facts and logic.",4,1,"Seeing rocks sink in water happens in ordinary life at ponds, beaches, and sinks.",4,Dropping a stone into a pond and watching it sink is a classic childhood observation of the physical world.,"['fact', 'physical', 'literal language', 'normative', 'knowledge', 'everyday']",z-ai/glm-5.3
Sunburns happen faster at midday than in the evening.,1,"Burn rates can be measured and compared objectively, so the claim is demonstrably true or false.",4,1,"It is governed by solar angle and UV intensity, which are measurable physical phenomena, not social conventions.",4,1,The sentence is plain literal language with no figures of speech.,4,0,"It embeds a practical belief about timing outdoor exposure, a mild normative framing beyond pure description.",2,1,"It reports a straightforward observational pattern about sun exposure, not a multi-step logical conclusion.",4,1,Spending time outside at different hours is a common experience where sunburn differences are noticed.,4,People who spend time outdoors know that midday sun burns skin more quickly than evening light.,"['fact', 'physical', 'literal language', 'normative', 'knowledge', 'everyday']",z-ai/glm-5.3
You should wash your hands before eating.,1,"The underlying effect of handwashing on germ transmission is demonstrable, but the directive itself is a practice rather than a proposition; still, its correctness can be assessed factually.",3,1,"It is ultimately grounded in the biology of germ transmission, an objective measurable process, though expressed as a habit.",3,1,"The words are literal and plain, meaning exactly what they say.",4,0,"The 'should' marks it as a hygiene norm or social rule about proper behavior, clearly normative.",4,1,It reflects simple knowledge about cleanliness and illness rather than a complex reasoned conclusion.,4,1,"Washing hands is a routine act performed before ordinary meals, experienced by everyone.",4,Handwashing before meals is a widely taught hygiene norm grounded in everyday habit.,"['fact', 'physical', 'literal language', 'normative', 'knowledge', 'everyday']",z-ai/glm-5.3
Wood floats on water.,1,"Whether typical wood floats is testable in a basin of water, independent of opinion.",4,1,"Floating follows from density and buoyancy principles in physics, measurable and objective, not social.",4,1,The statement is literal with plain wording and no figurative language.,4,0,"It expresses a shared expectation about wood's behavior that guides everyday plans, a belief framing beyond a pure law statement.",2,1,"It is a simple observation about a material in water, not a logically derived conclusion.",4,1,"Encountering floating wood is common at lakes, docks, and in household water play.",4,"Seeing wooden sticks and boards float is familiar from ponds, bathtubs, and boating.","['fact', 'physical', 'literal language', 'normative', 'knowledge', 'everyday']",z-ai/glm-5.3
You should not touch a hot pan with your bare hand.,1,"The burning consequence of touching a hot pan is demonstrable, so the claim's basis is factually checkable.",4,1,"It depends on the physics of heat transfer to skin, a measurable physical effect, though stated as a caution.",3,1,"The wording is plain and literal, with no metaphor.",4,0,"The 'should not' expresses a safety rule or practical norm about conduct, clearly normative rather than purely positive.",4,1,"It is simple knowledge about heat and burns, not a conclusion from combining multiple facts.",4,1,"Hot pans are encountered daily while cooking, making this a familiar practical lesson.",4,Everyone quickly learns in the kitchen that touching a hot pan bare-handed causes burns.,"['fact', 'physical', 'literal language', 'normative', 'knowledge', 'everyday']",z-ai/glm-5.3
Bread gets stale faster when left uncovered.,1,"The difference in staleness rates can be tested objectively, independent of opinion.",4,1,"Staling involves moisture loss and starch retrogradation, chemical and physical processes that can be measured.",4,1,"The sentence is plain, literal language meaning exactly what it says.",4,0,"It implies a practical storage expectation, a shared household belief framing beyond a pure empirical law statement.",2,1,It is an observation about food storage rather than a conclusion requiring logical combination of facts.,4,1,"Storing bread is a daily routine, and the staleness difference is directly observed at home.",4,"Leaving bread out without wrapping leads to staleness, a common household observation.","['fact', 'physical', 'literal language', 'normative', 'knowledge', 'everyday']",z-ai/glm-5.3
Cars use more fuel in heavy traffic.,1,"Fuel consumption in traffic is measurable, making the claim demonstrably true or false.",4,1,"It follows from engine efficiency physics under stop-and-go conditions, which can be measured empirically.",4,1,The statement is literal with no figurative expressions.,4,0,"It reflects a shared practical belief drivers use to plan trips, a mild normative framing beyond pure description.",2,1,"It is an observational regularity about driving, not a conclusion built by combining several facts logically.",4,1,Commuters experience heavy traffic regularly and directly observe fuel consumption patterns.,4,Drivers commonly notice that stop-and-go traffic drains the fuel gauge faster than steady highway driving.,"['fact', 'physical', 'literal language', 'normative', 'knowledge', 'everyday']",z-ai/glm-5.3
You should dry off after a shower to avoid catching a chill.,1,"The chilling effect of staying wet is demonstrable, though the causal link to illness is less certain; the physical part is checkable.",3,1,"Evaporative cooling on wet skin is a physical effect that can be measured, grounding the advice objectively.",3,1,"The language is plain and literal, meaning exactly what it states.",4,0,"The 'should' marks it as a personal-care norm about proper behavior, clearly normative.",4,1,"It is simple knowledge about wet skin and feeling cold, not a multi-step reasoned conclusion.",4,1,Showering and drying off are universal daily experiences.,4,Toweling off after bathing is an ingrained habit people learn to stay comfortable and warm.,"['fact', 'physical', 'literal language', 'normative', 'knowledge', 'everyday']",z-ai/glm-5.3
Snow melts when the temperature rises above freezing.,1,The melting threshold is objectively verifiable with thermometers and observation.,4,1,"Melting is governed by the physics of phase change at the freezing point, empirically measurable.",4,1,"The wording is literal and plain, with no figures of speech.",4,0,"It functions as a shared expectation about seasonal conditions, a common belief framing beyond a bare law statement.",2,1,"It is a direct observation about weather and snow, not a conclusion from combined reasoning.",4,1,Observing snow melt after warm spells is a common seasonal experience in cold climates.,4,"In winter, people routinely watch snow disappear when the weather warms above zero degrees.","['fact', 'physical', 'literal language', 'normative', 'knowledge', 'everyday']",z-ai/glm-5.3
You should keep raw meat away from other foods.,1,"Cross-contamination effects are demonstrable in experiments, so the basis of the advice is factually checkable.",3,1,"It rests on the biology of bacterial cross-contamination, an objective measurable phenomenon, though expressed as practice.",3,1,The sentence is literal and means exactly what it says.,4,0,"The 'should' frames it as a food-safety rule or kitchen norm, clearly normative.",4,1,It is basic knowledge about food safety rather than a conclusion derived through logic from multiple premises.,4,1,Handling raw meat while cooking is an ordinary kitchen occurrence for many households.,4,Kitchen hygiene teaches that raw meat must be separated to avoid contaminating ready-to-eat foods.,"['fact', 'physical', 'literal language', 'normative', 'knowledge', 'everyday']",z-ai/glm-5.3
Batteries run out of power after long use.,1,"Battery life is objectively measurable, making the claim demonstrably true.",4,1,"Battery depletion follows from electrochemistry, a measurable physical process, not social convention.",4,1,"The phrasing is plain literal language, though 'run out' is a mild conventional expression; overall it means what it says.",3,0,"It reflects a shared practical expectation that guides planning (carrying spares), a belief framing beyond a pure law statement.",2,1,"It is a simple observation about devices over time, not a logically derived conclusion.",4,1,Dealing with dead batteries in household devices is a frequent ordinary occurrence.,4,"Flashlights and remotes inevitably die after extended use, a familiar household experience.","['fact', 'physical', 'literal language', 'normative', 'knowledge', 'everyday']",z-ai/glm-5.3
Heavier boxes are harder to carry upstairs.,1,"The increased difficulty with weight is demonstrable by measurement, independent of opinion.",4,1,"It follows from mechanics of force, weight, and human physiology, all measurable objectively.",4,1,"The statement is literal with plain wording, meaning exactly what it says.",4,0,"It conveys a practical expectation used when planning tasks, a mild normative framing beyond pure description.",2,1,"It is an observational regularity about effort and weight, not a conclusion from combined reasoning.",4,1,Carrying boxes upstairs is a common chore experienced when moving or tidying a home.,4,Moving furniture or groceries upstairs makes everyone aware that heavier loads demand more effort.,"['fact', 'physical', 'literal language', 'normative', 'knowledge', 'everyday']",z-ai/glm-5.3
An apple a day keeps the doctor away.,0,"The health effect cannot be definitively demonstrated as stated and is inherently subjective, making me somewhat confident it is opinion rather than fact.",3,0,"The saying reflects human beliefs and traditions about food and health rather than a purely natural regularity, so I am somewhat confident it is social.",3,0,"It is a rhyming aphorism rather than plain literal language, so I am very confident it qualifies.",4,1,"It describes a perceived empirical link between eating apples and staying healthy rather than prescribing what one ought to do, so I am very confident it is positive not normative.",4,1,"It states a simple observation about the world without chaining premises or logic, so I am very confident it is knowledge not reasoning.",4,1,"People encounter fruit and doctors routinely in ordinary life, so I am very confident it is everyday not abstract.",4,"This is a well-known saying expressing a common belief about health habits and their benefits, widely shared as everyday wisdom.","['opinion', 'social', 'figure of speech', 'positive', 'knowledge', 'everyday']",z-ai/glm-5.3
Laughter is the best medicine.,0,"Whether laughter is truly the best remedy cannot be objectively settled and rests on personal judgment, so I am somewhat confident it is opinion.",3,0,"It concerns human emotional life and culturally shared wisdom, so I am somewhat confident it is social not purely physical.",3,0,"It is a hyperbolic metaphor comparing laughter to medicine rather than literal language, so I am very confident it qualifies.",4,1,"It asserts a supposed regularity about laughter aiding wellbeing rather than issuing a rule or command, so I am very confident it is positive not normative.",4,1,"It presents a direct observation-like claim without deriving it from other premises, so I am very confident it is knowledge.",4,1,"Laughing and dealing with feeling unwell are common ordinary experiences, so I am very confident it is everyday.",4,This familiar metaphorical saying conveys the common belief that humor and joy help people cope with illness and hardship.,"['opinion', 'social', 'figure of speech', 'positive', 'knowledge', 'everyday']",z-ai/glm-5.3
Money can't buy happiness.,0,"The claim is debatable and cannot be definitively proven true or false, resting on subjective values, so I am very confident it is opinion not fact.",4,0,"It concerns socially rooted experiences of money and happiness, not a purely physical law, so I am somewhat confident it is social.",3,0,"It is an aphoristic proverb and mild hyperbole rather than plain literal description, so I am very confident it qualifies.",4,1,"It states a perceived regularity about wealth and wellbeing in the world rather than a moral injunction, so I am somewhat confident it is positive.",3,1,"It offers a direct claim about the world without logical derivation, so I am very confident it is knowledge not reasoning.",4,1,"People routinely weigh purchases and contentment in daily life, so I am somewhat confident it is everyday not abstract.",3,This proverb reflects a widely shared piece of everyday wisdom about the limits of wealth in producing genuine contentment.,"['opinion', 'social', 'figure of speech', 'positive', 'knowledge', 'everyday']",z-ai/glm-5.3
Home is where the heart is.,0,"What counts as home is inherently subjective and cannot be objectively proven, so I am very confident it is opinion not fact.",4,0,"It concerns human attachments and socially constructed notions of home, so I am very confident it is social not physical.",4,0,"It is a metaphorical proverb rather than literal language, so I am very confident it qualifies.",4,1,"It describes a perceived human regularity about belonging rather than prescribing conduct, so I am somewhat confident it is positive.",3,1,"It presents a simple observation about human experience without logical derivation, so I am very confident it is knowledge.",4,1,"Homes and feelings of belonging are part of ordinary life, so I am very confident it is everyday.",4,This common saying expresses the everyday belief that one's true home is wherever one's loved ones or deepest attachments reside.,"['opinion', 'social', 'figure of speech', 'positive', 'knowledge', 'everyday']",z-ai/glm-5.3
The early bird catches the worm.,0,"The generalization cannot be conclusively verified and many doubt it, so I am somewhat confident it is opinion not fact.",3,0,"It reflects socially transmitted wisdom about work and opportunity rather than a natural law, so I am somewhat confident it is social.",3,0,"It is an aphoristic metaphor using a bird image, so I am very confident it qualifies.",4,1,"It asserts a supposed empirical regularity about early action leading to success, not a moral rule, so I am somewhat confident it is positive.",3,1,"It states a plain observation-like claim without combining premises, so I am very confident it is knowledge.",4,1,"Getting up early and pursuing daily opportunities are common experiences, so I am somewhat confident it is everyday.",3,"This proverb conveys the common belief that acting promptly brings rewards, drawn from everyday observation of life.","['opinion', 'social', 'figure of speech', 'positive', 'knowledge', 'everyday']",z-ai/glm-5.3
Time flies when you're having fun.,0,"The subjective experience of time cannot be objectively demonstrated and varies by person, so I am very confident it is opinion not fact.",4,0,"It concerns human perception of enjoyment, which is of human origin, so I am somewhat confident it is social.",3,0,"It is a hyperbolic metaphor about time flying, so I am very confident it qualifies.",4,1,"It describes a perceived psychological regularity in the world rather than issuing a norm, so I am very confident it is positive.",4,1,"It reports a simple observation about experience without logical derivation, so I am very confident it is knowledge.",4,1,"Everyone experiences fun and the passage of time routinely, so I am very confident it is everyday.",4,This well-known saying captures the everyday experience that enjoyable moments seem to pass more quickly.,"['opinion', 'social', 'figure of speech', 'positive', 'knowledge', 'everyday']",z-ai/glm-5.3
You can't judge a book by its cover.,0,"The truth of the generalization is debatable and rests on subjective experience, so I am somewhat confident it is opinion not fact.",3,0,"It concerns human judgments about appearances, which are socially rooted, so I am very confident it is social not physical.",4,0,"It is a metaphorical proverb rather than literal language, so I am very confident it qualifies.",4,1,"It asserts a perceived regularity about appearance versus reality rather than commanding behavior, so I am somewhat confident it is positive.",3,1,"It states a direct claim about the world without logical chaining, so I am very confident it is knowledge.",4,1,"Forming impressions from appearances happens constantly in ordinary life, so I am very confident it is everyday.",4,This proverb reflects the common belief that outward appearance does not reveal a person's or thing's true worth.,"['opinion', 'social', 'figure of speech', 'positive', 'knowledge', 'everyday']",z-ai/glm-5.3
Absence makes the heart grow fonder.,0,"The emotional effect varies and cannot be objectively proven, so I am somewhat confident it is opinion not fact.",3,0,"It concerns human relationships and feelings, which are intrinsically social, so I am very confident it is social.",4,0,"It is a poetic aphorism with metaphorical heart imagery, so I am very confident it qualifies.",4,1,"It describes a perceived regularity in human emotion rather than prescribing values, so I am somewhat confident it is positive.",3,1,"It reports an observation-like emotional claim without logical derivation, so I am very confident it is knowledge.",4,1,"Being apart from loved ones is a routine human experience, so I am very confident it is everyday.",4,This saying expresses the common observation that people often miss loved ones more when separated from them.,"['opinion', 'social', 'figure of speech', 'positive', 'knowledge', 'everyday']",z-ai/glm-5.3
Actions speak louder than words.,0,"The comparative claim cannot be definitively measured and reflects subjective judgment, so I am somewhat confident it is opinion not fact.",3,0,"It concerns interpreting human deeds and words, which are social phenomena, so I am very confident it is social not physical.",4,0,"It is an aphoristic hyperbole about actions speaking, so I am very confident it qualifies.",4,1,"It asserts a perceived regularity about behavior versus speech rather than a moral command, so I am somewhat confident it is positive.",3,1,"It offers a direct claim about human behavior without combining premises, so I am very confident it is knowledge.",4,1,"Observing others' words and deeds happens constantly in daily life, so I am very confident it is everyday.",4,This proverb conveys the common belief that what people do reveals more than what they say.,"['opinion', 'social', 'figure of speech', 'positive', 'knowledge', 'everyday']",z-ai/glm-5.3
Every cloud has a silver lining.,0,"The optimistic generalization cannot be proven and many would dispute it, so I am very confident it is opinion not fact.",4,0,"It reflects human beliefs about hope and hardship, so I am very confident it is social not physical.",4,0,"It is a metaphor about clouds and silver linings, so I am very confident it qualifies.",4,1,"It states a supposed regularity about adversity bringing benefit rather than telling people how to act, so I am somewhat confident it is positive.",3,1,"It presents a simple observation-like claim without logical derivation, so I am very confident it is knowledge.",4,1,"Facing setbacks is a routine part of ordinary life, so I am very confident it is everyday.",4,This common saying reflects the belief that difficulties usually contain some hidden benefit.,"['opinion', 'social', 'figure of speech', 'positive', 'knowledge', 'everyday']",z-ai/glm-5.3
Two heads are better than one.,0,"The generalization cannot be conclusively demonstrated and is a matter of judgment, so I am somewhat confident it is opinion not fact.",3,0,"It concerns cooperation, a socially rooted human practice, so I am very confident it is social not physical.",4,0,"It is a synecdoche-like aphorism using heads for people, so I am very confident it qualifies.",4,1,"It describes a perceived regularity about teamwork results rather than a normative command, so I am somewhat confident it is positive.",3,1,"It states a plain comparative claim without logical chaining, so I am very confident it is knowledge.",4,1,"Working with others is a common daily experience, so I am very confident it is everyday.",4,This proverb expresses the everyday belief that collaboration usually produces better outcomes than working alone.,"['opinion', 'social', 'figure of speech', 'positive', 'knowledge', 'everyday']",z-ai/glm-5.3
A watched pot never boils.,0,"The hyperbolic claim cannot be literally true and rests on subjective perception, so I am very confident it is opinion not fact.",4,0,"It concerns human perception of waiting, which is of human origin, so I am somewhat confident it is social.",3,0,"It is a hyperbolic metaphor about impatience, so I am very confident it qualifies.",4,1,"It asserts a perceived regularity about waiting and subjective time rather than prescribing behavior, so I am somewhat confident it is positive.",3,1,"It reports an observation-like claim about experience without logical derivation, so I am very confident it is knowledge.",4,1,"Waiting for a kettle to boil is a mundane, common experience, so I am very confident it is everyday.",4,This familiar saying captures the everyday feeling that time drags when you anxiously wait for something.,"['opinion', 'social', 'figure of speech', 'positive', 'knowledge', 'everyday']",z-ai/glm-5.3
Practice makes perfect.,0,"The promise of perfection cannot be objectively demonstrated, so I am somewhat confident it is opinion not fact.",3,0,"It concerns learning, a human and socially shaped activity, so I am somewhat confident it is social.",3,0,"It is an aphoristic hyperbole about achieving perfection, so I am very confident it qualifies.",4,1,"It states a supposed regularity about skill improvement rather than commanding practice, so I am somewhat confident it is positive.",3,1,"It presents a direct claim without logical derivation, so I am very confident it is knowledge.",4,1,"Repeating tasks to improve at them is routine in ordinary life, so I am very confident it is everyday.",4,This proverb conveys the widely shared belief that repeating an activity improves one's skill at it.,"['opinion', 'social', 'figure of speech', 'positive', 'knowledge', 'everyday']",z-ai/glm-5.3
Better safe than sorry.,0,"The preference for safety over risk is subjective and cannot be objectively proven, so I am somewhat confident it is opinion not fact.",3,0,"It reflects human risk preferences, which are socially shaped, so I am somewhat confident it is social.",3,0,"It is a terse aphorism with elliptical, idiomatic phrasing, so I am somewhat confident it qualifies.",3,1,"It asserts a perceived regularity that caution avoids bad outcomes rather than dictating a rule, so I am somewhat confident it is positive.",3,1,"It states a simple comparative claim without combining premises, so I am very confident it is knowledge.",4,1,"Weighing caution against risk occurs constantly in daily life, so I am very confident it is everyday.",4,This everyday saying expresses the common judgment that caution is preferable to risking regret.,"['opinion', 'social', 'figure of speech', 'positive', 'knowledge', 'everyday']",z-ai/glm-5.3
Curiosity killed the cat.,0,"The claim cannot be objectively verified and reflects folk judgment, so I am very confident it is opinion not fact.",4,0,"It concerns human curiosity and social boundaries, so I am somewhat confident it is social.",3,0,"It is a hyperbolic metaphor about a cat standing for overly curious people, so I am very confident it qualifies.",4,1,"It asserts a supposed regularity that nosiness brings harm rather than issuing a moral command, so I am somewhat confident it is positive.",3,1,"It offers a direct folk observation without logical derivation, so I am very confident it is knowledge.",4,1,"Encountering tempting but risky situations is an ordinary experience, so I am very confident it is everyday.",4,"This well-known saying warns that prying into things can lead to trouble, drawn from folk observation.","['opinion', 'social', 'figure of speech', 'positive', 'knowledge', 'everyday']",z-ai/glm-5.3
"When it rains, it pours.",0,"The pattern is anecdotal and cannot be definitively proven, so I am very confident it is opinion not fact.",4,0,"It concerns how people perceive life's troubles, a human experience, so I am somewhat confident it is social.",3,0,"It is a metaphor and hyperbole likening troubles to a downpour, so I am very confident it qualifies.",4,1,"It asserts a perceived regularity about misfortunes clustering rather than prescribing conduct, so I am somewhat confident it is positive.",3,1,"It reports an observation-like pattern without logical chaining, so I am very confident it is knowledge.",4,1,"Experiencing a pile-up of small misfortunes is common in ordinary life, so I am very confident it is everyday.",4,"This saying expresses the common perception that troubles, like heavy rain, tend to arrive all at once.","['opinion', 'social', 'figure of speech', 'positive', 'knowledge', 'everyday']",z-ai/glm-5.3
"Easy come, easy go.",0,"The generalization cannot be conclusively demonstrated and rests on folk judgment, so I am very confident it is opinion not fact.",4,0,"It concerns human dealings with money and fortune, which are social constructs, so I am somewhat confident it is social.",3,0,"It is a rhythmic aphorism rather than plain literal language, so I am very confident it qualifies.",4,1,"It asserts a supposed regularity about windfalls vanishing rather than a normative rule, so I am somewhat confident it is positive.",3,1,"It states a simple claim about the world without deriving it, so I am very confident it is knowledge.",4,1,"Windfalls and their disappearance occur in ordinary life, so I am somewhat confident it is everyday.",3,This common saying reflects the belief that things gained without effort are quickly lost.,"['opinion', 'social', 'figure of speech', 'positive', 'knowledge', 'everyday']",z-ai/glm-5.3
"Out of sight, out of mind.",0,"The psychological pattern cannot be definitively proven and varies by person, so I am somewhat confident it is opinion not fact.",3,0,"It concerns human memory and attention in relationships, which are human phenomena, so I am somewhat confident it is social.",3,0,"It is a rhyming aphorism rather than literal description, so I am very confident it qualifies.",4,1,"It asserts a perceived regularity about forgetting rather than prescribing what to remember, so I am very confident it is positive.",4,1,"It reports a simple observation about memory without logical derivation, so I am very confident it is knowledge.",4,1,"Forgetting distant acquaintances or items happens routinely in daily life, so I am very confident it is everyday.",4,This proverb expresses the common observation that people tend to forget things and people they no longer see.,"['opinion', 'social', 'figure of speech', 'positive', 'knowledge', 'everyday']",z-ai/glm-5.3
"If the shoe fits, wear it.",0,"Whether a criticism truly fits is subjective, so I am somewhat confident it is opinion not fact.",3,0,"It concerns criticism and self-recognition in social interaction, so I am very confident it is social not physical.",4,0,"It is a metaphorical proverb using a shoe image, so I am very confident it qualifies.",4,1,"It is phrased as a piece of worldly observation about accepting apt criticism rather than an abstract moral law, so I am somewhat confident it is positive.",3,1,"It states a folk claim about the world without combining premises, so I am very confident it is knowledge.",4,1,"Receiving and judging criticisms is a routine social experience, so I am very confident it is everyday.",4,"This saying suggests that if a criticism applies to someone, they should accept it, drawn from everyday social experience.","['opinion', 'social', 'figure of speech', 'positive', 'knowledge', 'everyday']",z-ai/glm-5.3
All's well that ends well.,0,"Whether an ending justifies the means is a subjective judgment, so I am very confident it is opinion not fact.",4,0,"It concerns human evaluation of experiences and outcomes, so I am very confident it is social not physical.",4,0,"It is an aphoristic proverb rather than plain literal language, so I am very confident it qualifies.",4,1,"It asserts a perceived regularity about judging ventures by their outcomes rather than a command, so I am somewhat confident it is positive.",3,1,"It presents a simple claim without logical derivation, so I am very confident it is knowledge.",4,1,"Finishing projects or trips that went well is an ordinary experience, so I am very confident it is everyday.",4,This familiar saying expresses the belief that a good outcome redeems a troublesome process.,"['opinion', 'social', 'figure of speech', 'positive', 'knowledge', 'everyday']",z-ai/glm-5.3
The best things in life are free.,0,"What counts as the best things is inherently subjective and cannot be proven, so I am very confident it is opinion not fact.",4,0,"It concerns valuing human goods like friendship, a social construct, so I am very confident it is social not physical.",4,0,"It is a hyperbolic aphorism rather than literal language, so I am very confident it qualifies.",4,1,"It asserts a perceived regularity about what is valuable rather than prescribing what to value, so I am somewhat confident it is positive.",3,1,"It states a direct claim about the world without deriving it logically, so I am very confident it is knowledge.",4,1,"Enjoying simple pleasures like company or nature is an everyday experience, so I am very confident it is everyday.",4,"This common saying conveys the belief that life's most valued things, like love and friendship, cost no money.","['opinion', 'social', 'figure of speech', 'positive', 'knowledge', 'everyday']",z-ai/glm-5.3
Birds of a feather flock together.,1,It is an empirical claim about human behavior that is at least in principle demonstrable. It is not purely a matter of opinion.,3,0,It describes human social behavior and socially observed patterns of association. It is not a law of physics or nature.,4,0,It is a proverb using the metaphor of birds flocking. It is not literal language.,4,1,"It is framed as an observation of what does happen, though it generalizes. It is not a rule about what should happen.",3,1,It is a direct observation about the world. It is not a derived conclusion from combining facts.,4,1,People constantly observe social groupings of similar individuals in daily life. This is not an abstract regularity beyond individual experience.,4,This is a well-known aphorism that reflects the common observation that similar people tend to associate with one another.,"['fact', 'social', 'figure of speech', 'positive', 'knowledge', 'everyday']",z-ai/glm-5.3
A watched pot never boils.,1,"As hyperbole it is not literally true, but as a claim about perception it can be examined. It is not an opinion.",2,0,"It concerns human perception of time and impatience, which are aspects of human experience. It is not a physical law about boiling.",3,0,It is a hyperbolic proverb about subjective time perception. It is not literal language.,4,1,It describes a perceived empirical regularity of subjective experience. It does not prescribe what should happen.,3,1,It is an observation about how waiting feels. It is not a logical conclusion combining facts.,4,1,Waiting for water to boil or for something to happen is a common daily experience. It is not abstract.,4,This familiar saying captures the common experience that time seems to pass more slowly when you anxiously wait for something.,"['fact', 'social', 'figure of speech', 'positive', 'knowledge', 'everyday']",z-ai/glm-5.3
People who live in glass houses shouldn't throw stones.,1,As a normative proverb it expresses a value rather than a demonstrable claim. It is closer to opinion.,2,0,"It concerns a social norm about criticizing others. It is of human origin, not physical law.",4,0,It uses the metaphor of glass houses and thrown stones. It is not literal language.,4,1,"It is phrased as advice about what one shouldn't do, making it normative rather than an empirical regularity. This weakens fit.",2,1,It encapsulates shared social knowledge about hypocrisy. It is not a logical derivation.,3,1,Criticism and hypocrisy are encountered in everyday social life. It is not abstract.,4,This proverb conveys the common understanding that those with their own faults should not criticize others.,"['fact', 'social', 'figure of speech', 'positive', 'knowledge', 'everyday']",z-ai/glm-5.3
Better safe than sorry.,1,"It states a value judgment about safety, which is inherently subjective. It is not demonstrably correct or incorrect.",2,0,It expresses a socially constructed preference for caution. It is of human origin.,4,0,It is a concise aphorism with figurative brevity. It is not literal language.,3,1,"It prescribes what is better to do, making it normative advice rather than an empirical regularity. This weakens fit.",2,1,It encodes shared experiential knowledge about caution. It is not a reasoned conclusion.,3,1,Everyday decisions constantly involve weighing caution against risk. It is not abstract.,4,"This saying reflects the common preference for caution to avoid regret, widely shared across everyday situations.","['fact', 'social', 'figure of speech', 'positive', 'knowledge', 'everyday']",z-ai/glm-5.3
Laughter is the best medicine.,1,"Whether laughter best aids well-being is an empirical question, though 'best' is subjective. Confidence is moderate.",3,0,Laughter and healing beliefs are social and human phenomena. It is not a physical measurement.,4,0,"It is a metaphor, not a claim about literal medicine. It is not literal language.",4,1,It asserts an empirical claim that humor helps people feel better. It is not a rule about what should happen.,3,1,It is an observation about laughter's effects. It is not a logical derivation.,4,1,People experience the cheering effect of laughter in ordinary life. It is not abstract.,4,This metaphorical saying expresses the common belief that humor and joy aid well-being and recovery.,"['fact', 'social', 'figure of speech', 'positive', 'knowledge', 'everyday']",z-ai/glm-5.3
The early bird catches the worm.,1,The claim about early action leading to advantage can be tested in real situations. It is not mere opinion.,3,0,It concerns human behavior around opportunity and timing. It is of human origin.,4,0,It uses the bird and worm image metaphorically for people and opportunities. It is not literal language.,4,1,It describes an empirical regularity that early action is rewarded. It does not prescribe behavior.,3,1,It is a generalized observation about the world. It is not a logical deduction.,4,1,"Everyday experience shows early or prompt action often brings rewards, like arriving early for deals. It is not abstract.",4,This proverb captures the common observation that those who act promptly gain advantages over others.,"['fact', 'social', 'figure of speech', 'positive', 'knowledge', 'everyday']",z-ai/glm-5.3
Time flies when you're having fun.,1,"It is a testable claim about subjective experience, though experience varies. Confidence is moderate.",3,0,"It is about subjective human time perception, a feature of human experience. It is not a physical law.",4,0,'Time flies' is a metaphor for subjective duration. It is not literal language.,4,1,It states what does happen to time perception during fun. It is not a norm about what should happen.,3,1,It is a direct observation about how time feels. It is not a reasoned conclusion.,4,1,Nearly everyone experiences time seeming to speed up during enjoyable activities. It is not abstract.,4,This saying expresses the common experience that enjoyable moments seem to pass more quickly.,"['fact', 'social', 'figure of speech', 'positive', 'knowledge', 'everyday']",z-ai/glm-5.3
Absence makes the heart grow fonder.,1,"Whether absence increases affection is an empirical question, though it varies by case. Confidence is moderate.",3,0,It describes human emotion in social relationships. It is of human origin.,4,0,"It is a figurative proverb about emotion, not a literal anatomical claim. It is not literal language.",4,1,It asserts what tends to happen emotionally during absence. It is not a rule about what should happen.,3,1,It is an observation about emotional response. It is not a logical inference.,4,1,Separation from loved ones is a common human experience. It is not abstract.,4,This proverb reflects the common observation that people often miss and cherish loved ones more when separated.,"['fact', 'social', 'figure of speech', 'positive', 'knowledge', 'everyday']",z-ai/glm-5.3
Don't put all your eggs in one basket.,1,"It expresses a value judgment about prudence, which is subjective. It is not a demonstrable fact.",2,0,It is a socially constructed rule of thumb for decision-making. It is of human origin.,4,0,It uses the egg-basket image as a metaphor for risk. It is not literal language.,4,1,"It is advice about what one should do, making it normative rather than a description. This weakens fit.",2,1,It encodes experiential knowledge about risk. It is not a formal reasoning chain.,3,1,Diversifying risk arises in everyday choices like savings or plans. It is not abstract.,4,This metaphorical advice conveys the common sense that one should not risk everything on a single venture.,"['fact', 'social', 'figure of speech', 'positive', 'knowledge', 'everyday']",z-ai/glm-5.3
You can't have your cake and eat it too.,1,That consuming a thing prevents keeping it is demonstrable in principle. It is not mere opinion.,3,0,It reflects a human understanding of trade-offs in social life. It is of human origin.,4,0,It uses the cake image as a figurative trade-off. It is not literal language.,4,1,"It states what cannot happen when resources are consumed, an empirical constraint. It is not prescriptive.",3,1,It states a general observation about possession and consumption. It is not a logical derivation.,3,1,People face trade-offs like this in ordinary decisions. It is not abstract.,4,This proverb expresses the common understanding that one cannot simultaneously keep something and consume it.,"['fact', 'social', 'figure of speech', 'positive', 'knowledge', 'everyday']",z-ai/glm-5.3
Blood is thicker than water.,1,"Whether family ties are stronger can be examined empirically, though it varies. Confidence is moderate.",3,0,"It concerns family bonds, a socially constructed relationship. It is of human origin.",4,0,Blood and water are metaphors for family and other ties. It is not literal language.,4,1,It asserts an empirical tendency of family loyalty rather than a rule. It is not prescriptive.,3,1,It is an observation about family loyalty. It is not a logical conclusion.,4,1,Family loyalty is encountered in ordinary life constantly. It is not abstract.,4,This proverb conveys the widely shared belief that family bonds are stronger than other relationships.,"['fact', 'social', 'figure of speech', 'positive', 'knowledge', 'everyday']",z-ai/glm-5.3
Two heads are better than one.,1,The effect of collaboration on outcomes can be studied empirically. It is not pure opinion.,3,0,"It is about human cooperation, a social phenomenon. It is of human origin.",4,0,'Two heads' figuratively denotes collaborative effort. It is not literal language.,4,1,It asserts an empirical regularity that collaboration helps. It is not a norm about what should happen.,3,1,It is an observation about teamwork results. It is not a formal reasoning chain.,4,1,People collaborate on everyday tasks like planning or problem-solving. It is not abstract.,4,This saying expresses the common observation that collaboration often produces better results than working alone.,"['fact', 'social', 'figure of speech', 'positive', 'knowledge', 'everyday']",z-ai/glm-5.3
The squeaky wheel gets the grease.,1,That vocal complaints draw responses can be observed and tested. It is not mere opinion.,3,0,It describes a social dynamic of complaint and response. It is of human origin.,4,0,The wheel and grease image is metaphorical for people and attention. It is not literal language.,4,1,It states an empirical regularity about complaint and reward. It is not prescriptive.,3,1,It is an observation about social behavior. It is not a logical derivation.,4,1,People constantly observe complainers getting attention in daily life. It is not abstract.,4,This proverb observes that those who complain most prominently often receive the most attention or assistance.,"['fact', 'social', 'figure of speech', 'positive', 'knowledge', 'everyday']",z-ai/glm-5.3
Old habits die hard.,1,Habit persistence is an empirically demonstrable phenomenon. It is not opinion.,3,0,Habits are learned patterns of human behavior. It is of human origin.,4,0,Habits 'dying' is a personifying metaphor. It is not literal language.,4,1,It describes what does happen when habits are challenged. It is not advice.,3,1,It is an observation about habit persistence. It is not a logical inference.,4,1,Nearly everyone struggles to change routines like diet or schedule. It is not abstract.,4,This saying captures the common experience that long-standing habits are difficult to change.,"['fact', 'social', 'figure of speech', 'positive', 'knowledge', 'everyday']",z-ai/glm-5.3
Every cloud has a silver lining.,1,Whether every hardship has a positive side is debatable and partly subjective. Confidence is moderate.,2,0,It reflects a socially shared outlook on adversity. It is of human origin.,4,0,The cloud image is a metaphor for misfortune and hope. It is not literal language.,4,1,It asserts a regularity that positives accompany hardship. It is not a rule about what should happen.,3,1,It is an observation about adversity and benefit. It is not a logical deduction.,3,1,People routinely find small positives in bad situations. It is not abstract.,4,This metaphor expresses the common belief that difficult situations usually contain some positive aspect.,"['fact', 'social', 'figure of speech', 'positive', 'knowledge', 'everyday']",z-ai/glm-5.3
Money talks.,1,The influence of money on decisions can be empirically observed. It is not mere opinion.,3,0,Money's influence is a social phenomenon rooted in human institutions. It is of human origin.,4,0,Money 'talking' is a personifying metaphor. It is not literal language.,4,1,It describes what does happen when money is involved. It is not prescriptive.,3,1,It is an observation about wealth and influence. It is not a reasoning chain.,4,1,People constantly witness wealth shaping influence in daily transactions. It is not abstract.,4,This saying conveys the common observation that financial resources strongly influence people and outcomes.,"['fact', 'social', 'figure of speech', 'positive', 'knowledge', 'everyday']",z-ai/glm-5.3
Honesty is the best policy.,1,"It is a value judgment about what is best, which is subjective. It is not demonstrably correct or incorrect.",2,0,It concerns a social value placed on honesty. It is of human origin.,4,0,"It is a concise aphorism, though its language is fairly plain. It is figurative in framing honesty as policy.",3,1,It is a normative claim prescribing honesty as the best course. This weakens fit with positive.,2,1,It encodes experiential knowledge about honesty's outcomes. It is not a formal derivation.,3,1,Truth-telling dilemmas occur in everyday life constantly. It is not abstract.,4,This aphorism expresses the common belief that truthfulness is generally the wisest course of action.,"['fact', 'social', 'figure of speech', 'positive', 'knowledge', 'everyday']",z-ai/glm-5.3
Time heals all wounds.,1,"Emotional recovery over time is empirically observable, though not universal. Confidence is moderate.",3,0,"It concerns human emotional healing, a feature of human experience. It is of human origin.",4,0,'Wounds' and 'healing' are metaphors for emotional pain. It is not literal language.,4,1,It states what does tend to happen over time. It is not a rule about what should happen.,3,1,It is an observation about emotional recovery. It is not a logical conclusion.,4,1,People routinely experience grief and hurt easing over time. It is not abstract.,4,This proverb expresses the common observation that emotional pain tends to fade as time passes.,"['fact', 'social', 'figure of speech', 'positive', 'knowledge', 'everyday']",z-ai/glm-5.3
Actions speak louder than words.,1,That deeds carry more weight than words can be empirically examined. It is not mere opinion.,3,0,It concerns interpreting human behavior and communication. It is of human origin.,4,0,'Louder' is figurative for greater evidential weight. It is not literal language.,4,1,It asserts an empirical regularity about how actions are perceived. It is not prescriptive.,3,1,It is an observation about behavior and perception. It is not a logical derivation.,4,1,People constantly judge others by deeds rather than promises. It is not abstract.,4,This proverb conveys the common belief that what people do reveals more than what they say.,"['fact', 'social', 'figure of speech', 'positive', 'knowledge', 'everyday']",z-ai/glm-5.3
A penny saved is a penny earned.,1,The economic equivalence of saving and earning is arguable and partly subjective. Confidence is moderate.,3,0,Money and its value are socially constructed concepts. It is of human origin.,4,0,It is an aphoristic parallelism comparing saving to earning. It is not literal language.,4,1,"It states an equivalence about savings, though framed as advice. It leans normative.",2,1,It states a generalization about money and value. It is not a formal reasoning chain.,3,1,Saving small amounts is an everyday financial experience. It is not abstract.,4,This saying expresses the common sense that saving money is as valuable as earning it.,"['fact', 'social', 'figure of speech', 'positive', 'knowledge', 'everyday']",z-ai/glm-5.3
A rolling stone gathers no moss.,1,The claim about movement preventing accumulation is empirically arguable. It is not mere opinion.,2,0,It concerns human choices about settling versus wandering. It is of human origin.,4,0,The rolling stone image is metaphorical for restless people. It is not literal language.,4,1,It asserts an empirical regularity about constant movement and accumulation. It is not prescriptive.,3,1,It is an observation about lifestyle outcomes. It is not a logical deduction.,3,1,People often observe restless drifters staying unattached. It is not abstract.,3,This proverb observes that people who keep moving or changing never settle and accumulate nothing.,"['fact', 'social', 'figure of speech', 'positive', 'knowledge', 'everyday']",z-ai/glm-5.3
Water always finds its own level.,1,It can be demonstrated empirically and is true regardless of opinion.,4,1,"This describes fluid behavior governed by physics, not a social rule.",4,0,The phrase is an aphorism often used metaphorically about fairness or balance.,2,1,"It states what water does, not what it should do.",4,1,"It is a direct observation about the world, not a logical conclusion.",4,1,"People observe settling liquids in cups, buckets, and plumbing routinely.",4,"People know liquids settle to an equal height across connected containers, which is common knowledge from everyday experience.","['fact', 'physical', 'figure of speech', 'positive', 'knowledge', 'everyday']",z-ai/glm-5.3
Lightning never strikes twice in the same place.,1,"It can be tested and shown false, independent of opinion.",4,1,"It concerns atmospheric electricity, a physical phenomenon, not a social rule.",4,0,It is a proverbial hyperbole often used to suggest misfortune won't repeat.,3,1,"It claims a regularity about the world, not a normative judgment.",4,1,"It is a stated observation, not a conclusion derived from combining facts.",4,1,People encounter storms and this saying in ordinary life.,4,"This widely repeated saying reflects folk wisdom, though the underlying claim is actually false.","['fact', 'physical', 'figure of speech', 'positive', 'knowledge', 'everyday']",z-ai/glm-5.3
Time and tide wait for no man.,1,That tides and time continue regardless of human wishes is demonstrably true.,4,1,"Tides are governed by gravitational forces and time by physics, not social convention.",4,0,It is a classic aphorism with proverbial phrasing.,3,1,"It describes what happens, not what ought to happen.",4,1,It is an observation about nature rather than a reasoned conclusion.,3,1,Everyone experiences the passage of time and coastal tides.,4,"This familiar saying captures that natural processes continue regardless of human wishes, which everyone knows.","['fact', 'physical', 'figure of speech', 'positive', 'knowledge', 'everyday']",z-ai/glm-5.3
The early bird catches the worm.,1,That early-rising birds can catch worms is empirically verifiable.,3,1,"It references animal foraging behavior described by biology, not a social rule.",3,0,It is a well-known proverb used figuratively about diligence and timing.,3,1,"It states a regularity, not a moral prescription.",4,1,"It is a direct claim about the world, not a derived conclusion.",4,1,"Birds, worms, and mornings are encountered in ordinary experience.",4,"This common saying reflects that acting early often yields results, grounded in observable natural behavior.","['fact', 'physical', 'figure of speech', 'positive', 'knowledge', 'everyday']",z-ai/glm-5.3
An apple a day keeps the doctor away.,1,"The health claim can in principle be tested, independent of opinion.",3,1,"It concerns nutrition and bodily health, which are biological matters.",3,0,"It is a proverb with rhyme, used figuratively about healthy habits.",3,1,It describes a supposed causal regularity rather than a value judgment.,3,1,"It is a stated observation about diet and health, not a logical derivation.",4,1,Apples and doctors are part of ordinary daily life.,4,"This extremely familiar saying links eating fruit to health, a piece of folk wisdom everyone knows.","['fact', 'physical', 'figure of speech', 'positive', 'knowledge', 'everyday']",z-ai/glm-5.3
You can't squeeze blood out of a turnip.,1,That turnips contain no blood is verifiable and not a matter of opinion.,4,1,"It refers to the physical composition of vegetables, governed by biology.",4,0,It is a vivid metaphor used to say you can't get what isn't there.,3,1,"It states a fact about the world, not a social norm.",4,1,"It is a direct observation about what vegetables contain, not a reasoning chain.",4,1,Turnips are ordinary food items people handle routinely.,4,"This common saying expresses that you cannot get something from nothing, based on plain physical reality.","['fact', 'physical', 'figure of speech', 'positive', 'knowledge', 'everyday']",z-ai/glm-5.3
Every cloud has a silver lining.,1,The literal appearance of sunlit clouds can be verified empirically.,3,1,"Clouds and their optical appearance are physical, meteorological phenomena.",3,0,It is a classic metaphor used to find good in bad situations.,3,1,It describes an observable feature of the world rather than prescribing anything.,4,1,"It is a direct observation about clouds, not a logical conclusion.",4,1,Clouds are seen by everyone in ordinary life.,4,"This familiar saying observes that clouds literally appear silver-edged in sunlight, and figuratively that difficulties bring hope.","['fact', 'physical', 'figure of speech', 'positive', 'knowledge', 'everyday']",z-ai/glm-5.3
Oil and water don't mix.,1,"It can be demonstrated in any kitchen, independent of opinion.",4,1,"Immiscibility is a chemical property explained by molecular polarity, not social rules.",4,0,The phrase is a common idiom for things or people that don't combine.,2,1,"It states an empirical regularity, not a normative judgment.",4,1,"It is a plain observation about substances, not a derived conclusion.",4,1,People encounter oil and water together in cooking daily.,4,Everyone knows from kitchen experience that oil floats on water rather than combining with it.,"['fact', 'physical', 'figure of speech', 'positive', 'knowledge', 'everyday']",z-ai/glm-5.3
One swallow doesn't make a summer.,1,That one bird's arrival doesn't mean summer has arrived is verifiable.,3,1,"It concerns bird migration and seasonal climate, which are biological and meteorological facts.",4,0,It is a proverb used figuratively to warn against hasty conclusions.,3,1,"It states an empirical point, not a value judgment.",4,1,"It is an observation about nature, though it borders on a reasoned inference.",2,1,Swallows and changing seasons are commonly observed experiences.,4,"This old saying observes that a single migrating bird isn't proof of a season, known across generations.","['fact', 'physical', 'figure of speech', 'positive', 'knowledge', 'everyday']",z-ai/glm-5.3
Still waters run deep.,1,The relationship between flow speed and depth can be empirically checked.,3,1,Water flow and depth are hydraulic properties measurable by physics.,4,0,It is a metaphor widely used to describe reserved people.,3,1,"It describes how water behaves, not how it should behave.",4,1,It is an observation about rivers and streams rather than a logical argument.,3,1,"People observe rivers, ponds, and streams in daily life.",4,"This saying rests on the physical observation that deep water moves slowly, extended to mean quiet people are profound.","['fact', 'physical', 'figure of speech', 'positive', 'knowledge', 'everyday']",z-ai/glm-5.3
A rolling stone gathers no moss.,1,"Moss cannot attach to a constantly moving stone, which is verifiable.",3,1,Moss growth on stationary versus moving stone is a biological fact.,4,0,It is a proverb used figuratively about staying active or unsettled.,3,1,"It states an empirical outcome, not a social prescription.",4,1,"It is a direct observation about nature, not a chain of reasoning.",4,1,Stones and moss are ordinary objects people encounter.,4,"This famous saying observes that a moving rock picks up nothing, known to nearly everyone.","['fact', 'physical', 'figure of speech', 'positive', 'knowledge', 'everyday']",z-ai/glm-5.3
March comes in like a lion and goes out like a lamb.,1,March weather trends can be measured and the claim checked against data.,3,1,It describes seasonal weather patterns governed by meteorology.,4,0,It uses animal metaphors to describe weather ferocity and mildness.,4,1,"It describes what weather tends to do, not what it ought to do.",4,1,"It is an observation about weather patterns, not a logical derivation.",4,1,Everyone experiences March weather in ordinary life.,4,"This weather proverb notes that early March storms give way to milder days, common seasonal wisdom.","['fact', 'physical', 'figure of speech', 'positive', 'knowledge', 'everyday']",z-ai/glm-5.3
"Red sky at night, sailor's delight.",1,The correlation between sunset color and next-day weather can be tested.,3,1,Sky color and weather fronts are optical and meteorological phenomena.,4,0,"It is a rhyming weather proverb, a classic piece of folk speech.",4,1,"It reports an empirical correlation, not a normative claim.",4,1,"It is a direct observation about sky and weather, not a reasoned conclusion.",4,1,Sunsets and weather are encountered by everyone.,4,"This ancient weather saying links evening sky color to fair weather, widely known folk meteorology.","['fact', 'physical', 'figure of speech', 'positive', 'knowledge', 'everyday']",z-ai/glm-5.3
The squeaky wheel gets the grease.,1,"That people oil noisy parts can be observed, independent of opinion.",3,1,"Squeaking indicates mechanical friction, a matter of engineering and physics.",3,0,It is an idiom used figuratively about who receives attention.,3,1,"It describes what typically happens, not what should happen.",4,1,"It is an observation of common practice, not a logical derivation.",4,1,Squeaky hinges and wheels are common household experiences.,4,"This saying observes that a noisy machine part gets attended to, and figuratively that complaining gets attention.","['fact', 'physical', 'figure of speech', 'positive', 'knowledge', 'everyday']",z-ai/glm-5.3
You can't make an omelet without breaking eggs.,1,That shells must be broken to make an omelet is plainly verifiable.,4,1,It concerns the physical necessity of breaking eggshells to cook with eggs.,4,0,It is a well-known idiom meaning achievement requires sacrifice.,3,1,"It states a physical necessity, not a moral rule.",4,1,"It is a direct observation about cooking, not a reasoning chain.",4,1,Cooking eggs is an ordinary daily activity.,4,"Everyone knows cooking an omelet requires cracking shells first, and the saying extends to any worthwhile achievement.","['fact', 'physical', 'figure of speech', 'positive', 'knowledge', 'everyday']",z-ai/glm-5.3
Old habits die hard.,1,That habits are hard to break can be empirically studied and shown.,3,1,Habit formation and persistence are grounded in neurology and psychology.,3,0,The phrase is a figurative idiom with personification of habits dying.,3,1,It describes a regularity of behavior rather than prescribing a value.,4,1,"It is a general observation, not a conclusion from combined premises.",3,1,Everyone wrestles with their own habits in ordinary life.,4,"This saying reflects that learned behaviors resist change, something everyone knows from experience.","['fact', 'physical', 'figure of speech', 'positive', 'knowledge', 'everyday']",z-ai/glm-5.3
Big fish eat little fish.,1,That larger fish eat smaller ones is readily verifiable.,4,1,"Predation is a biological phenomenon described by ecology, not social rules.",4,0,It is a proverb used figuratively about the powerful exploiting the weak.,3,1,"It states what fish do, not what they ought to do.",4,1,"It is a direct observation of nature, not a logical conclusion.",4,1,"Fish and predation are encountered in everyday life, from aquariums to fishing.",4,"This saying observes the basic reality of predators consuming smaller prey, known to all.","['fact', 'physical', 'figure of speech', 'positive', 'knowledge', 'everyday']",z-ai/glm-5.3
The grass is always greener on the other side of the fence.,1,"That distant lawns can merely appear greener is demonstrable, though the saying is largely figurative.",2,1,"Grass color and the visual effect of distance are physical, perceptual facts.",3,0,It is a classic idiom about envy and perception of alternatives.,4,1,It describes a perceptual phenomenon rather than prescribing anything.,4,1,"It is an observation, not a conclusion derived from combining facts.",3,1,"Lawns, fences, and neighbors are parts of ordinary experience.",4,"This saying notes the literal appearance of distant grass, and figuratively that elsewhere always looks better.","['fact', 'physical', 'figure of speech', 'positive', 'knowledge', 'everyday']",z-ai/glm-5.3
A watched pot never boils.,1,"The literal claim is false since pots boil regardless of observation, which can be tested.",3,1,Water boiling is a physical process governed by heat transfer.,4,0,It is a proverbial hyperbole about time appearing slower while waiting.,3,1,"It states an empirical matter about boiling, not a normative judgment.",4,1,"It is an observation about boiling, though hyperbolic in form.",3,1,Boiling pots are encountered in every kitchen.,4,This household saying reflects the common experience that waiting impatiently makes time seem slower.,"['fact', 'physical', 'figure of speech', 'positive', 'knowledge', 'everyday']",z-ai/glm-5.3
Even a blind squirrel finds a nut sometimes.,1,That even impaired animals occasionally locate food is empirically checkable.,3,1,"Squirrels and their foraging are biological facts, and blindness is a physical condition.",4,0,It is a humorous proverb about occasional luck despite incompetence.,3,1,"It states a probabilistic regularity, not a moral norm.",4,1,"It is an observation about foraging animals, not a reasoning chain.",4,1,Squirrels and their nut-gathering are common everyday sights.,4,"This saying observes that animals find food by chance, extended to mean anyone can occasionally succeed.","['fact', 'physical', 'figure of speech', 'positive', 'knowledge', 'everyday']",z-ai/glm-5.3
"When it rains, it pours.",1,That rain often arrives in heavy bursts is measurable in weather data.,3,1,Rainfall intensity and clustering are meteorological phenomena.,4,0,It is a well-known idiom about troubles arriving together.,3,1,"It describes how weather behaves, not how it should behave.",4,1,"It is an observation about rainfall patterns, not a logical derivation.",4,1,Rain is experienced by everyone in ordinary life.,4,"This saying captures that heavy rainfall arrives in bursts, and figuratively that troubles come all at once.","['fact', 'physical', 'figure of speech', 'positive', 'knowledge', 'everyday']",z-ai/glm-5.3
The morning is the best time for coffee.,0,It is inherently subjective whether morning is the best time for coffee.,4,0,"It reflects human habits and preferences, not physical laws.",4,1,It is plain language meaning exactly what it says about coffee timing.,4,1,"It describes something people believe about the world, not a normative judgment.",3,1,"It is a direct observation about the world, not a conclusion arrived at through reasoning.",4,1,Coffee is an everyday experience for many people.,4,"This is a common everyday opinion about coffee timing that people hold, reflecting typical human experience.","['opinion', 'social', 'literal language', 'positive', 'knowledge', 'everyday']",z-ai/glm-5.3
Traffic is worse on Mondays.,0,It cannot be objectively demonstrated true or false across all contexts.,3,0,Traffic patterns are governed by human schedules and social structures.,4,1,It is plain language about traffic on Mondays.,4,1,"It describes an empirical regularity people believe exists, not a norm.",3,1,"It is an observation about traffic, not a reasoned conclusion.",4,1,Traffic is part of ordinary daily experience.,4,This reflects common belief about traffic patterns tied to work schedules.,"['opinion', 'social', 'literal language', 'positive', 'knowledge', 'everyday']",z-ai/glm-5.3
Emails should be answered within a day.,0,It is a subjective expectation that varies by culture and context.,4,0,"It is about human communication norms, not physical laws.",4,1,It is plain language about responding to emails.,4,1,"It describes what people believe should happen, which is a social convention rather than a natural law, so confidence is moderate.",2,1,"It is an observation about social practice, not a logical derivation.",3,1,Email is part of ordinary daily communication.,4,This reflects common expectations about email response times.,"['opinion', 'social', 'literal language', 'positive', 'knowledge', 'everyday']",z-ai/glm-5.3
People prefer cake to brussels sprouts.,0,Preferences vary and cannot be objectively demonstrated as universal.,4,0,"It concerns human tastes and preferences, not natural laws.",4,1,It is plain language comparing food preferences.,4,1,"It describes what people tend to prefer, an empirical regularity in human behavior.",3,1,"It is a direct observation about preferences, not a reasoned conclusion.",4,1,Food preferences are encountered in ordinary life.,4,This is a common belief about food preferences.,"['opinion', 'social', 'literal language', 'positive', 'knowledge', 'everyday']",z-ai/glm-5.3
The evening news is too depressing.,0,Whether the news is too depressing is inherently subjective.,4,0,"It concerns human perception of media, not physical phenomena.",4,1,It is plain language about the news being depressing.,4,1,It describes a belief about the world rather than a prescriptive norm.,3,1,"It is an observation about news content, not a logical conclusion.",4,1,Watching the evening news is an ordinary experience.,4,This is a common sentiment about television news.,"['opinion', 'social', 'literal language', 'positive', 'knowledge', 'everyday']",z-ai/glm-5.3
Waiting rooms are uncomfortable places.,0,Comfort is subjective and varies by individual.,4,0,Waiting rooms are socially constructed spaces with human-designed experiences.,4,1,It is plain language about waiting rooms being uncomfortable.,4,1,"It describes an empirical observation about waiting rooms, not a norm.",3,1,"It is a direct observation about waiting rooms, not a reasoned argument.",4,1,Waiting rooms are commonly encountered in daily life.,4,This reflects common experience of waiting in medical or service settings.,"['opinion', 'social', 'literal language', 'positive', 'knowledge', 'everyday']",z-ai/glm-5.3
Handmade gifts are more meaningful than store-bought ones.,0,Meaningfulness is subjective and varies by person.,4,0,Gift-giving is a social practice governed by human conventions.,4,1,It is plain language about handmade versus store-bought gifts.,4,1,"It describes what people believe to be true about gifts, though it edges toward a normative claim, so confidence is moderate.",3,1,"It is an observation about gifts, not a logical derivation.",4,1,Giving and receiving gifts is part of ordinary life.,4,This is a widely shared belief about the value of handmade items.,"['opinion', 'social', 'literal language', 'positive', 'knowledge', 'everyday']",z-ai/glm-5.3
People drive faster on highways than on city streets.,0,It reflects general perception rather than a measurable fact in all cases.,3,0,Speed limits and driving behavior are governed by human rules and habits.,4,1,It is plain language comparing speeds on roads.,4,1,It describes an empirical regularity in human driving behavior.,3,1,"It is a direct observation about driving speeds, not a reasoned conclusion.",4,1,Driving is part of ordinary daily experience.,4,This is a common observation about driving behavior.,"['opinion', 'social', 'literal language', 'positive', 'knowledge', 'everyday']",z-ai/glm-5.3
Friday afternoons feel shorter than Monday mornings.,0,Time perception is inherently subjective.,4,0,It concerns human perception of socially structured workdays.,4,1,It is plain language about how time feels.,4,1,"It describes how time feels to people, an empirical observation about human experience.",3,1,"It is an observation about subjective time experience, not a logical derivation.",4,1,Work weeks and time perception are part of ordinary experience.,4,This is a common perception about time perception tied to work weeks.,"['opinion', 'social', 'literal language', 'positive', 'knowledge', 'everyday']",z-ai/glm-5.3
A handshake should be firm.,0,It is a subjective expectation that varies by culture.,4,0,It is about a socially constructed greeting norm.,4,1,It is plain language about handshake firmness.,4,1,"It states what people believe about handshakes, which is a social convention rather than an empirical law, so confidence is low.",2,1,"It is an observation about social practice, not a logical conclusion.",3,1,Handshakes are common in daily interactions.,4,This is a common belief about greeting etiquette.,"['opinion', 'social', 'literal language', 'positive', 'knowledge', 'everyday']",z-ai/glm-5.3
Tea tastes better with a little sugar.,0,Taste preferences are inherently subjective.,4,0,"It concerns human taste preferences, not natural laws.",4,1,It is plain language about tea and sugar.,4,1,"It describes what people believe about taste, an empirical regularity in preferences.",3,1,"It is a direct observation about tea taste, not a reasoned conclusion.",4,1,Drinking tea is an everyday experience.,4,This is a common belief about how to prepare tea.,"['opinion', 'social', 'literal language', 'positive', 'knowledge', 'everyday']",z-ai/glm-5.3
Kids these days spend too much time on screens.,0,What counts as too much is subjective.,4,0,It concerns human behavior and social norms around technology.,4,1,It is plain language about screen time.,4,1,"It describes what people believe about screen time, though it implies a normative judgment, so confidence is moderate.",2,1,"It is an observation about children's habits, not a logical derivation.",4,1,Children's screen use is commonly observed in daily life.,4,This is a widely expressed belief about children's technology use.,"['opinion', 'social', 'literal language', 'positive', 'knowledge', 'everyday']",z-ai/glm-5.3
It is rude to interrupt someone mid-sentence.,0,Rudeness is a subjective judgment varying by culture.,4,0,It is about a socially constructed conversational norm.,4,1,It is plain language about interrupting conversations.,4,1,"It states a belief about politeness, which is normative rather than an empirical law, so confidence is low.",2,1,"It is an observation about social behavior, not a logical conclusion.",3,1,Conversations happen constantly in daily life.,4,This is a common belief about conversation etiquette.,"['opinion', 'social', 'literal language', 'positive', 'knowledge', 'everyday']",z-ai/glm-5.3
A penny is not worth picking up off the ground.,0,Whether a penny is worth picking up is subjective.,4,0,It concerns the human-assigned value of money.,4,1,It is plain language about picking up a penny.,4,1,"It describes what people believe about coin value, an empirical regularity in human judgment.",3,1,"It is an observation about coin value, not a logical derivation.",4,1,Seeing coins on the ground is common in daily life.,4,This is a common opinion about the value of small coins.,"['opinion', 'social', 'literal language', 'positive', 'knowledge', 'everyday']",z-ai/glm-5.3
Everyone loves a snow day.,0,Whether everyone loves snow days cannot be objectively verified.,4,0,It concerns human reactions to a socially recognized event.,4,1,It is plain language about snow days.,4,1,"It describes what people believe about snow days, an empirical observation about reactions.",3,1,"It is an observation about human reactions, not a reasoned conclusion.",4,1,Snow days are familiar experiences for many people.,4,This is a common sentiment about unexpected days off.,"['opinion', 'social', 'literal language', 'positive', 'knowledge', 'everyday']",z-ai/glm-5.3
Video games are harder now than they used to be.,0,Difficulty comparisons are subjective and vary by player.,4,0,It concerns human-created entertainment and perceptions of it.,4,1,It is plain language about game difficulty.,4,1,"It describes a belief about how games have changed, an empirical claim about human artifacts.",3,1,"It is an observation about games, not a logical derivation.",4,1,Video games are a common recreational activity.,4,This is a common belief about how games have changed.,"['opinion', 'social', 'literal language', 'positive', 'knowledge', 'everyday']",z-ai/glm-5.3
Gossip travels faster than good news.,0,It reflects general perception rather than a measurable fact.,3,0,It is about human communication patterns.,4,1,It is plain language about how information spreads.,4,1,It describes an empirical regularity in how information spreads.,3,1,"It is an observation about human communication, not a logical derivation.",4,1,Gossip and news are common in everyday interactions.,4,This is a common observation about information spread in social groups.,"['opinion', 'social', 'literal language', 'positive', 'knowledge', 'everyday']",z-ai/glm-5.3
A Sunday nap is the best part of the weekend.,0,What is the best part of a weekend is subjective.,4,0,It concerns human rest practices in a socially structured week.,4,1,It is plain language about naps on Sundays.,4,1,"It describes what people believe about naps, an empirical observation about human preferences.",3,1,"It is an observation about weekend enjoyment, not a reasoned conclusion.",4,1,Weekend naps are part of ordinary life.,4,This is a common sentiment about weekend rest.,"['opinion', 'social', 'literal language', 'positive', 'knowledge', 'everyday']",z-ai/glm-5.3
Comfort food helps when you are sad.,0,Whether comfort food helps sadness is subjective and varies.,4,0,Comfort food is a socially constructed concept tied to human emotions.,4,1,It is plain language about food and sadness.,4,1,It describes an empirical regularity in how people use food for comfort.,3,1,"It is an observation about eating and mood, not a logical derivation.",4,1,Eating when sad is a common everyday experience.,4,This is a common belief about food and emotional comfort.,"['opinion', 'social', 'literal language', 'positive', 'knowledge', 'everyday']",z-ai/glm-5.3
Babies' first words are usually mama or dada.,0,It reflects general perception rather than a universal verifiable fact.,3,0,It concerns human language development in social contexts.,4,1,It is plain language about babies speaking.,4,1,It describes an empirical regularity in child development.,3,1,"It is a direct observation about babies, not a reasoned conclusion.",4,1,Babies learning to talk is commonly observed in family life.,4,This is a common belief about language development.,"['opinion', 'social', 'literal language', 'positive', 'knowledge', 'everyday']",z-ai/glm-5.3
A clean desk makes work feel easier.,0,Whether a clean desk makes work easier is subjective.,4,0,It concerns human workspaces and perceptions of productivity.,4,1,It is plain language about desk cleanliness and work.,4,1,"It describes what people believe about organization and work, an empirical regularity in perception.",3,1,"It is an observation about workspace and work perception, not a logical derivation.",4,1,Desks and work are part of ordinary daily experience.,4,This is a common belief about workspace organization.,"['opinion', 'social', 'literal language', 'positive', 'knowledge', 'everyday']",z-ai/glm-5.3
Ice melts when left in a warm room.,1,The melting point of ice is objectively verifiable regardless of opinion.,4,1,"It follows from thermodynamics, a natural physical law.",4,1,It plainly states a physical process with no figurative meaning.,4,1,"It describes an empirical regularity of the physical world, not a value or convention.",4,1,"It is a direct observation about the world, not a logical deduction.",4,1,"Melting ice is commonly encountered in daily life, e.g., drinks and freezers.",4,This is basic common sense about phase changes of water observed in everyday life.,"['fact', 'physical', 'literal language', 'positive', 'knowledge', 'everyday']",z-ai/glm-5.3
Water boils at 100 degrees Celsius at sea level.,1,It is measurable and objectively correct at sea level pressure.,4,1,It is grounded in physics and measurable empirically.,4,1,The words mean exactly what they say about temperature and boiling.,4,1,"It states an empirical regularity, not a norm or judgment.",4,1,"It is an observed scientific fact, not a reasoning conclusion.",4,1,Boiling water is a routine experience in kitchens everywhere.,4,Widely known physical fact about water's boiling point experienced in cooking.,"['fact', 'physical', 'literal language', 'positive', 'knowledge', 'everyday']",z-ai/glm-5.3
Objects fall to the ground when dropped.,1,Gravity's effect on dropped objects is objectively verifiable.,4,1,"Explained by physics (gravity), measurable and empirical.",4,1,"Plain statement of falling objects, no figure of speech.",4,1,"Describes a physical regularity of nature, not any convention.",4,1,A direct observation about the world requiring no logical inference.,4,1,Dropping objects is an unavoidable part of daily life.,4,Fundamental observation about gravity everyone experiences constantly.,"['fact', 'physical', 'literal language', 'positive', 'knowledge', 'everyday']",z-ai/glm-5.3
Fire is hot and can burn skin.,1,That fire burns skin is objectively demonstrable.,4,1,Based on thermal physics and biology of burns.,4,1,"Literally describes heat and burning, no metaphor.",4,1,"States an empirical property of fire, not a normative claim.",4,1,"A simple observation about fire, not a reasoned conclusion.",4,1,"People encounter fire in stoves, candles, and campfires regularly.",4,"Universal common knowledge that fire causes burns, learned through everyday experience.","['fact', 'physical', 'literal language', 'positive', 'knowledge', 'everyday']",z-ai/glm-5.3
The sun rises in the east.,1,The direction of sunrise is objectively verifiable.,4,1,"Result of Earth's rotation, a physical phenomenon.",4,1,Plainly means the sun appears in the eastern sky.,4,1,"Describes a regular natural occurrence, not a social rule.",4,1,"Direct observation of nature, not a logical derivation.",4,1,Sunrise direction is observable in ordinary daily experience.,4,Basic astronomical fact observed by everyone in daily life.,"['fact', 'physical', 'literal language', 'positive', 'knowledge', 'everyday']",z-ai/glm-5.3
Ice is colder than steam.,1,Temperature difference is objectively measurable.,4,1,Grounded in thermodynamics and measurable with instruments.,4,1,Literally compares temperatures of two substances.,4,1,"States an empirical temperature relationship, not an opinion.",4,1,"Direct sensory knowledge, not an inference chain.",4,1,Ice and steam are common in kitchens and daily activities.,4,Simple temperature comparison known through everyday sensation and science.,"['fact', 'physical', 'literal language', 'positive', 'knowledge', 'everyday']",z-ai/glm-5.3
Wood floats on water.,1,Buoyancy of most wood is objectively testable and true.,4,1,Explained by density and Archimedes' principle in physics.,4,1,"States plainly that wood stays atop water, no metaphor.",4,1,Describes an empirical physical regularity of buoyancy.,4,1,"An observation about material properties, not reasoning.",4,1,"Seeing wood float in baths, lakes, or rivers is commonplace.",4,Common observation about density familiar from everyday life.,"['fact', 'physical', 'literal language', 'positive', 'knowledge', 'everyday']",z-ai/glm-5.3
Metal sinks in water.,1,Most common metals are denser than water and demonstrably sink.,3,1,"Based on density and buoyancy, measurable physically.",4,1,"Plain description of sinking behavior, no figurative use.",4,1,States an empirical regularity of dense materials in water.,4,1,"Simple observation about material behavior, not a deduction.",4,1,Dropping metal utensils or coins in water happens routinely.,4,"Everyday fact about metal density observed with coins, keys, and cutlery.","['fact', 'physical', 'literal language', 'positive', 'knowledge', 'everyday']",z-ai/glm-5.3
Plants need sunlight to grow.,1,Photosynthesis is scientifically verifiable and true.,4,1,"Grounded in biology and photosynthesis, empirically measurable.",4,1,Literally states plants require light for growth.,4,1,"Describes a biological requirement, not a normative rule.",4,1,"An observation about plant biology, not a logical argument.",4,1,Caring for plants is a common everyday activity.,4,Basic biological fact observed with houseplants and gardens.,"['fact', 'physical', 'literal language', 'positive', 'knowledge', 'everyday']",z-ai/glm-5.3
Humans need to drink water to survive.,1,Physiological need for water is objectively verifiable.,4,1,Grounded in human biology and physiology.,4,1,Plainly means survival requires water intake.,4,1,"States a biological fact, not a value judgment.",4,1,"Direct knowledge of a bodily need, not a reasoning result.",4,1,"Drinking water is a daily, universal human experience.",4,Fundamental biological necessity known to all people.,"['fact', 'physical', 'literal language', 'positive', 'knowledge', 'everyday']",z-ai/glm-5.3
Glass breaks if you drop it on a hard floor.,1,Glass fragility is objectively demonstrable.,4,1,Based on material science and brittleness of glass.,4,1,"Literally means glass shatters when dropped, no idiom.",4,1,"Describes an empirical material behavior, not a convention.",4,1,"An observation about material properties, not an inference.",4,1,Dropped glassware is a frequent household occurrence.,4,Common experience that fragile glass shatters on impact.,"['fact', 'physical', 'literal language', 'positive', 'knowledge', 'everyday']",z-ai/glm-5.3
Salt dissolves in water.,1,Solubility of salt is objectively verifiable.,4,1,"Explained by chemistry, measurable and reproducible.",4,1,"Plainly describes dissolution, no figurative language.",4,1,"States an empirical chemical regularity, not a norm.",4,1,"A direct observation about chemistry, not reasoning.",4,1,Salting food or water is an everyday cooking act.,4,Routine kitchen observation about salt dissolving when stirred into liquid.,"['fact', 'physical', 'literal language', 'positive', 'knowledge', 'everyday']",z-ai/glm-5.3
Wet clothes take longer to dry in humid weather.,1,The humidity-drying relationship is physically verifiable.,4,1,Explained by evaporation physics and meteorology.,4,1,Literally compares drying times under weather conditions.,4,1,"Describes an empirical regularity of evaporation, not a rule.",4,1,"An observed regularity from experience, not a logical derivation.",4,1,Drying laundry is an ordinary household chore.,4,Common household knowledge about drying times and humidity.,"['fact', 'physical', 'literal language', 'positive', 'knowledge', 'everyday']",z-ai/glm-5.3
Bread becomes stale and moldy if left out for many days.,1,Mold growth on bread is objectively observable.,4,1,"Based on microbiology and fungal growth, natural processes.",4,1,"Literally describes staleness and mold, no metaphor.",4,1,"States an empirical biological process, not a value.",4,1,"Direct observation of food decay, not a reasoned conclusion.",4,1,Bread storage and spoilage are common household experiences.,4,Familiar food spoilage observation in ordinary kitchens.,"['fact', 'physical', 'literal language', 'positive', 'knowledge', 'everyday']",z-ai/glm-5.3
Dark clothes get hotter than light clothes in the sun.,1,Differential heat absorption is objectively measurable.,4,1,Explained by radiative heat absorption physics.,4,1,Plainly compares warmth of dark versus light clothing.,4,1,Describes an empirical physical effect of color on absorption.,4,1,"An observation from experience, not a logical inference.",4,1,Wearing clothes in sunny weather is a universal experience.,4,Common experience that black fabric absorbs more solar heat.,"['fact', 'physical', 'literal language', 'positive', 'knowledge', 'everyday']",z-ai/glm-5.3
Daylight is brighter than nighttime darkness.,1,Light intensity difference is objectively measurable.,4,1,Based on solar illumination and Earth's rotation.,4,1,Literally compares brightness of day and night.,4,1,"States a natural regularity of light levels, not a norm.",4,1,"A direct sensory observation, not a reasoning product.",4,1,Everyone experiences day and night daily.,4,Universal observation about the day-night light cycle.,"['fact', 'physical', 'literal language', 'positive', 'knowledge', 'everyday']",z-ai/glm-5.3
Rivers flow downhill toward the sea.,1,"Water flows downhill due to gravity, objectively true.",4,1,"Governed by gravity and topography, physical phenomena.",4,1,Plainly states the direction of river flow.,4,1,Describes a natural physical regularity of water flow.,4,1,"An observation about geography, not an inference.",4,1,People see rivers and streams in ordinary life and travel.,4,Common geographic observation about gravity-driven water flow.,"['fact', 'physical', 'literal language', 'positive', 'knowledge', 'everyday']",z-ai/glm-5.3
Fish live in water and cannot breathe air like humans do.,1,Gill respiration in fish is scientifically verified.,4,1,"Grounded in biology and physiology, empirically measurable.",4,1,Literally describes where fish live and how they breathe.,4,1,States a biological fact about fish respiration.,4,1,"A direct observation about animal biology, not reasoning.",4,1,"Fish are commonly seen in markets, aquariums, and ponds.",4,"Basic biological fact known from aquariums, fishing, and nature.","['fact', 'physical', 'literal language', 'positive', 'knowledge', 'everyday']",z-ai/glm-5.3
Shadows are longer in the evening than at midday.,1,Shadow length variation is objectively measurable.,4,1,"Explained by geometry and the sun's position, physical optics.",4,1,Plainly compares shadow lengths at different times.,4,1,"Describes a natural optical regularity, not a convention.",4,1,"A direct observation of nature, not a logical conclusion.",4,1,Everyone sees their own shadow during daily activities.,4,Everyday observation of shadow length changing with sun position.,"['fact', 'physical', 'literal language', 'positive', 'knowledge', 'everyday']",z-ai/glm-5.3
Candles burn out when all the wax is used up.,1,"Candles extinguish without fuel, objectively demonstrable.",4,1,Based on combustion chemistry and conservation of matter.,4,1,Literally means the flame ends when wax is consumed.,4,1,States an empirical regularity of candle combustion.,4,1,"An observation about combustion, not a reasoning chain.",4,1,Burning candles at home is a common experience.,4,Familiar household observation about candle combustion and fuel depletion.,"['fact', 'physical', 'literal language', 'positive', 'knowledge', 'everyday']",z-ai/glm-5.3
The workweek in the United States is Monday through Friday.,1,"Whether the standard US workweek is Monday through Friday is verifiable and not a matter of opinion. I am very confident this is objectively checkable, unlike a preference.",4,0,"The workweek is a human-made convention, not a natural law. I am very confident because it is defined by social agreement rather than physics.",4,1,"It is plain language meaning exactly what it says, with no metaphor. I am very confident it contains no figures of speech.",4,1,"It describes a regularity that exists in the world (the usual workweek pattern) rather than a value judgment. I am somewhat confident because a convention borders on normative, but it is stated descriptively.",3,1,"It is a direct observation about the world rather than a conclusion derived from combining other facts. I am very confident it is a knowledge claim, not reasoning.",4,1,"People encounter the workweek constantly in daily life. I am very confident it is an everyday observation, not an abstract regularity.",4,This is a socially constructed convention about the week that everyone knows from ordinary life.,"['fact', 'social', 'literal language', 'positive', 'knowledge', 'everyday']",z-ai/glm-5.3
Traffic is heavier during rush hour.,1,"Traffic volume at given times is empirically measurable, so the claim is demonstrably true. I am very confident it is factual rather than opinion.",4,0,"Rush hour results from socially organized work schedules, a human convention. I am somewhat confident since traffic has physical aspects but its timing is socially driven.",3,1,The sentence means exactly what it says with no figurative language. I am very confident it is literal.,4,1,"It describes an empirical regularity rather than how traffic ought to be. I am very confident it is a positive claim, not a normative judgment.",4,1,"It is a direct observation about a recurring pattern, not a conclusion from combining premises. I am very confident it is knowledge, not reasoning.",4,1,"Commuters encounter rush hour traffic daily. I am very confident it is an everyday experience, not an abstract regularity.",4,"Everyone experiences heavier traffic at commute times, making it everyday common knowledge.","['fact', 'social', 'literal language', 'positive', 'knowledge', 'everyday']",z-ai/glm-5.3
"In the US, the emergency phone number is 911.",1,"It is objectively verifiable that 911 is the US emergency number, independent of opinion. I am very confident this is a fact.",4,0,An emergency number is a socially constructed convention created by human institutions. I am very confident this is of human origin rather than natural law.,4,1,"It is plain, literal language with no idioms. I am very confident it is literal.",4,1,"It describes what the number is, not what it should be. I am somewhat confident since it is a rule, but it is stated as an existing regularity rather than a value judgment.",3,1,"It is a memorized fact about the world, not a conclusion from reasoning. I am very confident it is knowledge.",4,1,Emergency numbers are part of ordinary civic life and widely learned. I am very confident it is everyday knowledge.,4,Knowing the emergency number is common social knowledge people use in everyday life.,"['fact', 'social', 'literal language', 'positive', 'knowledge', 'everyday']",z-ai/glm-5.3
"In the US, people drive on the right side of the road.",1,"It is demonstrably true that US drivers use the right side, independent of opinion. I am very confident this is a fact.",4,0,"Which side to drive on is a socially constructed traffic convention. I am very confident it is of human origin, unlike a physical law.",4,1,It means exactly what it says with no figures of speech. I am very confident it is literal.,4,1,"It describes what people actually do rather than a judgment about what they should do. I am somewhat confident because laws are rules, but the statement is descriptive.",3,1,"It is an observed fact about driving behavior, not a conclusion derived from logic. I am very confident it is knowledge.",4,1,Drivers and pedestrians observe this every day. I am very confident it is an everyday experience.,4,This is a widely known driving convention encountered constantly in daily life.,"['fact', 'social', 'literal language', 'positive', 'knowledge', 'everyday']",z-ai/glm-5.3
Green traffic lights mean go.,1,"It is verifiable that green lights signal drivers to proceed, regardless of opinion. I am very confident this is a fact.",4,0,"The meaning of traffic light colors is a socially constructed code. I am very confident this is of human origin, not nature.",4,1,It is plain language meaning exactly what it says. I am very confident it contains no metaphor.,4,1,"It describes an existing convention rather than a value judgment about driving. I am somewhat confident since conventions border on normative, but the statement is descriptive.",3,1,"It is a known fact about how signals work, not a reasoning conclusion. I am very confident it is knowledge.",4,1,People encounter traffic lights constantly in ordinary life. I am very confident it is everyday.,4,Traffic light meanings are a social convention everyone relies on in daily life.,"['fact', 'social', 'literal language', 'positive', 'knowledge', 'everyday']",z-ai/glm-5.3
Toilets in public restrooms in the US are separated by gender.,1,"That public US restrooms are typically separated by gender is observable and verifiable. I am very confident this is factual, not opinion.",4,0,Gender-separated restrooms are a socially constructed arrangement. I am very confident this is of human origin rather than a natural rule.,4,1,"It is plain, literal wording with no figurative language. I am very confident it is literal.",4,1,"It describes a prevailing practice rather than judging whether it should exist. I am somewhat confident because separation is a norm, but the statement is descriptive.",3,1,"It is an observation about a common practice, not a conclusion from combining facts. I am very confident it is knowledge.",4,1,Public restrooms are an ordinary part of daily life. I am very confident it is everyday.,4,Public restroom separation by gender is a common social arrangement people encounter daily.,"['fact', 'social', 'literal language', 'positive', 'knowledge', 'everyday']",z-ai/glm-5.3
US dollar bills are green.,1,"It is empirically verifiable that US bills are predominantly green. I am very confident this is a fact, not an opinion.",4,0,Currency design is a socially constructed choice made by human institutions. I am very confident this is of human origin.,4,1,It means exactly what it says; green is the literal color. I am very confident it contains no figure of speech.,4,1,"It describes an observable property of currency rather than a judgment about it. I am very confident it is positive, not normative.",4,1,"It is a direct observation about money, not a conclusion derived from reasoning. I am very confident it is knowledge.",4,1,People handle dollar bills routinely in daily life. I am very confident it is everyday.,4,The color of US currency is common knowledge from everyday transactions.,"['fact', 'social', 'literal language', 'positive', 'knowledge', 'everyday']",z-ai/glm-5.3
The US celebrates Independence Day on July 4th.,1,It is objectively true and verifiable that Independence Day falls on July 4th. I am very confident this is a fact.,4,0,"Holiday dates are socially constructed conventions established by people. I am very confident this is of human origin, not natural law.",4,1,It is plain language meaning exactly what it says. I am very confident it is literal.,4,1,"It describes when the holiday occurs rather than judging the holiday. I am somewhat confident because holidays are conventions, but the statement is descriptive of existing practice.",3,1,"It is a memorized fact about a holiday, not a reasoning conclusion. I am very confident it is knowledge.",4,1,The holiday is part of ordinary annual life and widely encountered. I am very confident it is everyday.,4,Knowing when a major national holiday occurs is common social knowledge.,"['fact', 'social', 'literal language', 'positive', 'knowledge', 'everyday']",z-ai/glm-5.3
Calendars in the US start the week on Sunday.,1,It is checkable that most US calendars begin the week with Sunday. I am very confident this is verifiable and factual.,4,0,Calendar layout is a socially constructed convention chosen by people. I am very confident this is of human origin.,4,1,"It is plain, literal wording with no figurative language. I am very confident it is literal.",4,1,"It describes a regularity in calendar design rather than a value judgment. I am somewhat confident since it is a convention, but it is stated descriptively.",3,1,"It is an observation about calendar design, not a conclusion from logic. I am very confident it is knowledge.",4,1,People see calendars regularly in daily life. I am very confident it is everyday.,4,How calendars arrange the week is familiar social knowledge from daily use.,"['fact', 'social', 'literal language', 'positive', 'knowledge', 'everyday']",z-ai/glm-5.3
People typically shake hands when meeting in the US.,1,"That handshakes are a typical US greeting is observable and verifiable. I am very confident this is factual, though it is a generalization with exceptions.",4,0,"Handshaking is a socially constructed custom of human origin. I am very confident this is a social fact, not a natural one.",4,1,It means exactly what it says; shaking hands is a literal action. I am very confident it contains no figure of speech.,4,1,"It describes what people actually do rather than judging the custom. I am somewhat confident because customs are norms, but the statement is descriptive.",3,1,"It is an observed regularity about behavior, not a conclusion from combining facts. I am very confident it is knowledge.",4,1,Greetings occur constantly in ordinary social life. I am very confident it is everyday.,4,Handshaking as a greeting is a well-known everyday social custom.,"['fact', 'social', 'literal language', 'positive', 'knowledge', 'everyday']",z-ai/glm-5.3
"In the US, you must be 18 to vote in federal elections.",1,The voting age is verifiable in law and is not a matter of opinion. I am very confident this is a fact.,4,0,The voting age is a socially constructed legal rule created by humans. I am very confident this is of human origin.,4,1,"It is plain, literal language with no idioms. I am very confident it is literal.",4,1,"It states what the law requires as an existing regularity rather than a preference about voting ages. I am somewhat confident since laws are rules, but the statement is descriptive of an existing legal fact.",3,1,"It is a known fact about election rules, not a reasoning conclusion. I am very confident it is knowledge.",4,1,Voting age is part of ordinary civic life and commonly encountered. I am very confident it is everyday.,4,The voting age is a widely known rule of civic life.,"['fact', 'social', 'literal language', 'positive', 'knowledge', 'everyday']",z-ai/glm-5.3
Christmas is a federal holiday in the US.,1,It is verifiable in US law that Christmas is a federal holiday. I am very confident this is a fact.,4,0,"Holiday designations are socially constructed by human institutions. I am very confident this is of human origin, unlike a natural phenomenon.",4,1,It is plain language meaning exactly what it says. I am very confident it contains no figure of speech.,4,1,"It describes the existing legal status of a date rather than a value judgment. I am somewhat confident because it is a rule, but it states an observable fact about the world.",3,1,"It is a memorized fact about the calendar and law, not a reasoning conclusion. I am very confident it is knowledge.",4,1,Holidays affect ordinary life through closures and time off. I am very confident it is everyday.,4,Knowing which days are official holidays is common knowledge of social conventions.,"['fact', 'social', 'literal language', 'positive', 'knowledge', 'everyday']",z-ai/glm-5.3
Wedding rings are worn on the fourth finger of the left hand.,1,"It is observable and verifiable where wedding rings are typically worn, independent of opinion. I am very confident this is a fact.",4,0,Wearing a ring on a particular finger is a socially constructed custom. I am very confident this is of human origin.,4,1,"It is plain, literal wording with no figurative language. I am very confident it is literal.",4,1,"It describes what people actually do rather than judging the custom. I am somewhat confident because customs are norms, but the statement is descriptive.",3,1,"It is an observation about a common practice, not a conclusion from reasoning. I am very confident it is knowledge.",4,1,Married people and their rings are encountered constantly in daily life. I am very confident it is everyday.,4,Where people commonly wear wedding rings is a familiar social custom.,"['fact', 'social', 'literal language', 'positive', 'knowledge', 'everyday']",z-ai/glm-5.3
A penny is worth less than a dime.,1,"That a penny is worth one cent and a dime ten is verifiable, not opinion. I am very confident this is a fact.",4,0,Coin denominations and values are socially constructed monetary conventions. I am very confident this is of human origin.,4,1,It means exactly what it says about coin values. I am very confident it is literal.,4,1,It describes the actual values assigned to coins rather than a judgment about worth. I am very confident it is a positive claim.,4,1,"It is a memorized fact about currency values, not a reasoning conclusion. I am very confident it is knowledge.",4,1,Coins are handled constantly in everyday purchases. I am very confident it is everyday.,4,The relative value of coins is basic everyday knowledge about a social convention.,"['fact', 'social', 'literal language', 'positive', 'knowledge', 'everyday']",z-ai/glm-5.3
The US has 50 states.,1,It is objectively verifiable that the US has 50 states. I am very confident this is a fact.,4,0,"States are human-defined political divisions, a social construct. I am very confident this is of human origin, unlike a natural category.",4,1,It is plain language stating a literal count. I am very confident it contains no figure of speech.,4,1,It describes an existing regularity of the political world rather than a judgment. I am very confident it is positive.,4,1,"It is a memorized fact about geography, not a conclusion derived by reasoning. I am very confident it is knowledge.",4,1,"Maps, news, and schooling make this common everyday knowledge. I am somewhat confident it is everyday, though one learns it via education rather than direct observation.",3,The number of states is basic common knowledge about a social-political arrangement.,"['fact', 'social', 'literal language', 'positive', 'knowledge', 'everyday']",z-ai/glm-5.3
Baseball games have nine innings.,1,It is verifiable in the official rules that standard games have nine innings. I am very confident this is a fact.,4,0,Baseball rules are socially constructed by human institutions. I am very confident this is of human origin.,4,1,"It is plain, literal wording with no figurative language. I am very confident it is literal.",4,1,"It describes how the game is actually played rather than a judgment about the rules. I am somewhat confident since game rules are conventions, but the statement is descriptive.",3,1,"It is a memorized fact about a game, not a reasoning conclusion. I am very confident it is knowledge.",4,1,Baseball is a common sport many people watch or play regularly. I am very confident it is everyday.,4,The structure of a popular game is widely known social knowledge.,"['fact', 'social', 'literal language', 'positive', 'knowledge', 'everyday']",z-ai/glm-5.3
Restaurants in the US expect tips from customers.,1,"That US restaurants expect tips is an observable, verifiable practice. I am very confident this is factual rather than mere opinion.",4,0,"Tipping is a socially constructed custom, not a natural rule. I am very confident this is of human origin.",4,1,It is plain language meaning exactly what it says. I am very confident it is literal.,4,1,"It describes what restaurants actually expect as an existing practice rather than whether one ought to tip. I am somewhat confident because tipping is a norm, but the statement is descriptive.",3,1,"It is an observed regularity about dining behavior, not a reasoning conclusion. I am very confident it is knowledge.",4,1,"Dining out and tipping are ordinary, frequent experiences. I am very confident it is everyday.",4,Tipping expectations are a well-known everyday social convention.,"['fact', 'social', 'literal language', 'positive', 'knowledge', 'everyday']",z-ai/glm-5.3
QWERTY is the most common keyboard layout in the US.,1,"It is empirically verifiable that QWERTY dominates US keyboards. I am very confident this is a fact, not an opinion.",4,0,"Keyboard layouts are socially constructed standards of human origin. I am very confident this is a social fact, not a natural one.",4,1,"It is plain, literal wording naming a layout. I am very confident it contains no figure of speech.",4,1,It describes an existing regularity in technology use rather than a value judgment. I am very confident it is positive.,4,1,"It is an observation about a widespread standard, not a conclusion from combining facts. I am very confident it is knowledge.",4,1,People use keyboards constantly in daily life. I am very confident it is everyday.,4,The ubiquity of the QWERTY layout is common knowledge about a human-made standard.,"['fact', 'social', 'literal language', 'positive', 'knowledge', 'everyday']",z-ai/glm-5.3
Marathon races are 26.2 miles long.,1,It is verifiable that official marathons are 26.2 miles. I am very confident this is a fact.,4,0,The marathon distance is a socially standardized race length set by people. I am very confident this is of human origin.,4,1,It is plain language stating a literal measurement. I am very confident it is literal.,4,1,"It states the actual race distance rather than a judgment about what it should be. I am somewhat confident since the distance is a convention, but the statement is descriptive.",3,1,"It is a memorized fact about races, not a conclusion from reasoning. I am very confident it is knowledge.",4,1,"Marathons are widely encountered through media, charity runs, and community events. I am somewhat confident it is everyday, though most people do not run marathons themselves.",3,The standard marathon distance is widely known common knowledge about a social convention.,"['fact', 'social', 'literal language', 'positive', 'knowledge', 'everyday']",z-ai/glm-5.3
"In the US, school buses are yellow.",1,It is empirically verifiable that US school buses are yellow. I am very confident this is a fact.,4,0,School bus color is a socially constructed standard set by human regulations. I am very confident this is of human origin.,4,1,It means exactly what it says about the color. I am very confident it contains no figure of speech.,4,1,It describes an observable regularity rather than a judgment about bus colors. I am very confident it is positive.,4,1,"It is a direct observation about vehicles, not a reasoning conclusion. I am very confident it is knowledge.",4,1,School buses are seen routinely in daily life in communities. I am very confident it is everyday.,4,The color of school buses is common everyday knowledge about a social standard.,"['fact', 'social', 'literal language', 'positive', 'knowledge', 'everyday']",z-ai/glm-5.3
Water is wetter than sand.,0,The comparative judgment of 'wetter' involves a subjective assessment that cannot be definitively demonstrated. Confidence is moderate because wetness has measurable aspects like water content.,2,1,Wetness is an objective physical property related to liquid adhesion and moisture content. Confidence is high because it describes a material characteristic.,4,1,The statement means exactly what it says with no figurative language. Confidence is high because it uses plain words.,4,1,It describes an empirical regularity about materials rather than any value judgment or social norm. Confidence is high because it makes no prescriptive claim.,4,1,It is a direct observation about the world rather than a logical conclusion derived from combining premises. Confidence is high because it states a simple perceptual claim.,4,1,"Water and sand are encountered constantly in ordinary life, at beaches, kitchens, and outdoors. Confidence is high since this comparison requires no special expertise.",4,"This is a commonly held everyday observation about the physical difference between water and sand that anyone with direct experience would agree with, though it involves a subjective comparative judgment about 'wetness'.","['opinion', 'physical', 'literal language', 'positive', 'knowledge', 'everyday']",z-ai/glm-5.3
Ice cream is colder than room temperature.,0,"Because 'room temperature' varies and the comparison is framed loosely, it involves a subjective judgment rather than a precise measurable fact. Confidence is low because in most contexts it could be verified.",2,1,Temperature is an objective physical property measurable with a thermometer. Confidence is high because it concerns thermodynamics.,4,1,The language is plain and means exactly what it says. Confidence is high because there is no figurative expression.,4,1,It describes an empirical state of matter without any normative or value-based claim. Confidence is high because it is purely descriptive.,4,1,It states a simple observation about temperature rather than a reasoned conclusion. Confidence is high because it reports a direct perceptual fact.,4,1,Ice cream and room temperature are things everyone encounters in daily life. Confidence is high because it requires no special context.,4,"This reflects the universal everyday experience that frozen desserts feel cold compared to their surroundings, though the exact temperature comparison involves some subjective framing.","['opinion', 'physical', 'literal language', 'positive', 'knowledge', 'everyday']",z-ai/glm-5.3
Heavy rain makes the ground muddy.,0,The degree of mud and what counts as muddy involves subjective interpretation rather than precise measurement. Confidence is low because the general causal link is objectively verifiable.,2,1,Rain and soil moisture are objective natural phenomena governed by physics and hydrology. Confidence is high because they are measurable.,4,1,The statement uses plain language with no metaphor or hyperbole. Confidence is high because it is direct.,4,1,It describes an empirical cause-and-effect relationship with no prescriptive judgment. Confidence is high because it makes no value claim.,4,1,It states an observed regularity in the world rather than a conclusion requiring logical deduction. Confidence is high because it reports experience.,4,1,Rain and muddy ground are common experiences in ordinary life. Confidence is high because weather affects everyone.,4,"This is a basic observation about cause and effect in nature that everyone who has experienced weather understands, though 'muddy' involves some subjective interpretation.","['opinion', 'physical', 'literal language', 'positive', 'knowledge', 'everyday']",z-ai/glm-5.3
Mountains are taller than molehills.,0,"As an obvious empirical size claim it seems factual, but framing it as a bare comparison without measurement involves a subjective element. Confidence is low because height is objectively measurable.",1,1,Height and landforms are objective physical features measurable with instruments. Confidence is high because it concerns geography.,4,1,"The statement is plain and literal with no figurative use, though 'making a mountain out of a molehill' is a common idiom this deliberately avoids. Confidence is high because it stays literal.",4,1,It describes an empirical size relationship with no normative content. Confidence is high because it is descriptive only.,4,1,It is a direct observation about relative heights rather than a logical deduction. Confidence is high because it reports what is seen.,4,1,"While mountains may not be seen daily, the size comparison is understood through ordinary experience with terrain and small mounds. Confidence is moderate because mountains are not everyday for everyone.",3,"This expresses a basic size comparison understood by anyone who has seen both natural features, though the comparison is somewhat trivially obvious and framed subjectively.","['opinion', 'physical', 'literal language', 'positive', 'knowledge', 'everyday']",z-ai/glm-5.3
Butter is softer than a brick.,0,Softness as felt by a person involves subjective perception rather than a strictly defined measure. Confidence is low because hardness can be measured objectively.,2,1,Material hardness and softness are objective physical properties studied in materials science. Confidence is high because they are measurable.,4,1,The language is plain and means exactly what it says. Confidence is high because there is no figure of speech.,4,1,It is an empirical description of materials with no value judgment or social norm. Confidence is high because it is purely descriptive.,4,1,It states an observed material property comparison rather than a reasoned conclusion. Confidence is high because it reports direct perception.,4,1,Butter and bricks are common household and construction items encountered in ordinary life. Confidence is high because both are ubiquitous.,4,"This is a familiar everyday comparison of material hardness that requires no expertise to grasp, though 'softness' has a subjective perceptual dimension.","['opinion', 'physical', 'literal language', 'positive', 'knowledge', 'everyday']",z-ai/glm-5.3
Running is faster than crawling.,0,"The claim as stated is broadly true and verifiable, but presenting it without qualification involves a subjective framing. Confidence is low because speed is objectively measurable.",1,1,Speed of movement is an objective physical quantity measurable with clocks and distance. Confidence is high because it involves biomechanics.,4,1,The statement is plain and literal with no idiomatic meaning. Confidence is high because it says what it means.,4,1,It describes an empirical fact about motion with no prescriptive or normative content. Confidence is high because it is descriptive.,4,1,It states an observation about movement speeds rather than a conclusion from logic. Confidence is high because it reports everyday perception.,4,1,Running and crawling are ordinary human movements encountered from childhood. Confidence is high because locomotion is universal experience.,4,"This reflects universal physical experience with human locomotion, though what counts as 'faster' in a given instance involves a subjective comparative frame.","['opinion', 'physical', 'literal language', 'positive', 'knowledge', 'everyday']",z-ai/glm-5.3
Wood floats on water.,0,"Buoyancy is objectively testable and not a matter of opinion, so this feature is not well satisfied. Confidence is very low because the claim is empirically verifiable.",1,1,Floating is an objective physical phenomenon explained by density and buoyancy. Confidence is high because it is a natural law.,4,1,The language is plain and means exactly what it says. Confidence is high because no figure of speech is present.,4,1,It states an empirical regularity of matter with no normative judgment. Confidence is high because it is purely descriptive.,4,1,It reports an observed regularity about buoyant objects rather than a deduced conclusion. Confidence is high because it is experiential.,4,1,"Wooden objects and water are commonly encountered in daily life, from docks to cutting boards in sinks. Confidence is high because the scenario is ordinary.",4,"This is a widely known physical observation from everyday experience with objects in bathtubs and lakes, though as a bare regularity it seems factual rather than opinion.","['opinion', 'physical', 'literal language', 'positive', 'knowledge', 'everyday']",z-ai/glm-5.3
Cats are cleaner than pigs.,0,Cleanliness as a comparative judgment between species is subjective and cannot be definitively demonstrated. Confidence is high because grooming habits vary by context.,3,1,Grooming behavior and hygiene are observable biological traits of animals. Confidence is moderate because cleanliness also carries social connotations.,3,1,The statement is literal with no metaphor or idiom. Confidence is high because it is plain language.,4,1,It describes observed animal behavior with no prescriptive value claim. Confidence is moderate because 'cleaner' can imply a value judgment.,3,1,It states an observation about animals rather than a conclusion from combined premises. Confidence is high because it reports perceived experience.,4,1,Cats and pigs are familiar animals often seen in daily life or media. Confidence is moderate because pigs are less commonly encountered directly.,3,"This is a commonly held everyday belief about animal hygiene that many accept from experience, but it combines subjective comparative judgment with physical grooming behavior.","['opinion', 'physical', 'literal language', 'positive', 'knowledge', 'everyday']",z-ai/glm-5.3
Coffee is more refreshing than plain hot water.,0,Refreshment is an inherently subjective sensation that varies between individuals and cannot be objectively proven. Confidence is high because it is a felt experience.,3,1,Caffeine is a measurable chemical stimulant with physiological effects on the body. Confidence is moderate because refreshment also involves psychological framing.,3,1,The language is plain and means what it says. Confidence is high because no idiom is used.,4,1,It describes an empirical effect of a beverage on the body with no normative claim. Confidence is high because it is descriptive of a sensation.,4,1,It reports a common perception about drinks rather than a logical deduction. Confidence is high because it states an observed feeling.,4,1,Coffee and hot water are ordinary beverages encountered daily. Confidence is high because drinking is a universal routine.,4,"This is a widespread everyday perception about beverages that many hold, grounded in the physical stimulant effect of caffeine but expressed as a subjective comparative.","['opinion', 'physical', 'literal language', 'positive', 'knowledge', 'everyday']",z-ai/glm-5.3
Winter is colder than summer.,0,"Because temperature is precisely measurable and the pattern holds in most inhabited regions, this is more a fact than an opinion. Confidence is very low that it satisfies this feature.",1,1,Temperature and seasonal climate patterns are objective physical phenomena measured by instruments. Confidence is high because meteorology is empirical.,4,1,The statement is plain and literal. Confidence is high because it contains no figurative language.,4,1,It describes an empirical climate regularity with no value or normative content. Confidence is high because it is purely descriptive.,4,1,It states an observed seasonal regularity rather than a conclusion derived by reasoning. Confidence is high because it reports direct experience.,4,1,Seasons and their temperatures are experienced by nearly everyone in temperate climates each year. Confidence is high because weather is unavoidable.,4,"This is one of the most basic seasonal observations people make from direct experience, though as a near-universal regularity it leans factual rather than opinion.","['opinion', 'physical', 'literal language', 'positive', 'knowledge', 'everyday']",z-ai/glm-5.3
Stone floors feel colder than carpet.,0,How cold something feels is a subjective sensation that varies between people and cannot be objectively proven. Confidence is high because feel is perceptual.,3,1,Thermal conductivity of materials explains why stone and carpet at the same temperature feel different. Confidence is high because it involves physics.,4,1,The statement is plain and means exactly what it says. Confidence is high because there is no idiom.,4,1,It describes an empirical property of materials with no normative claim. Confidence is high because it is descriptive.,4,1,It reports a tactile observation about surfaces rather than a conclusion from logic. Confidence is high because it is direct perception.,4,1,Stone and carpet floors are common household surfaces walked on daily. Confidence is high because this happens in ordinary homes.,4,"This reflects the universal tactile experience of walking on different floor materials at home, combining objective thermal conductivity with subjective feel.","['opinion', 'physical', 'literal language', 'positive', 'knowledge', 'everyday']",z-ai/glm-5.3
Salt water tastes worse than fresh water.,0,Taste is inherently subjective and what tastes worse varies between individuals. Confidence is high because preference cannot be proven.,3,1,Dissolved salt is a measurable chemical property that changes the composition of water. Confidence is high because salinity is empirical.,4,1,The language is plain and literal. Confidence is high because it says what it means.,4,1,It describes an empirical taste property of a solution with no normative claim. Confidence is high because it makes no value prescription.,4,1,It states an observation about taste rather than a conclusion requiring deduction. Confidence is high because it reports direct tasting.,4,1,Fresh water is consumed daily and salty water is encountered at beaches or in cooking mishaps. Confidence is high because tasting water is routine.,4,"This is a common everyday perception about drinking water that many people hold from tasting both, rooted in chemistry but expressed as a subjective preference.","['opinion', 'physical', 'literal language', 'positive', 'knowledge', 'everyday']",z-ai/glm-5.3
Steel is harder than chalk.,0,"Hardness is objectively measurable with standardized tests, so this is closer to a fact than an opinion. Confidence is very low that the opinion feature is satisfied.",1,1,Hardness is a physical property quantified in materials science by scales like Mohs. Confidence is high because it is empirical.,4,1,The statement is literal with no figurative language. Confidence is high because it is plain.,4,1,It describes an empirical material property with no normative content. Confidence is high because it is purely descriptive.,4,1,It states an observed material property comparison rather than a logical conclusion. Confidence is high because it reports handling experience.,4,1,"Chalk is used in schools and steel is in cutlery and tools, both common in daily life. Confidence is high because these materials are ubiquitous.",4,"This is a straightforward everyday comparison of material hardness that anyone who has handled both knows, though hardness itself is objectively measurable.","['opinion', 'physical', 'literal language', 'positive', 'knowledge', 'everyday']",z-ai/glm-5.3
Trucks are bigger than bicycles.,0,"Size is objectively measurable and the claim holds without exception in ordinary contexts, making it a fact rather than an opinion. Confidence is very low that this feature is satisfied.",1,1,"Vehicle dimensions are objective physical measurements of length, height, and mass. Confidence is high because they are empirical.",4,1,The statement is plain and means exactly what it says. Confidence is high because there is no idiom.,4,1,It describes an empirical size relationship with no normative claim. Confidence is high because it is descriptive only.,4,1,It states an observation about vehicle sizes rather than a conclusion from reasoning. Confidence is high because it reports what is seen.,4,1,Trucks and bicycles are seen on roads and streets constantly in ordinary life. Confidence is high because traffic is a daily experience.,4,"This is a basic size comparison between two common vehicles that everyone understands from daily life, though as a simple measurement claim it seems factual.","['opinion', 'physical', 'literal language', 'positive', 'knowledge', 'everyday']",z-ai/glm-5.3
Walking barefoot on gravel hurts more than on grass.,0,How much something hurts is a subjective experience that varies between people and cannot be objectively measured. Confidence is high because pain is personal.,3,1,"Gravel hardness, sharpness, and pressure on skin are objective physical causes of pain. Confidence is high because it involves mechanics.",4,1,The statement is plain and literal with no figurative expression. Confidence is high because it means what it says.,4,1,It describes an empirical cause of sensation with no normative or value claim. Confidence is high because it is descriptive.,4,1,It states an observed bodily sensation from experience rather than a deduced conclusion. Confidence is high because it reports direct feeling.,4,1,"Walking barefoot on grass and gravel happens in yards, parks, and driveways in ordinary life. Confidence is high because these are common surfaces.",4,"This expresses a common tactile experience comparing surfaces that anyone who has tried both knows, grounded in physics but framed as a subjective sensation.","['opinion', 'physical', 'literal language', 'positive', 'knowledge', 'everyday']",z-ai/glm-5.3
Bananas are softer than apples.,0,"Softness of texture as judged by bite is partly subjective, though it can also be measured. Confidence is moderate because the boundary is blurry.",2,1,Fruit firmness is an objectively measurable physical property in food science. Confidence is high because it is empirical.,4,1,The statement is plain and literal. Confidence is high because there is no figure of speech.,4,1,It describes an empirical texture property with no normative content. Confidence is high because it is descriptive.,4,1,It states an observation about fruit texture rather than a conclusion from logic. Confidence is high because it reports eating experience.,4,1,Bananas and apples are among the most commonly eaten fruits in daily life. Confidence is high because they are grocery staples.,4,"This is a familiar everyday comparison of fruit texture known from eating both, combining measurable firmness with a subjective texture judgment.","['opinion', 'physical', 'literal language', 'positive', 'knowledge', 'everyday']",z-ai/glm-5.3
The ocean is deeper than a swimming pool.,0,"Depth is objectively measurable and the claim holds overwhelmingly, so it is a fact rather than an opinion. Confidence is very low that this feature is satisfied.",1,1,Water depth is an objective physical measurement using sonar or sounding lines. Confidence is high because it is empirical.,4,1,The statement is plain and means exactly what it says. Confidence is high because there is no idiom.,4,1,It describes an empirical depth relationship with no value claim. Confidence is high because it is descriptive only.,4,1,It states an observed comparison of water bodies rather than a logical deduction. Confidence is high because it reports what is known from experience.,4,1,Swimming pools are common and the ocean is widely known through trips and media. Confidence is moderate because not everyone visits the ocean regularly.,3,"This is a widely understood comparison of water depths known from ordinary experience, though depth is objectively measurable making it lean factual.","['opinion', 'physical', 'literal language', 'positive', 'knowledge', 'everyday']",z-ai/glm-5.3
Fresh milk goes sour faster than cheese.,0,"The exact meaning of 'goes sour faster' is loosely framed and can depend on interpretation, though spoilage is measurable. Confidence is low because the process is objectively testable.",2,1,Milk spoilage is a biological and chemical process governed by bacterial action and pH change. Confidence is high because it is empirical.,4,1,The language is plain and literal with no idiom. Confidence is high because it is direct.,4,1,It describes an empirical regularity of food decay with no normative claim. Confidence is high because it is descriptive.,4,1,It states an observed spoilage pattern from kitchen experience rather than a deduced conclusion. Confidence is high because it reports observation.,4,1,Milk and cheese are common refrigerator items whose spoilage is noticed in ordinary life. Confidence is high because kitchens are everyday.,4,"This reflects everyday kitchen experience with dairy storage, describing an empirical spoilage pattern that is physical but involves some loose framing.","['opinion', 'physical', 'literal language', 'positive', 'knowledge', 'everyday']",z-ai/glm-5.3
Wet clothes take longer to dry than dry clothes.,0,"The claim is nearly self-evident and objectively verifiable, making it a fact rather than an opinion. Confidence is very low that this feature is satisfied.",1,1,"Drying is governed by evaporation physics, and moisture content is objectively measurable. Confidence is high because it is empirical.",4,1,The statement is plain and literal. Confidence is high because there is no figurative language.,4,1,It describes an empirical evaporation regularity with no normative content. Confidence is high because it is descriptive.,4,1,It states an observed drying regularity from laundry experience rather than a reasoned conclusion. Confidence is moderate because it borders on tautology.,3,1,Drying clothes is a routine household chore done in ordinary life. Confidence is high because laundry is universal.,4,"This captures the tautological-feeling but commonly observed laundry experience about drying, though as stated it verges on definitional fact.","['opinion', 'physical', 'literal language', 'positive', 'knowledge', 'everyday']",z-ai/glm-5.3
Black shirts get hotter in the sun than white ones.,0,"How hot a shirt feels is a subjective sensation, though the underlying temperature difference is measurable. Confidence is moderate because the effect is objectively demonstrable.",2,1,Light absorption by color and radiant heating are objective physics measurable with thermometers. Confidence is high because it involves optics.,4,1,The statement is plain and literal with no idiom. Confidence is high because it means what it says.,4,1,It describes an empirical heating effect with no normative claim. Confidence is high because it is descriptive.,4,1,It states an observed regularity about clothing from experience rather than a deduced conclusion. Confidence is high because it reports direct perception.,4,1,Wearing shirts of different colors in the sun is a common daily experience. Confidence is high because clothing and sunshine are universal.,4,"This is a familiar observation about clothing and sunlight that everyone notices, grounded in light absorption physics but experienced as subjective warmth.","['opinion', 'physical', 'literal language', 'positive', 'knowledge', 'everyday']",z-ai/glm-5.3
Snow feels colder than rain.,0,How cold precipitation feels is a subjective bodily sensation that varies between people. Confidence is high because feel is perceptual.,3,1,Snow and rain temperatures and heat transfer are objective meteorological and thermal facts. Confidence is high because they are measurable.,4,1,The statement is plain and literal. Confidence is high because there is no figurative language.,4,1,It describes an empirical sensory property of precipitation with no normative claim. Confidence is high because it is descriptive.,4,1,It states a tactile observation about weather rather than a logical conclusion. Confidence is high because it reports direct feeling.,4,1,Snow and rain are common weather events encountered by anyone in a temperate climate. Confidence is high because weather is unavoidable.,4,"This is a common perception about winter precipitation known from direct experience, combining physical temperature with subjective feel.","['opinion', 'physical', 'literal language', 'positive', 'knowledge', 'everyday']",z-ai/glm-5.3
Hot chocolate is tastier in winter than in summer.,0,Tastiness is an inherently subjective preference that cannot be demonstrated objectively. Confidence is high because taste is personal.,3,1,"The statement involves the physical warmth of a hot beverage and seasonal temperature, which are measurable. Confidence is moderate because tastiness itself is not physical.",2,1,The statement is plain and literal with no idiom or metaphor. Confidence is high because it says what it means.,4,1,"It describes an empirical pairing of warmth and season with no prescriptive claim, though tastiness borders on value. Confidence is moderate because of the taste framing.",2,1,It states a common perception about drinking rather than a conclusion from combined premises. Confidence is high because it reports felt experience.,4,1,Hot chocolate is a common drink and seasons change for everyone in ordinary life. Confidence is high because beverages and weather are routine.,4,This is a widely shared everyday belief about seasonal beverage enjoyment that expresses subjective preference while involving physical warmth.,"['opinion', 'physical', 'literal language', 'positive', 'knowledge', 'everyday']",z-ai/glm-5.3
"A store closing early means the workers go home, not that they are missing.",1,It can be demonstrated correct or incorrect based on how stores operate. Fairly confident.,4,0,It relies on socially constructed rules about how stores operate and how work schedules function. Confidence high because this is inherently about human institutions.,4,1,Plain and ordinary language with no metaphor or hyperbole. Very confident.,4,1,"It describes what happens empirically when a store closes, not what should happen. Fairly confident.",4,0,It presents a conclusion (workers went home) derived from knowledge and logic about store operations. Fairly confident.,3,1,Encountering a closed store is a common experience people face regularly. High confidence.,4,This connects everyday experience with logical inference about how stores and work schedules operate.,"['fact', 'social', 'literal language', 'positive', 'reasoning', 'everyday']",z-ai/glm-5.3
I have a meeting at 3 pm so I should eat lunch before 2 pm.,1,"Whether one should eat before a meeting could be seen as subjective, but practically it can be evaluated. Somewhat unconfident since it borders on opinion.",2,0,Meetings are a social construct and lunch timing involves social norms about meal times. Fairly confident.,3,1,Plain language without figurative elements. Very confident.,4,1,"It describes what one needs to do practically, but 'should' introduces a normative element. Somewhat unconfident.",2,0,It combines knowledge about meeting times and eating to arrive at a conclusion. Fairly confident.,3,1,Scheduling meals around meetings is a common everyday experience. Very confident.,4,This involves practical scheduling reasoning based on everyday time management.,"['fact', 'social', 'literal language', 'positive', 'reasoning', 'everyday']",z-ai/glm-5.3
"The teacher assigned homework so students will do it at home, not in class.",1,It can be verified whether homework is meant to be done at home. Fairly confident.,4,0,Homework is a socially constructed educational practice. Very confident.,4,1,Plain ordinary language. Very confident.,4,1,"It describes what homework is and where it's done, not a judgment. Fairly confident.",3,0,It draws a conclusion about where homework is done based on the definition. Fairly confident.,3,1,Homework is encountered regularly by students and families. Very confident.,4,This reflects understanding of homework conventions and educational practices.,"['fact', 'social', 'literal language', 'positive', 'reasoning', 'everyday']",z-ai/glm-5.3
My friend is smiling at me so she probably likes talking to me.,1,Whether someone likes talking to you can be somewhat verified through their behavior. Fairly confident but it involves subjective interpretation. Somewhat confident.,3,0,It involves interpreting social cues and human relationships. Very confident.,4,1,Plain language. Very confident.,4,1,"It describes what a smile indicates, though it involves some interpretation. Somewhat confident.",3,0,It combines observation (smiling) with knowledge about social cues to reach a conclusion. Very confident.,4,1,Interpreting smiles and social interactions happens constantly in everyday life. Very confident.,4,This involves social reasoning about facial expressions and friendship.,"['fact', 'social', 'literal language', 'positive', 'reasoning', 'everyday']",z-ai/glm-5.3
I parked in a no-parking zone so I will likely get a ticket.,1,Whether parking illegally results in tickets can be demonstrated through evidence. Fairly confident.,4,0,No-parking zones and tickets are social constructions governed by human laws. Very confident.,4,1,Plain ordinary language. Very confident.,4,1,"It describes what will happen (getting a ticket), not what should happen. Fairly confident.",4,0,It combines knowledge about parking rules with logical inference about consequences. Very confident.,4,1,Parking and getting tickets is a common urban experience. Very confident.,4,This involves understanding traffic rules and their enforcement.,"['fact', 'social', 'literal language', 'positive', 'reasoning', 'everyday']",z-ai/glm-5.3
My phone battery is at 5% so it will die soon.,1,It can be demonstrated that a phone with 5% battery will die soon. Very confident.,4,0,Phone batteries and percentage indicators are human-made conventions. Fairly confident but it has physical aspects too. Somewhat confident.,3,1,Plain language without figurative elements. Very confident.,4,1,It describes what will happen empirically to a low battery. Very confident.,4,0,It combines knowledge about battery life with logic to predict an outcome. Very confident.,4,1,Dealing with low phone battery is a very common daily experience. Very confident.,4,This involves understanding technology and battery behavior in daily life.,"['fact', 'social', 'literal language', 'positive', 'reasoning', 'everyday']",z-ai/glm-5.3
I missed the last bus so I need to walk or call a taxi.,1,The alternatives available when missing a bus can be factually evaluated. Fairly confident.,3,0,Bus schedules and taxis are social constructs governing transportation. Fairly confident.,4,1,Plain ordinary language. Very confident.,4,1,It describes available options but 'need to' introduces some normative element. Somewhat confident.,3,0,It combines knowledge about transportation with logical reasoning about alternatives. Very confident.,4,1,Missing transportation is a common everyday experience. Very confident.,4,This involves practical reasoning about transportation alternatives.,"['fact', 'social', 'literal language', 'positive', 'reasoning', 'everyday']",z-ai/glm-5.3
The restaurant has a line out the door so the food is probably popular.,1,Whether food is popular can be somewhat verified through customer numbers. Fairly confident though popularity is partly subjective. Somewhat confident.,3,0,"Restaurants, lines, and popularity are all social constructs. Very confident.",4,1,Plain language without figurative elements. Very confident.,4,1,It describes what a long line indicates empirically. Fairly confident.,4,0,It combines observation (long line) with knowledge about human behavior to reach a conclusion. Very confident.,4,1,Seeing lines at restaurants is a common urban experience. Very confident.,4,This involves social reasoning about crowds and quality signals.,"['fact', 'social', 'literal language', 'positive', 'reasoning', 'everyday']",z-ai/glm-5.3
My neighbors are playing loud music at 3 am so they are probably awake.,1,Whether someone playing music at 3am is awake can be reasonably demonstrated. Fairly confident.,4,0,"Neighbors, music playing, and noise are part of socially constructed living arrangements. Fairly confident.",4,1,Plain ordinary language. Very confident.,4,1,It describes an empirical inference about someone's state. Fairly confident.,4,0,It combines observation (loud music) with logic about consciousness to reach a conclusion. Very confident.,4,1,Dealing with neighbors and noise is common in everyday life. Very confident.,4,This involves everyday reasoning about neighbors and social behavior.,"['fact', 'social', 'literal language', 'positive', 'reasoning', 'everyday']",z-ai/glm-5.3
I put money in the vending machine so I should receive a snack.,1,Whether vending machines dispense products when money is inserted can be demonstrated. Very confident.,4,0,Vending machines and monetary transactions are social conventions. Fairly confident.,4,1,Plain language. Very confident.,4,1,"It describes the expected empirical outcome, though 'should' has slight normative tone. Fairly confident.",3,0,It combines knowledge about vending machines with logic to predict an outcome. Very confident.,4,1,Using vending machines is a common everyday experience. Very confident.,4,This involves understanding of commercial transactions and machine behavior.,"['fact', 'social', 'literal language', 'positive', 'reasoning', 'everyday']",z-ai/glm-5.3
My kid has a fever so I should keep them home from school.,1,The connection between fever and staying home can be evaluated based on school policies and health practices. Fairly confident.,3,0,School attendance policies and parental care are social norms. Fairly confident.,4,1,Plain language. Very confident.,4,1,'Should' introduces a normative element about what ought to be done. Somewhat unconfident.,2,0,It combines knowledge about illness and school norms to reach a conclusion. Fairly confident.,3,1,Dealing with sick children and school decisions is common for parents. Very confident.,4,This involves parenting decisions based on health symptoms.,"['fact', 'social', 'literal language', 'positive', 'reasoning', 'everyday']",z-ai/glm-5.3
The store is having a sale so I can buy things at lower prices.,1,Whether a sale means lower prices can be demonstrated empirically. Very confident.,4,0,"Sales, prices, and stores are social constructions governing commerce. Very confident.",4,1,Plain language without figurative elements. Very confident.,4,1,It describes what a sale means empirically for prices. Fairly confident.,4,0,It combines knowledge about sales with logical inference about prices. Fairly confident.,3,1,Encountering sales while shopping is very common. Very confident.,4,This involves understanding of commercial practices and pricing.,"['fact', 'social', 'literal language', 'positive', 'reasoning', 'everyday']",z-ai/glm-5.3
I hear my alarm so it is time to wake up.,1,Whether an alarm indicates waking time can be evaluated based on one's schedule. Fairly confident.,3,0,Alarms and waking schedules are social conventions around time management. Fairly confident.,4,1,Plain ordinary language. Very confident.,4,1,"It describes what the alarm means in practice, though it involves some convention. Somewhat confident.",3,0,It combines observation (alarm sound) with knowledge about schedules to reach a conclusion. Very confident.,4,1,Waking up to alarms is a daily experience for most people. Very confident.,4,This involves understanding of daily routines and time management.,"['fact', 'social', 'literal language', 'positive', 'reasoning', 'everyday']",z-ai/glm-5.3
My colleague has been at work since 8am so they probably arrived before me.,1,Whether someone arrived earlier can be demonstrated through observation or records. Fairly confident.,4,0,"Workplaces, colleagues, and arrival times are social constructs. Fairly confident.",4,1,Plain language. Very confident.,4,1,It describes an empirical inference about arrival times. Fairly confident.,4,0,It combines observation (colleague present since 8am) with logic about time sequences. Very confident.,4,1,Observing when colleagues arrive is common in workplace settings. Very confident.,4,This involves social reasoning about workplace dynamics.,"['fact', 'social', 'literal language', 'positive', 'reasoning', 'everyday']",z-ai/glm-5.3
I need to buy a birthday gift so I should find out what my friend likes.,1,The connection between gift-giving and knowing preferences can be evaluated practically. Fairly confident but it involves some subjective elements. Somewhat confident.,3,0,Birthday gifts and gift-giving are social conventions. Very confident.,4,1,Plain language. Very confident.,4,1,'Should' introduces a normative element about proper gift-giving. Somewhat unconfident.,2,0,It combines knowledge about gift-giving with logical reasoning about preferences. Fairly confident.,3,1,Buying gifts for friends is a common everyday experience. Very confident.,4,This involves understanding of gift-giving conventions and friendship.,"['fact', 'social', 'literal language', 'positive', 'reasoning', 'everyday']",z-ai/glm-5.3
The elevator is out of order so I need to take the stairs.,1,Whether one must use stairs when elevator is broken can be demonstrated. Very confident.,4,0,Elevators and stairs are human-made infrastructure governed by building conventions. Fairly confident.,4,1,Plain language. Very confident.,4,1,"It describes what will happen practically, though 'need to' has slight normative tone. Fairly confident.",3,0,It combines observation (broken elevator) with knowledge about alternatives. Very confident.,4,1,Encountering broken elevators is common in daily life. Very confident.,4,This involves practical problem-solving with everyday infrastructure.,"['fact', 'social', 'literal language', 'positive', 'reasoning', 'everyday']",z-ai/glm-5.3
I received a package notification so the mail carrier delivered something.,1,Whether a notification means a package was delivered can be verified. Very confident.,4,0,"Mail delivery, packages, and notifications are social constructs of postal systems. Very confident.",4,1,Plain ordinary language. Very confident.,4,1,It describes what the notification indicates empirically. Very confident.,4,0,It combines observation (notification) with knowledge about mail systems to reach a conclusion. Very confident.,4,1,Receiving packages and notifications is common in modern life. Very confident.,4,This involves understanding of postal services and package delivery.,"['fact', 'social', 'literal language', 'positive', 'reasoning', 'everyday']",z-ai/glm-5.3
My coffee is cold so someone probably made it a while ago.,1,The relationship between coffee temperature and time elapsed can be demonstrated. Fairly confident.,4,0,Coffee drinking and preparation are social practices. Somewhat confident though temperature change is physical. Somewhat unconfident because the core inference is physical.,2,1,Plain language. Very confident.,4,1,It describes an empirical inference about temperature and time. Very confident.,4,0,It combines observation (cold coffee) with knowledge about cooling to reach a conclusion. Very confident.,4,1,Encountering cold coffee is a very common everyday experience. Very confident.,4,This involves practical reasoning about temperature and time.,"['fact', 'social', 'literal language', 'positive', 'reasoning', 'everyday']",z-ai/glm-5.3
I got a reminder text so I probably have an appointment coming up.,1,Whether a reminder means an upcoming appointment can be verified. Very confident.,4,0,"Reminders, appointments, and text messaging are social conventions. Fairly confident.",4,1,Plain language. Very confident.,4,1,It describes what a reminder text indicates empirically. Very confident.,4,0,It combines observation (reminder text) with knowledge about scheduling systems. Very confident.,4,1,Receiving appointment reminders is common in modern life. Very confident.,4,This involves understanding of reminder systems and scheduling.,"['fact', 'social', 'literal language', 'positive', 'reasoning', 'everyday']",z-ai/glm-5.3
The doorbell rang so someone is probably at the door.,1,Whether a doorbell indicates someone at the door can be demonstrated. Very confident.,4,0,Doorbell systems and visiting conventions are social constructs. Fairly confident.,4,1,Plain language. Very confident.,4,1,It describes what a doorbell ringing empirically indicates. Very confident.,4,0,It combines observation (doorbell sound) with knowledge about doorbell systems. Very confident.,4,1,Hearing doorbells and answering doors is extremely common. Very confident.,4,This involves understanding of household devices and visitors.,"['fact', 'social', 'literal language', 'positive', 'reasoning', 'everyday']",z-ai/glm-5.3
I paid for a movie ticket so I can enter the theater.,1,Whether a ticket grants theater entry can be demonstrated. Very confident.,4,0,"Movie tickets, theaters, and payment systems are social conventions. Very confident.",4,1,Plain ordinary language. Very confident.,4,1,It describes what purchasing a ticket empirically enables. Fairly confident.,4,0,It combines knowledge about ticketing with logical inference about access. Very confident.,4,1,Buying movie tickets is a common everyday experience. Very confident.,4,This involves understanding of commercial transactions and venue access.,"['fact', 'social', 'literal language', 'positive', 'reasoning', 'everyday']",z-ai/glm-5.3
"Time flies like an arrow, so life is short.",0,Whether life is short is subjective and cannot be objectively demonstrated; it depends on perspective.,3,1,The passage of time is an objective feature of the world measurable by physics.,3,0,"Time flying is a metaphor for passing quickly, not literal movement.",4,1,It describes a regularity (time passes steadily) rather than a value judgment about what should happen.,3,0,It draws a conclusion (life is short) by combining the metaphorical observation (time flies) with logic; not just an observation.,4,0,The fleetingness of life is a general reflection not encountered as a single everyday event.,3,This uses a common metaphor to reason that life passes quickly and should be valued.,"['opinion', 'physical', 'figure of speech', 'positive', 'reasoning', 'abstract']",z-ai/glm-5.3
"Every cloud has a silver lining, therefore hard times lead to growth.",0,"That all bad situations yield good outcomes is a belief, not demonstrable fact.",3,1,"Clouds and linings ground the metaphor in physical objects, though meaning is figurative.",2,0,Silver lining is a metaphor for hidden benefit in misfortune.,4,1,It asserts a regular pattern in events rather than prescribing what ought to occur.,3,0,"Combines the aphorism with logic to conclude hardship causes growth; it argues, not just states.",4,0,The link between adversity and growth is a broad regularity beyond any single experience.,3,A common aphorism used to reason that adversity ultimately brings benefit.,"['opinion', 'physical', 'figure of speech', 'positive', 'reasoning', 'abstract']",z-ai/glm-5.3
"A rolling stone gathers no moss, so constant movers stay unburdened.",0,Whether constant movement is good is subjective; the proverb itself is debated.,3,1,"A rolling stone literally collecting no moss is a physical regularity, though meaning is figurative.",3,0,Stones and moss are metaphors for people and stagnation.,4,1,"It describes an empirical pattern, not a norm or prescription.",3,0,It concludes movers stay unburdened by combining the proverb with implicit logic.,4,0,"It is a general life regularity, not a specific everyday situation.",3,The proverb reasons that staying active prevents accumulating stagnation.,"['opinion', 'physical', 'figure of speech', 'positive', 'reasoning', 'abstract']",z-ai/glm-5.3
"Light travels faster than sound, so the lightning flash comes before thunder.",0,"This is demonstrably verifiable, so it fails the opinion feature; it is fact-like.",1,1,Speeds of light and sound are measurable physical quantities.,4,0,"The language is plain and literal, so it fails the figure of speech feature.",1,1,"It states an empirical regularity of nature, not a value judgment.",4,0,Combines knowledge of physics with logic to conclude flashes precede thunder.,4,0,The speed difference is a scientific principle not directly perceived in daily life.,3,It reasons from physical law to explain why we see lightning before hearing thunder.,"['opinion', 'physical', 'figure of speech', 'positive', 'reasoning', 'abstract']",z-ai/glm-5.3
"The early bird catches the worm, therefore diligence is rewarded.",0,Whether early action always succeeds is a subjective belief.,3,1,"Literally, early birds physically catch worms; the image is grounded in biology.",3,0,Birds and worms are figurative images for proactive people and opportunities.,4,1,"It describes a regular pattern of cause and effect, not a prescription.",3,0,It concludes diligence is rewarded by combining the proverb with logic.,4,0,The link between diligence and reward is a broad generalization.,3,A proverb used to reason that acting early and working hard brings success.,"['opinion', 'physical', 'figure of speech', 'positive', 'reasoning', 'abstract']",z-ai/glm-5.3
"A watched pot never boils, so anxious waiting makes time feel longer.",0,That waiting always feels longer is a subjective impression.,3,1,"Boiling is a physical process, though the saying is figurative.",2,0,The pot never boiling is hyperbole for subjective impatience.,4,1,"It describes how things happen, not how they should happen.",3,0,It concludes waiting feels longer by combining the saying with psychology.,4,0,Perception of time under anxiety is an abstract regularity.,3,The saying reasons that impatience distorts our sense of time.,"['opinion', 'physical', 'figure of speech', 'positive', 'reasoning', 'abstract']",z-ai/glm-5.3
"Money burns a hole in your pocket, therefore windfalls get spent quickly.",0,Whether people always spend windfalls is a subjective generalization.,3,1,"Burning is a physical image, though used figuratively.",2,0,Money burning a hole is a metaphor for the urge to spend.,4,1,"It describes a typical empirical pattern, not a rule about what ought to happen.",3,0,It concludes windfalls are spent fast by combining metaphor with behavioral logic.,4,0,"Spending tendency is a broad human regularity, not a single event.",3,It reasons that people tend to quickly spend easily gained money.,"['opinion', 'physical', 'figure of speech', 'positive', 'reasoning', 'abstract']",z-ai/glm-5.3
"A stitch in time saves nine, so fixing problems early prevents bigger ones.",0,Whether early action always saves effort is a judgment call.,3,1,Stitching is a physical craft action grounding the metaphor.,3,0,Stitches and nines are figurative shorthand for repair effort.,4,1,It states a regular causal pattern rather than a norm.,3,0,It concludes early fixes prevent big problems by combining the proverb with logic.,4,0,"It is a general principle about problem-solving, beyond any one situation.",3,It reasons that early intervention avoids larger future effort.,"['opinion', 'physical', 'figure of speech', 'positive', 'reasoning', 'abstract']",z-ai/glm-5.3
"The squeaky wheel gets the grease, therefore complainers get attention.",0,Whether complaining reliably wins attention is subjective.,3,1,Squeaky wheels and grease are physical objects grounding the metaphor.,3,0,The squeaky wheel is a metaphor for people who complain.,4,1,"It describes what happens, not what should happen.",3,0,It concludes complainers get attention by combining the saying with social logic.,4,0,"The attention dynamic is a general regularity, not a specific event.",3,It reasons that voicing problems attracts responses.,"['opinion', 'physical', 'figure of speech', 'positive', 'reasoning', 'abstract']",z-ai/glm-5.3
"Rome wasn't built in a day, so great achievements take time.",0,How long achievement takes is a matter of belief and perspective.,3,1,"Building is a physical process, though used figuratively.",2,0,Rome building is a metaphor for any big undertaking.,4,1,"It describes a pattern of reality, not a moral prescription.",3,0,It concludes achievements take time by combining the aphorism with logic.,4,0,"It is a broad generalization about accomplishment, not daily experience.",3,It reasons from the aphorism that significant work requires patience.,"['opinion', 'physical', 'figure of speech', 'positive', 'reasoning', 'abstract']",z-ai/glm-5.3
"You can't squeeze blood from a turnip, so the poor can't pay fines.",0,Whether the poor truly can never pay is a debatable judgment.,3,1,Turnips and blood are physical things grounding the metaphor.,3,0,Squeezing blood from a turnip is a metaphor for the impossible.,4,1,"It states what happens given scarcity, not what ought to happen.",3,0,It concludes the poor can't pay by combining the saying with economic logic.,4,0,"It concerns socioeconomic capacity, an abstract regularity.",3,It reasons that people without resources cannot provide them.,"['opinion', 'physical', 'figure of speech', 'positive', 'reasoning', 'abstract']",z-ai/glm-5.3
"Don't cry over spilled milk, because dwelling on the past changes nothing.",0,Whether one should grieve mistakes is subjective.,3,1,Spilled milk is a physical event grounding the metaphor.,3,0,Spilled milk is a metaphor for irreversible small losses.,4,1,"It describes an empirical reality (the past is fixed), though it edges toward advice.",3,0,It concludes crying is pointless by combining the saying with causal logic.,4,0,Futility of dwelling on the past is an abstract life regularity.,3,It reasons that regretting irreversible events is futile.,"['opinion', 'physical', 'figure of speech', 'positive', 'reasoning', 'abstract']",z-ai/glm-5.3
"Every dog has its day, so the overlooked eventually get recognized.",0,"Whether everyone eventually succeeds is a hopeful belief, not fact.",3,1,"Dogs and days are concrete, though the meaning is figurative.",2,0,Dogs having days is a metaphor for people getting lucky moments.,4,1,"It describes a claimed pattern of events, not a prescription.",3,0,It concludes recognition comes eventually by combining the proverb with logic.,4,0,Life outcomes equalizing is a broad abstract regularity.,3,It reasons that fortunes rotate and the undervalued will shine.,"['opinion', 'physical', 'figure of speech', 'positive', 'reasoning', 'abstract']",z-ai/glm-5.3
"A chain is only as strong as its weakest link, so teams fail at their worst member.",0,Whether the weakest always determines failure is a subjective generalization.,3,1,Chain strength is a physical engineering property grounding the metaphor.,4,0,The chain and links are a metaphor for systems and members.,4,1,"It describes how systems behave, not how they ought to be judged.",3,0,It concludes teams fail at the weakest member by combining the metaphor with logic.,4,0,"System reliability theory is an abstract regularity, not everyday experience.",3,It reasons that group performance is limited by the weakest part.,"['opinion', 'physical', 'figure of speech', 'positive', 'reasoning', 'abstract']",z-ai/glm-5.3
"Practice makes perfect, so repetition builds mastery.",0,Whether repetition yields perfection is debatable and subjective.,3,1,Learning involves measurable changes in performance and neuroplasticity.,3,0,Perfection is hyperbole for high improvement.,3,1,"It states an empirical regularity, though it is often given as advice.",3,0,It concludes mastery comes from repetition by combining the proverb with logic.,4,0,Skill acquisition is a general principle beyond single experiences.,3,It reasons that repeated effort leads to skill.,"['opinion', 'physical', 'figure of speech', 'positive', 'reasoning', 'abstract']",z-ai/glm-5.3
"The apple doesn't fall far from the tree, so children resemble their parents.",0,The degree of resemblance is a matter of perception and belief.,3,1,"Falling apples and heredity are physical, natural phenomena.",4,0,Apples and trees are a metaphor for children and parents.,4,1,"It describes an empirical pattern of nature, not a prescription.",4,0,It concludes children resemble parents by combining the proverb with biology.,4,0,Hereditary resemblance is a general biological regularity.,3,It reasons that offspring tend to inherit traits from parents.,"['opinion', 'physical', 'figure of speech', 'positive', 'reasoning', 'abstract']",z-ai/glm-5.3
"Still waters run deep, so quiet people are often thoughtful.",0,Whether quietness indicates depth is a subjective impression.,3,1,Water depth is a physical property grounding the metaphor.,3,0,Still waters running deep is a metaphor for reserved depth.,4,1,"It describes a perceived pattern, not a normative rule.",3,0,It concludes quiet people are thoughtful by combining the metaphor with psychology.,4,0,"Personality inference is an abstract regularity, not a single event.",3,It reasons that outward calm signals inner depth.,"['opinion', 'physical', 'figure of speech', 'positive', 'reasoning', 'abstract']",z-ai/glm-5.3
"Absence makes the heart grow fonder, so distance strengthens love.",0,Whether absence strengthens or weakens love is hotly debated and subjective.,3,1,"The heart and distance are concrete images, though figurative in meaning.",2,0,Hearts growing is a metaphor for increasing affection.,4,1,It describes a claimed emotional regularity rather than prescribing behavior.,3,0,It concludes distance strengthens love by combining the proverb with psychological logic.,4,0,Emotional dynamics of separation are abstract regularities.,3,It reasons that separation intensifies affection.,"['opinion', 'physical', 'figure of speech', 'positive', 'reasoning', 'abstract']",z-ai/glm-5.3
"A picture is worth a thousand words, so images communicate faster than text.",0,The comparative value of images is subjective and context-dependent.,3,1,"Pictures and words are physical media, grounding the comparison.",3,0,Worth a thousand words is hyperbole for rich informational value.,4,1,"It states how communication works, not how it should be valued.",3,0,It concludes images communicate faster by combining the saying with logic.,4,0,Communication efficiency is an abstract regularity about information.,3,It reasons that visual information conveys more quickly than language.,"['opinion', 'physical', 'figure of speech', 'positive', 'reasoning', 'abstract']",z-ai/glm-5.3
"You can't have your cake and eat it too, so choices involve trade-offs.",0,Whether every choice is a strict trade-off is debatable.,3,1,"Eaten cake cannot be possessed, a physical impossibility grounding the metaphor.",4,0,Cake keeping and eating is a metaphor for incompatible desires.,4,1,"It describes an empirical constraint of reality, not a moral rule.",3,0,It concludes choices involve trade-offs by combining the proverb with economic logic.,4,0,Opportunity cost is an abstract economic principle.,3,It reasons that options are mutually exclusive and decisions carry costs.,"['opinion', 'physical', 'figure of speech', 'positive', 'reasoning', 'abstract']",z-ai/glm-5.3
"Water always finds its own level, so pressure equalizes across systems.",0,"The physical claim is verifiable, so it fails the opinion feature; it is fact-like.",1,1,Fluid equilibrium is a measurable physical phenomenon.,4,0,Finding its own level is a mild personification of water.,3,1,"It states a natural law, not a norm.",4,0,It concludes pressure equalizes by combining the metaphor with hydrostatics.,4,0,Pressure equalization is a scientific principle beyond direct everyday observation.,3,It reasons from physics that fluids balance out.,"['opinion', 'physical', 'figure of speech', 'positive', 'reasoning', 'abstract']",z-ai/glm-5.3
Strict religious upbringing makes children more moral adults.,0,Whether strict religious upbringing causes moral adults cannot be objectively demonstrated; it is inherently subjective.,4,0,"It concerns religion and morality, both socially constructed human institutions.",4,1,"It is plain language meaning exactly what it says, with no figures of speech.",4,1,"It describes an assumed empirical regularity about how upbringing affects adults, without prescribing what should happen.",3,0,"It combines beliefs about religion and moral development to reach a conclusion, not just stating a fact.",4,0,It is a broad generalization about upbringing and morality that no individual could verify through everyday experience.,4,This reflects a commonly held belief linking religion and morality that many people assume without evidence.,"['opinion', 'social', 'literal language', 'positive', 'reasoning', 'abstract']",z-ai/glm-5.3
Democracy is the fairest form of government.,0,Fairness of a government form is a subjective judgment that cannot be objectively demonstrated.,4,0,Government forms and fairness are human social constructions.,4,1,"The words mean exactly what they say, with no metaphors or idioms.",4,1,"It asserts an empirical claim about which system is fairest, not a rule about how people should behave.",2,0,It draws a comparative conclusion by reasoning about values and governance.,4,0,"It is a general conclusion about political systems, not something encountered in daily life.",4,"Many people believe democracy is fairest, though fairness cannot be proven.","['opinion', 'social', 'literal language', 'positive', 'reasoning', 'abstract']",z-ai/glm-5.3
People who exercise regularly are happier than those who don't.,0,"Happiness cannot be objectively measured, making this comparison inherently subjective.",3,0,Happiness is a subjective human experience rooted in social life.,3,1,It uses plain ordinary language meaning exactly what it states.,4,1,It claims an empirical regularity about people rather than prescribing behavior.,3,0,It combines knowledge about exercise and happiness into a comparative conclusion.,3,0,It is a population-level regularity that cannot be observed through individual everyday experience.,3,"A widespread assumption that exercise improves happiness, though unprovable.","['opinion', 'social', 'literal language', 'positive', 'reasoning', 'abstract']",z-ai/glm-5.3
Homeschooling produces better-educated children than public schools.,0,Better-educated is subjective and cannot be objectively demonstrated across all cases.,4,0,Education systems and their evaluation are socially constructed human practices.,4,1,The statement plainly says what it means without rhetorical devices.,4,1,"It asserts an empirical claim about outcomes, not a norm about what should be done.",3,0,"It concludes from assumptions about attention and curriculum, combining knowledge with logic.",3,0,It is a sweeping generalization about education systems beyond any individual's experience.,4,A contested belief about education that many assume based on reasoning.,"['opinion', 'social', 'literal language', 'positive', 'reasoning', 'abstract']",z-ai/glm-5.3
Married people live longer than single people.,0,The claimed regularity is contested and cannot be definitively demonstrated.,3,0,Marriage is a socially constructed institution central to human experience.,4,1,"It is plain language with literal meaning, no idioms.",4,1,"It describes an empirical pattern about longevity, not a value judgment.",3,0,It concludes a causal link between marriage and lifespan from assumptions about support and health.,3,0,"It is a statistical regularity across populations, not observable in everyday life.",3,A commonly repeated claim linking marriage to longevity through social support.,"['opinion', 'social', 'literal language', 'positive', 'reasoning', 'abstract']",z-ai/glm-5.3
Capital punishment deters violent crime.,0,The deterrence effect cannot be conclusively demonstrated and remains debated.,3,0,"Punishment, law, and crime are human social constructions.",4,1,"It is literal, plain language without figurative expressions.",4,1,"It asserts an empirical claim about deterrence, not whether execution is right.",3,0,It reasons from assumptions about human motivation and fear to a conclusion about crime rates.,4,0,It concerns a society-wide causal effect unobservable through personal experience.,4,A widely debated belief about punishment and deterrence.,"['opinion', 'social', 'literal language', 'positive', 'reasoning', 'abstract']",z-ai/glm-5.3
Money makes people selfish.,0,Selfishness is subjective and the causal claim cannot be objectively proven.,3,0,Money and selfishness concern human social behavior and values.,4,1,"The sentence means exactly what it says, plainly.",4,1,It claims an empirical effect of money on behavior rather than a moral rule.,3,0,It combines ideas about wealth and human nature to reach a causal conclusion.,3,0,It is a broad psychological regularity not verifiable through single experiences.,3,A common folk belief that wealth corrupts character.,"['opinion', 'social', 'literal language', 'positive', 'reasoning', 'abstract']",z-ai/glm-5.3
Bigger cities have more opportunities for success.,0,Opportunities and success are subjective notions not objectively measurable.,3,0,Cities and success are human social and economic constructs.,4,1,It uses ordinary literal words with no figures of speech.,4,1,It asserts a regularity about cities rather than prescribing where to live.,3,0,It infers a conclusion from premises about jobs and networks.,3,0,It is a generalization about city size and success beyond everyday observation.,3,A common assumption that urban scale brings success opportunities.,"['opinion', 'social', 'literal language', 'positive', 'reasoning', 'abstract']",z-ai/glm-5.3
Divorce harms children more than unhappy marriage does.,0,Harm comparison is subjective and cannot be objectively settled.,4,0,"Marriage, divorce, and family are social institutions.",4,1,"It is plain, literal language without rhetorical devices.",4,1,It asserts an empirical claim about harm rather than what parents should do.,3,0,It weighs two scenarios through logic and assumptions about child psychology.,4,0,"It is a broad comparative conclusion about family outcomes, unobservable individually.",4,A contested claim people often reason about regarding family stability.,"['opinion', 'social', 'literal language', 'positive', 'reasoning', 'abstract']",z-ai/glm-5.3
People are more honest in small towns than big cities.,0,"Honesty is hard to measure objectively, making the claim inherently subjective.",3,0,Honesty and community are social concepts of human origin.,4,1,The words carry their literal meaning with no idioms.,4,1,"It asserts an empirical regularity about honesty, not a norm.",3,0,It reasons from assumptions about community accountability to a conclusion.,3,0,It generalizes about populations and cannot be concluded from personal encounters alone.,3,A folk belief about community size and character.,"['opinion', 'social', 'literal language', 'positive', 'reasoning', 'abstract']",z-ai/glm-5.3
Hard work always leads to success.,0,Success is subjective and the universal claim cannot be objectively verified.,3,0,Success is a socially constructed human concept.,4,1,"It is plain literal language, though the always is an overstatement it is not figurative.",3,1,It asserts an empirical regularity rather than a prescriptive rule about working.,3,0,It combines beliefs about effort and reward into a causal conclusion.,3,0,"It is a universal regularity claim about life outcomes, not everyday observation.",3,A widely held motivational belief linking effort to outcomes.,"['opinion', 'social', 'literal language', 'positive', 'reasoning', 'abstract']",z-ai/glm-5.3
Social media makes people lonelier.,0,Loneliness is subjective and the causal claim cannot be definitively shown.,3,0,Social media and loneliness are human social phenomena.,4,1,It is ordinary literal wording without metaphor.,4,1,It asserts an empirical effect of social media rather than a value judgment.,3,0,It concludes a causal effect by reasoning about online versus face-to-face interaction.,3,0,It is a population-level effect not verifiable through one person's experience.,3,A common modern belief about technology and social connection.,"['opinion', 'social', 'literal language', 'positive', 'reasoning', 'abstract']",z-ai/glm-5.3
Children learn languages faster than adults.,0,Faster learning is hard to define objectively and the claim remains debated.,2,0,Language is a human social construct governing communication.,3,1,"Plain literal language, no idioms or metaphors.",4,1,"It asserts an empirical regularity about learning speed, not a prescription.",3,0,It combines knowledge about brain development and learning into a comparative conclusion.,3,0,It is a general claim about age groups needing broad evidence beyond everyday experience.,3,A commonly assumed regularity about language acquisition.,"['opinion', 'social', 'literal language', 'positive', 'reasoning', 'abstract']",z-ai/glm-5.3
Trusting people live better lives than cynics.,0,Better lives is inherently subjective and cannot be objectively demonstrated.,4,0,"Trust, cynicism, and good lives are human social and evaluative concepts.",4,1,The sentence means exactly what it literally says.,4,1,It asserts an empirical pattern rather than instructing people to trust.,3,0,It reasons from assumptions about relationships to a conclusion about well-being.,3,0,It is a broad generalization about dispositions and life quality beyond individual experience.,3,A folk belief about trust and life quality.,"['opinion', 'social', 'literal language', 'positive', 'reasoning', 'abstract']",z-ai/glm-5.3
The minimum wage should be raised to reduce poverty.,0,The policy's poverty effect is contested and cannot be objectively settled.,3,0,Wages and poverty are socially constructed economic institutions.,4,1,It is plain literal language with no figures of speech.,4,1,"It asserts a causal claim about wage policy and poverty, not merely a moral demand.",2,0,It concludes that raising wages reduces poverty by combining economic knowledge and logic.,4,0,"It concerns economic policy effects at a national scale, not everyday situations.",4,A policy belief many people reason about and hold.,"['opinion', 'social', 'literal language', 'positive', 'reasoning', 'abstract']",z-ai/glm-5.3
Most politicians are corrupt.,0,Corrupt is evaluative and most cannot be objectively verified.,3,0,Politics and corruption are human social phenomena.,4,1,"It is literal, plain wording meaning exactly what it says.",4,1,It asserts an empirical regularity about politicians rather than how they ought to act.,3,0,It concludes from assumptions about power and incentives.,3,0,It is a sweeping claim about a whole profession unobservable through personal experience.,3,A cynical folk belief about political institutions.,"['opinion', 'social', 'literal language', 'positive', 'reasoning', 'abstract']",z-ai/glm-5.3
Early bilingual education improves cognitive abilities.,0,Cognitive improvement is hard to objectively measure and the claim is debated.,3,0,Language and education are socially constructed human practices.,3,1,It is ordinary literal language without rhetoric.,4,1,"It asserts an empirical effect of education on cognition, not a value prescription.",3,0,It infers a cognitive benefit by combining knowledge of language and brain development.,3,0,It is a research-level generalization not derivable from everyday encounters.,3,A widely held belief about bilingualism and brain function.,"['opinion', 'social', 'literal language', 'positive', 'reasoning', 'abstract']",z-ai/glm-5.3
Uniforms make students perform better academically.,0,Academic performance effects are contested and not objectively demonstrable.,3,0,Uniforms and schooling are human social conventions.,4,1,It uses plain literal language with no figurative expressions.,4,1,It asserts an empirical regularity about outcomes rather than prescribing uniforms.,3,0,It concludes from assumptions about discipline and focus.,3,0,It is a system-wide educational claim beyond individual observation.,3,A common assumption linking dress codes to school performance.,"['opinion', 'social', 'literal language', 'positive', 'reasoning', 'abstract']",z-ai/glm-5.3
People follow trends because they fear standing out.,0,Motives like fear cannot be objectively verified across people.,3,0,Trends and social fear are human social phenomena.,4,1,It is literal wording meaning exactly what it says.,4,1,It asserts an empirical explanation of behavior rather than a norm about following trends.,3,0,It explains conformity by combining assumptions about fear and social acceptance.,4,0,It is a general theory of human behavior not observable in single instances.,3,A folk psychological explanation of conformity.,"['opinion', 'social', 'literal language', 'positive', 'reasoning', 'abstract']",z-ai/glm-5.3
Universities make people more open-minded.,0,Open-mindedness is inherently subjective and the effect is debated.,4,0,Universities and open-mindedness are human social and cultural constructs.,4,1,"Plain literal language, no idioms.",4,1,It asserts an empirical effect of universities rather than a moral claim.,3,0,It reasons from exposure to diverse ideas to a conclusion about attitudes.,3,0,It is a population-level effect claim not verifiable through everyday experience.,3,A common belief that higher education broadens perspectives.,"['opinion', 'social', 'literal language', 'positive', 'reasoning', 'abstract']",z-ai/glm-5.3
"Since medications lose potency after expiration, expired pills may fail to cure an infection.",1,Whether expired pills remain effective is empirically testable and independent of opinion.,3,1,"Chemical potency decay is an objective, measurable pharmacological fact, not a socially constructed rule.",4,1,Plain language with no metaphors; 'lose potency' means reduced chemical effectiveness literally.,4,0,"It asserts what medications can or should do, reflecting a belief about proper healthcare practice; it is not a scientific law. Confidence moderate as phrasing is fairly factual.",2,0,The conclusion combines knowledge of chemistry with logic via 'since...may fail'.,4,0,"It involves pharmacological degradation, beyond everyday direct experience. Confidence moderate since people do encounter expiration dates.",2,Reasoning from known chemical degradation to a health risk shows practical common sense.,"['fact', 'physical', 'literal language', 'normative', 'reasoning', 'abstract']",z-ai/glm-5.3
"Because prolonged drought lowers reservoirs, farmers should plant less water-intensive crops that season.",1,Water needs of crops and reservoir levels are objectively measurable.,3,1,"Drought effects on reservoirs are objective hydrological facts, not social constructions.",4,1,"Plain, direct wording with no figures of speech.",4,0,"Prescribes what farmers should do, a normative judgment about best practice, not a natural law.",3,0,The recommendation is inferred by combining hydrology knowledge with farming logic.,4,0,Regional agricultural planning exceeds everyday individual experience. Confidence moderate as some may know farming.,3,Connecting drought to agricultural strategy is common-sense planning.,"['fact', 'physical', 'literal language', 'normative', 'reasoning', 'abstract']",z-ai/glm-5.3
"Since interest rates rising makes borrowing costlier, you should delay taking a large loan now.",1,"How rates affect borrowing cost is demonstrable via arithmetic, independent of opinion.",3,1,"Interest calculations are objective mathematics, not socially constructed belief. Confidence moderate as rates are institutionally set.",3,1,Straightforward wording with no metaphors or idioms.,4,0,"Gives financial advice on what one should do, a normative convention, not an empirical law.",3,0,Concludes a recommendation from financial knowledge via 'since...should'.,4,0,Monetary policy effects on loan costs transcend everyday individual experience. Confidence moderate since loans are common.,2,Everyday financial logic about interest rates guiding loan timing is common sense.,"['fact', 'physical', 'literal language', 'normative', 'reasoning', 'abstract']",z-ai/glm-5.3
Vaccines preventing disease means herd immunity requires most of the population to be immunized.,1,"Herd-immunity thresholds are scientifically verifiable, not opinion.",4,1,Immunology and epidemic dynamics are objective biological mechanisms.,4,1,Plain statement of a biological requirement with no figurative language.,4,0,"Implies populations ought to be immunized, reflecting a public-health value judgment rather than a law.",3,0,The conclusion about population coverage follows logically from vaccine efficacy knowledge.,4,0,Population-level immunity cannot be observed through individual experience alone.,3,Public-health reasoning about herd immunity reflects widely shared common sense.,"['fact', 'physical', 'literal language', 'normative', 'reasoning', 'abstract']",z-ai/glm-5.3
"Since bones weaken without calcium, everyone should consume adequate calcium daily.",1,Calcium deficiency causing weaker bones is empirically demonstrable.,3,1,Calcium's role in bone physiology is an objective biological fact.,4,1,Plain dietary advice with no figures of speech.,4,0,"Prescribes dietary behavior, a normative health guideline, not a positive fact alone.",3,0,The 'should' conclusion is inferred from physiological knowledge.,4,0,Nutritional science conclusions exceed purely individual everyday observation. Confidence moderate since diet is everyday.,2,Linking calcium intake to bone health and deriving advice is common sense.,"['fact', 'physical', 'literal language', 'normative', 'reasoning', 'abstract']",z-ai/glm-5.3
"As carbon emissions trap heat, humanity must sharply reduce fossil fuel use to limit warming.",1,"Emissions-warming link is scientifically testable, not mere opinion.",4,1,Greenhouse gases trapping heat is objective atmospheric physics.,4,1,"Direct, plain description of a causal chain with no metaphors.",4,0,"Asserts a moral obligation ('must'), a value judgment beyond positive science.",4,0,The conclusion combines physics knowledge with policy logic via 'as...must'.,4,0,Global climate processes cannot be observed through individual experience.,4,Climate reasoning leading to a duty to cut emissions is common sense today.,"['fact', 'physical', 'literal language', 'normative', 'reasoning', 'abstract']",z-ai/glm-5.3
"Since compromised encryption exposes data, companies should regularly update their security software.",1,Whether updates mitigate vulnerabilities is demonstrably testable.,3,1,Encryption and software behavior are objective computational facts.,4,1,Plain technical statement with no figurative language.,4,0,"Prescribes what companies should do, a professional norm rather than a law of nature.",3,0,The recommendation follows logically from knowledge of software vulnerabilities.,4,0,Encryption and enterprise security exceed ordinary everyday experience.,3,Cybersecurity best practice inferred from technical risk is common sense.,"['fact', 'physical', 'literal language', 'normative', 'reasoning', 'abstract']",z-ai/glm-5.3
"Because nicotine is addictive, quitting smoking requires strong willpower and social support.",1,Addictiveness and cessation difficulty are empirically measurable.,3,1,Nicotine's addictive pharmacology is an objective biological fact.,4,1,Plain statement of addiction and cessation needs; no idioms used.,4,0,"Reflects a belief about how quitting should be approached, involving social norms of support.",3,0,The conclusion about quitting combines pharmacology knowledge with psychology logic.,4,0,Addiction mechanisms transcend what individuals can directly observe. Confidence moderate as smoking is common.,2,Understanding addiction difficulty combines science with social insight.,"['fact', 'physical', 'literal language', 'normative', 'reasoning', 'abstract']",z-ai/glm-5.3
"If traffic doubles on a fixed road, average travel times will increase significantly.",1,Travel times under congestion are objectively measurable.,4,1,"Congestion dynamics are measurable traffic engineering phenomena, not social constructs.",4,1,Plain conditional statement with no metaphors.,4,0,Concerns road use conventions and implied planning judgments rather than a physical constant. Confidence moderate.,2,0,The conclusion is inferred from knowledge of road capacity via a conditional.,4,0,Aggregate traffic patterns exceed individual everyday observation. Confidence moderate since commuting is everyday.,2,Basic traffic-flow logic is common sense for commuters and planners alike.,"['fact', 'physical', 'literal language', 'normative', 'reasoning', 'abstract']",z-ai/glm-5.3
"Since antibiotics don't work on viruses, taking them for colds fuels drug-resistant bacteria.",1,Antibiotic efficacy and resistance evolution are scientifically verifiable.,4,1,Antibiotic mechanism and bacterial resistance are objective biological facts.,4,1,Plain medical statement with no figurative language.,4,0,"Implies patients should avoid misusing antibiotics, a public-health norm. Confidence moderate.",2,0,The resistance conclusion follows logically from biological knowledge.,4,0,Microbial resistance cannot be seen through personal experience.,3,Medical common sense about antibiotic misuse and resistance.,"['fact', 'physical', 'literal language', 'normative', 'reasoning', 'abstract']",z-ai/glm-5.3
"Because lack of sleep impairs memory and attention, students should not cram all night before exams.",1,Sleep-deprivation effects on memory are demonstrable in experiments.,3,1,Sleep's effects on cognition are objective neurophysiological facts.,4,1,Plain advice with no idioms; 'cram' is literal intensive study.,4,0,"Prescribes what students should do, a normative guideline rather than a natural law.",3,0,The advice is inferred by combining sleep science with exam-preparation logic.,4,0,Cognitive science conclusions exceed everyday self-observation. Confidence moderate.,2,Common sense linking sleep science to study behavior.,"['fact', 'physical', 'literal language', 'normative', 'reasoning', 'abstract']",z-ai/glm-5.3
"Given identical ingredients, a larger pizza should be priced higher than a smaller one.",1,"Actual pricing relative to size is externally verifiable, not purely subjective.",3,1,"Size differences are measurable, objective properties independent of opinion. Confidence moderate as pricing itself is social.",3,1,Plain conditional about pricing with no figures of speech.,4,0,"States a pricing convention about what sellers should do, a social norm of fairness.",3,0,The pricing conclusion follows from combining cost knowledge with market logic.,4,0,General market pricing principles exceed a single everyday transaction.,3,Market pricing logic based on quantity is common sense.,"['fact', 'physical', 'literal language', 'normative', 'reasoning', 'abstract']",z-ai/glm-5.3
"Because repeated exposure builds immunity, allergists should administer venom extracts in gradually increasing doses.",1,Whether dose escalation reduces reactions is clinically testable.,4,1,Immune desensitization is an objective immunological mechanism.,4,1,Plain clinical description with no metaphors.,4,0,"Prescribes clinical practice, a professional norm about what allergists should do.",3,0,The treatment conclusion is inferred from immunology knowledge.,4,0,Clinical immunotherapy is beyond ordinary individual experience.,4,Medical desensitization logic is specialized yet common-sense reasoning.,"['fact', 'physical', 'literal language', 'normative', 'reasoning', 'abstract']",z-ai/glm-5.3
"If an economy's money supply grows much faster than output, severe inflation will follow.",1,Inflation outcomes are objectively recorded and testable against data.,4,1,"Monetary aggregates and price levels are measurable quantities, akin to quantitative laws. Confidence moderate since money is a social construct.",3,1,Plain economic statement with no figurative language.,4,0,Economics conventions frame the causal claim as policy-relevant belief. Confidence low-moderate since the sentence itself is positive.,2,0,The inflation conclusion is derived by combining monetary knowledge with economic logic.,4,0,Macroeconomic dynamics cannot be grasped from individual experience.,4,Monetary logic connecting money growth to inflation is common sense in economics.,"['fact', 'physical', 'literal language', 'normative', 'reasoning', 'abstract']",z-ai/glm-5.3
"Since pilots must read instruments in darkness, airlines should not hire colorblind applicants for flying.",1,Whether colorblind individuals can perform the task is objectively testable.,3,1,Color vision deficiency is an objective physiological condition.,4,1,"Plain language; 'read instruments' is literal, not metaphorical.",4,0,"States a hiring norm about what airlines should do, a convention not a law of nature.",3,0,The hiring conclusion follows logically from vision science and cockpit requirements.,4,0,Aviation hiring rules exceed everyday individual experience.,3,Reasoning from color vision needs to hiring policy is practical common sense.,"['fact', 'physical', 'literal language', 'normative', 'reasoning', 'abstract']",z-ai/glm-5.3
"Because standing water breeds mosquitoes, cities should eliminate stagnant pools near homes.",1,"Mosquito breeding sites are empirically verifiable, not opinion.",4,1,Mosquito breeding in stagnant water is an objective biological fact.,4,1,Plain causal statement with no figures of speech.,4,0,"Prescribes municipal action, a public-health norm rather than a positive fact.",3,0,The policy conclusion is inferred from entomological knowledge.,4,0,Municipal public-health planning exceeds individual everyday experience. Confidence moderate.,3,Public-health reasoning about mosquito control is common sense.,"['fact', 'physical', 'literal language', 'normative', 'reasoning', 'abstract']",z-ai/glm-5.3
"Since severe malnutrition stunts growth, governments should ensure children receive adequate nutrition.",1,Nutrition-growth links are medically demonstrable.,4,1,Malnutrition's effect on growth is objective human biology.,4,1,Plain statement with no metaphors or idioms.,4,0,"Asserts what governments should do, a normative moral-political judgment.",4,0,The conclusion combines nutritional science with policy logic via 'since...should'.,4,0,Population-level nutrition policy exceeds everyday individual experience.,4,Child-health reasoning yielding a governmental duty is common sense.,"['fact', 'physical', 'literal language', 'normative', 'reasoning', 'abstract']",z-ai/glm-5.3
"Because heavy truck axle loads cause disproportionate road damage, tolls should rise steeply with vehicle weight.",1,Load-damage relationships are empirically established in engineering.,4,1,Pavement damage scaling with axle load is a measurable engineering fact.,4,1,"Plain technical statement; 'steeply' is literal, not figurative.",4,0,"Proposes a tolling rule about what should be done, a policy norm.",3,0,The pricing conclusion follows logically from engineering knowledge.,4,0,Infrastructure engineering and toll policy exceed everyday experience.,4,Engineering logic leading to a pricing rule is common sense in transport policy.,"['fact', 'physical', 'literal language', 'normative', 'reasoning', 'abstract']",z-ai/glm-5.3
"Since wind turbines slow local air flow, very large wind farms can slightly change regional temperatures.",1,Turbine effects on temperature are measurable in field studies.,4,1,Atmospheric flow and temperature changes are objective physical phenomena.,4,1,Plain meteorological statement with no figurative language.,4,0,Sits in the socially constructed domain of energy and climate discourse rather than pure natural law. Confidence low.,1,0,The conclusion is inferred by combining fluid dynamics with wind-farm scale knowledge.,4,0,Regional climate effects cannot be observed through individual experience.,4,Environmental reasoning about renewable energy side effects is common sense today.,"['fact', 'physical', 'literal language', 'normative', 'reasoning', 'abstract']",z-ai/glm-5.3
"Given that demand shifts daily, delivery fleets should optimize routes using algorithms rather than habit.",1,Algorithmic versus habitual routing performance is empirically testable.,3,1,Route optimization is grounded in objective mathematics and distance measurement.,4,1,"Plain operational advice; 'optimize' is literal, not a metaphor.",4,0,"Prescribes what companies should do, a business norm about efficient practice.",3,0,The recommendation is derived by combining demand variability with optimization logic.,4,0,Algorithmic logistics planning exceeds ordinary everyday experience.,3,Logistics reasoning about route optimization is modern operational common sense.,"['fact', 'physical', 'literal language', 'normative', 'reasoning', 'abstract']",z-ai/glm-5.3
Time heals all wounds.,1,"While metaphorical, its core claim (emotional pain diminishes over time) is empirically verifiable through psychological studies and does not depend on opinion.",2,0,"It concerns human emotional experience, which is intrinsically of human origin.",3,0,"It is a hyperbolic metaphor - wounds are emotional pain, healing is fading memory, and 'all' is exaggeration.",4,1,"It describes an empirical regularity about how humans process pain, not a normative prescription.",3,0,It combines observations about memory fading and emotional adaptation to conclude that pain lessens over time.,3,0,"It generalizes a regularity across all human experience, not something encountered directly in everyday situations.",3,A widely shared metaphorical truism reflecting common human experience that emotional pain fades with time.,"['fact', 'social', 'figure of speech', 'positive', 'reasoning', 'abstract']",z-ai/glm-5.3
Money talks.,1,The claim that wealth influences behavior is demonstrable through observation and does not depend on opinion.,3,0,Money and its influence are socially constructed aspects of human society.,4,0,It is a personification - money does not literally talk; it is a metaphor for influence.,4,1,"It describes an empirical regularity about how money affects behavior, not a judgment about what should happen.",4,0,It combines knowledge of human motivations and observed outcomes to conclude that wealth sways decisions.,3,0,"It generalizes a pattern about influence across society, not a specific everyday situation.",3,A common aphorism expressing that financial power influences people and outcomes.,"['fact', 'social', 'figure of speech', 'positive', 'reasoning', 'abstract']",z-ai/glm-5.3
Rome wasn't built in a day.,1,"Rome literally took years to build, and the underlying claim (great work takes time) is verifiable.",3,0,"It references a human city and human endeavors, which are of human origin.",3,0,It is a hyperbolic historical allusion used as a metaphor for patience in any endeavor.,4,1,It describes an empirical regularity about how large efforts require sustained time.,4,0,It reasons from the scale of great projects to the necessity of extended time.,3,0,"It draws a general conclusion about the nature of accomplishment, not a specific everyday encounter.",3,A common proverb expressing that great things take time and cannot be rushed.,"['fact', 'social', 'figure of speech', 'positive', 'reasoning', 'abstract']",z-ai/glm-5.3
Every cloud has a silver lining.,1,"The claim that misfortunes often bring hidden benefits is arguably verifiable through observation, though somewhat contestable.",2,0,It concerns human emotional and social experience of adversity.,3,0,It is a metaphor - clouds and silver linings represent adversity and hope.,4,1,"It describes an observed empirical pattern in life outcomes, not a normative rule.",3,0,It combines observations of adversity yielding unexpected benefits to conclude that hardship has value.,3,0,"It generalizes a regularity across all adversity, not something directly encountered daily.",3,A common metaphorical truism that difficulties usually contain some positive aspect.,"['fact', 'social', 'figure of speech', 'positive', 'reasoning', 'abstract']",z-ai/glm-5.3
The squeaky wheel gets the grease.,1,The claim that vocal complainers get more attention is observable and verifiable in human interactions.,3,0,It describes socially constructed dynamics of attention and complaint in human groups.,4,0,It is a metaphor comparing complainers to squeaky wheels and attention to grease.,4,1,It describes what empirically happens - attention flows to the vocal - rather than what should happen.,4,0,It reasons from observed patterns of resource allocation to conclude vocalization brings reward.,3,0,"It generalizes a social regularity, not a specific everyday situation.",3,A common proverb expressing that those who complain loudest receive attention and resources.,"['fact', 'social', 'figure of speech', 'positive', 'reasoning', 'abstract']",z-ai/glm-5.3
You can't teach an old dog new tricks.,1,"The claim that older individuals resist learning is somewhat verifiable through psychology, though contested.",2,0,"It concerns human learning and social habits, which are of human origin.",3,0,It is a metaphor using dogs to represent people and tricks to represent new behaviors.,4,1,"It describes an empirical claim about learning ability, not a normative prescription.",3,0,It reasons from habit formation and aging patterns to conclude flexibility decreases with age.,3,0,"It generalizes a pattern across all aging and habit formation, not daily encounters.",3,A common aphorism expressing that established habits are hard to change.,"['fact', 'social', 'figure of speech', 'positive', 'reasoning', 'abstract']",z-ai/glm-5.3
Blood is thicker than water.,1,"The claim that kinship ties are typically stronger than non-kin ties is verifiable through social research, though contested.",2,0,Family and kinship are socially constructed human institutions.,4,0,It is a metaphor - blood represents family and water represents non-kin relationships.,4,1,"It describes an observed social regularity about kin loyalty, not a normative prescription.",3,0,It combines observations of familial support patterns to conclude kin bonds are more enduring.,3,0,"It states a general regularity about kinship across all human relationships, not specific daily encounters.",3,A common proverb expressing that family bonds are stronger than other relationships.,"['fact', 'social', 'figure of speech', 'positive', 'reasoning', 'abstract']",z-ai/glm-5.3
Actions speak louder than words.,1,The claim that behavior predicts intentions better than speech is verifiable through psychology.,3,0,"It concerns human communication and trust, which are social phenomena.",4,0,It is hyperbole/metaphor - speaking and loudness are metaphors for communicative force.,4,1,"It describes an empirical regularity about how we judge intentions, not a value judgment.",3,0,It reasons from observed discrepancies between words and deeds to conclude actions are more revealing.,3,0,"It generalizes a regularity about human behavior across all contexts, not specific situations.",3,A common aphorism expressing that deeds reveal character more reliably than speech.,"['fact', 'social', 'figure of speech', 'positive', 'reasoning', 'abstract']",z-ai/glm-5.3
A picture is worth a thousand words.,1,The claim that images communicate complex information more efficiently is verifiable through cognitive studies.,3,0,"Communication, pictures, and words are human social constructs.",4,0,It is hyperbole - a thousand words is an exaggerated quantity to emphasize richness of imagery.,4,1,"It describes an empirical regularity about information transfer efficiency, not a normative rule.",4,0,It reasons from the density of visual information to conclude images outperform text.,3,0,"It states a general regularity about visual communication, not an everyday encounter.",3,A common metaphor expressing that visual imagery conveys information more efficiently than text.,"['fact', 'social', 'figure of speech', 'positive', 'reasoning', 'abstract']",z-ai/glm-5.3
Absence makes the heart grow fonder.,1,"The claim that separation increases affection is verifiable through psychological research on attachment, though contested.",2,0,Affection and separation are human emotional and social experiences.,4,0,It uses metaphorical heart for emotions and hyperbolic growth language.,4,1,It describes an empirical regularity about emotional response to separation.,3,0,It reasons from memory idealization and longing patterns to conclude affection increases with distance.,3,0,"It generalizes an emotional regularity across all relationships, not daily encounters.",3,A common proverb expressing that separation can intensify affection.,"['fact', 'social', 'figure of speech', 'positive', 'reasoning', 'abstract']",z-ai/glm-5.3
The early bird catches the worm.,1,The claim that prompt action yields rewards is verifiable through observation of opportunity dynamics.,3,0,Competition and opportunity distribution are social phenomena of human origin.,3,0,It is a metaphor - birds represent people and worms represent opportunities.,4,1,"It describes an empirical regularity about first-mover advantage, not a normative rule.",4,0,It reasons from limited resources and competition to conclude early action is rewarded.,3,0,It generalizes a regularity about timing and advantage across many domains.,3,A common aphorism expressing that those who act promptly gain advantages.,"['fact', 'social', 'figure of speech', 'positive', 'reasoning', 'abstract']",z-ai/glm-5.3
Honesty is the best policy.,1,"The claim that honesty yields better outcomes is arguably verifiable through trust dynamics, though somewhat normative.",2,0,Honesty and policy are social norms and human constructs.,4,0,It is an aphorism using metaphorical 'policy' for a general principle of conduct.,3,1,It can describe an empirical regularity - trust builds through honesty - though it carries normative connotation.,2,0,It reasons from trust-building and reputation effects to conclude honesty is advantageous.,3,0,It generalizes a regularity about truthfulness across all social interactions.,3,A widely shared aphorism expressing that truthfulness produces the best long-term outcomes.,"['fact', 'social', 'figure of speech', 'positive', 'reasoning', 'abstract']",z-ai/glm-5.3
Curiosity killed the cat.,1,The claim that risky exploration leads to harm is verifiable through observation of accidents.,3,0,Curiosity and its risks in human exploration are social phenomena.,3,0,It is a hyperbolic metaphor using cats to represent overly curious people and death to represent harm.,4,1,"It describes an empirical regularity about exploration leading to danger, not a prescription.",4,0,It reasons from observed accidents caused by investigation to conclude curiosity carries risk.,3,0,It generalizes a regularity about exploration and risk across many situations.,3,A common proverb expressing that excessive inquisitiveness can lead to danger.,"['fact', 'social', 'figure of speech', 'positive', 'reasoning', 'abstract']",z-ai/glm-5.3
Better late than never.,1,The claim that delayed completion still yields value is verifiable by comparing outcomes.,3,0,Punctuality and task completion are social conventions of human origin.,3,0,It is an elliptical aphorism using contrastive hyperbole for effect.,3,1,"It describes an empirical comparison of outcomes, not a normative judgment.",3,0,It reasons by comparing partial value of late action to zero value of inaction.,3,0,"It states a general conclusion about timing versus completion, not a specific encounter.",3,A common aphorism expressing that delayed action is superior to inaction.,"['fact', 'social', 'figure of speech', 'positive', 'reasoning', 'abstract']",z-ai/glm-5.3
Fortune favors the bold.,1,"The claim that boldness correlates with reward is verifiable through historical and economic data, though contested.",2,0,"Fortune, boldness, and reward are social constructs about human striving.",3,0,It personifies fortune and uses 'bold' as a synecdoche for calculated risk-taking.,4,1,"It describes an empirical correlation between risk-taking and reward, not a prescription.",3,0,It reasons from observed patterns of opportunity capture to conclude boldness is rewarded.,3,0,It generalizes a regularity about risk and reward across all human endeavors.,3,A common aphorism expressing that risk-takers tend to achieve greater rewards.,"['fact', 'social', 'figure of speech', 'positive', 'reasoning', 'abstract']",z-ai/glm-5.3
A watched pot never boils.,1,"The claim that attention slows perceived time is verifiable through psychology of time perception, though literally false.",3,0,Time perception under anticipation is a human psychological and social experience.,3,0,It is hyperbole - the pot does boil; 'never' exaggerates perceived slowness.,4,1,"It describes an empirical regularity about subjective time perception, not a norm.",3,0,It combines knowledge of attention and time perception to conclude watching delays perceived progress.,3,0,It generalizes a regularity about attention and time perception across contexts.,3,A common proverb expressing that anxious attention makes time seem to pass slower.,"['fact', 'social', 'figure of speech', 'positive', 'reasoning', 'abstract']",z-ai/glm-5.3
Laughter is the best medicine.,1,The claim that laughter benefits health is verifiable through medical research on stress reduction.,3,0,Laughter is a human social behavior and medicine is a human institution.,4,0,"It is a hyperbolic metaphor - laughter is not literally medicine, and 'best' exaggerates.",4,1,"It describes an empirical regularity about humor's health effects, not a normative rule.",4,0,It combines knowledge of stress physiology and humor's effects to conclude laughter aids health.,3,0,"It generalizes a regularity about humor and health across all people, not daily encounters.",3,A common metaphorical truism expressing that humor improves wellbeing and health.,"['fact', 'social', 'figure of speech', 'positive', 'reasoning', 'abstract']",z-ai/glm-5.3
There's no place like home.,1,The claim that home provides unique comfort is verifiable through psychology of place attachment.,3,0,"Home, belonging, and comfort are social and emotional constructs of human origin.",4,0,It is a hyperbolic comparison - 'no place like home' exaggerates home's uniqueness.,4,1,"It describes an empirical regularity about place attachment and comfort, not a prescription.",3,0,"It reasons from familiarity, ownership, and belonging to conclude home is uniquely comforting.",3,0,It generalizes an emotional regularity about belonging across all people.,3,A common aphorism expressing that one's own home provides unique comfort and belonging.,"['fact', 'social', 'figure of speech', 'positive', 'reasoning', 'abstract']",z-ai/glm-5.3
Two heads are better than one.,1,The claim that collaboration improves outcomes is verifiable through group problem-solving research.,4,0,Collaboration and group work are human social phenomena.,4,0,It uses synecdoche - heads represent people - and elliptical aphoristic structure.,4,1,"It describes an empirical regularity about collaborative performance, not a norm.",4,0,It reasons from knowledge pooling and error correction to conclude collaboration helps.,3,0,It generalizes a regularity about collaboration across all problem-solving contexts.,3,A common aphorism expressing that collaboration produces better outcomes than solitary effort.,"['fact', 'social', 'figure of speech', 'positive', 'reasoning', 'abstract']",z-ai/glm-5.3
An apple a day keeps the doctor away.,1,The claim that fruit consumption reduces illness risk is verifiable through nutrition science.,3,0,"Doctors, dietary habits, and health norms are human social constructs.",4,0,It is hyperbole - one apple won't literally repel doctors - and uses rhyme as a mnemonic device.,4,1,"It describes an empirical regularity about nutrition and health, not a normative prescription.",4,0,It combines knowledge of nutrition and disease prevention to conclude fruit aids health.,4,0,It generalizes a regularity about diet and health across all people.,3,A common proverb expressing that healthy dietary habits prevent illness.,"['fact', 'social', 'figure of speech', 'positive', 'reasoning', 'abstract']",z-ai/glm-5.3
First impressions are lasting impressions.,1,The claim that first impressions endure is verifiable through social psychology research.,4,0,Impressions and judgments are social-cognitive phenomena of human origin.,4,0,It is an aphoristic parallelism using metaphorical 'lasting' for persistence.,3,1,"It describes an empirical regularity about memory and judgment, not a norm.",4,0,It combines knowledge of anchoring bias and memory to conclude first judgments persist.,4,0,It generalizes a cognitive regularity about impression formation across all social encounters.,3,A common aphorism expressing that initial judgments of people tend to persist.,"['fact', 'social', 'figure of speech', 'positive', 'reasoning', 'abstract']",z-ai/glm-5.3
It will rain sometime next week.,0,A weather forecast for an unspecified future time cannot be definitively verified now and reflects subjective expectation; it is not a demonstrable fact.,2,1,"Rain is governed by meteorological and physical processes, measurable empirically.",4,1,It plainly states a weather expectation with no figurative language.,4,1,"It describes an empirical regularity of the world (precipitation cycles), not a value or norm.",4,0,It combines knowledge of typical weather patterns with probabilistic inference about the future.,3,0,It generalizes statistical weather regularities beyond any single day's direct observation.,2,"Weather patterns recur frequently, so most people intuitively expect rain within any given week.","['opinion', 'physical', 'literal language', 'positive', 'reasoning', 'abstract']",z-ai/glm-5.3
This loaf of bread will mold if left out for two weeks.,0,It is a confident prediction that cannot be objectively verified until it happens; it expresses a subjective expectation about the future.,2,1,Mold growth is a biological process that can be measured and observed empirically.,4,1,The words mean exactly what they say; no metaphor or hyperbole is present.,4,1,"It states an empirical regularity of biological decay, not a normative judgment.",4,0,"It concludes from knowledge about fungi, moisture, and time using logic about typical kitchen conditions.",4,0,"Mold growth depends on unseen microorganisms and environmental conditions, not directly observable at the moment.",3,People know from everyday understanding of biology that bread spoils over time in open air.,"['opinion', 'physical', 'literal language', 'positive', 'reasoning', 'abstract']",z-ai/glm-5.3
The ice cream will melt faster in the sun than in the shade.,0,It is a prediction about an unobserved outcome based on subjective expectation rather than a directly demonstrated fact.,2,1,Melting is a thermodynamic process governed by physics and measurable empirically.,4,1,It is plain language about melting with no figurative expressions.,4,1,"It describes a physical regularity of heat and matter, not a social norm.",4,0,"It logically combines knowledge of temperature, sunlight, and melting to reach a conclusion.",4,0,"It references the general principle of heat transfer, not a specific observed instance.",3,Common understanding of heat and phase changes tells us sunlight accelerates melting.,"['opinion', 'physical', 'literal language', 'positive', 'reasoning', 'abstract']",z-ai/glm-5.3
People who exercise regularly tend to live longer.,0,It is a broad generalization that cannot be proven for every individual and reflects widely held belief rather than objective certainty.,2,1,"It concerns human biology and physiology, measurable through empirical studies.",4,1,The statement plainly states a tendency with no figures of speech.,4,1,"It describes an empirical correlation in the world, not a value judgment.",4,0,It draws a conclusion by combining medical knowledge with inference about health outcomes.,4,0,"It is a statistical regularity about populations over lifetimes, not something one directly observes in daily life.",4,Widely shared health knowledge links physical activity to longevity.,"['opinion', 'physical', 'literal language', 'positive', 'reasoning', 'abstract']",z-ai/glm-5.3
Eating too much candy will give you cavities.,0,It is a probabilistic claim about a future outcome that cannot be objectively verified in every case.,2,1,Dental decay is a biological process subject to empirical measurement.,4,1,It uses plain wording with no metaphor or exaggeration.,4,1,"It describes a biological cause-and-effect regularity, not a norm or value.",4,0,"It concludes from knowledge about sugar, bacteria, and enamel using causal logic.",4,0,"Cavity formation involves unseen bacterial processes over time, not directly observable events.",3,Common knowledge holds that excess sugar promotes tooth decay.,"['opinion', 'physical', 'literal language', 'positive', 'reasoning', 'abstract']",z-ai/glm-5.3
The battery will die if you leave the lights on overnight.,0,"It is a prediction about a likely outcome that cannot be verified until it occurs, reflecting informed expectation.",2,1,Battery drain is an electrochemical process measurable with instruments.,4,1,"The language is literal and plain, describing an electrical consequence.",4,1,"It describes an electrical regularity in machines, not a social rule or value.",4,0,It combines knowledge of power consumption and battery capacity to infer the outcome.,4,0,It relies on general knowledge of electrical systems rather than a single direct observation.,3,Most people understand that car lights drain the battery when the engine is off.,"['opinion', 'physical', 'literal language', 'positive', 'reasoning', 'abstract']",z-ai/glm-5.3
"Plants will grow faster with more sunlight, up to a point.",0,"The 'up to a point' qualifier makes it an inexact generalization held as belief, not a precisely provable fact.",2,1,"It concerns plant biology and photosynthesis, observable and measurable scientifically.",4,1,It is straightforward language about plant growth with no figurative devices.,4,1,It states an empirical pattern of nature rather than a normative claim.,4,0,It concludes by combining knowledge of photosynthesis with the inference that limits exist.,4,0,"It expresses a biological regularity across conditions, not a single everyday observation.",3,General botanical knowledge suggests light availability boosts plant growth.,"['opinion', 'physical', 'literal language', 'positive', 'reasoning', 'abstract']",z-ai/glm-5.3
Fevers usually mean the body is fighting an infection.,0,"'Usually' signals a generalization believed true from experience, not something verifiable in every case.",2,1,"It concerns human biology and immunology, empirically measurable.",4,1,The wording plainly describes fever and infection with no figurative language.,4,1,It describes a physiological regularity rather than a value or social convention.,4,0,It infers a hidden cause (infection) from an observed symptom using medical knowledge.,4,0,It references internal immune processes that are invisible to ordinary observation.,3,People commonly understand fever as a sign of immune response.,"['opinion', 'physical', 'literal language', 'positive', 'reasoning', 'abstract']",z-ai/glm-5.3
A heavier object will sink in water if it is less buoyant.,0,"It is an informal generalization about outcomes that many believe from intuition, though borderline factual.",1,1,It is grounded in physics and can be tested empirically in water.,4,1,"It states the sinking outcome in plain, direct words.",4,1,"It describes a physical law of nature, not a normative judgment.",4,0,It applies knowledge of density and buoyancy to deduce the sinking outcome.,4,0,"Buoyancy is a principle of fluid mechanics, not something seen solely in one experience.",4,"Intuitive physics tells us dense, non-buoyant objects go under when placed in water.","['opinion', 'physical', 'literal language', 'positive', 'reasoning', 'abstract']",z-ai/glm-5.3
Loud noises will startle a sleeping person.,0,It predicts a reaction that varies by person and cannot be proven universally; it is a strong expectation.,2,1,The startle reflex is a biological response measurable in neuroscience.,4,1,"It is literal, plain language about noise and waking.",4,1,"It describes an automatic physiological reaction, not a social expectation.",4,0,It combines knowledge of sleep and auditory reflexes to infer the startle response.,4,0,It generalizes about human physiology across situations rather than one observed instance.,3,Common experience shows that sudden sounds wake and startle sleepers.,"['opinion', 'physical', 'literal language', 'positive', 'reasoning', 'abstract']",z-ai/glm-5.3
A cut will heal faster if kept clean.,0,It is a general health belief about outcomes that cannot be verified in every single case.,3,1,Wound healing is a biological process studied and measured in medicine.,4,1,The statement is plainly worded with no figures of speech.,4,1,It states an empirical health regularity rather than a moral rule.,4,0,It reasons from knowledge of germs and healing biology to a practical conclusion.,4,0,It invokes unseen microbial processes and general medicine rather than one experience.,3,People widely believe cleanliness speeds wound healing and prevents infection.,"['opinion', 'physical', 'literal language', 'positive', 'reasoning', 'abstract']",z-ai/glm-5.3
The soup will cool down if left on the counter.,0,"It is a prediction about an unobserved future state, an expectation rather than a currently verifiable fact.",2,1,Heat transfer is physics and can be measured with a thermometer.,4,1,It uses plain literal wording about temperature change.,4,1,"It describes a thermodynamic regularity, not a norm or value.",4,0,It concludes cooling will occur by combining knowledge of temperature gradients with time.,4,0,It applies the general principle of heat flow rather than describing one observed moment.,3,Everyone knows hot food loses heat to the surrounding air over time.,"['opinion', 'physical', 'literal language', 'positive', 'reasoning', 'abstract']",z-ai/glm-5.3
Cars need oil changes to keep the engine running smoothly.,0,It is a widely held belief about consequences; the necessity varies and cannot be proven for every engine.,2,1,It concerns mechanical engineering and can be tested by observing engines.,4,1,"It is literal, plain talk about car maintenance with no figurative language.",4,1,It describes an engineering regularity rather than a social convention.,4,0,It reasons from knowledge of friction and engine mechanics to the need for maintenance.,4,0,It involves mechanical principles of lubrication not visible in ordinary experience.,3,Widely known maintenance knowledge links oil changes to engine health.,"['opinion', 'physical', 'literal language', 'positive', 'reasoning', 'abstract']",z-ai/glm-5.3
The wood will catch fire if it gets hot enough.,0,"It is a conditional prediction about an outcome believed to occur, not yet demonstrated.",2,1,"Combustion is chemistry and physics, measurable in experiments.",4,1,It plainly describes fire and heat with no metaphor.,4,1,"It states a natural law of combustion, not a normative claim.",4,0,It applies knowledge of flammability and heat to infer ignition.,4,0,"It refers to the scientific concept of combustion temperature, beyond a single sighting.",3,Basic understanding of combustion tells us heat ignites wood.,"['opinion', 'physical', 'literal language', 'positive', 'reasoning', 'abstract']",z-ai/glm-5.3
A cat will scratch you if you pull its tail.,0,It predicts animal behavior that varies and cannot be proven certain; it reflects expectation.,3,1,It is grounded in animal biology and behavior observable in nature.,4,1,It states the scratching outcome in plain literal words.,4,1,"It describes an instinctive behavioral regularity, not a rule people invented.",4,0,It infers a defensive reaction by combining knowledge of animal instincts with the provocation.,4,0,It generalizes feline defensive behavior across cats rather than one incident.,3,Common experience suggests animals react defensively to painful provocation.,"['opinion', 'physical', 'literal language', 'positive', 'reasoning', 'abstract']",z-ai/glm-5.3
A phone's screen will crack if dropped on concrete.,0,It is a probabilistic prediction about an outcome that is not certain in every drop.,3,1,Impact fracture is a materials science phenomenon testable empirically.,4,1,It uses plain language about dropping and cracking with no figures of speech.,4,1,"It describes a physical cause-and-effect of materials, not a norm.",4,0,It concludes cracking from knowledge of glass brittleness and hard surfaces.,4,0,"It involves material fragility and impact forces, not just one witnessed event.",3,People expect hard surfaces to shatter fragile glass on impact.,"['opinion', 'physical', 'literal language', 'positive', 'reasoning', 'abstract']",z-ai/glm-5.3
Milk will turn sour after its expiration date passes.,0,Spoilage timing varies and cannot be proven exact; the claim reflects common expectation.,2,1,Milk spoilage is a measurable biochemical process in biology.,4,1,It is straightforward wording about milk going sour.,4,1,"It states a biological regularity of food decay, not a value judgment.",4,0,It combines knowledge of dates and bacterial growth to conclude spoilage.,4,0,"It involves invisible bacterial spoilage processes over time, not one direct observation.",3,"Household knowledge holds that milk spoils over time, especially past the printed date.","['opinion', 'physical', 'literal language', 'positive', 'reasoning', 'abstract']",z-ai/glm-5.3
A balloon will pop if you squeeze it too hard.,0,"It predicts a likely outcome that varies by balloon; it is expectation, not guaranteed fact.",3,1,"Bursting is governed by physics of membranes and pressure, empirically testable.",4,1,It plainly describes squeezing and popping with no figurative language.,4,1,"It describes a physical regularity of materials, not a social rule.",4,0,It reasons from elasticity and pressure thresholds to the popping outcome.,4,0,It invokes material limits and pressure concepts beyond a single seen event.,3,Intuition about thin rubber under pressure tells us balloons burst when squeezed.,"['opinion', 'physical', 'literal language', 'positive', 'reasoning', 'abstract']",z-ai/glm-5.3
Walking barefoot on hot pavement will burn your feet.,0,It predicts harm whose occurrence depends on temperature and time; it is an expected outcome rather than demonstrated fact.,2,1,"Burns are a physiological response to heat, measurable in medicine.",4,1,"It is plain, literal language about heat and injury.",4,1,"It states a physical effect of heat on the body, not a norm.",4,0,It concludes burning by combining knowledge of pavement temperature and skin sensitivity.,4,0,"It generalizes about heat transfer and tissue damage, not one observed incident.",3,People know hot surfaces injure skin on contact.,"['opinion', 'physical', 'literal language', 'positive', 'reasoning', 'abstract']",z-ai/glm-5.3
The metal gate will be hot to touch after hours in direct sunlight.,0,It predicts a temperature state at a future time; the exact heat cannot be verified now.,2,1,"Solar heating of metal is physics, measurable with instruments.",4,1,The words literally describe touch temperature with no figures of speech.,4,1,"It describes an empirical heating regularity, not a value or convention.",4,0,"It combines knowledge of sunlight, metal conductivity, and time to infer heat.",4,0,It applies the principle of solar heating of materials rather than one observation.,3,People expect sun-exposed metal to absorb heat and become painfully hot.,"['opinion', 'physical', 'literal language', 'positive', 'reasoning', 'abstract']",z-ai/glm-5.3
"Honesty is the best policy, because lies always catch up with you.",0,Whether honesty is truly always best is subjective; one cannot objectively prove this claim. Confidence is high because it is a value judgment.,4,0,"The statement concerns human values, morality, and conventions about truthfulness, which are socially constructed. It is not about physical laws.",4,0,"'Honesty is the best policy' is a classic aphorism, and 'catch up with you' is a metaphor. It is clearly figurative language.",4,0,"It prescribes how people should behave, reflecting a moral value rather than an empirical regularity. Confidence is high.",4,0,"The claim links a general premise about lies with a conclusion about policy, requiring inference about consequences. It is not a mere observation.",3,0,The conclusion applies broadly across all situations and cannot be verified through one person's everyday experience. It is a generalization.,3,"This reflects common moral wisdom about truthfulness and consequences of deception, widely shared across human cultures.","['opinion', 'social', 'figure of speech', 'normative', 'reasoning', 'abstract']",z-ai/glm-5.3
Money talks louder than words in politics.,0,Whether money truly dominates politics is debatable and cannot be objectively demonstrated. It is an inherently subjective claim.,4,0,"Money and politics are human social constructions, governed by social rules, not physical laws. Confidence is very high.",4,0,'Money talks' is a well-known metaphor where money is personified as speaking. The comparison is hyperbolic. Confidence is very high.,4,0,"It reflects a perception about how social power and conventions work, concerning human institutions rather than nature. Confidence is moderate-high.",3,0,"The statement draws a conclusion about political influence by comparing the power of two forces, combining knowledge with judgment.",3,0,Politics and the influence of money operate at a societal level beyond individual everyday experience. One cannot directly observe this regularity personally.,3,"People commonly believe financial influence outweighs rhetoric in political affairs, a widespread cynical piece of folk wisdom.","['opinion', 'social', 'figure of speech', 'normative', 'reasoning', 'abstract']",z-ai/glm-5.3
"A rolling stone gathers no moss, so keep moving in your career.",0,Whether staying active is better than settling is a subjective value judgment; some cultures prize rootedness. It cannot be objectively proven.,4,0,"Careers and life advice are socially constructed human institutions, not physical phenomena. Confidence is very high.",4,0,'A rolling stone gathers no moss' is a classic metaphorical aphorism about stones and moss. Very clearly figurative.,4,0,"The conclusion is a prescription about what one should do with one's career, a matter of values and convention.",4,0,"The advice follows from the metaphorical premise: if movement prevents stagnation, one should keep moving. It combines knowledge with inference.",3,0,The link between constant movement and career success is a broad generalization not verifiable through a single person's everyday experience.,3,"This aphorism is commonly used to advise people not to stagnate, applying folk wisdom to career choices.","['opinion', 'social', 'figure of speech', 'normative', 'reasoning', 'abstract']",z-ai/glm-5.3
The grass is always greener on the other side of the fence.,0,"As a generalization about human perception, it cannot be objectively demonstrated as universally true. It is a subjective folk belief.",4,0,"Envy, desire, and comparison are rooted in socially constructed human experience and values, not physical laws.",4,0,The phrase is a well-known metaphor comparing envy to greener grass across a fence. It is definitely figurative.,4,0,"It reflects a perception about human values and social comparison, describing how people judge their circumstances. It is about human social experience.",3,0,"The idiom presents a conclusion about human desire derived from observed patterns of envy, combining knowledge about people with logic.",3,0,"The regularity applies to all human desires broadly, not something one can verify solely from personal experience. It is a general pattern.",3,This common idiom captures the widely shared belief that people tend to envy what they do not have.,"['opinion', 'social', 'figure of speech', 'normative', 'reasoning', 'abstract']",z-ai/glm-5.3
"You can't judge a book by its cover, but first impressions stick anyway.",0,Whether one should or should not judge by appearances is a debatable value judgment; the claim cannot be proven objectively.,4,0,"First impressions and judging others belong to socially constructed human experience and conventions, not physical science.",4,0,'Judge a book by its cover' is a standard metaphor about appearances versus substance. Clearly figurative.,4,0,"It concerns a social convention about how we should evaluate others, reflecting beliefs about propriety. Confidence is high.",3,0,"It juxtaposes a normative premise with an observed consequence, drawing a reasoned conclusion about impressions. It is not a bare observation.",3,0,"The tension described applies across all social interactions, not just to situations one directly encounters. It is a generalization.",3,This captures common folk wisdom about the tension between surface judgments and their lasting impact.,"['opinion', 'social', 'figure of speech', 'normative', 'reasoning', 'abstract']",z-ai/glm-5.3
An eye for an eye leaves the whole world blind.,0,Whether retribution is wrong is a moral value judgment that cannot be objectively proven. It is inherently subjective.,4,0,"Revenge, justice, and morality are human social constructs, not physical phenomena. Confidence is very high.",4,0,The phrase is a vivid hyperbolic metaphor about everyone becoming blind. It is definitely figurative.,4,0,"It expresses a moral value opposing vengeance, prescribing how people should act. Confidence is very high.",4,0,The conclusion against revenge follows logically from extrapolating reciprocal violence to its extreme. It is a reasoned inference.,4,0,The conclusion about retaliation is a broad societal generalization beyond any individual's direct experience.,3,"This is a famous aphoristic argument against retribution, expressing a common moral intuition about revenge.","['opinion', 'social', 'figure of speech', 'normative', 'reasoning', 'abstract']",z-ai/glm-5.3
Laughter is the shortest distance between two people.,0,"Whether laughter truly connects people best is a subjective belief, not demonstrably objective. It is an opinion.",4,0,"Laughter and interpersonal connection belong to human social experience, not physical laws. Confidence is very high.",4,0,"Describing laughter as a 'distance' is a clear metaphor, making this figurative language. Very confident.",4,0,"It conveys a belief about how people relate, reflecting a social value placed on warmth and connection. Moderate confidence.",3,0,"The statement concludes that humor fosters intimacy by combining knowledge of human behavior with a comparison. It is an inference, not an observation.",3,0,"The connection between humor and intimacy is a general pattern about human relations, not something one verifies in a single everyday encounter.",3,This metaphorical aphorism expresses the common belief that humor builds human connection.,"['opinion', 'social', 'figure of speech', 'normative', 'reasoning', 'abstract']",z-ai/glm-5.3
The road to hell is paved with good intentions.,0,"Whether good intentions often lead to bad outcomes is a debatable claim, not objectively provable. It is a subjective belief.",4,0,"Intentions, actions, and their moral consequences belong to socially constructed human life, not physical laws.",4,0,The image of a road paved with intentions is a well-known metaphor. It is certainly figurative.,4,0,"It carries a cautionary moral message about responsibility for outcomes, reflecting a value judgment. Moderate-high confidence.",3,0,The conclusion results from combining knowledge of human plans with logic about their unintended consequences. It is an inferred generalization.,3,0,"The pattern of unintended consequences is a broad regularity of human affairs, beyond single everyday experiences.",3,This classic aphorism reflects common wisdom that well-meaning actions can still cause harm.,"['opinion', 'social', 'figure of speech', 'normative', 'reasoning', 'abstract']",z-ai/glm-5.3
"A rising tide lifts all boats, so a strong economy helps the poor.",0,"Whether economic growth truly benefits the poor is a contested political claim, not objectively demonstrable. It is an opinion.",4,0,"Economies and welfare are human social constructions, not physical laws. Confidence is very high.",4,0,'A rising tide lifts all boats' is a standard economic metaphor. Definitely figurative.,4,0,"It reflects a belief about desirable economic policy and social welfare, a matter of social values. Confidence is moderate-high.",3,0,"The conclusion about helping the poor follows logically from the economic premise, combining knowledge with inference. Clearly reasoned.",4,0,Economic effects on poverty are society-wide regularities that cannot be observed through individual experience alone.,4,This is a common metaphorical argument used in economic and political discussions about growth.,"['opinion', 'social', 'figure of speech', 'normative', 'reasoning', 'abstract']",z-ai/glm-5.3
"Time heals all wounds, but scars remain.",0,Whether time heals all wounds is a subjective belief; grief affects everyone differently and cannot be proven. It is an opinion.,4,0,"Emotional suffering, healing, and memory belong to human social and psychological experience, not physical laws.",4,0,'Time heals' is a personification metaphor and 'wounds' and 'scars' are metaphorical for emotional pain. Clearly figurative.,4,0,"It reflects a cultural belief about how people should cope with suffering, a socially transmitted value. Moderate confidence.",3,0,The statement draws a conclusion about emotional recovery while reasoning about its limits. It combines knowledge with inference.,3,0,"The pattern of emotional healing over time is a generalization about human psychology, not a single everyday event.",3,This blends a common aphorism with folk wisdom about emotional recovery and memory.,"['opinion', 'social', 'figure of speech', 'normative', 'reasoning', 'abstract']",z-ai/glm-5.3
"A chain is only as strong as its weakest link, so value every teammate.",0,Whether every teammate deserves equal value is a subjective judgment about teamwork. It cannot be objectively proven.,4,0,"Teams and cooperation are socially constructed human arrangements, not physical phenomena.",4,0,The chain metaphor is a classic aphorism about group strength. Definitely figurative.,4,0,"It prescribes how one should treat team members, reflecting a value about cooperation. Confidence is high.",3,0,The conclusion about valuing teammates follows logically from the metaphorical premise about chains and links. It is an inference.,4,0,"The principle applies to all teams and organizations, a generalization beyond any single everyday experience.",3,This common metaphor is used to argue for the importance of every member of a group.,"['opinion', 'social', 'figure of speech', 'normative', 'reasoning', 'abstract']",z-ai/glm-5.3
"If it ain't broke, don't fix it; change only invites trouble.",0,"Whether avoiding change is wise is a subjective disposition, not an objectively provable rule. It is an opinion.",4,0,"Preferences about change and prudence are human social values, not physical laws.",4,0,"'If it ain't broke, don't fix it' is a well-known aphorism with colloquial phrasing. Clearly figurative and idiomatic.",4,0,It prescribes behavior—leave things alone—based on a value of prudence. Confidence is high.,3,0,The conclusion about change inviting trouble follows from reasoning about risk and the status quo. It combines knowledge with inference.,3,0,"The advice applies generally across life and society, not to a specific everyday situation. It is a broad maxim.",3,This folk saying expresses a common conservative preference for leaving well-working things alone.,"['opinion', 'social', 'figure of speech', 'normative', 'reasoning', 'abstract']",z-ai/glm-5.3
Better safe than sorry; caution is the mark of wisdom.,0,"Whether caution always beats risk-taking is a subjective trade-off, not objectively resolvable. It is an opinion.",4,0,"Caution and wisdom as virtues are socially constructed human values, not physical facts.",4,0,'Better safe than sorry' is a standard aphoristic phrase. It is idiomatic figurative language.,4,0,"It expresses a value judgment about wisdom and proper behavior, prescribing cautious conduct. Confidence is high.",3,0,"The claim reasons from the potential costs of error to the value of caution, an inferential judgment.",3,0,"The maxim generalizes across all risky decisions, not one specific everyday encounter. It is an abstract principle.",3,This common saying promotes prudence as a virtue in uncertain situations.,"['opinion', 'social', 'figure of speech', 'normative', 'reasoning', 'abstract']",z-ai/glm-5.3
"The squeaky wheel gets the grease, so speak up or be ignored.",0,"Whether speaking up reliably gets results is a debatable folk belief, not objectively provable. It is an opinion.",4,0,"Complaints, attention, and advocacy are governed by human social conventions, not physical laws.",4,0,The squeaky wheel metaphor is a classic aphorism about complaints receiving attention. Definitely figurative.,4,0,"It implicitly advises people to advocate for themselves, reflecting a social convention about self-promotion. Moderate confidence.",3,0,The conclusion about being ignored follows logically from the premise about who gets attention. It is an inference about social dynamics.,3,0,"The pattern spans social and organizational life broadly, beyond any one person's everyday experience.",3,This folk saying captures the common belief that complaining or advocating gets results.,"['opinion', 'social', 'figure of speech', 'normative', 'reasoning', 'abstract']",z-ai/glm-5.3
"Beauty is in the eye of the beholder, not the camera.",0,The statement is explicitly about the subjectivity of beauty; it cannot be objectively demonstrated. It is pure opinion.,4,0,"Beauty standards are socially constructed perceptions, part of human culture rather than physical laws.",4,0,'Eye of the beholder' is a well-known metaphorical aphorism. Clearly figurative.,4,0,It reflects a value about aesthetic judgment and how beauty should be assessed. Confidence is moderate-high.,3,0,"It concludes that personal perception, not technology, determines beauty, combining knowledge with a comparison. It is a reasoned claim.",3,0,Aesthetic judgment as a general phenomenon transcends individual everyday encounters. It is an abstract principle.,3,This adaptation of a famous saying expresses common sense about subjective aesthetics.,"['opinion', 'social', 'figure of speech', 'normative', 'reasoning', 'abstract']",z-ai/glm-5.3
"Half a loaf is better than none, so compromise is worth seeking.",0,Whether accepting partial gains is best is a value judgment about compromise; it cannot be proven objectively.,4,0,"Compromise and negotiation are human social practices, socially constructed rules, not physical phenomena.",4,0,The loaf of bread is a metaphor for partial achievement; it is a classic proverb. Definitely figurative.,4,0,It prescribes a course of action—seek compromise—reflecting a value about negotiation. Confidence is high.,3,0,The conclusion about seeking compromise follows logically from the premise that partial success exceeds failure. Clearly reasoned.,4,0,"The principle applies to all negotiations and decisions generally, not one everyday situation.",3,This proverb is commonly invoked to argue that partial gains justify settling disputes.,"['opinion', 'social', 'figure of speech', 'normative', 'reasoning', 'abstract']",z-ai/glm-5.3
"Absolute power corrupts absolutely, so distrust unchecked authority.",0,"Whether power always corrupts is a contested philosophical claim, not objectively provable. It is an opinion.",4,0,"Authority and corruption belong to human political and social constructs, not physical laws.",4,0,'Power corrupts absolutely' is a famous aphorism using hyperbole. Definitely figurative.,4,0,"It advises distrust of authority, expressing a value about how power should be constrained. Confidence is high.",3,0,"The warning follows logically from the premise about power and corruption, an inference about human nature. Clearly reasoned.",4,0,The relationship between power and corruption is a societal-level generalization beyond individual experience.,4,This famous aphoristic claim is a widely shared piece of common sense about politics and human nature.,"['opinion', 'social', 'figure of speech', 'normative', 'reasoning', 'abstract']",z-ai/glm-5.3
"You can lead a horse to water, but you can't make it drink.",0,"The implied claim about the limits of persuasion is a subjective belief about human nature, not objectively demonstrable.",4,0,"Persuasion, motivation, and autonomy are features of human social life, not physical laws.",4,0,The horse and water proverb is a classic metaphorical aphorism. Definitely figurative.,4,0,It reflects a belief about autonomy and the ethics of persuasion in social relations. Moderate confidence.,3,0,"The statement concludes that motivation cannot be imposed, reasoning from the metaphor to a general truth about people.",3,0,"The principle about motivation and choice applies broadly, not to any single everyday situation.",3,This proverb expresses common wisdom that persuasion has limits and people must choose for themselves.,"['opinion', 'social', 'figure of speech', 'normative', 'reasoning', 'abstract']",z-ai/glm-5.3
"Fortune favors the bold, but discretion is the better part of valor.",0,Whether boldness or caution is better is an inherently subjective trade-off; it cannot be proven objectively.,4,0,"Valor, boldness, and prudence are socially constructed virtues, not physical facts.",4,0,Both clauses are famous aphorisms; personifying Fortune is metaphorical. Definitely figurative.,4,0,Both sayings prescribe conduct—be bold yet cautious—reflecting values about proper behavior. Confidence is high.,3,0,"The statement weighs two principles and concludes that caution should temper courage, a reasoned judgment.",3,0,"The maxim applies to all risky endeavors broadly, not to one everyday experience. It is an abstract principle.",3,This blends two famous sayings to express common wisdom about balancing risk-taking and caution.,"['opinion', 'social', 'figure of speech', 'normative', 'reasoning', 'abstract']",z-ai/glm-5.3
One man's trash is another man's treasure; value is in the eye of the valuer.,0,"The claim that value is subjective is itself a philosophical opinion, not objectively provable. It is an opinion.",4,0,"Value, taste, and treasure are socially constructed notions rooted in human culture, not physical laws.",4,0,The trash/treasure contrast is a classic aphorism; the second clause is a playful idiom. Clearly figurative.,4,0,"It reflects a belief about how value should be understood, touching on economic and social norms. Moderate confidence.",3,0,The conclusion about subjective value follows from observing divergent preferences and reasoning about them.,3,0,"The subjectivity of value is a general economic and philosophical principle, not an everyday observation.",3,This common saying expresses the widespread belief that value is subjective.,"['opinion', 'social', 'figure of speech', 'normative', 'reasoning', 'abstract']",z-ai/glm-5.3
"There are two sides to every story, so hear both before judging.",0,"The imperative to hear both sides is a subjective norm of fairness, not an objective fact. It is an opinion.",4,0,"Fairness norms and judgment practices are socially constructed rules of human interaction, not physical laws.",4,0,"'Two sides to every story' is a conventional idiom about perspectives. It is figurative, though only mildly so.",3,0,"It prescribes a rule of conduct for judging disputes, a clear social norm about fairness. Confidence is high.",4,0,The advice follows logically from the premise about multiple perspectives. It combines knowledge with inference about fairness.,3,0,"The principle applies to all disputes and narratives generally, not one specific everyday encounter.",3,This reflects a common norm about fairness and how people should form judgments.,"['opinion', 'social', 'figure of speech', 'normative', 'reasoning', 'abstract']",z-ai/glm-5.3
Paying workers more than the minimum wage raises a company's labor costs.,1,"Whether a firm's labor costs rise is empirically verifiable from accounting records, independent of opinion; this is very likely demonstrable, unlike a subjective preference.",4,0,"Wages, minimum-wage floors, and firms are socially constructed institutions, not natural laws; somewhat confident because wages also involve measurable money amounts.",3,1,"It uses plain, direct wording with no metaphor or hyperbole, so the meaning is exactly what the words state; very confident.",4,1,It describes an economic regularity about firms and costs rather than a value or norm; somewhat confident because it could be seen as implying a business convention.,3,0,"It draws a conclusion by combining knowledge of minimum-wage rules and firms with the logic that paying more costs more, rather than stating a bare fact; somewhat confident because the inference is nearly trivial.",3,0,"Aggregate labor costs are a firm-level abstraction, not something directly seen in ordinary daily life; somewhat confident because pay stubs are everyday items.",3,It is common sense that compensation above the legal floor increases what a firm must pay its employees.,"['fact', 'social', 'literal language', 'positive', 'reasoning', 'abstract']",z-ai/glm-5.3
A licensed physician is allowed to prescribe antibiotics.,1,"It is a demonstrable fact of law that licensed physicians hold prescription authority, true or false independent of opinion; very confident.",4,0,"Licensing and prescribing rights are socially constructed institutions, unlike physical facts; very confident.",4,1,"It is plain, ordinary language with no figurative devices, meaning exactly what it says; very confident.",4,1,It describes an existing social regularity rather than endorsing a norm; somewhat confident because it borders on stating a rule.,3,0,"It combines knowledge of licensing and prescription rules to draw a conclusion, not a mere observation; somewhat confident because it is a near-direct restatement of the rule.",3,0,"It generalizes about professions and legal rules rather than a specific everyday encounter, so it is not purely everyday observation; somewhat confident.",3,It is common sense that doctors have legal authority to prescribe medicines.,"['fact', 'social', 'literal language', 'positive', 'reasoning', 'abstract']",z-ai/glm-5.3
Paying a bill late typically lowers a customer's credit score.,1,"Late payment's effect on credit scores is empirically verifiable in credit records, regardless of opinion; very confident.",4,0,"Credit scores and billing are socially constructed institutions, not natural laws; very confident.",4,1,The sentence is plain and direct with no figures of speech; very confident.,4,1,It describes how the credit system actually operates rather than how people ought to pay; somewhat confident because it could be read as advice.,3,0,"It draws a conclusion by combining knowledge of credit-reporting rules with the fact of a late payment, rather than stating a single observation; somewhat confident because it is a familiar regularity.",3,0,"One cannot see a credit score in ordinary experience; the causal link is a system-level abstraction, so it is not purely everyday; somewhat confident because late bills are everyday.",3,People understand that late payments damage one's credit record.,"['fact', 'social', 'literal language', 'positive', 'reasoning', 'abstract']",z-ai/glm-5.3
Married spouses have the option of filing a joint tax return in the US.,1,"It is a verifiable fact about US tax law, true or false regardless of opinion; very confident.",4,0,"Marriage, taxes, and filing statuses are socially constructed institutions; very confident.",4,1,"It uses plain, direct wording with no metaphors; very confident.",4,1,It states what the tax code allows rather than judging how couples should file; somewhat confident because stating an option borders on norm.,3,0,"It combines knowledge of marital status and tax rules to reach a conclusion, not just a bare observation; somewhat confident because it is close to a direct rule statement.",3,0,Tax filing rules are a system-level abstraction learned rather than directly encountered daily; somewhat confident because some adults do handle filings.,3,It is common knowledge that US tax law lets married couples file jointly.,"['fact', 'social', 'literal language', 'positive', 'reasoning', 'abstract']",z-ai/glm-5.3
Someone who resigns from their job loses their entitlement to a salary from that employer.,1,Whether salary payments continue after resignation is verifiable in law and payroll records; very confident.,4,0,"Employment and salaries are socially constructed arrangements, not natural facts; very confident.",4,1,"It is plain, direct language without any figurative expressions; very confident.",4,1,It describes what happens under employment rules rather than saying resignation is right or wrong; very confident.,4,0,"It concludes entitlement loss by combining employment norms and the fact of resignation, going beyond a single observation; somewhat confident because the inference is very familiar.",3,0,"The link between resignation and salary entitlement is an institutional abstraction, not a daily observable event; somewhat confident because resignations do occur in everyday life.",3,People know that quitting means the employer no longer owes a salary.,"['fact', 'social', 'literal language', 'positive', 'reasoning', 'abstract']",z-ai/glm-5.3
A US citizen who meets the age requirement can vote in federal elections.,1,"Voting eligibility is defined by law and verifiable, true or false independent of opinion; very confident.",4,0,"Citizenship, voting rights, and elections are socially constructed institutions; very confident.",4,1,The wording is plain and literal with no rhetorical devices; very confident.,4,1,It describes an existing legal entitlement rather than a judgment about who should vote; very confident.,4,0,"It combines knowledge of citizenship, age, and election law to conclude eligibility, rather than merely observing one case; very confident.",4,0,It generalizes about eligibility rules across a political system rather than a specific daily event; somewhat confident because elections are widely experienced.,3,It is common knowledge that citizenship and age qualify someone to vote.,"['fact', 'social', 'literal language', 'positive', 'reasoning', 'abstract']",z-ai/glm-5.3
Publishing a defamatory lie about someone exposes the publisher to a lawsuit.,1,Whether libel leads to legal liability is verifiable in law and court outcomes; very confident.,4,0,Defamation law is a socially constructed institution; very confident.,4,1,"It uses plain, direct words with no metaphors or hyperbole; very confident.",4,1,"It describes a likely legal consequence, not a judgment that defamation is morally wrong; somewhat confident because it echoes a norm against lying.",3,0,"It concludes legal risk by combining knowledge of defamation law with the act of lying, not just stating an observation; somewhat confident because it is a familiar regularity.",3,0,"Legal liability is an institutional abstraction not directly observed, beyond everyday sight; somewhat confident because gossip is everyday but lawsuits less so.",3,People understand that spreading defamatory lies can get you sued.,"['fact', 'social', 'literal language', 'positive', 'reasoning', 'abstract']",z-ai/glm-5.3
Most stores make more total sales on the day after Thanksgiving than usual.,1,"Store sales figures are measurable, so the claim can be checked against data, not opinion; very confident.",4,0,"Thanksgiving and shopping traditions are socially constructed, not natural phenomena; very confident.",4,1,"It is plain, direct language with no figures of speech; very confident.",4,1,"It describes an empirical sales pattern rather than how people should shop; somewhat confident because Black Friday has festive, norm-laden aspects.",3,0,"It draws a general conclusion by combining knowledge of the Black Friday custom with the day's date, beyond one observation; somewhat confident.",3,0,"It is about aggregate sales patterns rather than individual experience, so not purely everyday; somewhat confident because many people do shop that day.",3,People commonly believe Black Friday is the biggest shopping day of the year.,"['fact', 'social', 'literal language', 'positive', 'reasoning', 'abstract']",z-ai/glm-5.3
An employee's income tax is usually withheld from each paycheck.,1,"Whether employers withhold tax is verifiable from pay records, independent of opinion; very confident.",4,0,Income tax and paychecks are socially constructed institutions; very confident.,4,1,"It uses plain, literal wording with no rhetorical devices; very confident.",4,1,It describes the normal operation of tax withholding rather than judging it; somewhat confident because it states a customary practice.,3,0,"It concludes that a specific paycheck will lack the tax amount by combining general withholding rules with the employment situation, not a mere observation; somewhat confident.",3,0,"Withholding rules apply system-wide and are learned, not directly observed as a whole; somewhat confident because pay stubs are everyday objects.",3,Workers generally expect taxes to be automatically deducted from their pay.,"['fact', 'social', 'literal language', 'positive', 'reasoning', 'abstract']",z-ai/glm-5.3
"If you die without a will, a court decides who gets your property.",1,"Intestacy law is documented, so the claim is verifiable true or false; very confident.",4,0,"Wills, courts, and inheritance rules are socially constructed institutions; very confident.",4,1,"It is plain, direct language with no figurative expressions; very confident.",4,1,It states what legally happens rather than saying one should write a will; very confident.,4,0,"It combines knowledge of inheritance law with the condition of having no will to reach a conclusion, not a bare observation; somewhat confident because it is close to a direct rule statement.",3,0,One cannot observe what happens after death; probate is an institutional abstraction beyond everyday experience; very confident.,4,People know that dying without a will means probate courts distribute your estate.,"['fact', 'social', 'literal language', 'positive', 'reasoning', 'abstract']",z-ai/glm-5.3
The evening news is watched by millions of people every day.,1,"Audience sizes are measured by ratings systems, so the claim is verifiable; very confident.",4,0,News broadcasts are humanly created social institutions; very confident.,4,1,"It uses plain, literal wording with no metaphors; very confident.",4,1,"It describes the scale of viewing, not whether watching news is good; very confident.",4,0,"It generalizes from knowledge of news broadcasts and rating data to a conclusion about total audience, beyond a single observation; somewhat confident.",3,0,"The claim concerns aggregate, statistically measured audience size, not direct everyday observation; somewhat confident because many people watch news daily.",3,"Everyone knows the nightly news has a large, daily audience.","['fact', 'social', 'literal language', 'positive', 'reasoning', 'abstract']",z-ai/glm-5.3
Most workplaces do not pay employees for unapproved sick days.,1,Whether unapproved absences are paid is verifiable in employment records and law; very confident.,4,0,Sick leave policies and pay are socially constructed workplace rules; very confident.,4,1,"It is plain, direct language with no rhetorical devices; very confident.",4,1,It describes typical workplace practice rather than judging whether sick people deserve pay; somewhat confident because it could sound like an implied standard.,3,0,"It concludes non-payment by combining knowledge of absence policies with the unapproved absence, beyond a bare observation; somewhat confident.",3,0,It abstracts about workplace norms generally rather than one observed event; somewhat confident because sick days are fairly everyday.,3,Workers expect that sick leave requires approval to be paid.,"['fact', 'social', 'literal language', 'positive', 'reasoning', 'abstract']",z-ai/glm-5.3
Enrolling in a university usually requires a high school diploma.,1,"Admission requirements are documented policies, so the claim can be checked; very confident.",4,0,Diplomas and universities are socially constructed institutions; very confident.,4,1,"It uses plain, literal wording with no figures of speech; very confident.",4,1,It describes normal admission practice rather than saying education is valuable; somewhat confident because it could be read as stating a requirement-norm.,3,0,"It draws a conclusion by linking diploma attainment with admission rules, combining knowledge rather than one observation; somewhat confident because it is close to a direct rule statement.",3,0,It states a general institutional requirement not directly visible in everyday life; somewhat confident because students encounter enrollments.,3,People understand that finishing high school is normally needed for university.,"['fact', 'social', 'literal language', 'positive', 'reasoning', 'abstract']",z-ai/glm-5.3
"When you check into a hotel, you'll be asked to present identification.",1,"Hotel ID requirements are observable practice and verifiable, not opinion; very confident.",4,0,"Hotels, check-in procedures, and ID documents are socially constructed institutions; very confident.",4,1,"It is plain, direct language without figurative devices; very confident.",4,1,"It describes what hotels actually do, not whether guests should be required to show ID; somewhat confident because it states a customary requirement.",3,0,It concludes what will happen by combining knowledge of hotel procedures with the act of checking in; somewhat confident because the inference is simple.,3,0,It generalizes a practice across hotels that one learns rather than directly observes everywhere; somewhat unconfident because many people do check in to hotels personally.,2,Travelers expect to show ID at hotel check-in.,"['fact', 'social', 'literal language', 'positive', 'reasoning', 'abstract']",z-ai/glm-5.3
Most people retire from full-time work between the ages of 60 and 70.,1,"Retirement ages are recorded in surveys and statistics, so the claim is empirically checkable; very confident.",4,0,Retirement and age norms are socially constructed institutions; very confident.,4,1,"It uses plain, literal wording with no metaphors; very confident.",4,1,It describes typical behavior rather than saying when people should retire; somewhat confident because retirement-age norms can sound prescriptive.,3,0,"It generalizes about population-level retirement patterns from survey knowledge, combining data and logic beyond a single observation; somewhat confident.",3,0,"It concerns a statistical regularity across populations, not something one person can observe directly; somewhat confident because one does see older people leave work.",3,It is common knowledge that people typically retire in their sixties.,"['fact', 'social', 'literal language', 'positive', 'reasoning', 'abstract']",z-ai/glm-5.3
"If a member of Congress votes against a bill, and the bill passes, that member's vote did not cause its passage.",1,"Vote counts and outcomes are recorded, so the claim is verifiable true or false; very confident.",4,0,Congress and voting procedures are socially constructed institutions; very confident.,4,1,"It is plain, direct language with no rhetorical devices; very confident.",4,1,"It describes how voting outcomes work, not whether the bill should pass; very confident.",4,0,"It derives a conclusion by combining knowledge of vote-counting rules with the two facts given, which is reasoning rather than a bare observation; very confident.",4,0,"It is a logical conclusion about institutional causation, not something seen directly; somewhat unconfident because vote tallies are publicly watched events.",2,People understand that a losing 'no' vote doesn't make a law pass.,"['fact', 'social', 'literal language', 'positive', 'reasoning', 'abstract']",z-ai/glm-5.3
Interracial marriages are now legal throughout the United States.,1,"Its legality is a matter of documented law, verifiable true or false; very confident.",4,0,Marriage laws are socially constructed institutions; very confident.,4,1,"It uses plain, literal wording with no figures of speech; very confident.",4,1,It describes the current legal status rather than saying such marriages are right or wrong; very confident.,4,0,"It concludes current legality by combining knowledge of the law's history with the present day, not just one observation; somewhat confident because it states a well-known fact.",3,0,"It is a general legal fact about the country, not an everyday encounter one observes directly; somewhat confident because one does see such couples in daily life.",3,People know that bans on interracial marriage ended decades ago.,"['fact', 'social', 'literal language', 'positive', 'reasoning', 'abstract']",z-ai/glm-5.3
A driver exceeding the speed limit risks getting a traffic ticket.,1,"Traffic tickets and speed limits are documented and verifiable, not opinion; very confident.",4,0,Speed limits and traffic fines are socially constructed rules; very confident.,4,1,"It is plain, direct language with no figurative devices; very confident.",4,1,"It describes what happens when driving rules are broken, not that speeding is immoral; somewhat confident because it implies adherence to a rule.",3,0,"It concludes ticket risk by combining knowledge of speed laws and police enforcement with the act of speeding, beyond a bare observation; very confident.",4,0,"It states a probabilistic regularity about enforcement, not a single observed event; somewhat unconfident because speeding drivers are commonly seen.",2,Speeders expect they might be stopped and fined by police.,"['fact', 'social', 'literal language', 'positive', 'reasoning', 'abstract']",z-ai/glm-5.3
Money held longer in a savings account earns more total interest.,1,"Interest calculations are determined by documented bank rates and mathematics, verifiable independent of opinion; very confident.",4,0,"Savings accounts and interest are socially constructed financial institutions, not natural laws; somewhat confident because interest involves mathematical regularities.",3,1,"It uses plain, direct wording with no metaphors or hyperbole; very confident.",4,1,It describes how interest accrual works rather than advising people to save; very confident.,4,0,"It draws a conclusion by combining knowledge of how interest accrues with the fact of a longer time period, which is reasoning rather than a single observation; very confident.",4,0,The relationship between duration and total interest is a system-level abstraction not directly observed; somewhat confident because bank statements are everyday.,3,People understand that interest builds up the longer money sits in the bank.,"['fact', 'social', 'literal language', 'positive', 'reasoning', 'abstract']",z-ai/glm-5.3
The candidate with the most Electoral College votes becomes US president.,1,"It is a verifiable fact of constitutional law, true or false regardless of opinion; very confident.",4,0,The Electoral College is a socially constructed political institution; very confident.,4,1,"It uses plain, literal wording with no rhetorical devices; very confident.",4,1,It describes how the election system works rather than judging whether the system is fair; very confident.,4,0,It concludes the presidency from vote counts by combining constitutional knowledge with logic; somewhat confident because it is close to a direct rule statement.,3,0,"It is an institutional rule about national politics, not encountered directly in everyday life; somewhat confident because elections are widely reported.",3,People know US presidential elections are decided by Electoral College votes.,"['fact', 'social', 'literal language', 'positive', 'reasoning', 'abstract']",z-ai/glm-5.3
"The early bird catches the worm, so punctuality pays off at work.",1,"As a general norm with many exceptions, its truth as a factual claim is debatable; I am only somewhat confident it is demonstrably correct rather than mere opinion.",2,0,"Punctuality and workplace rewards are human conventions, not physical or natural laws. The claim is intrinsically of human social origin.",4,0,"It contains the metaphorical aphorism about a bird catching a worm, which stands for acting early. It is clearly not literal language.",4,0,"It implies people ought to be punctual, endorsing a value rather than merely describing an empirical law. A purely positive claim would state what happens, not what pays off.",3,0,It draws a conclusion—punctuality is rewarded—by combining the proverb with logic about opportunity and workplace norms. It is not a bare observation.,4,0,"The proverb is a general regularity about timing and success, not tied to any single observable everyday event.",3,This is common sense because it links a well-known proverb to everyday workplace rewards through simple reasoning about timing and advantage.,"['fact', 'social', 'figure of speech', 'normative', 'reasoning', 'abstract']",z-ai/glm-5.3
"Actions speak louder than words, so trust deeds over promises.",1,"Whether deeds are actually more reliable indicators than words is plausibly demonstrable via evidence, but it edges toward opinion; I am only somewhat confident.",2,0,"Trust, promises, and deeds are social and human constructs, so the statement is of human origin. It is not a physical or natural regularity.",4,0,"Actions cannot literally speak, so the aphorism is metaphorical. It is plainly a figure of speech, not literal language.",4,0,"It prescribes a rule for how we should judge trustworthiness, expressing a value. A positive statement would describe behavior without recommending it.",4,0,"It concludes that deeds deserve more trust by logically applying the aphorism's premise about reliability. It is a conclusion, not a plain observation.",4,0,The generalization about actions versus words transcends any single observable situation in daily experience.,3,This is common sense because it applies a familiar aphorism to guide how we evaluate people's commitments.,"['fact', 'social', 'figure of speech', 'normative', 'reasoning', 'abstract']",z-ai/glm-5.3
"Laughter is the best medicine, so humor helps heal the mind.",1,"The claim is a common hyperbole and largely opinion, since whether humor is the 'best' remedy cannot be objectively demonstrated. Hence my low confidence it is a fact.",2,0,"Humor, laughter, and healing the mind are human and cultural phenomena, so the statement is socially rooted. It is not about physics or natural laws.",4,0,Laughter is not literally medicine; the phrase is a metaphor and hyperbole. It clearly satisfies the figure-of-speech feature.,4,0,"It implicitly recommends valuing humor as a remedy, reflecting a belief about what is good for well-being. It is not a bare empirical law statement.",3,0,It concludes humor helps mental healing by combining the proverb with the premise that medicine cures. It is a reasoned conclusion rather than an observation.,4,0,"The idea that humor heals is a broad regularity about well-being, not a single everyday occurrence one directly observes. It generalizes beyond individual experience.",3,This is common sense because it uses a familiar metaphor to reason about humor's psychological healing power.,"['fact', 'social', 'figure of speech', 'normative', 'reasoning', 'abstract']",z-ai/glm-5.3
"As no man is an island, teamwork beats going it alone.",1,"Whether teamwork generally beats working alone varies by context, making it closer to opinion; hence I am somewhat unconfident it is demonstrable fact.",2,0,"Teamwork and interdependence are social constructs governing human interaction, so it is of human origin. It is not a physical or mathematical regularity.",4,0,No one is literally an island; the phrase is a classic metaphor. It clearly uses figurative rather than literal language.,4,0,"It recommends choosing teamwork, expressing a value judgment about cooperation. It is not merely describing what empirically occurs.",3,0,"It concludes that teamwork is better by logically combining the premise that people depend on each other. It is an inference, not a bare observation.",4,0,"The claim about interdependence and teamwork is a broad regularity about human collaboration, not a concrete everyday event. It abstracts beyond individual experience.",3,This is common sense because it combines the famous 'no man is an island' metaphor with reasoning to value cooperation.,"['fact', 'social', 'figure of speech', 'normative', 'reasoning', 'abstract']",z-ai/glm-5.3
"As knowledge is power, education is the key to prosperity.",1,"The education-prosperity link is supported by evidence, but 'the key' overstates it and leans toward opinion, so my confidence is moderate.",3,0,"Education, power, and prosperity are human social institutions and constructs, so the statement is of social origin. It is not a physical law.",4,0,"Knowledge is not literally power, and a key is a metaphor; the saying is figurative. It clearly is not literal language.",4,0,"It endorses education as a path people should pursue, reflecting a social value. It is not a neutral empirical description alone.",3,0,It draws a conclusion—education leads to prosperity—by chaining the proverb's premise with logic about power and wealth. It is more than a plain observation.,4,0,The link between education and prosperity is a broad societal regularity not observed in any single everyday instance. It generalizes widely.,3,This is common sense because it reasons from the proverb that knowledge empowers to conclude education brings prosperity.,"['fact', 'social', 'figure of speech', 'normative', 'reasoning', 'abstract']",z-ai/glm-5.3
"Every cloud has a silver lining, so setbacks breed growth.",1,"Whether setbacks truly breed growth is subjective and varies, so it is closer to opinion than demonstrable fact; hence low confidence.",2,0,"Setbacks and personal growth are human experiences shaped by social meaning, so the claim is of human origin. It is not a natural or physical rule.",4,0,"Clouds and silver linings are metaphors for misfortune and hidden benefit. It is unmistakably figurative, not literal.",4,0,"It encourages seeing hardship as worthwhile, expressing a valued optimistic outlook. It is not merely stating an empirical regularity.",3,0,"It concludes setbacks breed growth by reasoning from the proverb's premise that hardships carry hidden benefits. It is an inference, not a plain fact.",4,0,"The idea that setbacks foster growth is an abstract regularity about life, not a concrete everyday experience. It generalizes across cases.",3,This is common sense because it applies a hopeful metaphor to infer that adversity brings benefit.,"['fact', 'social', 'figure of speech', 'normative', 'reasoning', 'abstract']",z-ai/glm-5.3
"As crime never pays, honesty is the best policy.",1,"'Crime never pays' is a moral aphorism rather than a demonstrable fact, and the recommendation is opinion-based; hence low confidence.",2,0,"Crime, honesty, and policy are socially constructed rules governing human behavior, so it is of social origin. It is not about physical nature.",4,0,"'Crime never pays' is an aphoristic hyperbole, and 'best policy' is idiomatic. It is figurative, not literal language.",4,0,It explicitly endorses a rule of conduct—be honest—making it a value judgment. It is not a value-free empirical description.,4,0,"It concludes one should be honest by combining the proverb's premise with logic about consequences. It is a reasoned moral conclusion, not an observation.",4,0,"The claim that crime fails and honesty succeeds is an abstract moral regularity, not a directly observable everyday event. It generalizes broadly.",3,This is common sense because it reasons from the proverb that wrongdoing backfires to endorse honesty.,"['fact', 'social', 'figure of speech', 'normative', 'reasoning', 'abstract']",z-ai/glm-5.3
"The pen is mightier than the sword, so choose words carefully.",1,"Whether persuasion generally beats force is debatable and partly opinion, so I am only somewhat unconfident-to-moderate that it is fact.",2,0,"Words, writing, and conflict are human social phenomena, so the statement is of social origin. It is not a physical or natural law.",4,0,Pens and swords are metonymies for writing and violence; the saying is a classic metaphor. It is plainly figurative.,4,0,"It prescribes careful word choice, a rule about communication conduct. It is a value-laden recommendation, not a neutral fact.",4,0,"It concludes words deserve careful use by combining the proverb with logic about influence. It is an inference, not a bare observation.",4,0,"The idea that words outweigh violence is an abstract societal regularity, not a single everyday event one can observe. It generalizes widely.",3,This is common sense because it reasons from a famous metaphor to advise prudent use of language.,"['fact', 'social', 'figure of speech', 'normative', 'reasoning', 'abstract']",z-ai/glm-5.3
"A stitch in time saves nine, so fix small problems immediately.",1,"Timely repair often prevents larger costs, a plausibly demonstrable pattern, though 'always' readings lean opinion; hence moderate confidence.",3,0,"Problem management and timely maintenance are human practical and social norms, so the claim is of human origin. It is not a physical law.",3,0,"The stitching metaphor and the number nine make the proverb figurative. It is clearly a figure of speech, not literal language.",4,0,It recommends a course of action—fix problems immediately—which is a prescription. It is not merely describing what occurs.,4,0,It concludes problems should be fixed early by logically applying the proverb's premise about effort and escalation. It is a reasoned conclusion.,4,0,"The principle that early action prevents escalation is a general regularity, not one specific everyday occurrence. It abstracts beyond direct experience.",3,This is common sense because it uses a proverb about timely action to conclude that early fixes prevent bigger trouble.,"['fact', 'social', 'figure of speech', 'normative', 'reasoning', 'abstract']",z-ai/glm-5.3
"When in Rome, do as the Romans do, to show respect.",1,The prescription is a normative opinion rather than a demonstrably correct fact; hence I am somewhat unconfident about the fact feature.,2,0,"Customs and respect are socially constructed rules governing behavior, so the statement is inherently of social origin.",4,0,"The proverb about Rome stands for any local culture, making it idiomatic. It is figurative, not literal.",4,0,"It prescribes following local conventions as a matter of respect, which is clearly a social norm. It is not a value-free empirical claim.",4,0,"It concludes one should follow local customs by combining the proverb with the value of respect. It is an inference, not a bare observation.",4,0,"The rule of adapting to local norms is an abstract social principle, not a single observable everyday situation. It generalizes widely.",3,This is common sense because it applies a proverb about adapting to local customs to justify showing respect.,"['fact', 'social', 'figure of speech', 'normative', 'reasoning', 'abstract']",z-ai/glm-5.3
"As all is fair in love and war, loyalty matters most.",1,"Whether loyalty matters most is inherently subjective opinion, so it barely satisfies the fact feature; hence very low confidence.",1,0,"Love, war, and loyalty are social and human constructs, so the statement is of social origin. It is not about physics or nature.",4,0,"'All is fair in love and war' is a hyperbolic aphorism, not literal language. It clearly is a figure of speech.",4,0,"It expresses a value judgment that loyalty is paramount in human bonds. It is a belief about what matters, not an empirical law.",4,0,"It concludes loyalty matters most by reasoning about the proverb's implication that other rules may fail. It is an inference, not an observation.",3,0,"The tension between moral rules and loyalty is an abstract regularity about human relationships, not a concrete daily event.",3,This is common sense because it engages a proverb about moral looseness to reason that loyalty is what truly counts.,"['fact', 'social', 'figure of speech', 'normative', 'reasoning', 'abstract']",z-ai/glm-5.3
"A rising tide lifts all boats, so good economies help the poor.",1,"The claim is an empirically testable regularity, though contested, so I am somewhat confident it can be demonstrated or refuted.",3,0,"Economies and poverty are human social institutions, so the statement is of social origin. It is not a natural or physical rule.",4,0,"Tides and boats are metaphors for economic conditions and people, so the saying is figurative. It is not literal language.",4,0,"It implicitly endorses growth as good for the poor, reflecting a policy value. It is not a purely descriptive scientific law.",3,0,"It concludes growth helps the poor by applying the metaphor's logic about tides and boats. It is a reasoned conclusion, not a bare observation.",4,0,"The macroeconomic link between overall growth and poverty is an abstract regularity, not directly observable in everyday life. It generalizes beyond individual experience.",4,This is common sense because it reasons from an economic metaphor to conclude broad growth aids everyone.,"['fact', 'social', 'figure of speech', 'normative', 'reasoning', 'abstract']",z-ai/glm-5.3
"Money can't buy happiness, so cherish time with family.",1,"Whether money cannot buy happiness is largely subjective and debatable, making it opinion-like; hence low confidence on fact.",2,0,"Money, happiness, and family are human social constructs, so the statement is of social origin. It is not a physical or natural law.",4,0,"'Buy happiness' is a hyperbolic idiom, since happiness is not for sale. The phrase is figurative, not literal.",4,0,"It prescribes valuing family time over money, expressing a clear value judgment. It is not a neutral empirical description.",4,0,"It concludes family time should be cherished by combining the proverb with logic about what happiness requires. It is an inference, not a plain fact.",4,0,"The relationship between wealth and well-being is an abstract regularity studied across lives, not a single everyday event. It generalizes beyond direct experience.",3,This is common sense because it reasons from a proverb about wealth's limits to prioritize family time.,"['fact', 'social', 'figure of speech', 'normative', 'reasoning', 'abstract']",z-ai/glm-5.3
"A house divided cannot stand, so unity keeps nations strong.",1,"Whether internal division predicts national collapse is historically testable to a degree, though claims edge normative; hence moderate confidence.",3,0,"Nations, unity, and division are human social and political constructs, so it is of social origin. It is not a physical regularity.",4,0,"A house stands for a nation or group, so the saying is metaphorical. It clearly is figurative language.",4,0,"It endorses unity as a value for nations, expressing a political-moral judgment. It is not a value-free empirical statement.",3,0,"It concludes nations need unity by reasoning from the proverb's premise that division causes collapse. It is an inference, not a bare observation.",4,0,"The connection between unity and national strength is an abstract societal regularity, not an everyday observable event. It generalizes widely.",4,This is common sense because it applies a biblical metaphor to reason that unity sustains countries.,"['fact', 'social', 'figure of speech', 'normative', 'reasoning', 'abstract']",z-ai/glm-5.3
"Practice makes perfect, so drill daily to master any skill.",1,"Practice reliably improves skill, a demonstrable psychological regularity, though 'perfect' is hyperbole; hence moderate-to-high confidence.",3,0,"Mastery and practice are human learning and cultural concepts, so the statement is of social origin. It is not a natural physical law.",4,0,'Perfect' is hyperbole and the phrase is an aphorism rather than literal language. It satisfies the figure-of-speech feature.,4,0,"It prescribes daily practice as the right path, reflecting a valued discipline norm. It is not a bare empirical description.",3,0,"It concludes one should drill daily by applying the proverb's premise to a practical goal. It is a reasoned conclusion, not an observation.",4,0,"The claim that repetition leads to mastery is a general regularity about learning, not one everyday event. It abstracts across many skills.",3,This is common sense because it reasons from a proverb to conclude that daily drilling yields mastery.,"['fact', 'social', 'figure of speech', 'normative', 'reasoning', 'abstract']",z-ai/glm-5.3
"The road to hell is paved with good intentions, so judge outcomes.",1,"The proverb's core is demonstrable in many cases, but the advice to judge outcomes is opinion-laden; hence low-to-moderate confidence.",2,0,"Intentions, outcomes, and judgment are human social concepts, so the statement is of social origin. It is not physical or mathematical.",4,0,"The road and paving imagery is a vivid metaphor, not literal language. It clearly is a figure of speech.",4,0,"It prescribes evaluating by outcomes, expressing a norm about accountability. It is a value judgment, not an empirical law.",4,0,"It concludes outcomes should be judged by reasoning from the proverb's premise that intentions mislead. It is an inference, not a plain fact.",4,0,"The gap between intent and result is an abstract regularity of human affairs, not a single everyday occurrence. It generalizes broadly.",3,This is common sense because it reasons from an aphorism to advise judging people by results.,"['fact', 'social', 'figure of speech', 'normative', 'reasoning', 'abstract']",z-ai/glm-5.3
"Blood is thicker than water, so family comes before friends.",1,"Whether family bonds should outrank friendship is inherently subjective opinion, so it barely fits the fact feature; very low confidence.",1,0,"Family, friendship, and loyalty are socially constructed relationships, so it is of human social origin. It is not a physical law.",4,0,"Blood and water are metaphors for family and other ties, so the proverb is figurative. It is not literal language.",4,0,"It prescribes a rule of loyalty ordering, clearly a social value judgment. It is not a value-free empirical statement.",4,0,"It concludes family precedes friends by logically applying the proverb's premise about bond strength. It is an inference, not an observation.",4,0,"The principle of prioritizing kin is an abstract social regularity, not a single observable everyday event. It generalizes across cultures.",3,This is common sense because it reasons from a proverb to prioritize family obligations.,"['fact', 'social', 'figure of speech', 'normative', 'reasoning', 'abstract']",z-ai/glm-5.3
"You can't teach an old dog new tricks, so train employees early.",1,"Age-related learning difficulty has some empirical basis, yet the proverb is often false and opinion-like; hence low confidence.",2,0,"Training and workplace practices are social conventions of human origin, so the claim is socially rooted. It is not a natural law.",4,0,"Old dogs and tricks stand for older people and new skills, making it metaphorical. It clearly is figurative language.",4,0,"It recommends a training practice, a normative guideline for organizations. It is not merely describing an empirical regularity.",3,0,"It concludes employees should be trained early by combining the proverb with workplace logic. It is a reasoned conclusion, not a plain fact.",4,0,"The idea that learning is easier early is a broad regularity about people, beyond a single everyday experience. It abstracts widely.",3,This is common sense because it reasons from a proverb to conclude early training works best.,"['fact', 'social', 'figure of speech', 'normative', 'reasoning', 'abstract']",z-ai/glm-5.3
"Where there's smoke, there's fire, so investigate rumors.",1,"The premise that rumors usually reflect facts is debatable and partly opinion, so it fits fact only weakly; hence low confidence.",2,0,"Rumors and investigation are social and informational phenomena of human origin, so it is social rather than physical.",4,0,"Smoke and fire are metaphors for rumors and truth, so the saying is figurative. It is not literal language.",4,0,"It prescribes investigating rumors as the prudent course, a norm about vigilance. It is not a value-free empirical law.",3,0,"It concludes rumors warrant investigation by reasoning that rumors usually stem from facts. It is an inference, not a bare observation.",4,0,"The inference from signs to underlying causes is an abstract regularity about information, not a single everyday event. It generalizes broadly.",3,This is common sense because it reasons from a proverb to conclude that rumors often signal real problems.,"['fact', 'social', 'figure of speech', 'normative', 'reasoning', 'abstract']",z-ai/glm-5.3
"Time is money, so wasting time wastes opportunity.",1,"The economic equivalence of time and money is a demonstrable convention in market settings, so it can be objectively assessed; moderate confidence.",3,0,"Money, opportunity, and time valuation are human social conventions, so the statement is of social origin. It is not a physical law.",4,0,"Time is not literally money, so the phrase is a metaphor. It clearly satisfies the figure-of-speech feature.",4,0,"It implies one should not waste time, endorsing a norm of productivity. It is a value-laden prescription, not a neutral fact.",3,0,"It concludes wasted time means lost opportunity by applying the metaphor's economic logic. It is a reasoned conclusion, not a plain observation.",4,0,"Treating time as an economic resource is an abstract regularity of modern life, not a single everyday occurrence. It generalizes widely.",3,This is common sense because it reasons from the metaphor that time is a resource to conclude procrastination is costly.,"['fact', 'social', 'figure of speech', 'normative', 'reasoning', 'abstract']",z-ai/glm-5.3
"A chain is only as strong as its weakest link, so strengthen every member.",1,"The weakest-link principle is demonstrably true for many interdependent systems, so it is fairly objective; high confidence.",3,0,"Members and strength here refer to human groups and roles, socially constructed, so the claim is of social origin.",3,0,"Chains and links are metaphors for teams and members, so the saying is figurative. It is not literal language.",4,0,It prescribes action—support the weakest members—as a norm for groups. It is not merely describing an empirical pattern.,3,0,"It concludes every member should be strengthened by logically applying the proverb's premise. It is an inference, not a bare observation.",4,0,The principle that systems fail at their weakest part is an abstract regularity about groups and processes. It is not one everyday event.,3,This is common sense because it reasons from a physical metaphor to conclude teams must support all members.,"['fact', 'social', 'figure of speech', 'normative', 'reasoning', 'abstract']",z-ai/glm-5.3
Honesty is the best policy.,0,"Whether honesty is truly always best cannot be objectively proven; it is a subjective value judgment, unlike a verifiable fact.",4,0,"It concerns a human social convention about behavior, not a physical law of nature.",4,0,It is an aphorism presenting a general moral rule rather than plain literal description.,4,0,"It prescribes how people ought to behave, a value judgment rather than an empirical regularity.",4,1,It states a general observation about human conduct rather than deriving a logical conclusion.,3,0,It is a broad moral regularity not verifiable through any single everyday experience.,3,A widely held moral maxim reflecting the common belief that truthfulness leads to better outcomes.,"['opinion', 'social', 'figure of speech', 'normative', 'knowledge', 'abstract']",z-ai/glm-5.3
Every cloud has a silver lining.,0,"The claim cannot be objectively verified since goodness is subjective, unlike a demonstrable fact.",4,0,"It reflects human psychological coping wisdom, not a physical feature of the world.",4,0,It is a metaphorical proverb rather than literal language about actual clouds.,4,0,It encourages a hopeful value orientation toward adversity rather than describing an empirical law.,3,1,"It expresses a general observation about life's ups and downs, not a logical derivation.",3,0,The generality cannot be confirmed by any single everyday experience alone.,3,A common metaphorical proverb expressing the belief that hardships bring hidden benefits.,"['opinion', 'social', 'figure of speech', 'normative', 'knowledge', 'abstract']",z-ai/glm-5.3
Actions speak louder than words.,0,Comparing the weight of actions versus words is inherently subjective and cannot be objectively settled.,4,0,"It concerns human communication and conduct conventions, not physical laws.",4,0,"It is a metaphorical aphorism about 'speaking' actions, not plain literal description.",4,0,"It conveys a normative expectation that people should act, not just talk.",3,1,It is an observation about human behavior patterns rather than a logical conclusion.,3,0,The general comparative claim goes beyond any single everyday encounter.,3,A familiar maxim expressing the common belief that deeds reveal character better than talk.,"['opinion', 'social', 'figure of speech', 'normative', 'knowledge', 'abstract']",z-ai/glm-5.3
Laughter is the best medicine.,0,"Whether laughter is truly the best remedy is a subjective judgment, not a provable fact.",4,0,"It stems from human cultural wisdom about emotion, not a physical law.",4,0,It is a hyperbole; laughter is not literally medicine.,4,0,It promotes a value that people should embrace humor as a coping norm.,3,1,It is an observation about wellness rather than a derived logical conclusion.,3,0,The sweeping claim cannot be verified through ordinary everyday experience alone.,3,A common hyperbolic saying reflecting the belief that humor aids well-being.,"['opinion', 'social', 'figure of speech', 'normative', 'knowledge', 'abstract']",z-ai/glm-5.3
Old friends are the best friends.,0,"Ranking old friends above others is a subjective preference, not an objective fact.",4,0,"It concerns human friendship norms, entirely of human origin.",4,0,It is an aphoristic superlative expressing a value rather than literal description.,4,0,It conveys a social value about loyalty and long-term bonds.,4,1,It states an observation about relationships rather than reasoning from premises.,3,0,The general comparative claim transcends any one everyday experience.,3,A common saying expressing the value people place on long-lasting friendships.,"['opinion', 'social', 'figure of speech', 'normative', 'knowledge', 'abstract']",z-ai/glm-5.3
Money can't buy happiness.,0,Whether money can buy happiness is subjective and cannot be objectively demonstrated.,4,0,"It concerns human values around wealth and well-being, not physical nature.",4,0,"It is an aphoristic absolute claim, a common hyperbole about wealth.",3,0,It expresses a value judgment cautioning against materialism rather than an empirical law.,3,1,It offers an observation about life rather than a logical derivation.,3,0,The abstract relation between money and happiness cannot be concluded from single experiences.,4,A widely shared belief that material wealth alone cannot produce true contentment.,"['opinion', 'social', 'figure of speech', 'normative', 'knowledge', 'abstract']",z-ai/glm-5.3
The customer is always right.,0,Customers are factually often wrong; the maxim is a subjective service philosophy.,4,0,"It is a socially constructed commercial convention, not a physical rule.",4,0,"It is a hyperbolic business aphorism, not a literal factual claim.",4,0,It prescribes a norm of deference in business dealings rather than describing reality.,4,1,It reflects an observed belief about commerce rather than a logical conclusion.,3,0,As a general policy principle it goes beyond any single transaction experience.,3,A familiar business maxim expressing the belief that customers deserve deference in disputes.,"['opinion', 'social', 'figure of speech', 'normative', 'knowledge', 'abstract']",z-ai/glm-5.3
"Forgiveness is a sign of strength, not weakness.",0,"Whether forgiveness indicates strength is a subjective moral judgment, not a demonstrable fact.",4,0,"It concerns human moral and social values, not physical phenomena.",4,0,It is an aphoristic contrast figure expressing a moral stance.,3,0,It endorses a virtue norm people should cultivate rather than stating an empirical law.,4,1,It offers an observation about character rather than a reasoning chain.,3,0,Linking forgiveness abstractly to strength cannot be established from everyday incidents alone.,3,A common moral belief that pardoning others shows inner fortitude.,"['opinion', 'social', 'figure of speech', 'normative', 'knowledge', 'abstract']",z-ai/glm-5.3
Home is where the heart is.,0,What makes a home is inherently subjective and cannot be objectively settled.,4,0,"It concerns human emotional and social life, not physical nature.",4,0,"It is a metaphorical proverb; the heart here means love, not the organ.",4,0,It conveys a value that emotional ties should define home rather than a factual regularity.,3,1,It states an observation about belonging rather than deriving a conclusion.,3,0,The abstract definition of home goes beyond any one concrete experience.,4,A beloved proverb expressing that home is defined by emotional attachment rather than location.,"['opinion', 'social', 'figure of speech', 'normative', 'knowledge', 'abstract']",z-ai/glm-5.3
Knowledge is power.,0,"Equating knowledge with power is a subjective philosophical stance, not an objective fact.",4,0,"It concerns socially constructed notions of knowledge and influence, not physics.",4,0,"It is a metaphorical aphorism, not plain literal language.",4,0,It expresses a value endorsing learning as a social good rather than an empirical law.,3,1,It asserts an observation about knowledge's effect rather than a logical derivation.,3,0,The sweeping abstract claim cannot be confirmed by single everyday experiences.,4,A famous aphorism expressing the belief that learning empowers people in life.,"['opinion', 'social', 'figure of speech', 'normative', 'knowledge', 'abstract']",z-ai/glm-5.3
Beauty is in the eye of the beholder.,0,"Beauty is inherently subjective, so the claim cannot be objectively proven or disproven.",4,0,"It concerns human perception and taste, which are socially shaped.",4,0,"It is a metaphorical proverb about perception, not literal eyes.",4,0,"It conveys the value norm that aesthetic judgments are personal, not universal.",3,1,It states an observation about aesthetic judgment rather than a logical conclusion.,3,0,It is a general regularity about perception beyond individual experience.,4,A common saying reflecting that attractiveness judgments vary by person.,"['opinion', 'social', 'figure of speech', 'normative', 'knowledge', 'abstract']",z-ai/glm-5.3
Kindness costs nothing but means everything.,0,"The worth of kindness is a subjective value judgment, not an objective fact.",4,0,"It concerns human social values and kindness norms, not physical nature.",4,0,"It is a hyperbolic aphorism with figurative extremes, not literal accounting.",4,0,It promotes a moral norm encouraging kind behavior as a social value.,4,1,It offers an observation about kindness's value rather than logical reasoning.,3,0,The sweeping claim about meaning cannot be verified through everyday experiences alone.,4,A popular saying expressing the belief that small acts of kindness have great value.,"['opinion', 'social', 'figure of speech', 'normative', 'knowledge', 'abstract']",z-ai/glm-5.3
Timing is everything in life.,0,"Whether timing determines everything is a subjective exaggeration, not a provable fact.",4,0,"It concerns human life experience and decision norms, not physical rules.",4,0,"It is a hyperbolic aphorism, as timing cannot literally be everything.",4,0,It conveys a value about the importance of seizing the right moment rather than a law.,3,1,It expresses an observation about life outcomes rather than a logical derivation.,3,0,The abstract role of timing cannot be concluded from single everyday situations.,4,A common belief that success or failure hinges heavily on when things happen.,"['opinion', 'social', 'figure of speech', 'normative', 'knowledge', 'abstract']",z-ai/glm-5.3
Patience is a virtue worth cultivating.,0,"Whether patience is worth cultivating is a subjective value judgment, not an objective fact.",4,0,"Virtues are human social-moral constructs, not physical phenomena.",4,0,It is an aphoristic moral formula echoing 'patience is a virtue.',3,0,It explicitly endorses a virtue norm people should cultivate.,4,1,It states a general observation about character rather than deriving a conclusion.,3,0,The general value of patience goes beyond any single everyday experience.,3,A common moral belief that being patient is a valuable character trait.,"['opinion', 'social', 'figure of speech', 'normative', 'knowledge', 'abstract']",z-ai/glm-5.3
Gratitude makes life richer.,0,"Whether gratitude enriches life is a subjective judgment, not objectively demonstrable.",4,0,"It concerns human emotional and social life, not physical laws.",4,0,It uses a metaphor of richness for emotional fulfillment.,4,0,It promotes the value that people should feel grateful as a norm.,4,1,It states an observation about well-being rather than a logical conclusion.,3,0,The abstract effect of gratitude cannot be confirmed by individual experience alone.,3,A widely shared belief that appreciating what one has enhances life satisfaction.,"['opinion', 'social', 'figure of speech', 'normative', 'knowledge', 'abstract']",z-ai/glm-5.3
You can't judge a book by its cover.,0,"How much appearances reveal is a subjective judgment, not an objective fact.",4,0,"It concerns human social judgment conventions, not physical nature.",4,0,It is a metaphorical proverb; people are not literally books with covers.,4,0,It conveys the social norm that one should not judge others by looks alone.,4,1,It states an observation about appearance versus character rather than reasoning.,3,0,The generalization about appearance goes beyond single everyday encounters.,3,A familiar proverb expressing the belief that appearances don't reveal true character.,"['opinion', 'social', 'figure of speech', 'normative', 'knowledge', 'abstract']",z-ai/glm-5.3
Hope is stronger than fear.,0,Comparing the strength of emotions is subjective and cannot be objectively proven.,4,0,"It concerns human emotional life and values, not physical phenomena.",4,0,It is a metaphorical comparison treating emotions as contending forces.,4,0,It endorses a value orientation favoring hope over fear rather than a law.,3,1,It offers an observation about human motivation rather than a logical conclusion.,3,0,The abstract comparison of emotions cannot be arrived at via single experiences.,4,A common inspirational belief that optimism outweighs fear in motivating people.,"['opinion', 'social', 'figure of speech', 'normative', 'knowledge', 'abstract']",z-ai/glm-5.3
Teamwork makes the dream work.,0,"Whether collaboration is always key to success is a subjective belief, not a fact.",4,0,"It concerns human social cooperation, entirely of human origin.",4,0,It is a rhyming metaphorical slogan rather than plain literal language.,4,0,It promotes the social norm of cooperation rather than describing an empirical law.,4,1,It states an observation about collaborative work rather than logical reasoning.,3,0,The general claim about teamwork goes beyond individual everyday experiences.,3,A popular motivational saying expressing the belief that collaboration achieves goals.,"['opinion', 'social', 'figure of speech', 'normative', 'knowledge', 'abstract']",z-ai/glm-5.3
Reputation is worth more than gold.,0,"Whether reputation outranks gold is a subjective value judgment, not an objective fact.",4,0,Reputation is a socially constructed concept about standing among people.,4,0,It is a metaphorical comparison using gold as a figurative standard of value.,4,0,It expresses a value norm about protecting one's name rather than an empirical law.,4,1,It states an observation about social value rather than a logical derivation.,3,0,The abstract value comparison cannot be verified through everyday encounters alone.,3,A common belief that one's good name is more valuable than material riches.,"['opinion', 'social', 'figure of speech', 'normative', 'knowledge', 'abstract']",z-ai/glm-5.3
Justice delayed is justice denied.,0,"Whether delayed justice counts as denial is an interpretive judgment, not an objective fact.",4,0,Justice is a socially constructed legal and moral concept of human origin.,4,0,"It is an aphoristic maxim with rhetorical force, not plain literal description.",4,0,It is a normative claim about how justice should be administered in society.,4,1,It states an observation about legal outcomes rather than deriving a conclusion logically.,3,0,The principle about institutional justice goes far beyond everyday personal experience.,4,A famous legal maxim expressing the belief that slow justice undermines fairness.,"['opinion', 'social', 'figure of speech', 'normative', 'knowledge', 'abstract']",z-ai/glm-5.3
"Water poured on the ground flows downhill, therefore rain runs toward valleys.",1,"Fluid mechanics demonstrates water flows downhill, so this conclusion is objectively verifiable, not opinion.",4,1,"It follows from gravity and terrain, objective natural laws rather than social rules.",4,1,"It uses plain words meaning exactly what they say, with no metaphors or idioms.",4,1,"It states an empirical regularity of gravity-driven water flow, not a norm or value judgment.",4,0,It derives a conclusion (rainwater reaches valleys) by combining knowledge (water flows downhill) with logic.,4,0,"It generalizes about rain over terrain rather than a specific daily scene, but is closely grounded in everyday observation, so confidence is moderate.",3,Combines the physical fact that water flows downhill with the observation of rain to conclude runoff collects in valleys.,"['fact', 'physical', 'literal language', 'positive', 'reasoning', 'abstract']",z-ai/glm-5.3
"Metal conducts electricity, therefore copper wires can carry current over long distances.",1,"Electrical conductivity of metals is demonstrable by experiment, making the inference objectively checkable.",4,1,"It rests on physics (electrical conduction), an objective measurable phenomenon.",4,1,The words mean exactly what they say; no figurative language is used.,4,1,"It describes a physical regularity (conduction) and its consequence, not a social convention.",4,0,It combines the knowledge that metals conduct with logic to conclude copper wires carry current.,4,0,"Most people never personally verify long-distance transmission, yet accept it as general knowledge, though it borders on technical fact.",3,Applies the physical property of conductivity to infer a practical electrical consequence.,"['fact', 'physical', 'literal language', 'positive', 'reasoning', 'abstract']",z-ai/glm-5.3
"Bodies with no forces acting on them keep moving at constant velocity, therefore spacecraft coast through space.",1,"Newtonian mechanics objectively supports this conclusion, independent of opinion.",4,1,"It derives from physics, measurable and logical, not from human convention.",4,1,The sentence is plain and means exactly what it states.,4,1,"It describes a law of motion and its physical consequence, not a norm or value.",4,0,It combines knowledge of inertia with logic to infer how spacecraft behave.,4,0,"Spaceflight is outside ordinary personal experience, so the conclusion is not drawn from everyday encounters.",4,Reasons from Newton's first law to conclude spacecraft keep moving without continuous thrust.,"['fact', 'physical', 'literal language', 'positive', 'reasoning', 'abstract']",z-ai/glm-5.3
"Antibiotics kill bacteria, therefore they help cure bacterial infections but not colds.",1,Whether antibiotics cure bacterial but not viral infections is scientifically verifiable.,4,1,"It rests on biology and medicine, objective features of the natural world.",4,1,The language is ordinary and literal throughout.,4,1,"It states an empirical pharmacological fact, not a social rule or value.",4,0,It combines biological knowledge with logic to draw a conclusion about treating infections.,4,0,The conclusion generalizes across diseases and drugs beyond any single person's experience.,4,Uses knowledge that antibiotics target bacteria and colds are viral to reason about treatment.,"['fact', 'physical', 'literal language', 'positive', 'reasoning', 'abstract']",z-ai/glm-5.3
"Supply of a good increases while demand stays the same, therefore its price falls.",1,"Economic theory and data support this conclusion, so it can be checked objectively.",4,1,"It is arguably a mathematical-economic regularity, though markets involve human behavior, so confidence is moderate.",3,1,"Plain, exact language with no figures of speech.",4,1,"It describes a regularity in markets, not a judgment about how prices should be.",4,0,It explicitly infers a price outcome from premises about supply and demand.,4,0,It is a general market principle not tied to one everyday experience.,4,Basic economic logic linking supply and demand to an inferred price outcome.,"['fact', 'physical', 'literal language', 'positive', 'reasoning', 'abstract']",z-ai/glm-5.3
"Vaccines expose the immune system to antigens, therefore they produce immunity.",1,The efficacy of vaccination is demonstrable through immunology and trials.,4,1,"It is grounded in biology and medicine, objective natural processes.",4,1,"The sentence is plain and literal, meaning exactly what it says.",4,1,"It describes an empirical biological mechanism, not a normative claim.",4,0,It combines immunological knowledge with logic to conclude immunity results.,4,0,The conclusion is a scientific generalization beyond individual observation.,4,Reasons from how immunity works to conclude vaccination protects against disease.,"['fact', 'physical', 'literal language', 'positive', 'reasoning', 'abstract']",z-ai/glm-5.3
"The Earth's axial tilt stays fixed, therefore seasons reverse between the Northern and Southern hemispheres.",1,Astronomy verifies that axial tilt causes reversed seasons across hemispheres.,4,1,"It follows from geometry and astronomy, objective physical laws.",4,1,"Ordinary, exact wording with no figurative language.",4,1,"It states a natural regularity, not a social convention or value.",4,0,It combines the knowledge of axial tilt with logic to derive the seasonal reversal.,4,0,One cannot experience both hemispheres' seasons directly at once; it is derived knowledge.,4,Applies astronomical knowledge to infer why seasons are opposite across hemispheres.,"['fact', 'physical', 'literal language', 'positive', 'reasoning', 'abstract']",z-ai/glm-5.3
"Heat causes materials to expand, therefore bridges need expansion joints.",1,Thermal expansion and the function of joints are physically verifiable.,4,1,"It derives from physics and engineering, measurable natural behavior.",4,1,Plain language that means exactly what it states.,4,1,It describes an empirical physical effect and its engineering consequence.,4,0,It infers the need for joints from the knowledge that heat expands materials.,4,0,"It is a general engineering principle, not tied to a single daily encounter.",4,Reasons from thermal expansion to the engineering necessity of expansion joints.,"['fact', 'physical', 'literal language', 'positive', 'reasoning', 'abstract']",z-ai/glm-5.3
"Light speed is finite, therefore we see the sun as it was eight minutes ago.",1,The finite speed of light and the eight-minute delay are objectively measurable facts.,4,1,"It rests on physics, directly measurable and derivable.",4,1,"The wording is literal, describing exactly what it asserts.",4,1,"It states a physical regularity of light travel, not a norm.",4,0,It combines knowledge of light speed and distance with logic to infer the delay.,4,0,Nobody perceives this delay directly; it is derived from scientific reasoning.,4,Uses the finite speed of light to conclude sunlight is minutes old when it arrives.,"['fact', 'physical', 'literal language', 'positive', 'reasoning', 'abstract']",z-ai/glm-5.3
"Trees absorb carbon dioxide and release oxygen, therefore forests affect the atmosphere.",1,Photosynthesis and its atmospheric effects are scientifically verifiable.,4,1,"It concerns biology and chemistry, objective natural phenomena.",4,1,"Plain, exact language without figures of speech.",4,1,"It describes an empirical biological process and its consequence, not a value.",4,0,It draws a conclusion about forests from the mechanism of photosynthesis.,4,0,"The atmospheric impact of forests is a global scientific inference, not an everyday observation.",4,Combines photosynthesis knowledge with logic to infer forests' atmospheric influence.,"['fact', 'physical', 'literal language', 'positive', 'reasoning', 'abstract']",z-ai/glm-5.3
"Cooling air contracts, therefore a sealed can crushed in cold water shrinks.",1,"The behavior of cooling gases is verifiable by experiment, making the conclusion checkable.",4,1,"It follows from thermodynamics, an objective measurable law.",4,1,Ordinary words that mean exactly what they say.,4,1,"It states an empirical physical regularity, not a norm.",4,0,It infers the can crushing from knowledge of gas contraction on cooling.,4,0,The underlying gas laws are scientific abstractions beyond simple everyday perception.,3,Applies gas laws to predict the can crushing effect during cooling.,"['fact', 'physical', 'literal language', 'positive', 'reasoning', 'abstract']",z-ai/glm-5.3
"Eating spoiled food causes illness, therefore refrigeration reduces foodborne disease.",1,"The link between spoilage, bacteria, and illness is scientifically demonstrable.",4,1,"It is grounded in microbiology, an objective natural science.",4,1,Plain literal wording with no figurative expressions.,4,1,"It states an empirical cause-effect relation, not a moral or social rule.",4,0,It combines knowledge of spoilage with logic to conclude refrigeration helps prevent disease.,4,0,"Reducing disease rates at population level is an abstract conclusion, not a single observed event.",4,Reasons from microbial growth to the public-health value of refrigeration.,"['fact', 'physical', 'literal language', 'positive', 'reasoning', 'abstract']",z-ai/glm-5.3
"DNA copies itself before cells divide, therefore children inherit traits from parents.",1,Genetic inheritance is objectively verifiable through biology.,4,1,"It rests on biology and chemistry, objective features of living systems.",4,1,The sentence is literal and means exactly what it says.,4,1,"It describes a natural biological mechanism, not a social belief.",4,0,It infers inheritance from the mechanism of DNA replication.,4,0,Molecular genetics operates at a scale invisible to individual experience.,4,Applies molecular biology to infer how inheritance passes physical traits.,"['fact', 'physical', 'literal language', 'positive', 'reasoning', 'abstract']",z-ai/glm-5.3
"Gravitation weakens with distance, therefore satellites orbit instead of drifting away.",1,Gravitational physics objectively explains orbital motion.,4,1,"It derives from physics, measurable and logically demonstrable.",4,1,"Plain, exact language without metaphor.",4,1,"It states a physical law and its consequence, not a convention.",4,0,It combines knowledge of gravity with logic to explain satellite orbits.,4,0,Orbital mechanics is far outside everyday personal experience.,4,Reasons from the inverse-square law to explain why orbits remain stable.,"['fact', 'physical', 'literal language', 'positive', 'reasoning', 'abstract']",z-ai/glm-5.3
"Muscles grow in response to stress, therefore resistance training increases strength.",1,Exercise science confirms strength gains from resistance training.,4,1,"It is grounded in human biology, objectively measurable.",4,1,Plain wording that means exactly what it says.,4,1,"It describes an empirical physiological regularity, not a norm.",4,0,It infers the training effect from the mechanism of muscular adaptation.,4,0,"The general principle across people is scientific rather than a single daily experience, though many experience training firsthand.",3,Links physiological adaptation to the practical effect of strength training.,"['fact', 'physical', 'literal language', 'positive', 'reasoning', 'abstract']",z-ai/glm-5.3
"Sound needs a medium to travel, therefore no noise is heard in space.",1,The need for a medium is demonstrated by physics experiments.,4,1,"It follows from acoustics and physics, objectively measurable.",4,1,Ordinary words meaning exactly what they state.,4,1,"It states a physical regularity, not a social rule or value.",4,0,It draws the conclusion about silence in space from sound propagation laws.,4,0,Silence in space cannot be personally experienced; it is derived knowledge.,4,Uses the physics of sound propagation to conclude space is silent.,"['fact', 'physical', 'literal language', 'positive', 'reasoning', 'abstract']",z-ai/glm-5.3
"Acids neutralize bases, therefore mixing them produces salt and water.",1,Neutralization chemistry is objectively verifiable in the laboratory.,4,1,"It is grounded in chemistry, a natural science.",4,1,The sentence is plain and literal throughout.,4,1,"It states a chemical regularity, not a normative judgment.",4,0,It infers the reaction products from the principle of neutralization.,4,0,Chemical principles generalize beyond any one everyday encounter.,4,Applies acid-base chemistry to predict the products of neutralization.,"['fact', 'physical', 'literal language', 'positive', 'reasoning', 'abstract']",z-ai/glm-5.3
"Genetic mutations accumulate over generations, therefore flu viruses change each year.",1,Viral evolution is demonstrable by genomic sequencing.,4,1,"It follows from biology and genetics, objective natural science.",4,1,Plain literal wording without figures of speech.,4,1,"It describes an empirical evolutionary process, not a belief or convention.",4,0,It infers yearly viral change from the accumulation of mutations.,4,0,Genomic change is invisible to individual experience and derived scientifically.,4,Reasons from mutation mechanisms to explain annual viral variation.,"['fact', 'physical', 'literal language', 'positive', 'reasoning', 'abstract']",z-ai/glm-5.3
"Evaporation cools the remaining liquid, therefore sweating lowers body temperature.",1,Evaporative cooling is physically demonstrable and measured objectively.,4,1,"It is grounded in physics and physiology, natural measurable processes.",4,1,Ordinary language meaning exactly what it says.,4,1,"It states an empirical thermodynamic effect, not a social norm.",4,0,It combines knowledge of evaporation with logic to conclude sweating cools the body.,4,0,"The thermodynamic principle is scientific, though sweating is commonly felt, so confidence is moderate.",3,Uses thermodynamics of evaporation to explain sweating's cooling effect.,"['fact', 'physical', 'literal language', 'positive', 'reasoning', 'abstract']",z-ai/glm-5.3
"Cheetahs run faster than tortoises, therefore cheetahs hunt successfully.",1,Speed differences between species are measurable facts.,3,1,"It rests on biology, objective features of animals.",4,1,Plain words with no idioms or metaphors.,4,1,"It describes an empirical speed regularity, not a norm or value.",4,0,"It infers hunting success from knowledge of comparative speed, a logical step.",4,0,"Wild predation patterns are general ecological knowledge, though speed itself is observable, so confidence is moderate.",3,Combines comparative speed knowledge with ecological logic about predation.,"['fact', 'physical', 'literal language', 'positive', 'reasoning', 'abstract']",z-ai/glm-5.3
An eye for an eye makes the whole world blind.,1,"Whether vindictive justice leads to mutual destruction cannot be objectively demonstrated, making it more opinion than verifiable fact.",1,0,"It expresses a human belief about the ethics of revenge, not any natural law; it originates entirely in human social norms.",4,0,"It is a metaphorical aphorism about blindness, not a literal prediction.",4,0,"It urges people not to retaliate, prescribing a value about how we should behave.",4,1,"It is a generalization drawn from experience with revenge, stated as knowledge rather than a step-by-step logical argument.",3,0,The claim about universal consequences of vengeance goes beyond anything directly observable in everyday life.,3,This aphorism conveys the common belief that cycles of revenge harm everyone.,"['fact', 'social', 'figure of speech', 'normative', 'knowledge', 'abstract']",z-ai/glm-5.3
Rome wasn't built in a day.,1,"Beyond the literal historical truth, the message itself is interpretive advice that cannot be objectively demonstrated.",1,0,The proverb reflects a socially constructed lesson about human patience and effort toward shared goals.,4,0,It is a proverb whose meaning is symbolic rather than a literal report about construction.,4,0,It implicitly advises patience rather than demanding instant results.,3,1,It encodes general knowledge about the nature of large undertakings rather than a formal chain of reasoning.,3,0,The general principle about achievement cannot be verified through a single everyday experience.,3,People universally understand that great achievements require patience and time.,"['fact', 'social', 'figure of speech', 'normative', 'knowledge', 'abstract']",z-ai/glm-5.3
Money can't buy happiness.,1,Happiness varies so much by person that the claim cannot be objectively demonstrated true or false.,1,0,"It concerns human values about wealth, purely a matter of social and cultural belief.",4,0,It is a hyperbolic aphorism rather than a literal purchasing transaction.,3,0,It implies people should not treat wealth as the path to fulfillment.,3,1,"It summarizes what people believe they know about wealth, not a derived logical argument.",3,0,The link between money and life satisfaction is a broad conclusion no single experience can establish.,3,A widespread belief holds that material wealth alone does not guarantee well-being.,"['fact', 'social', 'figure of speech', 'normative', 'knowledge', 'abstract']",z-ai/glm-5.3
Don't bite the hand that feeds you.,1,"It is behavioral advice, not a claim that can be objectively verified as correct or incorrect.",1,0,It reflects a human norm about loyalty and gratitude in relationships.,4,0,It is a metaphor; no one literally bites a feeding hand.,4,0,It prescribes how one ought to treat those who provide for them.,4,1,It distills general knowledge about gratitude into a single proverbial statement.,3,0,The general principle of not betraying benefactors goes beyond any single observable everyday event.,3,People understand one should not harm those who support and care for them.,"['fact', 'social', 'figure of speech', 'normative', 'knowledge', 'abstract']",z-ai/glm-5.3
Every cloud has a silver lining.,1,Whether hardship always yields benefit varies case by case and cannot be objectively demonstrated.,1,0,It is a culturally transmitted belief about optimism in the face of hardship.,4,0,"It is a metaphorical image of clouds and silver linings, not literal weather.",4,0,It implicitly urges people to stay hopeful when facing adversity.,3,1,It expresses a generalization people hold about life rather than a logical derivation.,3,0,The universal connection between misfortune and eventual benefit cannot be observed in any ordinary single situation.,3,A common belief holds that difficulties usually bring some hidden benefit.,"['fact', 'social', 'figure of speech', 'normative', 'knowledge', 'abstract']",z-ai/glm-5.3
Honesty is the best policy.,1,It is advice about conduct whose universal correctness cannot be objectively proven.,1,0,It is a socially constructed moral value about human integrity.,4,0,"It is an aphoristic proverb, though its language is fairly plain; confidence is moderate.",2,0,It prescribes that people should be honest.,4,1,It states a general belief about honesty rather than an explicit chain of reasoning.,3,0,Judging truthfulness as universally optimal cannot be settled by everyday observation alone.,3,Most people believe that telling the truth is generally the wisest course of action.,"['fact', 'social', 'figure of speech', 'normative', 'knowledge', 'abstract']",z-ai/glm-5.3
The pen is mightier than the sword.,1,"The relative might of writing versus warfare cannot be objectively measured, so it is opinion.",1,0,"It reflects a human value about discourse and power, rooted in culture rather than nature.",4,0,It is a classic metaphor contrasting two symbols of influence.,4,0,It implies people should favor persuasion over violence.,3,1,It generalizes knowledge about communication and conflict into one claim.,3,0,Comparing the influence of ideas to physical force is a broad claim beyond ordinary observation.,3,People commonly believe that words and ideas shape the world more than violence does.,"['fact', 'social', 'figure of speech', 'normative', 'knowledge', 'abstract']",z-ai/glm-5.3
Actions speak louder than words.,1,"It is a proverbial belief, not a claim demonstrably true or false in all cases.",1,0,"It concerns how humans evaluate character through deeds, a social norm of judgment.",4,0,It is a hyperbolic proverb about speaking and acting.,3,0,"It implies people should be judged, and should act, by what they do rather than say.",3,1,It summarizes general knowledge about human behavior rather than formal logic.,3,0,The general principle about conduct versus promises is too broad to verify in any single encounter.,3,People understand that what someone does reveals more than what they say.,"['fact', 'social', 'figure of speech', 'normative', 'knowledge', 'abstract']",z-ai/glm-5.3
Beauty is in the eye of the beholder.,1,"Since beauty is inherently subjective, the statement cannot be objectively proven or disproven.",1,0,"It concerns human perception and cultural standards of beauty, entirely of social origin.",4,0,It is a metaphor attributing beauty to the beholder's eye.,4,0,It implies people should respect others' differing tastes rather than impose one standard.,3,1,"It expresses a general observation about human perception, not a logical argument.",3,0,The claim about aesthetic subjectivity is a philosophical generalization beyond everyday observation.,3,A common belief holds that attractiveness is subjective and varies by person.,"['fact', 'social', 'figure of speech', 'normative', 'knowledge', 'abstract']",z-ai/glm-5.3
The customer is always right.,1,"Customers can in fact be wrong, so the claim is a convention rather than an objective truth.",1,0,It is a socially constructed commercial norm about service interactions.,4,0,It is a hyperbolic aphorism; no one takes it as literally always true.,4,0,It prescribes how businesses ought to treat customers.,4,1,It encodes conventional business wisdom rather than a derived logical conclusion.,3,0,"As a general principle of commerce, it is not something one verifies in a single everyday transaction.",3,A well-known business convention holds that serving the customer's wishes takes priority.,"['fact', 'social', 'figure of speech', 'normative', 'knowledge', 'abstract']",z-ai/glm-5.3
You can't have your cake and eat it too.,1,"It is proverbial advice about choices, not a demonstrably true or false empirical claim.",1,0,It is a human aphorism about managing competing desires in social life.,4,0,It is a metaphor about cake representing incompatible desires.,4,0,It advises people to accept trade-offs instead of demanding everything.,3,1,It distills general knowledge about trade-offs into a proverb.,3,0,The general principle about mutually exclusive choices transcends any single everyday situation.,3,People understand that one cannot enjoy two incompatible benefits at once.,"['fact', 'social', 'figure of speech', 'normative', 'knowledge', 'abstract']",z-ai/glm-5.3
Do unto others as you would have them do unto you.,1,"It is a moral injunction, not something that can be objectively demonstrated correct or incorrect.",1,0,It is a socially constructed ethical principle about reciprocal treatment of others.,4,0,"It is an aphoristic maxim; its wording is slightly archaic, though not strongly figurative, so confidence is moderate.",2,0,It commands how people should treat one another.,4,1,It states a moral generalization about reciprocity rather than explicit reasoning.,3,0,"As a universal moral maxim, it cannot be derived from any one everyday experience alone.",3,The golden rule is widely accepted as a basic guide for treating people fairly.,"['fact', 'social', 'figure of speech', 'normative', 'knowledge', 'abstract']",z-ai/glm-5.3
Laughter is the best medicine.,1,Calling laughter the best remedy is hyperbole and cannot be objectively verified.,1,0,"It reflects a human belief about the value of humor in well-being, culturally transmitted.",4,0,It is a metaphorical proverb treating laughter as medicine.,4,0,It suggests people should embrace humor to cope with hardship.,3,1,"It states a general belief about humor's effects, not a logical derivation.",3,0,The general healing power of laughter is a broad claim not settled by ordinary observation.,3,Many people believe that humor and joy help heal emotional pain.,"['fact', 'social', 'figure of speech', 'normative', 'knowledge', 'abstract']",z-ai/glm-5.3
Time heals all wounds.,1,"Some wounds never fully heal, so the universal claim cannot be objectively proven.",1,0,"It concerns human emotional experience, a matter of socially shared belief about grief.",4,0,It is a metaphorical proverb about time acting as a healer.,4,0,It implicitly counsels patience and hope when coping with loss.,3,1,It generalizes knowledge about grief and recovery into one aphorism.,3,0,The universal claim about recovery from all hurt is too broad for any single experience.,3,A common belief holds that emotional pain fades as years pass.,"['fact', 'social', 'figure of speech', 'normative', 'knowledge', 'abstract']",z-ai/glm-5.3
"If it ain't broke, don't fix it.",1,"It is folk advice about intervention, not a claim demonstrably true or false in all cases.",1,0,"It reflects a human convention about when change is worthwhile, rooted in social wisdom.",4,0,"It is a colloquial aphorism; 'broke' and 'fix' are used loosely, so confidence is moderate.",3,0,It prescribes that people should avoid unnecessary changes.,4,1,It encodes practical knowledge about maintenance and change rather than formal reasoning.,3,0,The broad advice about all functioning systems is not verified by any single everyday case.,3,People generally believe that working systems should be left alone rather than tampered with.,"['fact', 'social', 'figure of speech', 'normative', 'knowledge', 'abstract']",z-ai/glm-5.3
Practicing a sport every day makes you a better teammate.,1,"Improvement in teamwork varies by person and cannot be objectively guaranteed, so it is opinion.",2,0,It concerns the socially valued role of a teammate and shared norms about practice.,4,0,"It is stated in plain literal language, not an aphorism or metaphor, so it does not satisfy this feature.",1,0,It implies people should practice regularly to fulfill their social role well.,3,1,"It is a general observation about practice and cooperation, not a logical derivation.",3,0,The general link between daily practice and team contribution is not observable in a single instance.,3,People commonly accept that regular practice builds skill and team spirit together.,"['fact', 'social', 'figure of speech', 'normative', 'knowledge', 'abstract']",z-ai/glm-5.3
Reputation is worth more than gold.,1,"Worth here is a value judgment, not objectively demonstrable.",1,0,Reputation is a purely social construct; the statement is about human esteem versus wealth.,4,0,It is a metaphorical hyperbole comparing reputation to gold.,4,0,It implies people should protect their honor above riches.,3,1,It generalizes knowledge about honor and society into a proverbial claim.,3,0,Comparing honor to material wealth is an abstract valuation beyond everyday measurement.,3,A widespread belief holds that a good name is more valuable than wealth.,"['fact', 'social', 'figure of speech', 'normative', 'knowledge', 'abstract']",z-ai/glm-5.3
Knowledge is power.,1,"The claim is a famous aphorism of opinion, not objectively verifiable.",1,0,It reflects human beliefs about education and influence in society.,4,0,It is a metaphor equating knowledge with power.,4,0,It implicitly urges people to value and pursue learning.,3,1,"It is a generalization about the value of information, not explicit reasoning.",3,0,The sweeping claim about knowledge granting power is too broad for any single observation.,3,People widely believe that being informed gives a person influence over their circumstances.,"['fact', 'social', 'figure of speech', 'normative', 'knowledge', 'abstract']",z-ai/glm-5.3
You shouldn't judge a book by its cover.,1,"It is proverbial advice, not a claim that can be objectively proven true or false.",1,0,It is a social norm about how people ought to form impressions of others.,4,0,It is a metaphor using books and covers to represent people and appearances.,4,0,It advises people not to base judgments on looks.,4,1,"It encodes general knowledge about appearance versus reality, not a formal argument.",3,0,The principle that appearances deceive is a broad generalization beyond any one encounter.,3,People understand that outward appearances can mislead about true character.,"['fact', 'social', 'figure of speech', 'normative', 'knowledge', 'abstract']",z-ai/glm-5.3
Two wrongs don't make a right.,1,It is a moral injunction that cannot be objectively demonstrated correct or incorrect.,1,0,It is a socially constructed moral rule about conflict and justice.,4,0,It is a figurative aphorism about wrongs adding up to a right.,4,0,It tells people how they should not respond to being wronged.,4,1,It states a moral generalization about revenge rather than explicit reasoning.,3,0,The universal claim about retaliation is an ethical principle beyond everyday observation.,3,It is widely accepted that retaliating for a wrong does not create justice.,"['fact', 'social', 'figure of speech', 'normative', 'knowledge', 'abstract']",z-ai/glm-5.3
Coffee tastes better than tea.,0,Taste cannot be demonstrated objectively correct or incorrect; it is inherently subjective.,4,1,"It does not refer to objective measurable features of the world but to subjective taste, so confidence is very low.",1,1,The sentence plainly states a taste preference with no metaphor or figure of speech.,4,0,"It expresses a personal value or preference about what one should enjoy, not an empirical regularity.",3,1,It is a direct observation/opinion about the world rather than a logical conclusion combining facts.,4,0,"Taste preferences are encountered in everyday life, so this is everyday rather than abstract.",2,A common subjective everyday judgment about beverage preferences shared by many people.,"['opinion', 'physical', 'literal language', 'normative', 'knowledge', 'abstract']",z-ai/glm-5.3
Chiropractors should not treat ear infections in children.,0,Whether chiropractors should treat ear infections is a contested judgment not objectively decidable.,3,1,"It implicitly concerns medicine/biology, but the claim itself is a judgment about appropriate treatment, so confidence is low.",2,1,"It is plain language stating exactly what it means, no metaphor.",4,0,"It states a judgment about what practitioners should or should not do, a normative claim.",4,1,It is presented as a direct belief about the world rather than a derived logical conclusion.,4,0,"It concerns professional medical practice and its limits, beyond most people's ordinary experience.",3,A widely shared belief that chiropractic is inappropriate for pediatric infections.,"['opinion', 'physical', 'literal language', 'normative', 'knowledge', 'abstract']",z-ai/glm-5.3
Cats are the best pets for small apartments.,0,What pet is best cannot be objectively demonstrated; it is subjective.,4,1,"It relates to practical space and animal needs, but it is primarily a value judgment, so confidence is low.",2,1,It says exactly what it means in plain words.,4,0,"It is a judgment about what is best, expressing a value about suitable pets.",3,1,"It is a straightforward observation/opinion, not a reasoning chain.",4,0,"Apartment living with pets is an everyday experience for many, so it is not clearly abstract.",2,A common everyday belief that cats suit small living spaces.,"['opinion', 'physical', 'literal language', 'normative', 'knowledge', 'abstract']",z-ai/glm-5.3
Nurses work harder than doctors.,0,Harder work cannot be objectively demonstrated; it is inherently subjective.,4,1,"Workload is partly measurable, but the claim as stated is a subjective comparison, so confidence is low.",1,1,"Plain statement of a comparative belief, no figurative language.",4,0,It functions as a value judgment about the relative worth of professions' effort.,3,1,It is a direct observation/belief about the world rather than a logical derivation.,4,0,"It generalizes about professions as a whole, beyond any single everyday encounter.",3,A common opinion comparing the efforts of two professions.,"['opinion', 'physical', 'literal language', 'normative', 'knowledge', 'abstract']",z-ai/glm-5.3
The Olympics should happen every year.,0,There is no objective answer to how often the Olympics should occur.,4,1,"Scheduling has practical constraints, but the claim is about preference, so confidence is low.",1,1,"It literally proposes annual Olympics, no figure of speech.",4,0,"It states what should happen, a normative judgment about an institution.",4,1,"It is a direct belief, not a conclusion from combining facts.",4,0,"It concerns a global institutional policy, not everyday personal experience.",3,A debatable view about the frequency of the Olympic Games.,"['opinion', 'physical', 'literal language', 'normative', 'knowledge', 'abstract']",z-ai/glm-5.3
Bigamy should remain illegal in most countries.,0,Whether bigamy should be illegal is a moral judgment that cannot be objectively proven.,4,1,"Legality is a social construct, not an objective physical feature, so confidence is very low.",1,1,It plainly states a legal position without figurative language.,4,0,"It asserts a value about how law ought to be, clearly normative.",4,1,It is a direct normative belief rather than a reasoned conclusion.,3,0,"It concerns legal systems and society-wide rules, not ordinary encounters.",4,A widely held moral stance about marriage laws.,"['opinion', 'physical', 'literal language', 'normative', 'knowledge', 'abstract']",z-ai/glm-5.3
Lying to a friend is wrong even when it is convenient.,0,Moral wrongness is inherently subjective and cannot be objectively demonstrated.,4,1,Wrongness is not a physical property; confidence is very low.,1,1,"It means exactly what it says, with no metaphor.",4,0,It states a moral norm about how one should behave toward friends.,4,1,It is a direct moral belief rather than a logical derivation.,3,0,It states a general moral principle applying beyond specific everyday episodes.,3,A common moral rule about honesty in friendship.,"['opinion', 'physical', 'literal language', 'normative', 'knowledge', 'abstract']",z-ai/glm-5.3
Doctors should never lie to their patients.,0,Medical ethics debates show this cannot be objectively settled; it is subjective.,3,1,"This is an ethical rule, not an objective measurable fact, so confidence is very low.",1,1,"Plain prescriptive language, meaning exactly what it says.",4,0,"It prescribes what doctors should do, a professional norm.",4,1,It is a direct ethical belief rather than a reasoned conclusion.,3,0,"It concerns a profession-wide ethical principle, not everyday encounters.",3,A common ethical expectation of the medical profession.,"['opinion', 'physical', 'literal language', 'normative', 'knowledge', 'abstract']",z-ai/glm-5.3
Facebook is a force for good in the world.,0,Whether Facebook is good for the world is inherently subjective and contested.,4,1,"Being a force for good is evaluative, not physical, so confidence is very low.",1,1,"It literally asserts a positive judgment, though force for good is slightly idiomatic.",3,0,It expresses a value judgment about the platform's societal worth.,3,1,"It is a direct belief about the world, not a logical derivation.",3,0,"It assesses a global institution's overall impact, beyond individual experience.",4,A common contested judgment about a social media platform.,"['opinion', 'physical', 'literal language', 'normative', 'knowledge', 'abstract']",z-ai/glm-5.3
Immigrants commit crimes at higher rates than the native-born.,0,"Although related to measurable data, many treat it as a belief; strictly it is closer to a fact claim, so confidence is moderate.",2,1,"Crime rates are empirical and measurable, so it touches objective data, though the claim is likely false.",3,1,It plainly states a comparative claim with no figurative language.,4,0,"It is framed as a factual comparison, not a should-statement, so confidence is low.",1,1,It is a direct observation claim about the world rather than a reasoning chain.,4,0,It involves population-level statistics that individuals cannot verify from experience.,4,A commonly debated claim about immigration and crime.,"['opinion', 'physical', 'literal language', 'normative', 'knowledge', 'abstract']",z-ai/glm-5.3
"Addiction is a disease, not a moral failing.",0,"The classification remains contested and reflects values, so it is not objectively settled.",3,1,"It frames addiction medically, invoking biology and disease concepts.",3,1,It literally contrasts two classifications without figurative language.,4,0,"It implicitly makes a judgment rejecting a moral characterization, blending normative framing.",3,1,"It is a stated belief about addiction's nature, not a stepwise reasoning.",3,0,It is a conceptual classification debated at a scientific and societal level.,4,A widely discussed view on the nature of addiction.,"['opinion', 'physical', 'literal language', 'normative', 'knowledge', 'abstract']",z-ai/glm-5.3
It is wrong to gossip about coworkers behind their backs.,0,Moral judgments about gossip are subjective and not objectively provable.,4,1,"Wrongness is not a physical property, so confidence is very low.",1,1,"It plainly condemns a specific behavior, no figure of speech.",4,0,It states a behavioral norm about workplace conduct.,4,1,"It is a direct moral rule, not a conclusion from combined facts.",3,0,"Gossiping about coworkers happens in everyday life, so it is not abstract.",2,A common workplace ethic about gossip.,"['opinion', 'physical', 'literal language', 'normative', 'knowledge', 'abstract']",z-ai/glm-5.3
Everyone should spend a year abroad while they are young.,0,Whether everyone should do this is inherently subjective life advice.,4,1,"It is advice, not an objective fact, so confidence is very low.",1,1,"It literally recommends a year abroad, no figurative language.",4,0,"It prescribes what everyone should do, a clear normative claim.",4,1,"It is a direct recommendation, not a reasoning chain.",3,0,It generalizes to everyone as a life policy rather than a single everyday situation.,3,A common piece of life advice about travel and youth.,"['opinion', 'physical', 'literal language', 'normative', 'knowledge', 'abstract']",z-ai/glm-5.3
Marriage is obsolete in modern society.,0,Whether marriage is obsolete is a subjective societal judgment.,4,1,"Obsolescence is a social evaluation, not a physical property, so confidence is very low.",1,1,"It plainly states the claim, though obsolete is somewhat evaluative.",3,0,"It renders a negative judgment on a social institution, expressing a value.",3,1,"It is a direct assertion about marriage's status, not a logical derivation.",3,0,"It evaluates a societal institution as a whole, beyond personal experience.",4,A frequently debated opinion about the institution of marriage.,"['opinion', 'physical', 'literal language', 'normative', 'knowledge', 'abstract']",z-ai/glm-5.3
The government should regulate artificial intelligence more strictly.,0,The proper level of regulation is a contested political judgment.,4,1,"It is about policy, not physical regularities, so confidence is very low.",1,1,"It literally calls for stricter regulation, no figure of speech.",4,0,"It advocates what the government should do, a clear normative claim.",4,1,It is a direct policy position rather than a reasoned conclusion presented stepwise.,3,0,AI regulation is a policy-level issue not encountered in everyday life.,4,A common policy view about AI regulation.,"['opinion', 'physical', 'literal language', 'normative', 'knowledge', 'abstract']",z-ai/glm-5.3
Religion does more harm than good in the world.,0,Such a global evaluation is inherently subjective and contested.,4,1,"Harm and good here are evaluative, not physically measurable, so confidence is very low.",1,1,"It plainly compares harm and good, no metaphor.",4,0,It is a value-laden judgment about religion's societal worth.,3,1,"It is a direct assertion of belief, not a reasoning chain.",3,0,"It assesses religion's global impact, far beyond individual experience.",4,A widely debated judgment about religion's net effect.,"['opinion', 'physical', 'literal language', 'normative', 'knowledge', 'abstract']",z-ai/glm-5.3
It is better to be honest and poor than rich and dishonest.,0,Ranking honesty over wealth is a subjective value that cannot be objectively proven.,4,1,"Better here is a moral evaluation, not a physical fact, so confidence is very low.",1,1,It literally compares two life conditions without figurative language.,4,0,"It expresses a value ranking honesty above wealth, a normative judgment.",4,1,It is a direct moral belief rather than a logical derivation.,3,0,It is a general life principle rather than a specific everyday situation.,3,A common moral maxim about honesty over wealth.,"['opinion', 'physical', 'literal language', 'normative', 'knowledge', 'abstract']",z-ai/glm-5.3
Violent video games cause aggressive behavior in teenagers.,0,"Research is mixed and many hold this as belief; it is not settled like a fact, so moderate confidence.",2,1,"It concerns psychology and behavior, which are empirically studied.",3,1,It plainly states a causal link with no figurative language.,4,0,"It is stated as a causal fact rather than a should-claim, so confidence is low.",1,1,It is a direct observation claim about behavior rather than a reasoning chain.,4,0,It summarizes population-level research findings not observable in daily life.,4,A widely held belief linking video games and aggression.,"['opinion', 'physical', 'literal language', 'normative', 'knowledge', 'abstract']",z-ai/glm-5.3
Inflation is primarily caused by corporate greed.,0,"Among economists this is disputed and often asserted as belief; strictly it is fact-like, so moderate confidence.",2,1,"Economic phenomena like inflation are measurable, invoking an objective domain.",3,1,It literally states a causal explanation without figurative language.,4,0,"It blames corporations, carrying an implicit judgment, but is framed as causal, so low confidence.",2,1,"It is a direct causal claim, not a stepwise reasoning conclusion.",4,0,Macroeconomic causes cannot be observed through everyday experience.,4,A common contested explanation of inflation.,"['opinion', 'physical', 'literal language', 'normative', 'knowledge', 'abstract']",z-ai/glm-5.3
Cats make better companions than dogs for elderly people.,0,Which animal makes a better companion is inherently subjective.,4,1,"It touches on pet care demands, but the claim is mainly a value judgment, so confidence is low.",2,1,"It plainly compares cats and dogs as companions, no metaphor.",4,0,"It ranks companions, expressing what is better for a group.",3,1,"It is a direct comparative belief, not a logical derivation.",4,0,It generalizes about a demographic group rather than a single everyday case.,3,A common view on pet suitability for the elderly.,"['opinion', 'physical', 'literal language', 'normative', 'knowledge', 'abstract']",z-ai/glm-5.3
Standardized tests should be abolished for college admissions.,0,Education policy disputes show this cannot be objectively settled.,4,1,"It is a policy claim, not a physical regularity, so confidence is very low.",1,1,"It literally calls for abolishing tests, no figurative language.",4,0,"It advocates abolishing tests, a clear normative policy judgment.",4,1,It is a direct policy position rather than a reasoning chain.,3,0,Admissions policy is an institutional issue beyond everyday encounters.,4,A widely debated education policy position.,"['opinion', 'physical', 'literal language', 'normative', 'knowledge', 'abstract']",z-ai/glm-5.3
Killing an innocent person is morally wrong.,1,Whether killing innocents is wrong cannot be objectively demonstrated; it is inherently a subjective value judgment. It may be widely agreed upon but remains opinion.,3,0,"It concerns socially constructed moral rules governing human conduct, not physical laws. It has human origins rather than empirical measurement.",4,1,"The words mean exactly what they say, with no metaphor or figure of speech.",4,0,"It is a moral judgment prescribing how people ought to act, not an empirical description. It is not a scientific regularity.",4,1,It directly states a moral observation about the world without logical derivation. It is not a reasoned conclusion combining multiple premises.,4,0,Moral wrongness of killing cannot be observed in any single everyday situation; it is a general normative regularity. It is not a routine daily encounter.,4,This is a widely shared moral conviction held by virtually all human societies and individuals.,"['fact', 'social', 'literal language', 'normative', 'knowledge', 'abstract']",z-ai/glm-5.3
People should not lie to their friends.,1,"This is a subjective value about interpersonal conduct, not demonstrable as objectively correct or incorrect. Different people could reasonably disagree.",3,0,"It concerns socially constructed rules of friendship and trust, of human origin. It is not a physical or natural phenomenon.",4,1,"Plain language that says exactly what it means, with no idioms or hyperbole.",4,0,"It expresses a social norm about how one ought to behave, not a description of how people do behave. It is not an empirical law.",4,1,"It states a normative observation directly, without deriving it through logic from other claims. It is a belief people hold about proper behavior.",4,0,The general prohibition on lying to friends is a regularity beyond any single everyday encounter. One cannot observe it solely through individual experience.,4,Honesty toward friends is a broadly accepted social expectation across human cultures.,"['fact', 'social', 'literal language', 'normative', 'knowledge', 'abstract']",z-ai/glm-5.3
It is wrong to discriminate against people based on race.,1,"As a moral principle, it cannot be objectively demonstrated true or false; it is inherently subjective. Many hold it, but it remains a value judgment.",3,0,Race and discrimination are socially constructed concepts governing human relations. It is not about physical or natural laws.,4,1,"The statement means exactly what its words say, without figurative language.",4,0,"It is a moral judgment about how people ought to treat others, not an empirical fact. It prescribes conduct rather than describing the world.",4,1,"It directly asserts a moral observation about discrimination without logical derivation. It is a held belief, not a reasoned argument.",4,0,The wrongness of discrimination is a broad normative regularity not observable in any single situation. It transcends individual everyday experience.,4,Racial equality is a widely endorsed moral principle in modern societies.,"['fact', 'social', 'literal language', 'normative', 'knowledge', 'abstract']",z-ai/glm-5.3
Everyone deserves equal treatment under the law.,1,"Whether everyone deserves equal treatment is a subjective value that cannot be objectively proven or disproven. It is opinion, even if widely shared.",3,0,Law and equality are socially constructed institutions and ideals of human origin. They are not physical phenomena.,4,1,The language is plain and means exactly what it states.,4,0,"It expresses a value about how legal systems should operate, not how they empirically do. It is a prescriptive judgment.",4,1,"It states a normative belief directly, not a conclusion derived from combining premises. It is an assertion about how the world should be.",4,0,"Equal treatment under law is an abstract legal-moral ideal, not something observed in daily life. It is a societal regularity beyond individual experience.",4,Legal equality is a foundational principle most people consider obvious and just.,"['fact', 'social', 'literal language', 'normative', 'knowledge', 'abstract']",z-ai/glm-5.3
Parents should protect and care for their children.,1,"Whether parents should care for children is a value that cannot be objectively demonstrated, though nearly universal. It remains inherently subjective.",3,0,Parental duty is a socially constructed role obligation of human origin. It is not a physical regularity.,4,1,"Plain statement meaning exactly what it says, no figurative language.",4,0,"It prescribes how parents ought to behave, a value judgment rather than empirical description. It is not a natural law.",4,1,"It directly states a normative observation about parental duty, without logical derivation. It is a belief about proper conduct.",4,0,The general duty of parental care is a societal regularity beyond any single observed instance. One cannot arrive at it solely through individual experience.,4,Parental duty to care for children is a universally recognized obligation.,"['fact', 'social', 'literal language', 'normative', 'knowledge', 'abstract']",z-ai/glm-5.3
Stealing from others is wrong.,1,The wrongness of stealing is a subjective moral value; it cannot be objectively proven true or false. Even broad agreement does not make it demonstrable fact.,3,0,Property and theft are socially constructed concepts governing human interaction. It is not about physical nature.,4,1,"The words mean exactly what they say, with no metaphor or idiom.",4,0,"It is a moral rule prescribing behavior, not a description of how the world works. It is not an empirical law.",4,1,"It directly asserts a moral observation about stealing, not a logical conclusion. It is a belief about proper conduct.",4,0,"The wrongness of stealing is a general normative regularity, not observed in a single everyday event. It transcends individual experience.",4,The prohibition on theft is among the most universally accepted moral rules.,"['fact', 'social', 'literal language', 'normative', 'knowledge', 'abstract']",z-ai/glm-5.3
Democracy is the best form of government.,1,Which government form is best is inherently subjective and cannot be demonstrated objectively. People reasonably disagree.,3,0,Democracy is a socially constructed political system of human origin. It is not a physical phenomenon.,4,1,Plain language stating exactly what it means about governance.,4,0,"It is a value judgment about what form of government is best, not an empirical description. It prescribes preference.",4,1,"It states a direct normative observation about political systems, without logical derivation. It is a belief, not a reasoned conclusion.",4,0,Comparing forms of government is an abstract political judgment beyond everyday encounters. One cannot observe this solely through individual experience.,4,Many people in modern societies hold democracy as the preferred political system.,"['fact', 'social', 'literal language', 'normative', 'knowledge', 'abstract']",z-ai/glm-5.3
Promises should be kept.,1,"Whether promises should be kept is a subjective normative value, not objectively demonstrable. It is widely held but remains opinion.",3,0,Promises are socially constructed commitments governing human relations. Not a physical law.,4,1,"The statement means exactly what its words say, no figurative language.",4,0,"It prescribes how people ought to behave regarding commitments, not describing what they do. It is a social norm.",4,1,It directly states a norm about promise-keeping without deriving it logically. It is a held belief about conduct.,4,0,The obligation to keep promises is a general social regularity not observable in one situation. It transcends individual daily experience.,4,Keeping promises is a fundamental social expectation recognized by all cultures.,"['fact', 'social', 'literal language', 'normative', 'knowledge', 'abstract']",z-ai/glm-5.3
One should respect the beliefs of others.,1,This is a subjective norm of tolerance that cannot be objectively proven correct or incorrect. People can reasonably disagree.,3,0,Beliefs and respect are socially constructed concepts of human origin. Not physical phenomena.,4,1,Plain language meaning exactly what it states.,4,0,"It expresses how one ought to behave toward others' beliefs, a value judgment. Not an empirical regularity.",4,1,"It directly asserts a normative observation about respect, not a logical conclusion. It is a belief about proper conduct.",4,0,The principle of respecting beliefs is an abstract social ideal beyond everyday encounters. It cannot be derived solely from individual experience.,4,Respect for others' beliefs is a widely endorsed principle of tolerance.,"['fact', 'social', 'literal language', 'normative', 'knowledge', 'abstract']",z-ai/glm-5.3
Slavery is an evil institution.,1,"Whether slavery is evil is a subjective moral value; it cannot be objectively demonstrated, though almost universally held today. It remains opinion.",3,0,Slavery is a socially constructed institution; its condemnation is of human moral origin. Not a physical matter.,4,1,The words mean exactly what they say; no figure of speech is used.,4,0,"It is a moral judgment condemning an institution, not an empirical description. It prescribes a value stance.",4,1,"It directly states a moral observation about slavery, without logical derivation. It is a belief about a social institution.",4,0,Judging slavery as evil is an abstract moral conclusion beyond everyday observation. It is a broad societal judgment.,4,The condemnation of slavery is a near-universal moral conviction today.,"['fact', 'social', 'literal language', 'normative', 'knowledge', 'abstract']",z-ai/glm-5.3
Workers deserve fair wages for their labor.,1,What counts as fair wages is inherently subjective and contested; it cannot be objectively demonstrated. It is opinion.,3,0,Wages and labor are socially constructed economic relations of human origin. Not physical phenomena.,4,1,Plain language that means exactly what it says.,4,0,"It expresses what workers deserve, a value judgment about economic justice. Not an empirical law.",4,1,"It directly states a normative belief about wages, not a logical conclusion. It is an assertion about economic justice.",4,0,The notion of fair wages is an abstract economic-moral ideal beyond single observations. It is a societal regularity.,4,Fair compensation for work is a broadly accepted principle of justice.,"['fact', 'social', 'literal language', 'normative', 'knowledge', 'abstract']",z-ai/glm-5.3
It is wrong to punish someone for a crime they did not commit.,1,"The wrongness of punishing the innocent is a subjective moral value, though nearly universally held. It cannot be objectively proven.",3,0,Crime and punishment are socially constructed legal concepts of human origin. Not physical matters.,4,1,The statement means exactly what its words say.,4,0,"It prescribes how justice systems ought not to act, a normative judgment. Not an empirical description.",4,1,"It directly asserts a moral observation about punishment, without logical derivation. It is a belief about justice.",4,0,The principle against punishing the innocent is a general legal-moral regularity beyond everyday encounters. Not derived from individual experience alone.,4,Punishing the innocent is universally regarded as unjust.,"['fact', 'social', 'literal language', 'normative', 'knowledge', 'abstract']",z-ai/glm-5.3
Children should be educated.,1,"Whether children should be educated is a subjective normative value; it cannot be objectively demonstrated. It is opinion, though widely shared.",3,0,Education is a socially constructed institution of human origin. Not a physical phenomenon.,4,1,Plain words meaning exactly what they say.,4,0,"It prescribes what should happen to children, a value judgment about education. Not an empirical law.",4,1,"It directly states a normative observation about education, not a logical conclusion. It is a belief about proper child-rearing.",4,0,The obligation to educate children is a broad societal regularity beyond individual observation. It transcends everyday experience.,4,The value of educating children is a broadly shared societal expectation.,"['fact', 'social', 'literal language', 'normative', 'knowledge', 'abstract']",z-ai/glm-5.3
"Marriage should be based on love, not money.",1,Whether love or money should ground marriage is inherently subjective; it cannot be objectively proven. People reasonably disagree.,3,0,Marriage is a socially constructed institution of human origin. Not a physical matter.,4,1,Plain language that means exactly what it states.,4,0,"It prescribes what marriage should be based on, a value judgment. Not an empirical regularity.",4,1,"It directly states a normative observation about marriage, without logical derivation. It is a belief about relationships.",4,0,The basis of marriage is an abstract ideal beyond everyday observation. It is a broad social value.,4,"Many people believe love, not wealth, should be the foundation of marriage.","['fact', 'social', 'literal language', 'normative', 'knowledge', 'abstract']",z-ai/glm-5.3
Censoring free speech is harmful to society.,1,Whether censorship harms society is contested and subjective; it cannot be objectively demonstrated. It is opinion.,3,0,Free speech and censorship are socially constructed political concepts of human origin. Not physical phenomena.,4,1,"The words mean exactly what they say, with no figurative language.",4,0,"It expresses a value about the harm of restricting speech, a normative judgment. Not an empirical law.",4,1,"It directly asserts a normative observation about censorship, not a logical conclusion. It is a belief about speech and society.",4,0,The societal harm of censorship is an abstract political claim beyond everyday observation. It is a broad social judgment.,4,Many people value free expression and view censorship as damaging.,"['fact', 'social', 'literal language', 'normative', 'knowledge', 'abstract']",z-ai/glm-5.3
Everyone should have the right to own property.,1,Whether property ownership is a right is inherently subjective and debated; it cannot be objectively proven. It is opinion.,3,0,Property and rights are socially constructed legal concepts of human origin. Not physical phenomena.,4,1,Plain language meaning exactly what it says.,4,0,"It prescribes what rights people should have, a value judgment. Not an empirical description.",4,1,"It directly states a normative observation about property rights, without logical derivation. It is a belief about entitlements.",4,0,The right to property is an abstract legal-moral ideal beyond everyday encounters. It is a societal regularity.,4,Property rights are widely regarded as a basic entitlement in many societies.,"['fact', 'social', 'literal language', 'normative', 'knowledge', 'abstract']",z-ai/glm-5.3
It is impolite to interrupt someone while they are speaking.,1,Politeness norms are subjective conventions that vary by culture; they cannot be objectively demonstrated. It is opinion.,3,0,Etiquette is a socially constructed convention of human origin. Not a physical phenomenon.,4,1,The statement means exactly what its words say.,4,0,"It expresses an etiquette rule about how one should behave, a social convention. Not an empirical law.",4,1,"It directly states a social observation about politeness, not a logical conclusion. It is a belief about manners.",4,0,The norm against interrupting is a general social regularity beyond any single interaction. It transcends individual experience.,3,Not interrupting others is a basic courtesy expected in most social interactions.,"['fact', 'social', 'literal language', 'normative', 'knowledge', 'abstract']",z-ai/glm-5.3
Leaders should be accountable to the people they govern.,1,"Whether leaders should be accountable is a subjective political value; it cannot be objectively proven. It is opinion, though widely held.",3,0,Governance and accountability are socially constructed political concepts of human origin. Not physical matters.,4,1,Plain language meaning exactly what it states.,4,0,"It prescribes how leaders ought to relate to citizens, a value judgment. Not an empirical regularity.",4,1,"It directly states a normative observation about leadership, without logical derivation. It is a belief about governance.",4,0,Leader accountability is an abstract political ideal beyond everyday observation. It is a broad societal value.,4,Accountability of leaders is a widely endorsed principle of just governance.,"['fact', 'social', 'literal language', 'normative', 'knowledge', 'abstract']",z-ai/glm-5.3
Bribery of public officials is unacceptable.,1,"The unacceptability of bribery is a subjective moral and legal value; it cannot be objectively demonstrated. It is opinion, though broadly shared.",3,0,Bribery and public office are socially constructed concepts of human origin. Not physical phenomena.,4,1,"The words mean exactly what they say, no figurative language.",4,0,"It expresses a moral stance on public conduct, a normative judgment. Not an empirical law.",4,1,"It directly asserts a normative observation about bribery, not a logical conclusion. It is a belief about public ethics.",4,0,The unacceptability of bribery is a general normative regularity beyond everyday encounters. It transcends individual experience.,4,Condemning bribery is a widely shared norm of public integrity.,"['fact', 'social', 'literal language', 'normative', 'knowledge', 'abstract']",z-ai/glm-5.3
"It is cruel to be kind. Actually, honesty is the best policy.",1,Whether honesty is best is a subjective value; it cannot be objectively demonstrated true or false. It is opinion.,3,0,Honesty as policy is a socially constructed norm of human origin. Not a physical phenomenon.,4,1,The phrasing is plain and means exactly what it says about honesty. It is not figurative.,4,0,"It prescribes that honesty should guide behavior, a value judgment. Not an empirical law.",4,1,"The claim directly asserts a normative observation about honesty, without logical derivation. It is a belief about conduct.",4,0,Honesty as a general policy is an abstract moral ideal beyond single observations. It is a societal regularity.,4,Honesty as a guiding principle is a commonly held social value in personal and professional life.,"['fact', 'social', 'literal language', 'normative', 'knowledge', 'abstract']",z-ai/glm-5.3
"The heavier the anchor, the deeper the ship sinks.",0,"It is a physical fact, not a subjective opinion.",1,1,Describes objective properties of weight and water.,4,0,The parallel structure is aphoristic in style.,2,1,"States an empirical physical regularity, not a normative judgment.",4,1,States a physical observation without logical derivation.,3,0,It generalizes a physical regularity beyond individual experience.,3,This reflects widely understood physical knowledge about buoyancy and anchoring.,"['opinion', 'physical', 'figure of speech', 'positive', 'knowledge', 'abstract']",z-ai/glm-5.3
"Time flows like a river, always downhill.",0,It is a subjective metaphorical perception.,3,1,Time and rivers are natural phenomena.,3,0,Uses a metaphor comparing time to a river.,4,1,"States a regularity, not a value judgment.",3,1,"Observation about the world, presented directly.",3,0,Philosophical concept not directly observable in full.,3,Expresses the common perception of time's direction.,"['opinion', 'physical', 'figure of speech', 'positive', 'knowledge', 'abstract']",z-ai/glm-5.3
"The louder the thunder, the closer the storm.",0,It is a factual meteorological claim.,1,1,Concerns objective sound and weather phenomena.,4,0,The parallel comparative structure is aphoristic.,2,1,"States an empirical regularity, not a norm.",4,1,Direct observation about thunderstorms.,3,0,"Generalizes about storms, beyond single experiences.",3,Common weather knowledge.,"['opinion', 'physical', 'figure of speech', 'positive', 'knowledge', 'abstract']",z-ai/glm-5.3
Rivers carve canyons given enough time.,0,It is a factual geological statement.,1,1,Describes physical erosion processes.,4,0,Aphoristic expression of gradual forces.,2,1,States an empirical geological regularity.,4,1,Observation about natural processes.,3,0,Requires geological knowledge beyond everyday experience.,3,Reflects understanding of geological erosion.,"['opinion', 'physical', 'figure of speech', 'positive', 'knowledge', 'abstract']",z-ai/glm-5.3
Every object falls faster as it drops.,0,It is a factual physics claim.,1,1,Concerns objective gravitational acceleration.,4,0,Aphoristic statement of a physical law.,2,1,States an empirical physical law.,4,1,Direct observation about falling objects.,3,0,"Generalizes about all objects, beyond single experiences.",3,Common understanding of gravity.,"['opinion', 'physical', 'figure of speech', 'positive', 'knowledge', 'abstract']",z-ai/glm-5.3
"The deeper the well, the colder the water.",0,It is a factual claim about temperature.,1,1,Describes objective physical properties of water and depth.,4,0,The comparative parallel structure is aphoristic.,2,1,"States an empirical regularity, not a norm.",4,1,Observation about water temperature in wells.,3,0,Generalizes across wells beyond immediate experience.,3,Reflects understanding of groundwater temperature.,"['opinion', 'physical', 'figure of speech', 'positive', 'knowledge', 'abstract']",z-ai/glm-5.3
Storms follow the wind like shadows follow light.,0,It is a factual meteorological claim.,1,1,Describes objective weather phenomena.,4,0,Uses a simile comparing storms to shadows.,4,1,"States an empirical regularity, not a norm.",4,1,Observation about weather patterns.,3,0,Generalizes meteorological behavior beyond everyday experience.,3,Common weather-related metaphor.,"['opinion', 'physical', 'figure of speech', 'positive', 'knowledge', 'abstract']",z-ai/glm-5.3
"The steeper the hill, the faster the fall.",0,It is a factual physics claim.,1,1,Concerns objective gravitational forces.,4,0,Aphoristic parallel structure.,2,1,States an empirical physical regularity.,4,1,Direct observation about gravity on slopes.,3,0,Generalizes a physical relationship beyond single experiences.,3,Reflects everyday understanding of slopes and speed.,"['opinion', 'physical', 'figure of speech', 'positive', 'knowledge', 'abstract']",z-ai/glm-5.3
Even the mightiest oak bends before the storm.,0,It is a factual claim about trees and storms.,1,1,Describes objective physical forces on trees.,4,0,Uses personification of an oak bending.,3,1,"States an empirical regularity, not a norm.",4,1,Observation about trees in storms.,3,0,Generalizes about natural forces beyond everyday experience.,3,Reflects understanding of nature's forces.,"['opinion', 'physical', 'figure of speech', 'positive', 'knowledge', 'abstract']",z-ai/glm-5.3
Water always finds the lowest path.,0,It is a factual claim about water.,1,1,Describes objective fluid behavior.,4,0,Personifies water as seeking a path.,3,1,States an empirical physical regularity.,4,1,Observation about water flow.,3,0,Generalizes a physical principle beyond everyday experience.,3,Reflects understanding of gravity and fluid dynamics.,"['opinion', 'physical', 'figure of speech', 'positive', 'knowledge', 'abstract']",z-ai/glm-5.3
Every wave that rises must eventually fall.,0,It is a factual claim about wave motion.,1,1,Describes objective physical dynamics of waves.,4,0,Aphoristic expression of natural cycles.,3,1,States an empirical physical regularity.,4,1,Direct observation of wave behavior.,3,0,"Generalizes about all waves, beyond single observations.",3,Common observation about waves.,"['opinion', 'physical', 'figure of speech', 'positive', 'knowledge', 'abstract']",z-ai/glm-5.3
Stars burn brightest in the darkest night.,0,It is a factual claim about contrast and visibility.,1,1,Concerns objective light and visibility conditions.,4,0,Uses contrast between brightness and darkness metaphorically.,3,1,"States an empirical regularity, not a norm.",4,1,Observation about star visibility.,3,0,Generalizes about celestial observations.,3,Reflects everyday experience of visibility.,"['opinion', 'physical', 'figure of speech', 'positive', 'knowledge', 'abstract']",z-ai/glm-5.3
A watched pot never boils.,0,"It is a hyperbole, not a factual claim.",3,1,"Concerns physical boiling and time, but framed psychologically.",2,0,Classic hyperbole about time perception.,4,1,"States an empirical observation, not a norm.",3,1,Observation about waiting and time.,3,0,Expresses a psychological regularity beyond individual experiences.,3,Reflects common experience of time perception.,"['opinion', 'physical', 'figure of speech', 'positive', 'knowledge', 'abstract']",z-ai/glm-5.3
"The higher you climb, the harder you fall.",0,It is a factual claim about falling.,1,1,Describes objective gravitational effects.,4,0,Aphoristic parallel structure often used metaphorically.,3,1,"States an empirical regularity, not a norm.",4,1,Observation about climbing and falling.,3,0,Generalizes a physical and situational relationship.,3,Reflects understanding of gravity and consequences.,"['opinion', 'physical', 'figure of speech', 'positive', 'knowledge', 'abstract']",z-ai/glm-5.3
No snowflake ever falls in the wrong place.,0,It is a subjective interpretation of natural events.,3,1,Concerns natural snowfall phenomena.,3,0,Uses personification and aphoristic style.,3,1,"States an observation, not a normative rule.",3,1,Observation about snowfall.,3,0,Expresses a philosophical stance beyond everyday experience.,3,Reflects a philosophical view of nature.,"['opinion', 'physical', 'figure of speech', 'positive', 'knowledge', 'abstract']",z-ai/glm-5.3
"The bigger the wave, the louder the roar.",0,It is a factual claim about sound.,1,1,Describes objective physical properties of waves.,4,0,Aphoristic comparative parallel structure.,2,1,"States an empirical regularity, not a norm.",4,1,Direct observation of wave size and sound.,3,0,Generalizes about waves and sound beyond single experiences.,3,Reflects understanding of ocean waves and sound.,"['opinion', 'physical', 'figure of speech', 'positive', 'knowledge', 'abstract']",z-ai/glm-5.3
Fire always seeks the highest flame.,0,It is a factual claim about combustion.,1,1,Describes objective combustion dynamics.,4,0,Personifies fire as seeking something.,3,1,"States an empirical regularity, not a norm.",4,1,Observation about fire.,3,0,Generalizes about fire behavior beyond everyday experience.,3,Reflects understanding of fire behavior.,"['opinion', 'physical', 'figure of speech', 'positive', 'knowledge', 'abstract']",z-ai/glm-5.3
The moon pulls the tides like a lover's hand.,0,It is a factual claim about gravity.,1,1,Describes objective gravitational effects on tides.,4,0,Uses a simile comparing the moon's pull to a lover's hand.,4,1,States an empirical physical regularity.,4,1,Observation about tidal forces.,3,0,Concerns gravitational forces beyond everyday perception.,3,Reflects understanding of gravitational effects on tides.,"['opinion', 'physical', 'figure of speech', 'positive', 'knowledge', 'abstract']",z-ai/glm-5.3
Every seed sleeps until spring calls.,0,It is a factual claim about biology.,1,1,Describes objective biological processes.,4,0,Personifies seeds and spring.,4,1,"States an empirical regularity, not a norm.",4,1,Observation about seeds and seasons.,3,0,Generalizes about biological cycles beyond individual experience.,3,Reflects understanding of plant growth cycles.,"['opinion', 'physical', 'figure of speech', 'positive', 'knowledge', 'abstract']",z-ai/glm-5.3
"The stronger the current, the deeper the river.",0,It is a factual claim about rivers.,1,1,Describes objective physical properties of rivers.,4,0,Aphoristic comparative structure.,2,1,"States an empirical regularity, not a norm.",4,1,Observation about river currents.,3,0,Generalizes about hydrology beyond everyday experience.,3,Reflects understanding of river dynamics.,"['opinion', 'physical', 'figure of speech', 'positive', 'knowledge', 'abstract']",z-ai/glm-5.3
"Blood is thicker than water, but water freezes at zero degrees Celsius.",1,The freezing point of water can be objectively verified as true.,4,1,"The second part of the statement refers to the physical property of water freezing at zero degrees Celsius, which is measurable empirically.",3,0,The first part contains the well-known aphorism 'blood is thicker than water' which is a figure of speech.,4,1,"It describes an empirical fact about water freezing, not a judgment or value.",4,1,It is an observation about the world rather than a logical conclusion.,4,0,The freezing point of water is a scientific regularity that is not encountered in everyday experience in a direct observational way.,2,This statement combines a common physical fact about water's freezing point with a famous figure of speech about family bonds.,"['fact', 'physical', 'figure of speech', 'positive', 'knowledge', 'abstract']",z-ai/glm-5.3
"Time flies like an arrow; light travels at 299,792 kilometers per second.",1,The speed of light can be objectively measured and verified.,4,1,The speed of light is a physical constant that can be measured empirically.,4,0,The first part contains the metaphor 'time flies like an arrow' which is a well-known figure of speech.,4,1,"It states an empirical fact about light speed, not a normative judgment.",4,1,It is a direct observation about light's speed rather than a logical conclusion.,4,0,The speed of light is a scientific regularity not directly observable in everyday experience.,3,This combines a common metaphor about time with a physical constant about light speed.,"['fact', 'physical', 'figure of speech', 'positive', 'knowledge', 'abstract']",z-ai/glm-5.3
"The apple doesn't fall far from the tree, but gravity pulls it down.",1,Gravity pulling objects down can be objectively demonstrated.,4,1,"The second part refers to gravity, a physical force described by physics.",3,0,The first part contains the aphorism 'the apple doesn't fall far from the tree' which is a figure of speech.,4,1,"It describes gravity as a natural law, not a normative judgment.",4,1,It is a direct observation about gravity rather than a logical conclusion.,4,0,Gravity as a force is a scientific concept beyond everyday individual experience.,2,This combines a common metaphor about family resemblance with a basic physical fact about gravity.,"['fact', 'physical', 'figure of speech', 'positive', 'knowledge', 'abstract']",z-ai/glm-5.3
"A rolling stone gathers no moss, but moss grows on the north side.",1,Moss growth patterns can be empirically verified as true or false.,4,1,"The second part refers to moss growth patterns, a biological observation.",3,0,The first part contains the proverb 'a rolling stone gathers no moss' which is a figure of speech.,4,1,"It describes where moss grows as a natural observation, not a judgment.",4,1,It is a direct observation about moss growth rather than a logical conclusion.,4,0,The consistent pattern of moss growth on north sides is a generalization beyond individual experience.,3,This combines a well-known proverb about movement with a biological fact about moss growth.,"['fact', 'physical', 'figure of speech', 'positive', 'knowledge', 'abstract']",z-ai/glm-5.3
"Every cloud has a silver lining, but clouds are made of water droplets.",1,Cloud composition can be scientifically verified as true.,4,1,"The second part refers to cloud composition, a physical phenomenon described by meteorology.",4,0,The first part contains the metaphor 'every cloud has a silver lining' which is a figure of speech.,4,1,"It states an empirical fact about what clouds are made of, not a normative judgment.",4,1,It is a direct observation about cloud composition rather than a logical conclusion.,4,0,The molecular composition of clouds is not directly observable in everyday experience.,3,This combines a metaphor about hope with a scientific fact about cloud composition.,"['fact', 'physical', 'figure of speech', 'positive', 'knowledge', 'abstract']",z-ai/glm-5.3
"Laughter is the best medicine, but exercise strengthens the heart.",1,The effect of exercise on the heart can be empirically demonstrated.,4,1,"The second part refers to the physiological effect of exercise on the heart, described by biology.",3,0,The first part contains the metaphor 'laughter is the best medicine' which is a figure of speech.,4,1,"It describes exercise's effect on the heart as an empirical observation, not a norm.",4,1,It is a direct observation about exercise's effects rather than a logical conclusion.,4,0,The relationship between exercise and heart strength is a scientific generalization not directly observable.,3,This combines a metaphorical statement about laughter with a physiological fact about exercise.,"['fact', 'physical', 'figure of speech', 'positive', 'knowledge', 'abstract']",z-ai/glm-5.3
"Rome wasn't built in a day, but the pyramids took decades to construct.",1,Pyramid construction time can be historically verified as true.,4,1,"The second part refers to the construction time of pyramids, an engineering and historical fact.",3,0,The first part contains the proverb 'Rome wasn't built in a day' which is a figure of speech.,4,1,"It states a fact about construction duration, not a value judgment.",4,1,It is a direct observation about construction time rather than a logical conclusion.,4,0,The construction timeline of pyramids is not something encountered in everyday experience.,3,This combines a common saying about patience with a historical/engineering fact about pyramid construction.,"['fact', 'physical', 'figure of speech', 'positive', 'knowledge', 'abstract']",z-ai/glm-5.3
"Actions speak louder than words, but sound travels faster than light.",1,"The statement as written is factually incorrect, but this makes it demonstrably false.",3,1,"The second part would refer to the speed of sound and light, but this is stated incorrectly.",1,0,The first part contains the proverb 'actions speak louder than words' which is a figure of speech.,4,1,"As stated, it describes a physical relationship, albeit an incorrect one.",2,1,"It presents an observation about physics, though a false one.",3,0,The relative speeds of sound and light are scientific facts beyond everyday observation.,2,"Wait, this is incorrect - light travels faster than sound. Let me correct this.","['fact', 'physical', 'figure of speech', 'positive', 'knowledge', 'abstract']",z-ai/glm-5.3
"Actions speak louder than words, but light travels faster than sound.",1,The relative speeds of light and sound can be objectively measured and verified.,4,1,"The second part refers to the relative speeds of light and sound, described by physics.",4,0,The first part contains the proverb 'actions speak louder than words' which is a figure of speech.,4,1,"It states an empirical fact about speed, not a normative judgment.",4,1,It is a direct observation about physics rather than a logical conclusion.,4,0,The precise relative speeds of light and sound are scientific facts beyond everyday individual observation.,3,This combines a common saying about actions with a correct physical fact about the speed of light versus sound.,"['fact', 'physical', 'figure of speech', 'positive', 'knowledge', 'abstract']",z-ai/glm-5.3
"The pen is mightier than the sword, but steel is harder than paper.",1,The hardness of steel versus paper can be objectively demonstrated.,4,1,"The second part compares material hardness of steel and paper, a physical property.",4,0,The first part contains the metaphor 'the pen is mightier than the sword' which is a figure of speech.,4,1,"It states an empirical fact about material properties, not a normative judgment.",4,1,It is a direct observation about material hardness rather than a logical conclusion.,4,0,The comparison of material hardness is something not directly encountered as a measured comparison in everyday experience.,2,This combines a metaphor about the power of writing with a physical fact about material hardness.,"['fact', 'physical', 'figure of speech', 'positive', 'knowledge', 'abstract']",z-ai/glm-5.3
"You can't teach an old dog new tricks, but dogs have an incredible sense of smell.",1,Dogs' sense of smell can be empirically measured and demonstrated.,4,1,"The second part refers to dogs' sense of smell, a biological fact.",4,0,The first part contains the proverb 'you can't teach an old dog new tricks' which is a figure of speech.,4,1,"It describes dogs' sensory capability as an empirical observation, not a norm.",4,1,It is a direct observation about dog biology rather than a logical conclusion.,4,0,The scientific detail of dogs' olfactory capabilities is beyond everyday individual observation.,3,This combines a common saying about learning with a biological fact about dogs' olfactory abilities.,"['fact', 'physical', 'figure of speech', 'positive', 'knowledge', 'abstract']",z-ai/glm-5.3
"A picture is worth a thousand words, but the human eye can see millions of colors.",1,Human color perception capacity can be scientifically measured and verified.,4,1,"The second part refers to human color vision capability, a biological fact.",3,0,The first part contains the hyperbolic saying 'a picture is worth a thousand words' which is a figure of speech.,4,1,"It describes human visual capacity as an empirical observation, not a norm.",4,1,It is a direct observation about human biology rather than a logical conclusion.,4,0,The number of colors humans can perceive is a scientific finding beyond everyday individual observation.,3,This combines a common metaphor about images with a biological fact about human vision.,"['fact', 'physical', 'figure of speech', 'positive', 'knowledge', 'abstract']",z-ai/glm-5.3
"When it rains, it pours, but water expands when it freezes.",1,Water's expansion when freezing can be objectively demonstrated.,4,1,The second part refers to water's physical property of expanding when frozen.,4,0,"The first part contains the hyperbolic saying 'when it rains, it pours' which is a figure of speech.",4,1,"It states an empirical fact about water's behavior, not a normative judgment.",4,1,It is a direct observation about water's physical property rather than a logical conclusion.,4,0,The molecular explanation for why water expands when freezing is beyond everyday observation.,3,This combines a saying about events happening in clusters with a physical fact about water's expansion when freezing.,"['fact', 'physical', 'figure of speech', 'positive', 'knowledge', 'abstract']",z-ai/glm-5.3
"Still waters run deep, but oceans cover seventy percent of Earth's surface.",1,Ocean coverage can be measured and verified as true.,4,1,"The second part refers to the proportion of Earth's surface covered by oceans, a geographical fact.",4,0,The first part contains the metaphor 'still waters run deep' which is a figure of speech.,4,1,"It states an empirical fact about ocean coverage, not a normative judgment.",4,1,It is a direct observation about Earth's geography rather than a logical conclusion.,4,0,The percentage of Earth covered by oceans is a scientific measurement beyond everyday individual observation.,4,This combines a metaphor about personality with a geographical fact about ocean coverage.,"['fact', 'physical', 'figure of speech', 'positive', 'knowledge', 'abstract']",z-ai/glm-5.3
"All that glitters is not gold, but gold has a melting point of 1064 degrees Celsius.",1,Gold's melting point can be objectively measured and verified.,4,1,"The second part refers to gold's melting point, a physical property described by chemistry.",4,0,The first part contains the proverb 'all that glitters is not gold' which is a figure of speech.,4,1,"It states an empirical fact about gold's properties, not a normative judgment.",4,1,It is a direct observation about gold's physical properties rather than a logical conclusion.,4,0,The precise melting point of gold is a scientific fact not encountered in everyday experience.,4,This combines a proverb about appearances with a physical fact about gold's melting point.,"['fact', 'physical', 'figure of speech', 'positive', 'knowledge', 'abstract']",z-ai/glm-5.3
"Time heals all wounds, but cells regenerate throughout our lives.",1,Cell regeneration can be scientifically demonstrated as true.,4,1,"The second part refers to cell regeneration, a biological process.",4,0,The first part contains the metaphor 'time heals all wounds' which is a figure of speech.,4,1,"It describes cell regeneration as an empirical biological observation, not a norm.",4,1,It is a direct observation about biology rather than a logical conclusion.,4,0,Cell regeneration as a biological process is not directly observable in everyday experience.,3,This combines a metaphor about recovery with a biological fact about cell regeneration.,"['fact', 'physical', 'figure of speech', 'positive', 'knowledge', 'abstract']",z-ai/glm-5.3
"The early bird catches the worm, but birds evolved from dinosaurs.",1,The evolutionary link between birds and dinosaurs can be scientifically demonstrated.,4,1,The second part refers to evolutionary biology's finding that birds descended from dinosaurs.,4,0,The first part contains the proverb 'the early bird catches the worm' which is a figure of speech.,4,1,"It states an empirical finding from evolutionary biology, not a normative judgment.",4,1,It is a direct observation about evolutionary history rather than a logical conclusion.,4,0,The evolutionary relationship between birds and dinosaurs is not observable through individual experience.,4,This combines a proverb about diligence with an evolutionary biology fact about bird origins.,"['fact', 'physical', 'figure of speech', 'positive', 'knowledge', 'abstract']",z-ai/glm-5.3
"A journey of a thousand miles begins with a single step, but walking burns calories.",1,The caloric expenditure during walking can be measured and demonstrated.,4,1,The second part refers to the physiological process of burning calories through walking.,3,0,The first part contains the aphorism 'a journey of a thousand miles begins with a single step' which is a figure of speech.,4,1,"It describes walking's effect on calories as an empirical observation, not a norm.",4,1,It is a direct observation about physiology rather than a logical conclusion.,4,0,The precise relationship between walking and caloric expenditure is a scientific finding beyond everyday observation.,3,This combines a philosophical saying about beginnings with a physiological fact about walking and energy expenditure.,"['fact', 'physical', 'figure of speech', 'positive', 'knowledge', 'abstract']",z-ai/glm-5.3
"Knowledge is power, but the human brain uses about twenty percent of the body's energy.",1,Brain energy consumption can be measured and scientifically verified.,4,1,"The second part refers to the brain's energy consumption, a biological fact.",4,0,The first part contains the metaphor 'knowledge is power' which is a figure of speech.,4,1,"It states an empirical fact about brain physiology, not a normative judgment.",4,1,It is a direct observation about human biology rather than a logical conclusion.,4,0,The precise percentage of energy used by the brain is a scientific finding not directly observable.,4,This combines a metaphor about knowledge with a physiological fact about brain energy consumption.,"['fact', 'physical', 'figure of speech', 'positive', 'knowledge', 'abstract']",z-ai/glm-5.3
"Practice makes perfect, but human muscles have over six hundred types of fibers.",1,Muscle fiber types can be scientifically identified and counted.,4,1,"The second part refers to the types of muscle fibers, a biological fact.",3,0,The first part contains the proverb 'practice makes perfect' which is a figure of speech.,4,1,"It states an empirical fact about muscle biology, not a normative judgment.",4,1,It is a direct observation about biology rather than a logical conclusion.,4,0,The number and types of muscle fibers are scientific findings beyond everyday individual observation.,3,This combines a saying about improvement with a biological fact about muscle fiber types.,"['fact', 'physical', 'figure of speech', 'positive', 'knowledge', 'abstract']",z-ai/glm-5.3
There are twelve months in a year.,1,It can be verified against the calendar system; it is not a subjective opinion.,4,0,"Months are a human-made calendrical system, not a natural law, so this is of human origins.",4,1,"It means exactly what it says, with no figurative or rhetorical language used.",4,1,"It describes the way the calendar is, not how it should be.",4,1,"It is a simple observation about the world, not a conclusion derived from combining facts.",4,0,"It is a general regularity about the calendar system, not something encountered in a specific everyday situation.",3,This is a socially constructed calendrical fact that all humans learn and share.,"['fact', 'social', 'literal language', 'positive', 'knowledge', 'abstract']",z-ai/glm-5.3
A handshake is a common greeting in many countries.,1,It is verifiable by observing actual greeting practices across countries.,4,0,"Handshakes are a human social convention, not a natural phenomenon.",4,1,It plainly describes a social practice without any figures of speech.,4,1,"It describes how things are, not how handshakes ought to be used.",4,1,"It is a direct observation about social practice, not a logical derivation.",4,0,"It is a generalization about many countries, not a specific everyday encounter.",3,This describes a widely known social convention for greeting.,"['fact', 'social', 'literal language', 'positive', 'knowledge', 'abstract']",z-ai/glm-5.3
Traffic laws require drivers to stop at red lights.,1,It can be verified against traffic codes; it is not a matter of opinion.,4,0,Traffic laws are socially constructed rules made by humans.,4,1,It literally states a rule about traffic signals without metaphor or hyperbole.,4,1,"It describes what the law requires, not a judgment about what laws should be.",3,1,"It states knowledge of a rule, not a conclusion from reasoning.",4,0,"It refers to a general legal rule, not a particular everyday driving situation.",3,It is common knowledge that red traffic signals mandate stopping in most places.,"['fact', 'social', 'literal language', 'positive', 'knowledge', 'abstract']",z-ai/glm-5.3
Money is exchanged for goods and services.,1,It can be empirically verified in everyday commerce; it is not an opinion.,4,0,Money and commerce are human social institutions.,4,1,It plainly describes economic exchange with no figurative language.,4,1,"It describes what happens in the world, not what should happen.",4,1,"It is a direct observation of economic practice, not a reasoned conclusion.",4,0,"It is a general regularity about economies, not a specific transaction.",3,This describes the basic economic practice humans use in trade.,"['fact', 'social', 'literal language', 'positive', 'knowledge', 'abstract']",z-ai/glm-5.3
Most countries have national flags.,1,It can be verified by checking which countries have flags.,4,0,Flags are socially constructed symbols of human political organization.,4,1,It plainly states a fact about countries and flags.,4,1,"It describes what exists, not a normative judgment about flags.",4,1,"It is an observation about the world, not a logical derivation.",4,0,"It is a general regularity about nations, not an everyday encounter.",3,It is common knowledge that nations use flags as symbols.,"['fact', 'social', 'literal language', 'positive', 'knowledge', 'abstract']",z-ai/glm-5.3
A week consists of seven days.,1,It is verifiable against the calendar; it is not an opinion.,4,0,"The seven-day week is a human-made convention, not a natural phenomenon.",4,1,It directly states the structure of a week with no figurative language.,4,1,"It describes how weeks are defined, not how they should be.",4,1,"It is simple knowledge of the calendar, not a reasoned conclusion.",4,0,"It is a general fact about the calendar system, not a specific everyday event.",3,This is a basic calendrical fact everyone learns.,"['fact', 'social', 'literal language', 'positive', 'knowledge', 'abstract']",z-ai/glm-5.3
A person must be an adult to vote in most countries.,1,It can be verified against countries' laws; it is not a subjective view.,4,0,Voting age limits are socially constructed legal rules.,4,1,It literally describes a legal rule about voting age.,4,1,"It describes what laws require, not a judgment about what they should be.",3,1,"It states knowledge of laws, not a conclusion from reasoning.",4,0,"It is a general legal regularity across countries, not a specific situation.",3,It is common knowledge that voting rights begin at adulthood in most places.,"['fact', 'social', 'literal language', 'positive', 'knowledge', 'abstract']",z-ai/glm-5.3
English is spoken in the United Kingdom.,1,It can be empirically verified by observing language use; it is not opinion.,4,0,Language use is a social phenomenon of human origin.,4,1,It plainly states a fact about language and country.,4,1,"It describes what is the case, not what ought to be.",4,1,"It is a direct observation, not a conclusion from combining facts.",4,0,"It is a general regularity about a country, not an everyday personal encounter.",3,This is widely known knowledge about language use.,"['fact', 'social', 'literal language', 'positive', 'knowledge', 'abstract']",z-ai/glm-5.3
Marriage legally unites two people as family.,1,It is verifiable in law and practice; it is not a matter of opinion.,4,0,Marriage is a socially constructed institution of human origin.,4,1,It plainly describes the legal effect of marriage without figurative language.,4,1,"It describes what marriage does, not a judgment about who should marry.",4,1,"It is knowledge about an institution, not a logical derivation.",4,0,"It is a general regularity about the institution, not a specific wedding event.",3,This describes the basic social institution of marriage.,"['fact', 'social', 'literal language', 'positive', 'knowledge', 'abstract']",z-ai/glm-5.3
National borders divide countries.,1,It can be verified on maps and in law; it is not subjective.,4,0,Borders are socially and politically constructed divisions.,4,1,"It directly describes what borders do, with no figures of speech.",4,1,"It describes what borders do, not a value judgment about them.",4,1,"It is an observation about the world, not a reasoned conclusion.",4,0,"It is a general fact about geography and politics, not an everyday situation.",3,This is basic knowledge about political geography.,"['fact', 'social', 'literal language', 'positive', 'knowledge', 'abstract']",z-ai/glm-5.3
A birthday marks the anniversary of a person's birth.,1,It can be verified by definition and practice; it is not an opinion.,4,0,Birthdays and anniversaries are human social conventions.,4,1,It plainly defines what a birthday is.,4,1,"It describes what birthdays are, not how they should be celebrated.",4,1,"It is knowledge of a definition, not a conclusion from reasoning.",4,0,"It is a general fact about the concept, not a specific celebration.",3,This is basic knowledge about how humans track age.,"['fact', 'social', 'literal language', 'positive', 'knowledge', 'abstract']",z-ai/glm-5.3
A year has 365 days.,1,It can be verified against the calendar; it is not an opinion.,4,0,The calendar year is a human-made system for organizing time.,4,1,It plainly states the length of a year in the calendar.,4,1,"It describes the calendar as it is, not as it should be.",4,1,"It is simple knowledge, not a conclusion derived from reasoning.",4,0,"It is a general fact about the calendar, not an everyday situation.",3,This is basic calendrical knowledge everyone learns.,"['fact', 'social', 'literal language', 'positive', 'knowledge', 'abstract']",z-ai/glm-5.3
A passport is used for international travel.,1,It is verifiable in law and practice; it is not a subjective view.,4,0,Passports are socially constructed documents issued by governments.,4,1,It plainly states the function of a passport.,4,1,"It describes what passports are used for, not whether they should be required.",4,1,"It is direct knowledge about passports, not a logical derivation.",4,0,"It is a general fact about a document's use, not a specific travel encounter.",3,This is widely known knowledge about travel documents.,"['fact', 'social', 'literal language', 'positive', 'knowledge', 'abstract']",z-ai/glm-5.3
Classrooms are used for teaching students.,1,It can be verified by observing schools; it is not opinion.,4,0,Classrooms and teaching are human social institutions.,4,1,It plainly states what classrooms are used for.,4,1,"It describes what classrooms do, not a judgment about education.",4,1,"It is an observation about the world, not a reasoned conclusion.",4,0,"It is a general fact about education, not a specific class session.",3,This describes the basic function of classrooms in education.,"['fact', 'social', 'literal language', 'positive', 'knowledge', 'abstract']",z-ai/glm-5.3
Most workers are paid for their labor.,1,It can be verified by observing labor practices; it is not opinion.,4,0,Wage labor is a socially constructed economic arrangement.,4,1,It plainly describes how employment works.,4,1,"It describes what happens, not what should happen in labor relations.",4,1,"It is knowledge about economic practice, not a logical derivation.",4,0,"It is a general regularity about labor markets, not a specific paycheck.",3,This describes the basic economic arrangement of employment.,"['fact', 'social', 'literal language', 'positive', 'knowledge', 'abstract']",z-ai/glm-5.3
A president is the head of state in a republic.,1,It can be verified against constitutional definitions; it is not opinion.,4,0,Presidencies and republics are human political constructions.,4,1,It plainly describes the political role of a president.,4,1,"It describes what the office is, not a judgment about who should hold it.",4,1,"It is knowledge of a political role, not a conclusion from reasoning.",4,0,"It is a general fact about political systems, not an everyday situation.",3,This describes the basic role of a president in government.,"['fact', 'social', 'literal language', 'positive', 'knowledge', 'abstract']",z-ai/glm-5.3
A jury decides guilt in criminal trials.,1,It can be verified in law and practice; it is not a subjective view.,4,0,Juries and trials are socially constructed legal institutions.,4,1,It plainly states what juries do in trials.,4,1,"It describes how trials work, not a judgment about verdicts.",4,1,"It is direct knowledge about the legal system, not a logical derivation.",4,0,"It is a general fact about legal procedure, not a specific trial.",3,This describes the basic function of juries in legal systems.,"['fact', 'social', 'literal language', 'positive', 'knowledge', 'abstract']",z-ai/glm-5.3
A calendar organizes days into months and years.,1,It is verifiable by inspecting any calendar; it is not opinion.,4,0,Calendars are human-made systems for organizing time.,4,1,It plainly describes what calendars do.,4,1,"It describes what calendars do, not how they should be designed.",4,1,"It is knowledge about a tool's function, not a reasoned conclusion.",4,0,"It is a general fact about timekeeping systems, not a specific calendar use.",3,This describes the basic function of calendars in human timekeeping.,"['fact', 'social', 'literal language', 'positive', 'knowledge', 'abstract']",z-ai/glm-5.3
Currencies differ from country to country.,1,It can be verified by comparing countries' money; it is not opinion.,4,0,Currencies are socially constructed monetary systems of human origin.,4,1,It plainly states a fact about currencies across countries.,4,1,"It describes how currencies exist, not a judgment about them.",4,1,"It is a direct observation, not a conclusion from combining facts.",4,0,"It is a general regularity about the world, not a specific transaction.",3,This is widely known knowledge about money systems.,"['fact', 'social', 'literal language', 'positive', 'knowledge', 'abstract']",z-ai/glm-5.3
A drivers license permits a person to drive.,1,It can be verified in law; it is not a matter of opinion.,4,0,Driver's licenses are socially constructed legal documents.,4,1,"It plainly states what a license does, without figurative language.",4,1,"It describes what licenses do, not whether driving rules are just.",4,1,"It is knowledge of a document's function, not a logical derivation.",4,0,"It is a general fact about licensing, not a specific driving event.",3,This describes the basic function of a driver's license.,"['fact', 'social', 'literal language', 'positive', 'knowledge', 'abstract']",z-ai/glm-5.3
A constitution defines the fundamental laws of a country.,1,It can be verified against constitutional law; it is not opinion.,4,0,Constitutions are human-made legal documents of social origin.,4,1,It plainly describes what a constitution is for.,4,1,"It describes what constitutions do, not what laws they should contain.",4,1,"It is knowledge about a legal institution, not a conclusion from reasoning.",4,0,"It is a general fact about political systems, not an everyday experience.",3,This describes the basic role of constitutions in government.,"['fact', 'social', 'literal language', 'positive', 'knowledge', 'abstract']",z-ai/glm-5.3
Time heals all wounds.,1,Whether time heals all wounds cannot be objectively demonstrated; many wounds never heal. Confidence is moderate because some might argue it is testable in a loose sense.,2,0,"It concerns human emotional experience and socially shared belief about grief, not a measurable physical law. Confidence is high because healing of feelings is intrinsically of human origin.",4,0,"It is a proverb using metaphorical 'wounds' for emotional pain and 'heals' for fading. Confidence is high because it is a well-known aphorism, not plain literal language.",4,1,"It describes what people believe happens as time passes, not what ought to happen. Confidence is moderate because it functions more as a comforting norm than an empirical regularity.",3,1,"It is an observation about how emotional pain diminishes over time, not a conclusion requiring logical derivation. Confidence is high because it asserts a pattern rather than reasoning toward one.",4,0,It is a broad generalization about emotional recovery that cannot be verified through any single everyday experience. Confidence is high because it requires abstraction over many lives and long timescales.,4,A widespread proverb expressing the common belief that emotional pain fades with the passage of time.,"['fact', 'social', 'figure of speech', 'positive', 'knowledge', 'abstract']",z-ai/glm-5.3
Money is the root of all evil.,1,"Whether money causes all evil cannot be objectively demonstrated; it is a subjective moral judgment. Confidence is high that it is opinion, not verifiable fact.",4,0,"It concerns human morality and socially constructed value of money, both of human origin. Confidence is high because evil and money are social concepts.",4,0,"It is a hyperbolic aphorism, exaggerating that all evil stems from money. Confidence is high because it is clearly figurative and well-known.",4,1,"It functions as a normative warning about greed rather than an empirical regularity. Confidence is moderate because it superficially describes a pattern, but it is really a value judgment.",2,1,"It states an observation about the connection between money and immoral behavior, not a logical derivation. Confidence is high because it asserts a claim directly.",4,0,It is a sweeping generalization about evil and wealth that no single everyday experience could establish. Confidence is high because it concerns society-wide abstractions.,4,A famous aphorism expressing the common belief that the pursuit of wealth causes wrongdoing.,"['fact', 'social', 'figure of speech', 'positive', 'knowledge', 'abstract']",z-ai/glm-5.3
The customer is always right.,1,It cannot be objectively demonstrated true or false; it is a convention or opinion about service norms. Confidence is high that it is not a demonstrable fact.,4,0,"It concerns commerce, a socially constructed institution, and human norms of service. Confidence is high because it is intrinsically of human origin.",4,0,"It is a hyperbolic maxim, since customers are obviously not literally always right. Confidence is high because the exaggeration is clear.",4,1,"It states what is conventionally held as a service norm, but it reads more as an empirical-sounding claim about practice. Confidence is low because the line between norm and description is blurry.",2,1,It states a shared belief about commercial relationships rather than deriving a conclusion. Confidence is high because it directly asserts a claim.,4,0,It is a general principle about commerce that transcends any single everyday shopping experience. Confidence is high because it abstracts across countless transactions.,4,A common business maxim conveying the belief that businesses should defer to customers' judgments.,"['fact', 'social', 'figure of speech', 'positive', 'knowledge', 'abstract']",z-ai/glm-5.3
Actions speak louder than words.,1,Whether actions truly speak louder than words is subjective and cannot be objectively demonstrated. Confidence is high that it is opinion.,4,0,"It concerns human communication, trust, and social judgment, all of human origin. Confidence is high because no natural science describes it.",4,0,It is an aphorism using metaphorical 'speak' and 'louder' for influence. Confidence is high because it is a classic figurative proverb.,4,1,"It describes what people perceive as true about judging character, not what ought to be done. Confidence is moderate because it also carries implicit normative weight.",3,1,"It asserts an observation about how people judge intentions, not a logical conclusion. Confidence is high because it directly states a claim.",4,0,It is a generalization about human behavior that no single everyday encounter could establish. Confidence is high because it abstracts over many interactions.,4,A widely shared proverb expressing the belief that deeds reveal character more reliably than speech.,"['fact', 'social', 'figure of speech', 'positive', 'knowledge', 'abstract']",z-ai/glm-5.3
Beauty is in the eye of the beholder.,1,"It explicitly claims subjectivity, so it cannot be objectively demonstrated correct or incorrect. Confidence is high that it is opinion.",4,0,"It concerns human aesthetic perception, a socially shaped experience of human origin. Confidence is high because beauty judgments are inherently social.",4,0,It is a metaphorical aphorism locating beauty in the 'eye' of the viewer. Confidence is high because the phrasing is clearly figurative.,4,1,It describes how beauty judgments actually vary rather than prescribing how they ought to be made. Confidence is moderate because it can also be read as endorsing a norm of tolerance.,3,1,It states an observation about how people judge beauty rather than deriving a conclusion. Confidence is high because it directly asserts a claim.,4,0,"It is a sweeping generalization about all aesthetic perception, beyond any single everyday experience. Confidence is high because it abstracts over humanity.",4,A common saying expressing the belief that attractiveness is subjective and varies across people.,"['fact', 'social', 'figure of speech', 'positive', 'knowledge', 'abstract']",z-ai/glm-5.3
The squeaky wheel gets the grease.,1,Whether complainers reliably get attention cannot be objectively demonstrated across all contexts. Confidence is moderate because limited empirical studies might bear on it.,3,0,"It describes human complaint and attention, behaviors governed by social norms. Confidence is high because it is of purely human origin.",4,0,It is a metaphor transferring machinery imagery to human complainers. Confidence is high because it is a classic figurative proverb.,4,1,It describes what tends to happen when people complain rather than what should happen. Confidence is high because it reads as an observed regularity.,4,1,It asserts an observation about social dynamics rather than a logical deduction. Confidence is high because it states a perceived regularity.,4,0,"It generalizes across countless social situations, not any single everyday encounter. Confidence is high because the pattern is society-wide.",4,A proverb expressing the common belief that those who complain most receive the most attention.,"['fact', 'social', 'figure of speech', 'positive', 'knowledge', 'abstract']",z-ai/glm-5.3
Ignorance is bliss.,1,Whether ignorance actually produces happiness cannot be objectively demonstrated; it varies by person. Confidence is high that it is subjective.,4,0,It concerns human emotional life and socially shaped ideas of happiness. Confidence is high because bliss and ignorance are human concepts.,4,0,It is an aphoristic hyperbole equating ignorance with bliss. Confidence is high because the phrasing is clearly figurative.,4,1,It describes a supposed regularity about knowledge and happiness rather than prescribing anything. Confidence is moderate because it also functions as a normative endorsement of not knowing.,3,1,"It states an observation about the link between knowledge and happiness, not a derived conclusion. Confidence is high because it directly asserts a claim.",4,0,It is a broad generalization about the human condition beyond any everyday experience. Confidence is high because it abstracts over lives.,4,A familiar aphorism expressing the belief that not knowing painful truths keeps people happy.,"['fact', 'social', 'figure of speech', 'positive', 'knowledge', 'abstract']",z-ai/glm-5.3
Honesty is the best policy.,1,Whether honesty is always best cannot be objectively demonstrated; it is a value judgment. Confidence is high that it is opinion.,4,0,"It concerns human moral norms and social trust, both of human origin. Confidence is high because honesty is a social virtue.",4,0,"It is an aphorism framing honesty as a 'policy,' a figurative equation of ethics with strategy. Confidence is high because it is a classic figurative maxim.",4,1,"It functions primarily as a normative prescription about how one ought to act. Confidence is high that it is normative rather than descriptive, weakening the positive match.",1,1,It states a shared belief about the outcomes of honesty rather than a logical derivation. Confidence is high because it directly asserts a claim.,4,0,It is a general life principle not verifiable through any single everyday experience. Confidence is high because it abstracts across situations.,4,A widely known maxim expressing the belief that truthfulness serves people best in the long run.,"['fact', 'social', 'figure of speech', 'positive', 'knowledge', 'abstract']",z-ai/glm-5.3
Time is money.,1,Whether time is money cannot be objectively demonstrated; it is a culturally contingent notion. Confidence is high that it is opinion.,4,0,"It reflects socially constructed economic values attached to time in human society. Confidence is high because the equivalence is cultural, not natural.",4,0,"It is a metaphor equating time with money, not a literal identity. Confidence is high because the figurative equation is obvious.",4,1,It describes how modern economies actually treat time rather than prescribing a value. Confidence is moderate because it also carries normative weight about productivity.,3,1,It asserts an observation about how people value time rather than deriving a conclusion. Confidence is high because it states a claim directly.,4,0,It is a broad abstraction about value that no single everyday experience could establish. Confidence is high because it generalizes across society.,4,"A common maxim expressing the belief that time, like money, is a valuable and scarce resource.","['fact', 'social', 'figure of speech', 'positive', 'knowledge', 'abstract']",z-ai/glm-5.3
Old habits die hard.,1,"While psychology supports habit persistence, the proverb as stated cannot be strictly demonstrated for all habits. Confidence is moderate because related empirical findings exist.",3,0,"It concerns human habit and behavior, shaped by social life and of human origin. Confidence is high because habits are personal and social patterns.",4,0,It is a metaphorical proverb personifying habits as things that 'die hard.' Confidence is high because the phrasing is clearly figurative.,4,1,It describes an empirical regularity of behavior rather than prescribing what ought to happen. Confidence is high because it reads as an observation.,4,1,It states an observation about behavior change rather than a logical deduction. Confidence is high because it asserts a perceived regularity.,4,0,"It generalizes across all long-standing behaviors, beyond any single everyday experience. Confidence is high because the claim is society-wide.",4,A common proverb expressing the belief that long-established behaviors are difficult to change.,"['fact', 'social', 'figure of speech', 'positive', 'knowledge', 'abstract']",z-ai/glm-5.3
Hope springs eternal.,1,Whether hope is truly eternal cannot be objectively demonstrated; it is a subjective characterization. Confidence is high that it is opinion.,4,0,It concerns human emotion and the socially shaped experience of hoping. Confidence is high because hope is a human phenomenon.,4,0,It is a metaphor picturing hope as a spring that never stops flowing. Confidence is high because the imagery is unmistakably figurative.,4,1,It describes what people supposedly always do rather than what they ought to do. Confidence is moderate because it also carries an uplifting normative tone.,3,1,It asserts an observation about persistent human hope rather than deriving a conclusion. Confidence is high because it states a claim directly.,4,0,"It is a sweeping claim about humanity across all time, beyond everyday observation. Confidence is high because it abstracts over all human experience.",4,A famous aphorism expressing the belief that people always find reason to hope.,"['fact', 'social', 'figure of speech', 'positive', 'knowledge', 'abstract']",z-ai/glm-5.3
You can't judge a book by its cover.,1,"Whether appearances are reliable guides is subjective and context-dependent, not objectively demonstrable. Confidence is high that it is opinion.",4,0,"It concerns human perception and social judgment, which are of human origin. Confidence is high because appearance-based judgment is a social practice.",4,0,It is a metaphorical proverb using books to stand for people. Confidence is high because the figurative transfer is clear.,4,1,"It describes a perceived regularity about misjudgment rather than issuing a command. Confidence is moderate because it is often delivered as advice, a normative use.",2,1,"It states an observation about the limits of judging by appearance, not a logical derivation. Confidence is high because it asserts a claim.",4,0,"It generalizes about all first impressions, beyond any single everyday encounter. Confidence is high because it abstracts across countless situations.",4,A common saying expressing the belief that outward appearances do not reveal true character.,"['fact', 'social', 'figure of speech', 'positive', 'knowledge', 'abstract']",z-ai/glm-5.3
Knowledge is power.,1,Whether knowledge always confers power cannot be objectively demonstrated; it is a contested claim. Confidence is high that it is opinion.,4,0,It concerns human influence and socially constructed relations of power. Confidence is high because power over others is a social phenomenon.,4,0,"It is an aphoristic metaphor equating knowledge with power. Confidence is high because the identity is figurative, not literal.",4,1,It describes an empirical-seeming regularity about knowledge and influence rather than prescribing conduct. Confidence is moderate because it also functions as normative encouragement to learn.,3,1,It asserts an observation about the effect of knowledge rather than a logical derivation. Confidence is high because it states a claim directly.,4,0,It is a broad abstraction about society and influence beyond everyday experience. Confidence is high because no single encounter verifies it.,4,A famous maxim expressing the belief that knowing things gives people influence.,"['fact', 'social', 'figure of speech', 'positive', 'knowledge', 'abstract']",z-ai/glm-5.3
The grass is always greener on the other side.,1,Whether the other side is always perceived as better cannot be objectively demonstrated; it is a subjective generalization. Confidence is high that it is opinion.,4,0,"It concerns comparison and envy, emotions shaped by social life. Confidence is high because it is of human origin.",4,0,It is a metaphorical proverb using greener grass for envied alternatives. Confidence is high because the imagery is figurative.,4,1,It describes how people tend to perceive alternatives rather than prescribing a judgment. Confidence is high because it reads as an observed regularity.,4,1,"It states an observation about human envy and desire, not a logical conclusion. Confidence is high because it asserts a claim.",4,0,"It generalizes about universal human psychology, beyond any single everyday experience. Confidence is high because it abstracts across all people.",4,A well-known proverb expressing the belief that people idealize what they do not have.,"['fact', 'social', 'figure of speech', 'positive', 'knowledge', 'abstract']",z-ai/glm-5.3
Rome wasn't built in a day.,1,"As a claim about all great achievements, it cannot be strictly demonstrated and functions as subjective encouragement. Confidence is moderate because the literal core is historical fact.",3,0,"It concerns human projects, ambition, and patience, all of human origin. Confidence is high because building civilizations is a social matter.",4,0,It is a metaphorical proverb using Rome's construction to stand for any big undertaking. Confidence is high because the figurative use is clear.,4,1,"It describes how big things actually take time rather than commanding patience, though it is usually heard as advice. Confidence is low because its typical use is normative.",2,1,It conveys an observation about how large endeavors unfold over time rather than a logical derivation. Confidence is high because it asserts a claim.,4,0,It generalizes about all long-term human endeavors beyond everyday experience. Confidence is high because it abstracts across projects and eras.,4,A familiar proverb expressing the belief that great achievements take time and patience.,"['fact', 'social', 'figure of speech', 'positive', 'knowledge', 'abstract']",z-ai/glm-5.3
No man is an island.,1,Whether every person depends on others cannot be objectively demonstrated for all cases; it is a philosophical stance. Confidence is moderate because strong arguments and evidence support it.,3,0,"It concerns human relationships and social bonds, intrinsically of human origin. Confidence is high because interdependence is social.",4,0,It is a metaphor denying that people are isolated islands. Confidence is high because the imagery is unmistakably figurative.,4,1,It describes a condition of human life rather than prescribing how people ought to behave. Confidence is moderate because it also functions as a normative call to community.,3,1,It states an observation about human interdependence rather than a logical derivation. Confidence is high because it asserts a claim.,4,0,"It is a sweeping claim about all humanity, beyond any single everyday experience. Confidence is high because it abstracts over the human condition.",4,A famous aphorism expressing the belief that everyone depends on other people.,"['fact', 'social', 'figure of speech', 'positive', 'knowledge', 'abstract']",z-ai/glm-5.3
Laughter is the best medicine.,1,Whether laughter is the best remedy cannot be objectively demonstrated; best is subjective. Confidence is high that it is opinion.,4,0,"It concerns human emotion, humor, and social well-being of human origin. Confidence is high because laughter is a social behavior.",4,0,It is a hyperbolic metaphor calling laughter 'medicine.' Confidence is high because the exaggeration is obvious.,4,1,"It describes an empirical-seeming regularity about laughter aiding health rather than prescribing joy. Confidence is moderate because some medical evidence exists, but 'best' makes it normative.",3,1,It asserts an observation about laughter's healing effects rather than deriving a conclusion. Confidence is high because it states a claim.,4,0,"It generalizes about healing and well-being across humanity, beyond everyday verification. Confidence is high because the claim is society-wide.",4,A common saying expressing the belief that humor helps people heal and cope.,"['fact', 'social', 'figure of speech', 'positive', 'knowledge', 'abstract']",z-ai/glm-5.3
Beggars can't be choosers.,1,Whether those in need truly cannot be selective varies by case and cannot be objectively demonstrated. Confidence is high that it is a subjective generalization.,4,0,"It concerns poverty, need, and social obligation, all of human origin. Confidence is high because beggars and choosers are social roles.",4,0,"It is an aphoristic proverb, with 'beggars' and 'choosers' standing for anyone in need. Confidence is high because the phrasing is figurative.",4,1,"It describes what people in need can realistically do rather than prescribing charity or conduct. Confidence is moderate because it is often used to justify withholding, a normative move.",3,1,It states an observation about the position of people in need rather than a logical derivation. Confidence is high because it asserts a claim.,4,0,"It generalizes about need and dependency across all situations, beyond everyday experience. Confidence is high because it abstracts over social life.",4,A common proverb expressing the belief that those in need cannot afford to be picky.,"['fact', 'social', 'figure of speech', 'positive', 'knowledge', 'abstract']",z-ai/glm-5.3
Blood is thicker than water.,1,Whether family ties are always stronger cannot be objectively demonstrated; it is a subjective belief. Confidence is high that it is opinion.,4,0,"It concerns kinship, loyalty, and family, socially constructed human institutions. Confidence is high because it is of human origin.",4,0,It is a metaphorical proverb using blood and water for family and other bonds. Confidence is high because the imagery is figurative.,4,1,It describes how family loyalty is perceived to compare with other bonds rather than commanding loyalty. Confidence is moderate because it also functions as a normative expectation.,3,1,It asserts an observation about the strength of family loyalty rather than deriving a conclusion. Confidence is high because it states a claim.,4,0,"It generalizes about kinship across all human relations, beyond any single experience. Confidence is high because it abstracts across families.",4,A widespread proverb expressing the belief that family bonds are stronger than other ties.,"['fact', 'social', 'figure of speech', 'positive', 'knowledge', 'abstract']",z-ai/glm-5.3
A picture is worth a thousand words.,1,Whether images consistently outcommunicate words cannot be objectively demonstrated across contexts. Confidence is high that it is subjective.,4,0,"It concerns human communication and interpretation, socially shaped and of human origin. Confidence is high because meaning is a social phenomenon.",4,0,It is a hyperbolic proverb assigning a 'thousand words' to pictures. Confidence is high because the number is figurative.,4,1,It describes an empirical-seeming regularity about visual communication rather than prescribing anything. Confidence is high because it reads as an observation.,4,1,It states an observation about the communicative power of images rather than a logical derivation. Confidence is high because it asserts a claim.,4,0,"It generalizes about all visual and verbal communication, beyond everyday verification. Confidence is high because it abstracts across media.",4,A common saying expressing the belief that images convey information more powerfully than descriptions.,"['fact', 'social', 'figure of speech', 'positive', 'knowledge', 'abstract']",z-ai/glm-5.3
Consciousness emerges from neural activity in the brain.,0,"There is no consensus proof; some philosophers dispute that consciousness emerges from neural activity, so it's inherently debatable. However, it is widely accepted by scientists, so confidence is moderate.",2,1,"It's about objective biology/neuroscience, describing an empirical fact about the natural world rather than a social belief or convention.",4,1,"The sentence uses plain language with no metaphor, aphorism, or hyperbole.",4,1,"It describes an empirical regularity about nature (brain-mind relationship), not a value judgment or social norm.",4,1,It's a claim or observation about the world that may be true or false; it doesn't combine multiple facts through logic to arrive at a conclusion.,3,0,"This conclusion comes from neuroscience, not something directly observable in everyday individual experience. It's a regularity about how minds arise from physical processes.",4,"It's widely accepted common sense that the mind depends on the brain, though most people have never directly observed the mechanisms.","['opinion', 'physical', 'literal language', 'positive', 'knowledge', 'abstract']",z-ai/glm-5.3
The universe began with a big bang about 14 billion years ago.,0,"It's largely treated as established science, but the exact timing and nature of cosmic origins remain debated and are not directly demonstrable to any individual. Confidence is low since it leans toward fact.",1,1,It describes an objective feature of the natural world derived through physics and astronomy.,4,1,"Plain statement of a scientific claim, no figurative language.",4,1,"Describes an empirical event in nature, not a norm or value judgment.",4,1,"It is a factual claim about the world, not a conclusion derived by combining multiple pieces of knowledge through logic.",3,0,This is a cosmological conclusion inferred by scientists; no individual can observe or directly experience it in daily life.,4,"Many people casually accept this scientific origin story as common sense, though it comes from cosmology rather than personal experience.","['opinion', 'physical', 'literal language', 'positive', 'knowledge', 'abstract']",z-ai/glm-5.3
Human life expectancy has increased due to modern medicine.,0,This is more of a demonstrable empirical fact than an opinion. Confidence is low because it leans toward being a fact rather than a subjective claim.,1,1,It describes an objective biological and medical fact about human health and longevity.,4,1,"Uses plain language, no metaphors or figures of speech.",4,1,"Describes an empirical regularity in medicine and biology, not a normative judgment.",4,1,"It is an observation or factual claim about the world, not a logical derivation from combining multiple facts.",3,0,"This is a broad statistical trend across populations and centuries, not something an individual would directly encounter in daily experience.",4,"It's common sense that people live longer now than in the past because of medical advances, though few observe this directly.","['opinion', 'physical', 'literal language', 'positive', 'knowledge', 'abstract']",z-ai/glm-5.3
Genetic mutations drive evolution in living species.,0,"The mechanisms of evolution are scientifically established, making this closer to fact than opinion. Confidence is low.",1,1,It concerns biology and objective natural processes governing living organisms.,4,1,"Straightforward description of a biological process, no figurative language.",4,1,"Describes an empirical natural process, not a value or norm.",4,1,"It is a factual observation about how the world works, not a logical derivation combining multiple facts.",3,0,"Evolution through genetic mutation is a scientific concept inferred over long timescales, not something observable in ordinary personal experience.",4,"It's widely accepted common sense that evolution happens through genetic changes, though this is a scientific abstraction.","['opinion', 'physical', 'literal language', 'positive', 'knowledge', 'abstract']",z-ai/glm-5.3
Intelligence is partly inherited from one's parents.,0,The extent of genetic influence on intelligence is contested and debated; it's inherently debatable rather than definitively demonstrable.,3,1,"It relates to genetics and biology, describing an objective natural phenomenon rather than a social construct.",3,1,Plain statement without metaphor or hyperbole.,4,1,"Describes an empirical regularity in genetics, not a value judgment or social norm.",4,1,It is an observation or claim about the world rather than a conclusion derived by combining facts through logic.,3,0,"This is a conclusion from behavioral genetics and population studies, not directly observable through individual everyday experience.",4,"It's common sense that intelligence runs in families, though the degree is debated scientifically.","['opinion', 'physical', 'literal language', 'positive', 'knowledge', 'abstract']",z-ai/glm-5.3
Time moves slower near strong gravitational fields.,0,"This is a well-established scientific fact, so it leans toward fact rather than opinion. Confidence is very low.",1,1,It describes an objective feature of spacetime described by physics.,4,1,"Plain language describing a physical phenomenon, no figure of speech.",4,1,"Describes an empirical law of physics, not a value or norm.",4,1,"It is a factual observation about the universe, not a logical derivation combining multiple facts.",3,0,This is a counterintuitive result of Einstein's relativity; no one experiences it directly in everyday life.,4,"It's becoming common knowledge that gravity affects the passage of time, though it's a physics abstraction.","['opinion', 'physical', 'literal language', 'positive', 'knowledge', 'abstract']",z-ai/glm-5.3
The earth's climate is changing due to human activity.,0,"Although strongly supported scientifically, some still dispute the extent of human contribution, making it contested. Confidence is moderate.",2,1,It concerns objective physical processes in the atmosphere and environment.,4,1,"Direct plain statement, no figurative language.",4,1,"Describes an empirical process in nature, not a normative judgment or social convention.",4,1,"It is a claim about the state of the world, not a logical conclusion derived from combining multiple pieces of information.",3,0,"This is a conclusion drawn from complex climate science and global data, not something one directly observes in everyday personal experience.",4,"It's common sense to many that human-caused climate change is occurring, though it's an inferred scientific conclusion.","['opinion', 'physical', 'literal language', 'positive', 'knowledge', 'abstract']",z-ai/glm-5.3
Cancer is caused by uncontrolled cell growth.,0,This is a medically established fact rather than an opinion. Confidence is very low.,1,1,Describes an objective biological process in the body.,4,1,Plain description of a biological phenomenon.,4,1,"Describes a natural biological process, not a value judgment or norm.",4,1,"It is an observation or factual description about the world, not a conclusion derived by combining knowledge and logic.",3,0,"This is a medical/biological definition inferred from scientific study, not something directly encountered in everyday life.",4,"It's common sense that cancer involves cells growing out of control, though this is medical knowledge not directly experienced.","['opinion', 'physical', 'literal language', 'positive', 'knowledge', 'abstract']",z-ai/glm-5.3
Subatomic particles can exist in multiple states at once.,0,"It is an experimentally verified scientific fact, not a subjective opinion. Confidence is very low.",1,1,It is a phenomenon described by physics about the objective natural world.,4,1,"Plain statement of a physical phenomenon, no metaphors.",4,1,"Describes an empirical natural phenomenon, not a norm or value.",4,1,"It is a factual observation about how matter behaves, not a logical derivation.",3,0,Quantum superposition is a counterintuitive scientific concept; it cannot be observed or experienced directly by individuals.,4,"Quantum superposition is becoming commonly known, though it's a highly abstract physics concept.","['opinion', 'physical', 'literal language', 'positive', 'knowledge', 'abstract']",z-ai/glm-5.3
Vaccines train the immune system to fight disease.,0,"This is a scientifically established mechanism, closer to fact than opinion. Confidence is very low.",1,1,"It concerns biology and medicine, describing objective bodily processes.",4,1,Uses plain language to describe a biological process.,4,1,"Describes an empirical medical process, not a social norm or value.",4,1,"It is an observation about how the world (the body) works, not a logical derivation.",3,0,"This describes an internal biological process at the cellular level, inferred through science rather than directly observed in everyday life.",4,"It's common sense that vaccines work by priming immunity, though the mechanism is scientific knowledge.","['opinion', 'physical', 'literal language', 'positive', 'knowledge', 'abstract']",z-ai/glm-5.3
The average human body is about 60 percent water.,0,"It is a measurable, demonstrable scientific fact, not an opinion. Confidence is very low.",1,1,It describes an objective biological fact about the human body.,4,1,Plain factual statement with no figurative language.,4,1,"Describes an empirical fact about nature, not a value or norm.",4,1,"It is a factual observation about the world, not a conclusion derived through logic.",3,0,"This is a scientific measurement about human physiology, not something directly observed through everyday experience.",4,"It's common knowledge that our bodies are mostly water, a scientific fact about human physiology.","['opinion', 'physical', 'literal language', 'positive', 'knowledge', 'abstract']",z-ai/glm-5.3
There are more stars in the universe than grains of sand on Earth.,0,"It is an estimation that is strongly supported scientifically, though not directly verifiable by individuals. Confidence is low.",1,1,It describes an objective feature of the physical universe.,4,1,"Literal comparison, no metaphor or figure of speech.",4,1,"Describes an empirical regularity of the cosmos, not a norm or value.",4,1,"It is a factual claim about the world, not a conclusion derived by combining facts through logic.",3,0,This is an astronomical conclusion; no individual can directly observe or count this in everyday experience.,4,"It's commonly accepted that stars vastly outnumber sand grains, a conclusion from astronomy.","['opinion', 'physical', 'literal language', 'positive', 'knowledge', 'abstract']",z-ai/glm-5.3
Human beings share over 95 percent of their DNA with chimpanzees.,0,It is a measurable scientific fact rather than an opinion. Confidence is very low.,1,1,Describes an objective biological fact about genetics.,4,1,"Plain statement of a genetic fact, no figurative language.",4,1,"Describes an empirical genetic regularity, not a value or norm.",4,1,"It is a factual observation about biology, not a logical derivation.",3,0,"This is a genetic comparison from laboratory science, not something observable in daily life.",4,"It's commonly known that humans and chimps have very similar DNA, a finding from genetics.","['opinion', 'physical', 'literal language', 'positive', 'knowledge', 'abstract']",z-ai/glm-5.3
Antibiotic resistance is increasing because of overuse of antibiotics.,0,It is a scientifically established phenomenon rather than a subjective opinion. Confidence is very low.,1,1,It describes an objective biological process involving bacteria and drugs.,4,1,"Plain description of a biological trend, no figures of speech.",4,1,"Describes an empirical biological process, not a social norm or value.",4,1,"It is an observation or claim about a natural process, not a conclusion derived by combining facts through logic.",3,0,"This is a population-level trend in microbiology inferred from data, not something one directly observes day to day.",4,"It's commonly understood that overusing antibiotics leads to resistant bacteria, an abstract scientific trend.","['opinion', 'physical', 'literal language', 'positive', 'knowledge', 'abstract']",z-ai/glm-5.3
Nothing can travel faster than the speed of light.,0,"It is a well-established physical law, closer to fact than opinion. Confidence is very low.",1,1,Describes an objective physical law of the universe.,4,1,"Plain statement of a physical principle, no figurative language.",4,1,"Describes an empirical physical law, not a norm or value judgment.",4,1,"It is a factual claim about nature, not a conclusion derived through reasoning from multiple facts.",3,0,"This is a principle from Einstein's relativity, far removed from everyday direct experience.",4,"It's common knowledge that light is the universal speed limit, a foundational physics principle.","['opinion', 'physical', 'literal language', 'positive', 'knowledge', 'abstract']",z-ai/glm-5.3
Severe childhood malnutrition permanently stunts brain development.,0,It is a medically established effect rather than a matter of opinion. Confidence is very low.,1,1,It describes an objective biological process concerning nutrition and the brain.,4,1,"Plain statement about a biological consequence, no metaphor.",4,1,"Describes an empirical biological effect, not a norm or value judgment.",4,1,"It is an observation or factual claim about health, not a logical derivation.",3,0,"This is a conclusion from medical research on development, not something directly observed in typical everyday experience.",4,"It's common knowledge that malnutrition harms brain growth, an inference from medical research.","['opinion', 'physical', 'literal language', 'positive', 'knowledge', 'abstract']",z-ai/glm-5.3
Most of the universe is made of dark matter and dark energy.,0,"The nature of dark matter and energy is still uncertain and debated among scientists, making it somewhat contested. Confidence is moderate.",2,1,It concerns the physical composition of the universe as described by cosmology.,4,1,"Plain statement about cosmic composition, no figurative language.",4,1,"Describes an empirical feature of the universe, not a norm or value.",4,1,"It is a factual claim about the world, not a conclusion derived by combining facts through logic.",3,0,This is a cosmological conclusion based on inference from complex observations; no one directly experiences dark matter.,4,"It's becoming common knowledge that most of the cosmos is dark and mysterious, though this is an inference from cosmology.","['opinion', 'physical', 'literal language', 'positive', 'knowledge', 'abstract']",z-ai/glm-5.3
Sleep is essential for memory consolidation in the brain.,0,It is a well-supported scientific finding rather than an opinion. Confidence is very low.,1,1,It describes objective biological processes involving sleep and the brain.,4,1,"Plain description of a biological relationship, no figures of speech.",4,1,"Describes an empirical biological function, not a norm or value.",4,1,"It is an observation about how the body works, not a conclusion derived through logical reasoning.",3,0,"The internal neurological process of memory consolidation is inferred through scientific study, not directly observed in daily life.",4,"It's common sense that sleep helps lock in memories, a conclusion from neuroscience.","['opinion', 'physical', 'literal language', 'positive', 'knowledge', 'abstract']",z-ai/glm-5.3
Smoking cigarettes causes lung cancer.,0,It is a medically established causal relationship rather than an opinion. Confidence is very low.,1,1,It describes an objective health effect involving biology and chemistry.,4,1,"Plain statement of a medical fact, no figurative language.",4,1,"Describes an empirical health effect, not a norm or social value.",4,1,"It is an observation or factual claim about health, not a logical derivation.",3,0,"This is an epidemiological conclusion drawn from large-scale studies, not something directly observed in individual everyday experience.",4,"It's widely accepted common sense that smoking causes lung cancer, though this is an epidemiological conclusion.","['opinion', 'physical', 'literal language', 'positive', 'knowledge', 'abstract']",z-ai/glm-5.3
Water boils at a lower temperature at high altitudes.,0,"It is a demonstrable, measurable physical fact rather than an opinion. Confidence is very low.",1,1,It describes an objective physical phenomenon involving pressure and temperature.,4,1,"Plain statement about a physical phenomenon, no metaphors.",4,1,"Describes an empirical physical regularity, not a norm or value.",4,1,"It is a factual observation about the world, not a conclusion derived by combining facts through logic.",3,0,"The relationship between altitude and boiling point is a physical law, though many may notice it when cooking at high elevation. It borders on everyday but is fundamentally a scientific regularity.",3,"It's common knowledge among cooks and travelers that water boils sooner in the mountains, a physical principle.","['opinion', 'physical', 'literal language', 'positive', 'knowledge', 'abstract']",z-ai/glm-5.3
You can't teach an old dog new tricks.,0,"One cannot objectively prove people cannot change; many do, so it remains a subjective belief. I am somewhat confident.",3,0,It is a socially constructed proverb reflecting human beliefs about habits and change. It is not a physical law. I am very confident.,4,0,It is an aphorism using 'old dog' as a metaphor for people set in their ways. It is not literal. I am very confident.,4,0,It expresses a shared judgment about how people tend to behave and resist change. It is not an empirical measurement. I am very confident.,4,0,The conclusion that old habits resist change follows from combining observations of behavior with the logic of the proverb. It is not a bare observation. I am somewhat confident.,3,1,People encounter stubborn habits in themselves and others daily. It is not abstract theory. I am very confident.,4,This is a widely known proverb used in everyday conversation to express that people rarely change established habits.,"['opinion', 'social', 'figure of speech', 'normative', 'reasoning', 'everyday']",z-ai/glm-5.3
Don't cry over spilled milk.,0,Whether one should express regret is subjective; some find venting healthy. It cannot be objectively proven. I am somewhat confident.,3,0,It is a socially constructed saying giving human advice about regret. It is not a physical fact. I am very confident.,4,0,"'Spilled milk' is a metaphor for any irretrievable mistake, making it figurative. It is not literal. I am very confident.",4,0,It prescribes how one should emotionally respond to minor mishaps. It is not a descriptive regularity. I am very confident.,4,0,"The advice follows logically: since the mistake is irreversible, lamenting achieves nothing. It combines knowledge with reasoning. I am somewhat confident.",3,1,Spilling things and making small mistakes occur in ordinary daily life. It is not abstract. I am very confident.,4,This common proverb advises people not to dwell on mistakes that cannot be undone.,"['opinion', 'social', 'figure of speech', 'normative', 'reasoning', 'everyday']",z-ai/glm-5.3
The early bird catches the worm.,0,Whether early action truly guarantees success is debatable; latecomers sometimes win. It is subjective. I am somewhat confident.,3,0,It is a human-made proverb reflecting socially valued beliefs about punctuality. It is not a natural law. I am very confident.,4,0,It uses birds and worms metaphorically to represent people and opportunities. It is not literal. I am very confident.,4,0,It endorses a norm that people should act early or promptly. It is not a neutral fact. I am very confident.,4,0,The conclusion that acting early yields rewards follows from combining general observations of competition with logic. It is not a bare fact. I am somewhat confident.,3,1,"Arriving early at sales, queues, or opportunities is a common daily experience. It is not abstract. I am very confident.",4,This proverb suggests that those who act promptly gain advantages over others.,"['opinion', 'social', 'figure of speech', 'normative', 'reasoning', 'everyday']",z-ai/glm-5.3
A watched pot never boils.,0,The subjective experience of time dragging cannot be objectively measured or proven. It is inherently subjective. I am somewhat confident.,3,0,It is a socially constructed idiom about human perception of waiting. It is not a physical claim. I am very confident.,4,0,It is a hyperbole since watched pots literally do boil; it means waiting feels endless. It is not literal. I am very confident.,4,0,It conveys a folk wisdom that one should be patient rather than fixate on waiting. It is a normative belief. I am somewhat confident.,3,0,The conclusion that waiting feels longer when watched follows from combining experience of time perception with the idiom's logic. I am somewhat confident.,3,1,"Waiting for kettles, buses, or results is a universal daily experience. It is not abstract. I am very confident.",4,This saying expresses that time seems to drag when you anxiously wait for something.,"['opinion', 'social', 'figure of speech', 'normative', 'reasoning', 'everyday']",z-ai/glm-5.3
Better safe than sorry.,0,Whether caution always beats risk is a subjective judgment; risk-taking sometimes pays off. I am somewhat confident.,3,0,It is a socially constructed saying conveying human values about caution. It is not a physical fact. I am very confident.,4,0,"'Sorry' is figurative shorthand for suffering consequences, making it an aphoristic expression. It is not plain literal language. I am very confident.",4,0,It prescribes that one should choose safety over risk. It is a normative guideline. I am very confident.,4,0,The conclusion follows from reasoning that avoiding risk prevents regrettable outcomes. It combines knowledge with logic. I am somewhat confident.,3,1,Deciding whether to bring an umbrella or double-check a lock is an everyday situation. It is not abstract. I am very confident.,4,This common advice suggests caution prevents later regret in everyday decisions.,"['opinion', 'social', 'figure of speech', 'normative', 'reasoning', 'everyday']",z-ai/glm-5.3
Don't put all your eggs in one basket.,0,Whether diversification is always best is debatable; focus sometimes yields greater rewards. It is subjective. I am somewhat confident.,3,0,It is a human-origin proverb about socially learned prudence. It is not a physical rule. I am very confident.,4,0,Eggs and a basket are metaphors for resources and a single venture. It is not literal. I am very confident.,4,0,It is a norm advising diversification of efforts or investments. It is not an empirical observation. I am very confident.,4,0,The advice follows from reasoning that a single failure would cause total loss if everything is concentrated. It combines knowledge with logic. I am somewhat confident.,3,1,Choosing where to invest money or apply for jobs reflects this everyday decision-making. It is not abstract. I am somewhat confident.,3,This proverb advises against concentrating all resources on a single risky option.,"['opinion', 'social', 'figure of speech', 'normative', 'reasoning', 'everyday']",z-ai/glm-5.3
You reap what you sow.,0,Whether justice always repays actions as claimed is subjective; wrongdoing sometimes goes unpunished. I am somewhat confident.,3,0,It is a socially constructed proverb rooted in human moral belief. It is not a natural law. I am very confident.,4,0,It uses farming imagery of sowing and reaping metaphorically for actions and results. It is not literal. I am very confident.,4,0,"It conveys a moral norm that good deeds earn good outcomes, guiding behavior. It is normative. I am very confident.",4,0,The conclusion links actions to consequences via reasoning about cause and effect in social life. It is not a bare observation. I am somewhat confident.,3,1,Experiencing consequences of one's choices happens constantly in ordinary life. It is not abstract. I am very confident.,4,This proverb expresses the belief that one's actions eventually bring matching consequences.,"['opinion', 'social', 'figure of speech', 'normative', 'reasoning', 'everyday']",z-ai/glm-5.3
"If it ain't broke, don't fix it.",0,Whether change is unnecessary is subjective; improvements sometimes come from fixing unbroken things. I am somewhat confident.,3,0,It is a socially constructed folk saying about human conventions of prudence. It is not physical. I am very confident.,4,0,"'Broke' and 'fix' are colloquial, aphoristic phrasing; the saying is a fixed idiom. It is not plain literal language. I am very confident.",4,0,"It prescribes a norm: functioning things should not be altered. It is advisory, not descriptive. I am very confident.",4,0,The conclusion follows from reasoning that changing working things risks unnecessary new problems. It combines knowledge and logic. I am somewhat confident.,3,1,"Deciding whether to update appliances, software, or routines is an everyday matter. It is not abstract. I am very confident.",4,This folk advice suggests that working things should be left alone rather than needlessly changed.,"['opinion', 'social', 'figure of speech', 'normative', 'reasoning', 'everyday']",z-ai/glm-5.3
Don't judge a book by its cover.,0,Whether appearances should be ignored is a subjective value; sometimes appearances are informative. I am somewhat confident.,3,0,It is a socially constructed saying about human perception and social judgment. It is not physical. I am very confident.,4,0,Books and covers are metaphors for people and appearances. It is not literal. I am very confident.,4,0,It prescribes a norm that people should not judge others by appearance. It is advisory. I am very confident.,4,0,The conclusion that appearances mislead follows from combining experiences of mistaken judgments with reasoning. It is not a bare fact. I am somewhat confident.,3,1,Meeting new people and forming impressions is a constant everyday experience. It is not abstract. I am very confident.,4,This proverb advises that outward appearances do not reveal true character or quality.,"['opinion', 'social', 'figure of speech', 'normative', 'reasoning', 'everyday']",z-ai/glm-5.3
Two wrongs don't make a right.,0,Whether retaliation is always wrong is a subjective moral judgment. It cannot be objectively proven. I am somewhat confident.,3,0,It is a socially constructed moral rule governing human conduct. It is not physical. I am very confident.,4,0,"It is an aphorism, a compact traditional saying, though its language is fairly plain. I am somewhat confident.",2,0,It is clearly a normative principle about how people should act. It is not descriptive. I am very confident.,4,0,The conclusion that retaliation is not justified follows from moral reasoning combining norms with logic. It is not an observation. I am somewhat confident.,3,1,Disputes and revenge situations arise commonly in daily social interactions. It is not abstract. I am very confident.,4,This moral proverb teaches that retaliating with harm does not justify the original wrong.,"['opinion', 'social', 'figure of speech', 'normative', 'reasoning', 'everyday']",z-ai/glm-5.3
"When in Rome, do as the Romans do.",0,Whether conforming to local norms is always right is subjective; some prefer keeping their own ways. I am somewhat confident.,3,0,It is a socially constructed rule about adapting to human customs. It is not physical. I am very confident.,4,0,It is a traditional idiomatic aphorism rather than plain literal language. I am very confident.,4,0,"It prescribes conforming to local norms, a clear social convention. It is advisory. I am very confident.",4,0,The conclusion that one should follow local customs follows from reasoning about fitting in and avoiding offense. It combines knowledge and logic. I am somewhat confident.,3,1,"Traveling, dining, or working in new places involves encountering different customs. It is not abstract. I am very confident.",4,This proverb advises adapting one's behavior to local customs when away from home.,"['opinion', 'social', 'figure of speech', 'normative', 'reasoning', 'everyday']",z-ai/glm-5.3
Absence makes the heart grow fonder.,0,Whether absence strengthens or weakens love varies and cannot be objectively proven. It is subjective. I am very confident.,4,0,It is a socially constructed belief about human relationships and emotion. It is not physical. I am very confident.,4,0,It is a poetic aphorism; the heart symbolizes affection figuratively. It is not literal. I am very confident.,4,0,"It reflects a shared romantic ideal that distance should strengthen love. It is a social belief, not a measurement. I am somewhat confident.",3,0,The conclusion that fondness grows with absence combines emotional knowledge with reasoning about longing. It is not a bare observation. I am somewhat confident.,3,1,Being apart from loved ones due to travel or work is a common experience. It is not abstract. I am very confident.,4,This saying expresses that separation often deepens affection between people.,"['opinion', 'social', 'figure of speech', 'normative', 'reasoning', 'everyday']",z-ai/glm-5.3
Don't bite the hand that feeds you.,0,Whether loyalty is always owed to benefactors is a subjective moral judgment. It cannot be proven objectively. I am somewhat confident.,3,0,It is a socially constructed rule about loyalty and gratitude in human relations. It is not physical. I am very confident.,4,0,Biting a feeding hand is a vivid metaphor for betraying a helper. It is not literal. I am very confident.,4,0,"It prescribes that one should not harm benefactors, a clear normative guideline. I am very confident.",4,0,The warning follows from reasoning that harming supporters endangers one's own wellbeing. It combines knowledge and logic. I am somewhat confident.,3,1,"Interactions with family, employers, or friends who support us are everyday occurrences. It is not abstract. I am very confident.",4,This proverb warns against harming those who support and help you.,"['opinion', 'social', 'figure of speech', 'normative', 'reasoning', 'everyday']",z-ai/glm-5.3
The grass is always greener on the other side.,0,Whether others' lives are truly better is inherently subjective and cannot be proven. I am very confident.,4,0,It reflects a socially observed human tendency of envy and perception. It is of human origin. I am very confident.,4,0,Greener grass is a metaphor for others' seemingly better lives. It is not literal. I am very confident.,4,0,It implicitly critiques a norm of dissatisfaction and envying others. It is a judgment about attitudes. I am somewhat confident.,3,0,The conclusion that people idealize others' situations follows from reasoning about comparison and perception. It is not a bare fact. I am somewhat confident.,3,1,"Coveting neighbors' jobs, cars, or lives is a familiar everyday feeling. It is not abstract. I am very confident.",4,This idiom expresses that people often believe others' circumstances are better than their own.,"['opinion', 'social', 'figure of speech', 'normative', 'reasoning', 'everyday']",z-ai/glm-5.3
A penny saved is a penny earned.,0,Whether frugality equals earning is a subjective value; some argue earning matters more. I am somewhat confident.,3,0,It is a socially constructed value about money and thrift. It is not a physical fact. I am very confident.,4,0,"It is an aphoristic parallel construction, a traditional saying. It is not plain literal description. I am very confident.",4,0,"It prescribes frugality as a virtue, a normative financial guideline. I am very confident.",4,0,The conclusion that saving equals earning follows from reasoning about the equivalence of kept versus gained money. I am somewhat confident.,3,1,Saving small amounts from daily purchases is an ordinary everyday activity. It is not abstract. I am very confident.,4,This proverb teaches that avoiding unnecessary spending is as valuable as earning money.,"['opinion', 'social', 'figure of speech', 'normative', 'reasoning', 'everyday']",z-ai/glm-5.3
Too many cooks spoil the broth.,0,Whether many contributors always spoil outcomes is debatable; collaboration can succeed. It is subjective. I am somewhat confident.,3,0,It is a socially constructed saying about group collaboration. It is of human origin. I am very confident.,4,0,Cooks and broth are metaphors for contributors and a shared project. It is not literal. I am very confident.,4,0,"It prescribes limiting contributors in decision-making, a normative guideline for cooperation. I am somewhat confident.",3,0,The conclusion that excess input ruins outcomes follows from reasoning about conflicting directions. It combines knowledge and logic. I am somewhat confident.,3,1,"Group projects, committees, and shared tasks are common daily experiences. It is not abstract. I am very confident.",4,This proverb warns that too many participants can ruin a group effort.,"['opinion', 'social', 'figure of speech', 'normative', 'reasoning', 'everyday']",z-ai/glm-5.3
Honesty is the best policy.,0,Whether honesty is always best is a subjective moral judgment; white lies exist. I am somewhat confident.,3,0,It is a socially constructed moral value about truthfulness. It is not physical. I am very confident.,4,0,"It is a traditional aphorism with fixed phrasing, though fairly plain language. I am somewhat confident.",2,0,It is a clear norm prescribing honesty as the preferred behavior. It is not descriptive. I am very confident.,4,0,The conclusion that honesty is best follows from reasoning that lies cause distrust and complications. It combines knowledge and logic. I am somewhat confident.,3,1,Choosing whether to tell the truth arises constantly in daily interactions. It is not abstract. I am very confident.,4,This proverb advises that truthful conduct is the most advisable course of action.,"['opinion', 'social', 'figure of speech', 'normative', 'reasoning', 'everyday']",z-ai/glm-5.3
"If the shoe fits, wear it.",0,Whether one should accept criticism is subjective; sometimes rebuttal is fair. It cannot be objectively proven. I am somewhat confident.,3,0,It is a socially constructed idiom about accepting criticism in human interaction. It is not physical. I am very confident.,4,0,Shoes fitting is a metaphor for criticism applying to a person. It is not literal. I am very confident.,4,0,"It prescribes accepting applicable criticism, a norm of self-awareness. It is advisory. I am somewhat confident.",3,0,"The conclusion follows from reasoning: if a description matches you, it applies to you. It combines knowledge and logic. I am somewhat confident.",3,1,Receiving teasing or criticism among friends and colleagues is an everyday occurrence. It is not abstract. I am very confident.,4,"This idiom suggests that if a criticism applies to you, you should accept it.","['opinion', 'social', 'figure of speech', 'normative', 'reasoning', 'everyday']",z-ai/glm-5.3
Old habits die hard.,0,How hard habits are to break varies by person and cannot be objectively measured. It is subjective. I am somewhat confident.,3,0,"It concerns socially formed habits, a human behavioral pattern. It is of human origin. I am very confident.",4,0,"Habits 'dying' is a personification, a figurative aphorism. It is not literal. I am very confident.",4,0,"It implies a normative lesson to be patient with change, a shared belief. I am somewhat confident.",3,0,The conclusion that habits resist change follows from combining repeated observations with logical inference. It is not a bare observation. I am somewhat confident.,3,1,Trying to quit nail-biting or change routines is a common everyday struggle. It is not abstract. I am very confident.,4,This saying expresses that long-established behaviors are difficult to change.,"['opinion', 'social', 'figure of speech', 'normative', 'reasoning', 'everyday']",z-ai/glm-5.3
"You can lead a horse to water, but you can't make it drink.",0,Whether people can never be compelled is subjective; incentives sometimes change behavior. It cannot be objectively proven. I am somewhat confident.,3,0,It is a socially constructed saying about human autonomy and persuasion. It is not physical. I am very confident.,4,0,The horse and water are metaphors for a person and an offered opportunity. It is not literal. I am very confident.,4,0,"It conveys a normative insight that coercion is wrong or futile, guiding social expectations. I am somewhat confident.",3,0,The conclusion follows from reasoning about agency: offering help does not guarantee its use. It combines knowledge and logic. I am somewhat confident.,3,1,Offering advice that others ignore happens in ordinary daily life. It is not abstract. I am very confident.,4,This proverb expresses that you cannot force someone to act against their will.,"['opinion', 'social', 'figure of speech', 'normative', 'reasoning', 'everyday']",z-ai/glm-5.3
Laughter is the best medicine.,0,Whether laughter beats actual treatment is subjective and cannot be objectively proven. I am very confident.,4,0,It is a socially constructed belief about humor's role in human life. It is not physical. I am very confident.,4,0,'Best medicine' is a metaphor; laughter is not literally medicine. It is not literal language. I am very confident.,4,0,It endorses a norm that one should keep humor for wellbeing. It is a value statement. I am very confident.,4,0,The conclusion that laughter aids healing follows from combining observations of mood with reasoning about coping. It is not a bare fact. I am somewhat confident.,3,1,Using jokes to cheer friends or oneself is a familiar everyday experience. It is not abstract. I am very confident.,4,This saying suggests that humor and joy help people cope with hardship and heal.,"['opinion', 'social', 'figure of speech', 'normative', 'reasoning', 'everyday']",z-ai/glm-5.3
"You can't squeeze blood from a turnip, so don't beg your broke friend for cash.",0,"The advice is a subjective judgment about what one should do; it cannot be objectively proven correct. It is not a fact, though some may view the futility as factual; confidence moderate-high.",3,1,"The turnip metaphor draws on physical impossibility, but the statement is mainly about social norms; physicality is weak here. Only somewhat satisfied.",2,0,'Squeeze blood from a turnip' is a proverbial metaphor for the impossible; it is not literal language about vegetables. Confidence high because the metaphor is standard.,4,0,"'Don't beg' is advice about proper behavior, a social norm; it is not a positive empirical law. Confidence high.",4,0,It combines the knowledge that a broke friend has no money with logic to conclude begging is useless; it goes beyond a mere observation. Confidence high.,4,1,Borrowing or asking for money is an ordinary situation most people encounter; it is not an abstract regularity. Confidence high.,4,"It's widely understood that demanding money from someone who has none is futile, blending a proverb with everyday finance advice.","['opinion', 'physical', 'figure of speech', 'normative', 'reasoning', 'everyday']",z-ai/glm-5.3
"A watched pot never boils, so stop hovering over the stove and it'll finish.",0,"It is folk wisdom about impatience, not objectively verifiable; it is opinion rather than fact. Confidence high, though the water does boil regardless.",3,1,"Boiling is a physical process and time perception has physical basis, but the statement's core is social advice; physical link weak. Somewhat satisfied.",2,0,"'A watched pot never boils' is a hyperbolic proverb about impatience, not a literal claim; it is figure of speech. Confidence very high.",4,0,"'Stop hovering' is advice on how to behave while cooking, a mild social convention; not a positive law. Confidence moderate-high.",3,0,"It reasons from experience that attention slows perceived time, concluding you should walk away; it combines knowledge and logic. Confidence high.",4,1,"Waiting for food to cook is a mundane, universal experience; not abstract. Confidence very high.",4,"Common wisdom says anxious waiting makes time drag, applied to cooking, a universal chore.","['opinion', 'physical', 'figure of speech', 'normative', 'reasoning', 'everyday']",z-ai/glm-5.3
"The early bird catches the worm, so beating rush hour means a smoother commute.",0,"Whether early departures always help is a subjective belief that can't be definitively proven; it is opinion. It borders on fact, so confidence moderate.",3,1,"Traffic congestion follows measurable patterns, giving a physical basis, but the core is social behavior. Only somewhat satisfied.",2,0,'Early bird catches the worm' is an aphoristic metaphor about diligence; not literal. Confidence very high.,4,0,"It implies one should leave early, a valued convention about punctuality; not a positive fact. Confidence moderate-high.",3,0,It combines knowledge of traffic patterns with logic to conclude early departure helps; it is reasoning. Confidence high.,4,1,Commuting at rush hour is a routine daily experience; not abstract. Confidence very high.,4,"People believe leaving early avoids traffic, a relatable commuter insight phrased as a proverb.","['opinion', 'physical', 'figure of speech', 'normative', 'reasoning', 'everyday']",z-ai/glm-5.3
"Home is where the heart is, so I feel at ease in my tiny apartment.",0,"The sense of ease is a personal, subjective feeling that cannot be objectively verified; it is opinion. Confidence high.",4,1,"The apartment's small size is a physical fact, but the statement's core is social-emotional. Physical aspect weak; somewhat satisfied.",2,0,'Home is where the heart is' is a metaphorical aphorism; not literal. Confidence very high.,4,0,It reflects a value that emotional bonds matter more than physical space; normative but weakly so. Confidence moderate.,2,0,It combines the belief that attachment defines home with the personal feeling to conclude ease; it is reasoning. Confidence moderate-high.,3,1,Living in and feeling attached to one's apartment is an ordinary experience; not abstract. Confidence very high.,4,Believing comfort comes from emotional attachment rather than size reflects common sense about home.,"['opinion', 'physical', 'figure of speech', 'normative', 'reasoning', 'everyday']",z-ai/glm-5.3
"An apple a day keeps the doctor away, and I haven't been sick all year.",0,"The health claim and personal attribution are subjective beliefs about causation; opinion. Confidence moderate, as nutrition science is factual.",3,1,"Nutrition and immunity are physical processes, giving some physical grounding, though phrased socially. Confidence moderate.",3,0,'Apple a day' is a hyperbolic proverb about healthy habits; not literal. Confidence very high.,4,0,"It promotes a valued habit of healthy eating, a social norm; not a positive fact. Confidence moderate-high.",3,0,"It links habitual apple eating with no illness, inferring cause from outcome; it combines knowledge and logic. Confidence moderate-high.",3,1,Eating and staying well are everyday experiences; not abstract. Confidence very high.,4,"Eating fruit is commonly linked to health, a relatable dietary belief phrased as a proverb.","['opinion', 'physical', 'figure of speech', 'normative', 'reasoning', 'everyday']",z-ai/glm-5.3
"Don't cry over spilled milk, so I'll just mop the floor and move on.",0,The choice to move on is a subjective attitude toward mishaps; opinion. Confidence high.,4,1,"The spill and mopping involve physical liquids, but the core is social advice; physical aspect secondary. Somewhat satisfied.",2,0,'Don't cry over spilled milk' is an aphorism meaning don't dwell on mishaps; not literal. Confidence very high.,4,0,"It advises emotional restraint, a socially valued norm; not a positive law. Confidence high.",4,0,"It reasons that a spill is irreversible and minor, concluding mopping suffices; knowledge plus logic. Confidence high.",4,1,Spilling milk at home is a mundane occurrence; not abstract. Confidence very high.,4,"Common sense says minor accidents shouldn't cause distress, applied to a household spill.","['opinion', 'physical', 'figure of speech', 'normative', 'reasoning', 'everyday']",z-ai/glm-5.3
"Actions speak louder than words, so judge coworkers by what they deliver.",0,Judging by results is a subjective evaluative stance; opinion. Confidence high.,4,1,"It concerns social behavior, not physical features; this feature is largely unsatisfied. Low confidence.",1,0,'Actions speak louder than words' is a metaphorical aphorism; not literal. Confidence very high.,4,0,It prescribes a judgment norm for evaluating others; not positive. Confidence high.,4,0,It combines the premise that deeds matter with logic to conclude how to evaluate; reasoning. Confidence high.,4,1,Evaluating coworkers' performance is routine in work life; not abstract. Confidence very high.,4,Trusting deeds over promises is common workplace wisdom.,"['opinion', 'physical', 'figure of speech', 'normative', 'reasoning', 'everyday']",z-ai/glm-5.3
"Better late than never, so sending the birthday card today still counts.",0,Whether a late card counts is a subjective social judgment; opinion. Confidence high.,4,1,"Card delivery is a physical act, but the meaning is social; weak physical grounding. Somewhat satisfied at best.",1,0,'Better late than never' is a proverb; not literal. Confidence very high.,4,0,It reflects a norm about accepting belated goodwill; not positive. Confidence high.,4,0,"It reasons that a late gesture retains value, concluding it still counts; knowledge plus logic. Confidence high.",4,1,Sending birthday cards is an ordinary social ritual; not abstract. Confidence very high.,4,"Belated effort is still valued, common sense for personal gestures.","['opinion', 'physical', 'figure of speech', 'normative', 'reasoning', 'everyday']",z-ai/glm-5.3
"The best things in life are free, like a walk in the park at sunset.",0,What counts as 'best' is a subjective value judgment; opinion. Confidence high.,4,1,"The sunset walk occurs in the physical world, but the claim is about value; weak physical grounding. Somewhat satisfied.",2,0,'Best things in life are free' is a hyperbolic aphorism; not literal. Confidence very high.,4,0,It expresses a value about what should be cherished; normative. Confidence high.,4,0,"It links the free walk with life's best things, inferring its value; reasoning present but simple. Confidence moderate-high.",3,1,Walking in a park is a common leisure activity; not abstract. Confidence very high.,4,Valuing simple pleasures over cost is everyday wisdom.,"['opinion', 'physical', 'figure of speech', 'normative', 'reasoning', 'everyday']",z-ai/glm-5.3
"You are what you eat, so I skip junk food before my morning run.",0,"The decision to skip junk food is a personal choice, not objectively provable as right; opinion. Confidence moderate-high.",3,1,"Nutrition and running are physical processes, grounding the statement physically. Confidence moderate-high.",3,0,'You are what you eat' is a metaphor about diet shaping health; not literal. Confidence very high.,4,0,"It implies one should eat well, a health norm; not positive. Confidence moderate-high.",3,0,It combines knowledge of diet's effects with logic to conclude skipping junk food; reasoning. Confidence high.,4,1,Eating and running are routine activities; not abstract. Confidence very high.,4,"Diet choices affect wellbeing, common sense for exercisers.","['opinion', 'physical', 'figure of speech', 'normative', 'reasoning', 'everyday']",z-ai/glm-5.3
"Absence makes the heart grow fonder, so distance will strengthen our love.",0,Whether distance strengthens love is subjective and varies by couple; opinion. Confidence high.,4,1,"Emotional effects of distance are social-psychological, not physical; largely unsatisfied. Low confidence.",1,0,'Absence makes the heart grow fonder' is a proverbial metaphor; not literal. Confidence very high.,4,0,It reflects a romantic belief about how relationships should be viewed; weakly normative. Confidence moderate.,2,0,It applies the proverb's premise to conclude love will grow; knowledge plus logic. Confidence moderate-high.,3,1,Being apart from a partner is a common relationship experience; not abstract. Confidence very high.,4,"Many believe separation deepens affection, common in relationships.","['opinion', 'physical', 'figure of speech', 'normative', 'reasoning', 'everyday']",z-ai/glm-5.3
"Every cloud has a silver lining, so losing my job pushed me toward a better one.",0,Interpreting job loss as beneficial is a subjective framing; opinion. Confidence high.,4,1,"Clouds and linings are physical imagery, but the meaning is social; weak physical grounding. Somewhat satisfied at best.",2,0,'Silver lining' is a metaphor for hidden benefit; not literal. Confidence very high.,4,0,"It encourages optimism, a valued outlook; weakly normative. Confidence moderate.",2,0,"It infers a positive outcome from a setback, combining experience and logic; reasoning. Confidence high.",4,1,Job loss is a realistic life event many face; not abstract. Confidence very high.,4,"Setbacks often lead to unexpected gains, a common resilience belief.","['opinion', 'physical', 'figure of speech', 'normative', 'reasoning', 'everyday']",z-ai/glm-5.3
"Too many cooks spoil the broth, so our committee should let one person lead.",0,Whether one leader is better is a subjective management view; opinion. Confidence high.,4,1,"Broth cooking is physical, but the core is group dynamics; weak physical grounding. Somewhat satisfied.",2,0,'Too many cooks' is a metaphor about over-collaboration; not literal cooking. Confidence very high.,4,0,"It prescribes how the committee should organize, a normative suggestion; not positive. Confidence high.",4,0,It applies the proverb's logic to conclude a leadership structure; reasoning. Confidence high.,4,1,Working on committees is a common experience; not abstract. Confidence very high.,4,"Too much input harms outcomes, common sense for group work.","['opinion', 'physical', 'figure of speech', 'normative', 'reasoning', 'everyday']",z-ai/glm-5.3
"Practice makes perfect, so I'll master the piano if I play scales daily.",0,Assured mastery is an optimistic personal belief; opinion. Confidence high.,4,1,"Skill acquisition involves motor learning, a physical process; moderate grounding. Confidence moderate.",3,0,'Practice makes perfect' is an aphorism with hyperbole; not literal perfection. Confidence very high.,4,0,It endorses diligence as a virtue to follow; weakly normative. Confidence moderate-high.,3,0,It combines the practice principle with the plan to infer mastery; reasoning. Confidence high.,4,1,Learning piano at home is an everyday pursuit; not abstract. Confidence very high.,4,"Consistent practice improves skill, a common learning belief.","['opinion', 'physical', 'figure of speech', 'normative', 'reasoning', 'everyday']",z-ai/glm-5.3
"Kill two birds with one stone, so I'll exercise by biking to work.",0,Choosing biking as optimal is a personal judgment; opinion. Confidence moderate-high.,3,1,Cycling is a physical activity with measurable effects; moderate physical grounding. Confidence moderate.,3,0,'Kill two birds' is a metaphor for multitasking; not literal. Confidence very high.,4,0,"It suggests an efficient course of action, implying a norm of productivity; weakly normative. Confidence moderate.",2,0,It combines commuting and fitness goals to conclude biking serves both; reasoning. Confidence high.,4,1,Commuting and exercising are routine activities; not abstract. Confidence very high.,4,"Combining goals saves effort, common sense for busy people.","['opinion', 'physical', 'figure of speech', 'normative', 'reasoning', 'everyday']",z-ai/glm-5.3
"A stitch in time saves nine, so fix the leaky faucet before it floods.",0,The urgency to fix now is a subjective assessment; opinion. Confidence moderate-high.,3,1,Leaks and flooding are physical processes; strong physical grounding. Confidence high.,4,0,'Stitch in time' is a proverbial metaphor for prompt action; not literal sewing. Confidence very high.,4,0,It prescribes timely maintenance as proper conduct; normative. Confidence high.,4,0,"It predicts flooding from the leak, combining knowledge and logic; reasoning. Confidence high.",4,1,Household repairs are common occurrences; not abstract. Confidence very high.,4,"Timely repairs prevent bigger problems, everyday home wisdom.","['opinion', 'physical', 'figure of speech', 'normative', 'reasoning', 'everyday']",z-ai/glm-5.3
"Look before you leap, so I'll inspect the icy stairs before descending.",0,Deciding to inspect first is a prudent personal choice; opinion. Confidence moderate-high.,3,1,"Ice, stairs, and slipping are physical phenomena; strong physical grounding. Confidence high.",4,0,'Look before you leap' is an aphorism about caution; not literal leaping. Confidence very high.,4,0,"It advises cautious behavior, a safety norm; normative. Confidence high.",4,0,It infers risk from ice and concludes inspection is needed; reasoning. Confidence high.,4,1,Navigating icy stairs is a common winter hazard; not abstract. Confidence very high.,4,"Caution prevents accidents, common winter sense.","['opinion', 'physical', 'figure of speech', 'normative', 'reasoning', 'everyday']",z-ai/glm-5.3
"Laughter is the best medicine, so a comedy night will lift my friend's mood.",0,That comedy will lift the mood is a hopeful subjective prediction; opinion. Confidence high.,4,1,"Mood changes have physiological aspects, but the claim is social; weak physical grounding. Somewhat satisfied.",2,0,'Laughter is the best medicine' is a metaphor; not literal medicine. Confidence very high.,4,0,"It implies one should cheer others up, a social expectation; weakly normative. Confidence moderate.",2,0,It links laughter to mood improvement and plans a remedy; reasoning. Confidence moderate-high.,3,1,Watching comedy with a friend is an ordinary activity; not abstract. Confidence very high.,4,"Humor improves spirits, common sense for comforting others.","['opinion', 'physical', 'figure of speech', 'normative', 'reasoning', 'everyday']",z-ai/glm-5.3
"Rome wasn't built in a day, so I'll keep saving for my house deposit.",0,The expectation that savings will suffice is a hopeful belief; opinion. Confidence moderate-high.,3,1,"Money accumulation is measurable, but the core is motivational; weak physical grounding. Somewhat satisfied.",2,0,'Rome wasn't built in a day' is a historical aphorism about patience; not literal. Confidence very high.,4,0,It endorses perseverance as a virtue; weakly normative. Confidence moderate-high.,3,0,It combines the patience principle with the savings plan; reasoning. Confidence high.,4,1,Saving for a house is a common financial goal; not abstract. Confidence very high.,4,"Big goals need patience, common financial sense.","['opinion', 'physical', 'figure of speech', 'normative', 'reasoning', 'everyday']",z-ai/glm-5.3
"Waste not, want not, so I'll pack leftovers for tomorrow's lunch.",0,Packing leftovers as the right choice is a subjective habit view; opinion. Confidence moderate-high.,3,1,Food preservation and consumption are physical processes; moderate grounding. Confidence moderate.,3,0,"'Waste not, want not' is a proverb about thrift; not literal. Confidence very high.",4,0,It prescribes thrift as proper behavior; normative. Confidence high.,4,0,It infers future benefit from saving food; reasoning. Confidence high.,4,1,Handling leftovers is a routine kitchen task; not abstract. Confidence very high.,4,"Avoiding waste ensures future sufficiency, everyday kitchen wisdom.","['opinion', 'physical', 'figure of speech', 'normative', 'reasoning', 'everyday']",z-ai/glm-5.3
"All that glitters is not gold, so I'll research that bargain car before buying.",0,Suspecting the bargain is a cautious personal judgment; opinion. Confidence moderate-high.,3,1,A car's condition involves physical/mechanical properties; moderate physical grounding. Confidence moderate.,3,0,'All that glitters' is a metaphor about deceptive appearances; not literal. Confidence very high.,4,0,"It advises due diligence, a prudent norm; normative. Confidence high.",4,0,"It infers hidden flaws from the low price, combining knowledge and logic; reasoning. Confidence high.",4,1,Buying a used car is a common consumer situation; not abstract. Confidence very high.,4,"Attractive appearances may deceive, common consumer sense.","['opinion', 'physical', 'figure of speech', 'normative', 'reasoning', 'everyday']",z-ai/glm-5.3
"Since the party starts at eight, I should leave home by seven thirty.",0,The right departure time is a subjective judgment; one could reasonably leave earlier or later and not be provably wrong. I am somewhat confident.,3,0,"Punctuality expectations and party etiquette are human social conventions, not natural laws. I am very confident this satisfies the social feature.",4,1,"The sentence means exactly what it says, with no metaphors or idioms. I am very confident it satisfies this feature.",4,0,It expresses a 'should' about proper behavior based on social norms of punctuality. It is not a mere empirical description. I am very confident.,4,0,It draws a conclusion (leave by 7:30) by combining event knowledge with travel logic. It is not a bare observation. I am very confident.,4,1,"People routinely time their departure for social events; this is a common lived experience, not abstract theory. I am very confident.",4,Coordinating departure time with an event's start reflects ordinary social planning reasoning.,"['opinion', 'social', 'literal language', 'normative', 'reasoning', 'everyday']",z-ai/glm-5.3
"My neighbor waved and smiled at me, so she must be in a friendly mood.",0,The neighbor's mood cannot be objectively demonstrated from a wave; the inference is inherently subjective. I am somewhat confident.,3,0,Interpreting waves and smiles depends on human social signals and conventions. I am very confident.,4,1,"The sentence plainly states an observation and inference, without figurative language. I am very confident.",4,0,"It involves a belief about how social signals should be interpreted, a socially shared convention. I am somewhat confident, as it could be read as an empirical claim.",3,0,It combines an observation with social knowledge to reach a conclusion about mood. I am very confident.,4,1,People constantly greet neighbors and infer moods in ordinary life. I am very confident.,4,Reading another person's mood from gestures is classic everyday social inference.,"['opinion', 'social', 'literal language', 'normative', 'reasoning', 'everyday']",z-ai/glm-5.3
"I gave my friend a gift, so she will probably feel appreciated.",0,How the friend actually feels is subjective and cannot be proven or disproven objectively. I am somewhat confident.,3,0,Gift-giving is a socially constructed practice expressing appreciation. I am very confident.,4,1,"The sentence means exactly what it plainly says, with no figures of speech. I am very confident.",4,0,It reflects a shared social belief that gifts are the proper way to show appreciation. I am somewhat confident.,3,0,It reasons from an action (gift) to a predicted emotional outcome via social knowledge. I am very confident.,4,1,Giving gifts to friends is an ordinary experience for most people. I am very confident.,4,Gift-giving is a social practice with recognizable emotional consequences.,"['opinion', 'social', 'literal language', 'normative', 'reasoning', 'everyday']",z-ai/glm-5.3
"Since Grandma loves knitting, a yarn gift basket is the best present for her.",0,What makes the 'best' present is inherently subjective and not objectively demonstrable. I am very confident.,4,0,Personal preferences and gift-giving conventions are of human social origin. I am very confident.,4,1,"The sentence is plain and literal, describing a gift choice directly. I am very confident.",4,0,Calling it the 'best' present expresses a value judgment about what one should give. I am very confident.,4,0,It combines knowledge of Grandma's hobby with gift logic to reach a conclusion. I am very confident.,4,1,Selecting presents for family based on their hobbies is a familiar situation. I am very confident.,4,Choosing a gift based on known personal preferences is everyday reasoning.,"['opinion', 'social', 'literal language', 'normative', 'reasoning', 'everyday']",z-ai/glm-5.3
"Because it is my best friend's birthday, I should send her a card.",0,"Whether a card is truly required is subjective; some would call or visit instead, and neither is provably correct. I am somewhat confident.",3,0,Birthdays and greeting cards are human social conventions. I am very confident.,4,1,"The sentence says exactly what it means, with no figurative expressions. I am very confident.",4,0,It expresses a social duty ('should') tied to friendship etiquette. I am very confident.,4,0,It draws the conclusion 'should send a card' from the premise of a best friend's birthday. I am very confident.,4,1,"Sending birthday cards is a routine, familiar experience. I am very confident.",4,Remembering birthdays and acknowledging them is a common social norm.,"['opinion', 'social', 'literal language', 'normative', 'reasoning', 'everyday']",z-ai/glm-5.3
"The meeting ran over schedule, so it was probably poorly planned.",0,Whether the planning was truly poor is subjective; delays can have many causes and cannot be objectively adjudicated here. I am somewhat confident.,3,0,Meetings and schedules are socially constructed human arrangements. I am very confident.,4,1,The sentence is plain language meaning exactly what it states. I am very confident.,4,0,Calling the planning 'poor' is a value judgment about how meetings ought to be organized. I am very confident.,4,0,It infers a conclusion about planning quality from the observed schedule overrun. I am very confident.,4,1,Meetings running late are commonly encountered in ordinary work life. I am very confident.,4,Judging event organization from its outcome is everyday evaluative reasoning.,"['opinion', 'social', 'literal language', 'normative', 'reasoning', 'everyday']",z-ai/glm-5.3
"Since everyone at dinner ordered steak, I should have ordered steak too.",0,Whether following the group is the right choice is subjective and cannot be proven correct. I am very confident.,4,0,Menu choices and conformity to group behavior are social phenomena. I am very confident.,4,1,The sentence is literal and means exactly what it says. I am very confident.,4,0,"It expresses a belief that one should follow the group's choice, a social convention of fitting in. I am very confident.",4,0,It reasons from others' orders to a conclusion about one's own best action. I am very confident.,4,1,Choosing from a menu at dinner is an ordinary experience. I am very confident.,4,Using others' choices to guide one's own is a common social decision heuristic.,"['opinion', 'social', 'literal language', 'normative', 'reasoning', 'everyday']",z-ai/glm-5.3
"That driver honked at me, so I must have cut him off by mistake.",0,The driver's true motive is unknowable; the inference about one's mistake is subjective. I am somewhat confident.,3,0,Honking etiquette and right-of-way rules are human social conventions. I am very confident.,4,1,"The sentence plainly reports an event and an inference, without figurative language. I am very confident.",4,0,It presupposes the social rule that cutting people off is wrong driving behavior. I am somewhat confident.,3,0,It combines the honk observation with driving norms to conclude a mistake occurred. I am very confident.,4,1,Being honked at while driving is a common everyday occurrence. I am very confident.,4,Interpreting honking as feedback on one's own driving is everyday social inference.,"['opinion', 'social', 'literal language', 'normative', 'reasoning', 'everyday']",z-ai/glm-5.3
"My sister seemed quiet at dinner, so she must be upset with me.",0,Her actual feelings cannot be objectively verified; the interpretation is inherently subjective. I am somewhat confident.,3,0,Reading moods from behavior relies on socially learned emotional cues. I am very confident.,4,1,"The sentence is plain, literal language with no idioms or metaphors. I am very confident.",4,0,"It reflects a shared belief that quietness signals disapproval, a social interpretive convention. I am somewhat confident.",3,0,It reasons from observed quietness to a conclusion about her emotional state. I am very confident.,4,1,Family dinners and quiet relatives are ordinary experiences. I am very confident.,4,Inferring emotions from a family member's demeanor is a common social reasoning pattern.,"['opinion', 'social', 'literal language', 'normative', 'reasoning', 'everyday']",z-ai/glm-5.3
"Since the wedding is formal, guests should wear suits or dresses, not jeans.",0,What counts as appropriate attire is subjective and varies across cultures; it cannot be objectively proven. I am somewhat confident.,3,0,Dress codes are socially constructed conventions tied to events like weddings. I am very confident.,4,1,The sentence literally describes expected attire with no figures of speech. I am very confident.,4,0,It explicitly states a 'should' based on social dress norms. I am very confident.,4,0,It combines knowledge of the event's formality with dress norms to conclude what guests should wear. I am very confident.,4,1,Deciding what to wear to weddings is a familiar situation. I am very confident.,4,Dress codes matching occasion formality is a well-known social convention.,"['opinion', 'social', 'literal language', 'normative', 'reasoning', 'everyday']",z-ai/glm-5.3
"He proposed to her at their favorite restaurant, so it must have felt romantic.",0,Whether it felt romantic is a subjective feeling that cannot be objectively demonstrated. I am very confident.,4,0,"Proposals, romance, and 'favorite restaurants' are human social constructs. I am very confident.",4,1,The sentence is plain and means exactly what it says. I am very confident.,4,0,It reflects the social value that favorite venues make occasions romantic. I am somewhat confident.,3,0,It infers the romantic feeling from the proposal location via shared social knowledge. I am very confident.,4,1,People commonly dine at favorite restaurants and hear of proposals there. I am very confident.,4,Connecting a proposal setting to its perceived romance is everyday social judgment.,"['opinion', 'social', 'literal language', 'normative', 'reasoning', 'everyday']",z-ai/glm-5.3
"My boss praised my report, so she must think I deserve a promotion.",0,The boss's true opinion about a promotion cannot be objectively verified from praise. I am somewhat confident.,3,0,"Praise, promotions, and workplace hierarchy are human social constructs. I am very confident.",4,1,"The sentence plainly reports praise and an inference about the boss's view, without figurative language. I am very confident.",4,0,It reflects the workplace belief that good work should be rewarded with promotion. I am somewhat confident.,3,0,It combines the praise observation with workplace logic to conclude she favors a promotion. I am very confident.,4,1,Workplace praise and promotion hopes are common lived experiences. I am very confident.,4,Interpreting praise from authority figures as a career signal is everyday workplace reasoning.,"['opinion', 'social', 'literal language', 'normative', 'reasoning', 'everyday']",z-ai/glm-5.3
"Because the whole family celebrates Christmas, we should put up a tree in December.",0,Whether a tree is truly needed is subjective; families differ and neither view is provably correct. I am somewhat confident.,3,0,"Christmas and decorating trees are cultural, socially constructed traditions. I am very confident.",4,1,"The sentence literally describes putting up a tree, with no idioms. I am very confident.",4,0,It expresses a 'should' grounded in family and cultural tradition. I am very confident.,4,0,It concludes the tree is warranted from the premise of family celebration plus timing knowledge. I am very confident.,4,1,Putting up a Christmas tree is an ordinary seasonal activity. I am very confident.,4,Aligning household traditions with family customs is common social decision-making.,"['opinion', 'social', 'literal language', 'normative', 'reasoning', 'everyday']",z-ai/glm-5.3
"She thanked me twice for the ride, so she probably really appreciated it.",0,Her true level of appreciation is internal and cannot be objectively measured. I am somewhat confident.,3,0,Thanking someone is a social politeness convention. I am very confident.,4,1,"The sentence means exactly what it plainly says, with no figurative language. I am very confident.",4,0,It relies on the social norm that thanks express appreciation. I am somewhat confident.,3,0,It infers genuine appreciation by combining repeated thanks with politeness knowledge. I am very confident.,4,1,Giving rides and receiving thanks are ordinary experiences. I am very confident.,4,Reading gratitude intensity from repeated thanks is everyday social inference.,"['opinion', 'social', 'literal language', 'normative', 'reasoning', 'everyday']",z-ai/glm-5.3
"The teacher smiled at my answer, so I must have gotten it right.",0,Whether the answer was truly right cannot be determined from a smile alone; the inference is subjective. I am somewhat confident.,3,0,Classroom feedback via smiles is a socially constructed communicative convention. I am very confident.,4,1,"The sentence plainly describes a smile and an inference, without figurative language. I am very confident.",4,0,It reflects the shared belief that teacher approval signals correctness. I am somewhat confident.,3,0,It combines the observed smile with school knowledge to conclude the answer was correct. I am very confident.,4,1,Answering in class and observing teachers is an everyday school experience. I am very confident.,4,Reading a teacher's reaction as feedback on performance is familiar school reasoning.,"['opinion', 'social', 'literal language', 'normative', 'reasoning', 'everyday']",z-ai/glm-5.3
"Since my team won the championship, this is the best season of my life.",0,What makes a season the 'best' is inherently subjective and not objectively verifiable. I am very confident.,4,0,"Sports fandom, teams, and championships are human social constructs. I am very confident.",4,1,The sentence is plain and means exactly what it says. I am very confident.,4,0,Calling it the 'best' season expresses a personal value judgment about what matters in life. I am very confident.,4,0,It concludes the season's quality by combining the championship outcome with personal significance. I am very confident.,4,1,Following a favorite team through a season is a common experience. I am very confident.,4,Linking a favorite team's success to personal happiness is everyday fan reasoning.,"['opinion', 'social', 'literal language', 'normative', 'reasoning', 'everyday']",z-ai/glm-5.3
"Everyone else stayed late at the office, so I should stay late too.",0,Whether staying late is actually the right choice is subjective and debatable. I am very confident.,4,0,Office working hours and peer conformity are social conventions. I am very confident.,4,1,"The sentence literally describes staying late, with no figures of speech. I am very confident.",4,0,"It expresses a 'should' based on matching colleagues' behavior, a workplace social norm. I am very confident.",4,0,It reasons from others' behavior to a conclusion about one's own duty. I am very confident.,4,1,Deciding how late to stay at the office is an ordinary work situation. I am very confident.,4,Matching one's working hours to colleagues is a typical workplace norm.,"['opinion', 'social', 'literal language', 'normative', 'reasoning', 'everyday']",z-ai/glm-5.3
"My friend kept checking her phone during dinner, so she must be bored with me.",0,Her boredom is an internal state that cannot be objectively proven from phone-checking. I am somewhat confident.,3,0,Phone etiquette and dinner conversation norms are social conventions. I am very confident.,4,1,"The sentence plainly describes her behavior and an inference, without idioms. I am very confident.",4,0,It relies on the social norm that attention should be given to dinner companions. I am somewhat confident.,3,0,It combines the phone-checking observation with etiquette knowledge to infer her feelings. I am very confident.,4,1,People checking phones at dinner is a common modern experience. I am very confident.,4,Interpreting phone-checking as social disinterest is everyday conversational inference.,"['opinion', 'social', 'literal language', 'normative', 'reasoning', 'everyday']",z-ai/glm-5.3
"Because my parents love Italian food, we should choose that new pasta place.",0,Whether the pasta place is truly the right choice is subjective and cannot be proven correct. I am very confident.,4,0,Family tastes and restaurant-going are human social practices. I am very confident.,4,1,"The sentence means exactly what it says, with no figurative language. I am very confident.",4,0,"It expresses a 'should' about accommodating family preferences, a social value. I am very confident.",4,0,It concludes the restaurant choice from knowledge of preferences plus the new option. I am very confident.,4,1,Choosing restaurants for family outings is an ordinary experience. I am very confident.,4,Picking a restaurant from family preferences is a common everyday decision.,"['opinion', 'social', 'literal language', 'normative', 'reasoning', 'everyday']",z-ai/glm-5.3
The bride looked happier than anyone else at the wedding.,0,Comparing subjective happiness across people is inherently an opinion and cannot be objectively measured. I am very confident.,4,0,"Weddings, brides, and happiness comparisons are human social constructs. I am very confident.",4,1,"The sentence plainly states a comparison of visible happiness, without idioms. I am very confident.",4,0,It reflects the cultural expectation that brides should be the happiest at their wedding. I am somewhat confident.,3,0,It reaches a comparative conclusion by combining observations of the bride and guests. I am very confident.,4,1,Attending weddings and observing the couple is a familiar experience. I am very confident.,4,Comparing a bride's joy to guests' at a wedding is a common social observation and judgment.,"['opinion', 'social', 'literal language', 'normative', 'reasoning', 'everyday']",z-ai/glm-5.3
A plastic ruler will bend before it snaps if you press it too hard.,0,"It is an empirically checkable prediction, so it is fact rather than opinion.",1,1,"It depends on the mechanical properties of plastic, a physical matter.",4,1,"Plain literal description, no metaphor.",4,0,"The statement is a factual prediction about material behavior, not a value or social norm, so it is positive rather than normative.",1,0,It draws a reasoned conclusion about likely behavior from experience and material properties.,4,1,Bending plastic rulers is a familiar household experience.,4,Combines everyday experience with physical knowledge and simple mechanical reasoning.,"['opinion', 'physical', 'literal language', 'normative', 'reasoning', 'everyday']",z-ai/glm-5.3
"If you don't charge your phone overnight, it will die before noon.",0,"Battery behavior is objectively checkable, so it is fact.",1,1,It involves battery chemistry and power consumption.,4,1,Literal description of phone use.,4,0,"It is a factual prediction, not a value or convention.",1,0,It combines knowledge of battery drain with a logical prediction.,4,1,Phone charging is part of ordinary daily routines.,4,A practical everyday inference from battery behavior and usage habits.,"['opinion', 'physical', 'literal language', 'normative', 'reasoning', 'everyday']",z-ai/glm-5.3
The ice on your windshield will melt faster if you pour warm water on it.,0,Heat transfer effects are objectively testable.,1,1,It relies on heat transfer principles.,4,1,"Literal, plainly worded statement.",4,0,"It is an empirical prediction, not a norm.",1,0,It applies known physics to reach a new conclusion.,4,1,Dealing with icy windshields is an ordinary experience.,4,Simple thermal reasoning encountered in daily winter life.,"['opinion', 'physical', 'literal language', 'normative', 'reasoning', 'everyday']",z-ai/glm-5.3
"If you keep bread on the counter for a week, it will get moldy.",0,Mold growth is empirically verifiable.,1,1,Mold growth is a biological process.,4,1,Plain literal wording.,4,0,"It is a factual prediction, not a judgment or rule.",1,0,It infers a future outcome from known conditions.,4,1,Everyone encounters aging bread at home.,4,Everyday food storage reasoning based on biological knowledge.,"['opinion', 'physical', 'literal language', 'normative', 'reasoning', 'everyday']",z-ai/glm-5.3
Your GPS will be inaccurate if you drive through a long tunnel.,0,GPS accuracy is objectively measurable.,1,1,It depends on radio signal physics.,4,1,"Literal description, no figures of speech.",4,0,"It is a factual prediction, not a social norm.",1,0,It reasons from signal blocking to the effect on the device.,4,1,Drivers commonly face tunnels and GPS signal loss.,4,A common inference about everyday technology and signal behavior.,"['opinion', 'physical', 'literal language', 'normative', 'reasoning', 'everyday']",z-ai/glm-5.3
The milk will spoil faster if you leave it on the counter than in the fridge.,0,Spoilage rates are objectively testable.,1,1,It involves bacterial growth and temperature.,4,1,Plain literal language.,4,0,"It is an empirical claim, not a value statement.",1,0,It infers comparative spoilage from known temperature effects.,4,1,Milk storage is an ordinary household matter.,4,Familiar storage reasoning grounded in everyday experience and biology.,"['opinion', 'physical', 'literal language', 'normative', 'reasoning', 'everyday']",z-ai/glm-5.3
"If you drop your keys in a dark parking lot, you will need a flashlight to find them.",0,The visibility issue is objectively checkable.,1,1,"It relies on light and visibility, a physical matter.",4,1,Literal plain wording.,4,0,"It is a practical prediction, not a social rule.",1,0,It reasons from darkness to the need for artificial light.,4,1,Dropping and searching for keys is a common experience.,4,Combines everyday experience with physical knowledge and simple reasoning.,"['opinion', 'physical', 'literal language', 'normative', 'reasoning', 'everyday']",z-ai/glm-5.3
The old wooden fence will fall over if the soil under it gets soaked.,0,Structural failure is empirically observable.,1,1,It involves soil mechanics and structural physics.,4,1,Literal statement.,4,0,"It is a factual prediction, not a value.",1,0,It infers collapse from soaked soil undermining the posts.,4,1,Yard fences and wet weather are common experiences.,4,Reasoning about structural stability from weather and ground conditions.,"['opinion', 'physical', 'literal language', 'normative', 'reasoning', 'everyday']",z-ai/glm-5.3
"If you overfill a kettle, the water will spill out when it boils.",0,Boiling overflow is directly verifiable.,1,1,It involves boiling and volume expansion.,4,1,Plain literal wording.,4,0,"It is an empirical prediction, not a norm.",1,0,It combines boiling knowledge with the constraint of container capacity.,4,1,Using kettles is a routine kitchen activity.,4,Everyday kitchen reasoning based on physical behavior of boiling water.,"['opinion', 'physical', 'literal language', 'normative', 'reasoning', 'everyday']",z-ai/glm-5.3
The paint will take hours to dry on a humid day.,0,Drying time is measurable.,1,1,It involves evaporation and humidity.,4,1,Literal plain statement.,4,0,"It is a factual prediction, not a judgment.",1,0,It infers slower drying from humidity's effect on evaporation.,4,1,Painting at home is an ordinary chore.,4,A familiar inference about drying times from weather conditions.,"['opinion', 'physical', 'literal language', 'normative', 'reasoning', 'everyday']",z-ai/glm-5.3
"If you squeeze a full water bottle too hard, the cap will pop off.",0,It is testable and not subjective.,1,1,It relies on fluid pressure and mechanics.,4,1,Literal wording.,4,0,"It is an empirical prediction, not a convention.",1,0,It reasons that internal pressure will force the cap off.,4,1,Water bottles are ubiquitous everyday items.,4,Simple mechanical reasoning with everyday objects.,"['opinion', 'physical', 'literal language', 'normative', 'reasoning', 'everyday']",z-ai/glm-5.3
Wearing a black shirt will make you feel hotter in the sun.,0,Heat absorption differences are measurable.,1,1,It depends on light absorption by color.,4,1,Plain literal statement.,4,0,"It is a factual prediction, not a normative rule.",1,0,It applies absorption principles to predict body heat.,4,1,Choosing clothes for sunny weather is routine.,4,Everyday thermal reasoning about clothing color.,"['opinion', 'physical', 'literal language', 'normative', 'reasoning', 'everyday']",z-ai/glm-5.3
The shelf will sag in the middle if you stack too many books on it.,0,Shelf sagging is observable and testable.,1,1,It involves material strength and load physics.,4,1,"Literal language, no idiom.",4,0,"It is an empirical prediction, not a value.",1,0,It infers sagging from excessive load on a span.,4,1,Bookshelves are common in homes.,4,Everyday reasoning about load limits and materials.,"['opinion', 'physical', 'literal language', 'normative', 'reasoning', 'everyday']",z-ai/glm-5.3
Your car will struggle to start on a very cold morning if the battery is old.,0,Car starting performance is observable.,1,1,It involves electrochemistry and temperature effects.,4,1,Literal wording.,4,0,"It is a factual prediction, not a social rule.",1,0,It combines battery knowledge with cold effects to predict failure.,4,1,Cold-morning car trouble is familiar to many drivers.,4,"Common automotive reasoning linking battery age, temperature, and performance.","['opinion', 'physical', 'literal language', 'normative', 'reasoning', 'everyday']",z-ai/glm-5.3
The candle will gutter and go out if you open the window on a windy day.,0,Flame behavior is directly observable.,1,1,It involves combustion and airflow.,4,1,"Plain wording, though 'gutter' is a standard technical term.",3,0,"It is an empirical prediction, not a judgment.",1,0,It infers the flame's fate from wind through an open window.,4,1,Candles and breezy windows are everyday items.,4,Simple reasoning about flames and drafts encountered in daily life.,"['opinion', 'physical', 'literal language', 'normative', 'reasoning', 'everyday']",z-ai/glm-5.3
The wet laundry will take all day to dry if you hang it in the basement.,0,Drying time is measurable.,1,1,It involves evaporation and airflow conditions.,4,1,Literal wording.,4,0,"It is a factual prediction, not a norm.",1,0,It infers slow drying from poor ventilation in a basement.,4,1,Hanging laundry is a routine chore.,4,Household reasoning about drying conditions.,"['opinion', 'physical', 'literal language', 'normative', 'reasoning', 'everyday']",z-ai/glm-5.3
The tennis ball will bounce lower on a muddy court than on a dry one.,0,Bounce height is measurable.,1,1,It involves elasticity and energy absorption by mud.,4,1,Literal plain statement.,4,0,"It is an empirical prediction, not a value.",1,0,It infers reduced bounce from the mud absorbing energy.,4,1,Playing tennis and muddy courts are common.,4,Everyday sports reasoning grounded in physics.,"['opinion', 'physical', 'literal language', 'normative', 'reasoning', 'everyday']",z-ai/glm-5.3
Your houseplants will wilt if you forget to water them for two weeks.,0,Wilting is observable and testable.,1,1,It involves plant biology and water needs.,4,1,Literal wording.,4,0,"It is a factual prediction, not a rule of conduct.",1,0,It infers wilting from prolonged lack of water.,4,1,Houseplant care is an ordinary task.,4,Familiar gardening reasoning about plant needs.,"['opinion', 'physical', 'literal language', 'normative', 'reasoning', 'everyday']",z-ai/glm-5.3
The pot will boil over if you cook pasta on high heat and walk away.,0,Boil-over is directly observable.,1,1,It involves starch foam and boiling dynamics.,4,1,Plain literal statement.,4,0,"It is an empirical prediction, not a normative claim.",1,0,It infers boil-over from unattended high heat.,4,1,Cooking pasta is a routine activity.,4,Common kitchen mishap predicted by simple physical reasoning.,"['opinion', 'physical', 'literal language', 'normative', 'reasoning', 'everyday']",z-ai/glm-5.3
The cup of coffee will be cold if you leave it outside overnight.,0,Temperature is objectively measurable.,1,1,It involves heat transfer and cooling.,4,1,Literal wording.,4,0,"It is a factual prediction, not a value or convention.",1,0,It infers cold coffee from extended time at room conditions.,4,1,Forgotten drinks are an everyday occurrence.,4,Trivial yet common inference about thermal equilibration in daily life.,"['opinion', 'physical', 'literal language', 'normative', 'reasoning', 'everyday']",z-ai/glm-5.3
Don't cry over spilled milk.,1,"As counsel it is opinion-like, yet the underlying claim that spilt milk cannot be reclaimed is empirically checkable, lending the statement a factual core. It is not purely subjective.",2,1,"It rests on physical reality: once liquid spills, it scatters and cannot be restored, a measurable material fact. It does not depend on social construction.",4,0,It is a proverbial metaphor whose spilled milk stands for any irreversible minor loss. It clearly is not literal language.,4,0,"It prescribes how one ought to behave after a mishap, expressing the shared value of accepting small losses. It is a normative injunction, not a neutral description.",3,0,The advice combines world knowledge that spilt liquid cannot be recovered with the logical inference that grieving over it is therefore futile. It goes beyond a plain observation.,3,1,Spilling a drink is an ordinary domestic mishap that virtually everyone experiences or witnesses. It is not an abstract regularity.,4,"A common proverb advising not to waste grief on accidents that cannot be undone, a notion everyone absorbs in daily life.","['fact', 'physical', 'figure of speech', 'normative', 'reasoning', 'everyday']",z-ai/glm-5.3
Better to light a candle than curse the dark.,1,"The embedded claim that a candle illuminates darkness while cursing does not is demonstrable, so the statement has a checkable factual basis. It is not wholly opinion.",2,1,"The core mechanism, light dispelling darkness, is plain physics that can be empirically verified. It is not grounded in social rules.",4,0,"It is a metaphorical aphorism about tackling problems generally, not a literal remark about candles. It is clearly figurative.",4,0,"It expresses a value judgment that constructive action is better than complaint, prescribing preferred behaviour. It is normative rather than a mere empirical law.",4,0,"It infers that because complaining changes nothing while lighting a candle restores light, action is preferable, combining knowledge with logic. It is a reasoned conclusion.",3,1,"Dealing with a power cut or a dark room is an everyday occurrence. The situation is concrete, not abstract.",4,"A well-known aphorism urging practical action over futile complaint, familiar from ordinary situations of inconvenience.","['fact', 'physical', 'figure of speech', 'normative', 'reasoning', 'everyday']",z-ai/glm-5.3
The early bird catches the worm.,1,"The claim that earlier arrival yields better access is empirically testable in many settings, so it is not purely subjective opinion. It can be shown correct or incorrect.",3,1,"It derives from observable cause and effect: limited resources go first to those who arrive first, a checkable regularity. It is not primarily social convention.",3,0,It is a proverbial image where bird and worm stand for competitors and rewards. It is obviously not literal.,4,0,"It conveys the conventional value of punctuality and diligence, encouraging a preferred way of behaving. It is normative, not a pure empirical law.",3,0,"It reasons that acting before others secures scarce rewards, combining knowledge of scarcity with inference. It is a conclusion rather than a bare observation.",3,1,"Arriving early at a sale, a queue or a workplace is a routine experience. The situation is commonplace rather than abstract.",4,"A familiar proverb claiming that those who act first gain the advantage, learned through ordinary experience.","['fact', 'physical', 'figure of speech', 'normative', 'reasoning', 'everyday']",z-ai/glm-5.3
Even a stopped clock is right twice a day.,1,"A stopped clock indeed shows the correct time exactly twice a day, which is objectively verifiable. It is not mere opinion.",4,1,"The claim depends on the mechanics of timekeeping and the cycle of the day, a physical regularity. It is not a social rule.",4,0,"It is a figurative proverb about unreliable claims, not a literal report about clocks. The phrase is metaphorical.",3,0,"It carries the conventional moral that luck or false sources can seem right by chance, counselling scepticism about them. This value-laden lesson makes it normative.",2,0,"It logically deduces that a clock frozen at a given time matches reality twice daily, combining clock knowledge with inference. It is a reasoned conclusion.",4,1,"Clocks, watches and their occasional failures are everyday objects and experiences. Anyone can face this situation.",4,"A proverb noting that even unreliable things can occasionally be correct, encountered in everyday disappointments with gadgets.","['fact', 'physical', 'figure of speech', 'normative', 'reasoning', 'everyday']",z-ai/glm-5.3
Blood is thicker than water.,1,"As a claim about how ties should be ranked it is essentially a value judgment, hard to demonstrate objectively. I am only somewhat confident it qualifies as fact.",1,1,"It chiefly concerns kinship obligations, a human social arrangement, not measurable physical regularities. I doubt it satisfies the physical feature.",1,0,"Blood and water are metaphors for family and outsiders, so the saying is clearly figurative. It is not literal language.",4,0,"It states a social norm about prioritising family loyalty, prescribing how people ought to treat relatives. It is clearly normative rather than a physical law.",4,0,"It concludes that kinship, being lifelong and inherited, carries stronger obligations than friendships, an inference from shared premises. It goes beyond simple observation.",3,1,Family gatherings and obligations are ordinary parts of human life. The underlying situation is familiar to nearly everyone.,4,"A proverb asserting that family bonds outrank other ties, reflecting experiences in ordinary family life.","['fact', 'physical', 'figure of speech', 'normative', 'reasoning', 'everyday']",z-ai/glm-5.3
Don't put all your eggs in one basket.,1,"The underlying principle that concentrating fragile goods raises total loss is demonstrable, so the saying has a factual basis. It is not purely subjective.",3,1,"It hinges on the physical fragility of eggs and the possibility of dropping a basket, which can be tested empirically. It is grounded in the material world.",4,0,"It is a proverbial metaphor now applied to any concentrated risk, not a literal remark about eggs. It is clearly figurative.",4,0,"It prescribes prudent behaviour, expressing the widely accepted value of risk aversion. It is advice, not a bare empirical observation.",3,0,"It reasons that because one basket may fail, diversification reduces the risk of losing everything, combining knowledge of breakage with logic. It is an inferred conclusion.",3,1,"Carrying eggs in baskets is an everyday domestic scene, and the warning applies to routine choices like investments or travel plans. The context is familiar.",4,"A proverb advising against concentrating all resources in a single venture, known from ordinary shopping and planning.","['fact', 'physical', 'figure of speech', 'normative', 'reasoning', 'everyday']",z-ai/glm-5.3
A watched pot never boils.,1,"Literally the pot does boil, but the real claim about subjective time perception is experimentally demonstrable, giving it a factual element. I am only somewhat confident.",2,1,"Boiling is a physical process governed by heat, and perceived duration can be measured, so the saying has an empirical basis. It is not purely social.",3,0,"It is a hyperbolic folk saying, since the pot does eventually boil. The exaggeration makes it figurative rather than literal.",4,0,"It implicitly conveys the folk wisdom that anxious waiting distorts time, endorsing patient behaviour. This value-laden lesson makes it somewhat normative.",2,0,"It wryly reasons that because constant watching heightens impatience, the wait seems endless, an inference from experience. It is a conclusion rather than plain knowledge.",3,1,Waiting for a kettle or pot to boil is an everyday kitchen experience. Nearly everyone encounters the situation.,4,"A common saying noting that time feels longer when you anxiously wait for something, familiar from daily cooking.","['fact', 'physical', 'figure of speech', 'normative', 'reasoning', 'everyday']",z-ai/glm-5.3
You can't have your cake and eat it too.,1,The embedded claim that a consumed cake cannot be retained is objectively true and demonstrable. It is not mere opinion.,3,1,"It rests on the physical irreversibility of eating, a material fact about the world. It is not a socially constructed rule.",4,0,"The cake stands metaphorically for any mutually exclusive desires, so it is clearly figurative. It is not literal language.",4,0,"It functions as advice against demanding incompatible benefits, expressing the accepted value of accepting trade-offs. It is normative guidance.",3,0,"It logically deduces that eating destroys the cake, so keeping and consuming it are incompatible, combining knowledge with inference. It is a reasoned conclusion.",4,1,Deciding whether to save or enjoy food is a daily situation everyone understands. The scenario is concrete and familiar.,4,"A proverb pointing out that once something is consumed it cannot also be kept, reflecting ordinary experiences with treats.","['fact', 'physical', 'figure of speech', 'normative', 'reasoning', 'everyday']",z-ai/glm-5.3
Too many cooks spoil the broth.,1,"Excessive meddling often worsens outcomes, which is broadly verifiable, though the claim admits exceptions. I am only somewhat confident it is fully factual.",2,1,"The cited case involves cooking, a physical process, but the point mainly concerns human coordination. I am unsure it is chiefly physical.",2,0,"Cooks and broth serve as a metaphor for any group effort, making the saying figurative. It is not literal.",4,0,"It conveys the convention that leadership should be limited and responsibility assigned, prescribing preferred teamwork norms. It is normative advice.",3,0,"It reasons that overlapping instructions and redundant meddling degrade the result, an inference about coordination. It concludes rather than merely observes.",3,1,Crowded kitchens and group projects are ordinary experiences. Anyone might face such a situation.,4,"A proverb suggesting that too many participants ruin a joint task, known from everyday group efforts.","['fact', 'physical', 'figure of speech', 'normative', 'reasoning', 'everyday']",z-ai/glm-5.3
Strike while the iron is hot.,1,"The premise that hot iron is easier to shape is physically verifiable, though the broader counsel is opinion-like. My confidence in full factuality is moderate.",2,1,Its source is blacksmithing: malleable metal when hot is a physical fact that can be measured. It is grounded in the material world.,4,0,"The iron is a metaphor for any fleeting opportunity, so the phrase is clearly figurative. It is not literal language.",4,0,"It prescribes seizing chances promptly, expressing the accepted value of decisive action. It is advice rather than a neutral description.",3,0,"It infers that because opportunities fade, acting immediately yields better results, combining knowledge of timing with logic. It is a reasoned conclusion.",3,1,"Encountering sales, job openings or good moments is an everyday experience. The situation is common to ordinary life.",4,"A proverb urging timely action when opportunity arises, drawn from everyday chances that come and go.","['fact', 'physical', 'figure of speech', 'normative', 'reasoning', 'everyday']",z-ai/glm-5.3
Absence makes the heart grow fonder.,1,"Psychological studies show mixed results, and the claim as a generalisation is arguably opinion. I am not confident it qualifies as fact.",1,1,"The statement concerns emotions and relationships, which are human experiences rather than physical measurements. I doubt it is physical.",1,0,"The heart is a metaphor for affection, making the saying figurative. It is clearly not literal language.",4,0,"It expresses the cherished value that love can endure separation, shaping expectations about relationships. It is a normative belief rather than a physical law.",3,0,"It reasons that distance removes annoyances and heightens appreciation, an inference about emotional dynamics. It concludes from premises rather than merely observing.",3,1,Partings and reunions with loved ones are everyday human experiences. The situation is familiar to most people.,4,"A proverb claiming that separation deepens affection, reflecting ordinary experiences of parting and reunion.","['fact', 'physical', 'figure of speech', 'normative', 'reasoning', 'everyday']",z-ai/glm-5.3
Every cloud has a silver lining.,1,As a blanket claim it admits counter-examples and leans toward subjective consolation. I am unsure it is demonstrably factual.,1,1,"The phrase borrows a visual phenomenon of sunlight on cloud edges, a physical sight, but the message is about outlook. My confidence is low.",2,0,It is a metaphor where the silver lining stands for hidden benefits. It is obviously figurative.,4,0,"It promotes the value of optimism and resilience, encouraging a hopeful attitude toward misfortune. It is normative encouragement.",3,0,"It reasons that difficulties often open unexpected opportunities, an inference from recurring experience. It is a conclusion, not a bare observation.",3,1,Setbacks like missing a bus or failing a test are everyday occurrences. Ordinary people face such situations.,4,"A proverb assuring that hardships carry hidden benefits, encountered in everyday setbacks.","['fact', 'physical', 'figure of speech', 'normative', 'reasoning', 'everyday']",z-ai/glm-5.3
A rolling stone gathers no moss.,1,"Physically a rolling stone truly collects no moss, which is verifiable, though the human application is interpretive. I am moderately confident.",2,1,The core image depends on biology and mechanics: moss cannot attach to moving rock. This can be empirically checked.,3,0,"The stone and moss are metaphors for people and encumbrances, so it is figurative. It is not literal.",4,0,"It conveys conventional wisdom endorsing either activity or stability depending on reading, shaping valued behaviour. It functions as normative counsel.",3,0,"It infers that because moss needs stillness to accumulate, a constantly moving stone stays clean, extended to restless people. The conclusion combines observation with analogy.",3,1,"People routinely face choices about moving house, changing jobs or staying put. The underlying situations are everyday ones.",4,"A proverb about the costs and benefits of constant movement, familiar from everyday career and life choices.","['fact', 'physical', 'figure of speech', 'normative', 'reasoning', 'everyday']",z-ai/glm-5.3
Strike the iron while it's glowing red.,1,"Hot metal is measurably softer and easier to forge, so the claim is objectively checkable. It is not merely opinion.",3,1,"The statement rests on metallurgy and heat, physical phenomena that can be measured. It is grounded in natural rules.",4,0,"While close to literal smithing advice, it works as a proverbial metaphor for timing in any task. I am only somewhat confident it is figurative.",2,0,"It advises prompt action at opportune moments, expressing the accepted value of timeliness. It is advice, not a mere description.",3,0,"It reasons that metal is workable only while hot, so delaying wastes effort, an inference from physical knowledge. It is a conclusion rather than plain knowledge.",3,1,Fixing things and seizing the right moment for a task are ordinary experiences. Anyone can face such situations.,4,"A craftsman's saying urging action at the right moment, rooted in everyday work and repairs.","['fact', 'physical', 'figure of speech', 'normative', 'reasoning', 'everyday']",z-ai/glm-5.3
You can't squeeze blood out of a turnip.,1,"A turnip indeed has no blood to extract, which is demonstrably true, though the figurative application is looser. I am moderately confident.",2,1,The literal premise depends on plant biology and physics: vegetables lack blood. This is empirically checkable.,3,0,"It is a vivid metaphor about unproductive demands, not a literal remark about vegetables. It is clearly figurative.",4,0,"It conveys the accepted view that demanding the impossible is futile, counselling restraint in requests. It is normative advice.",3,0,"It reasons that because a turnip contains no blood, no effort can extract it, extended by analogy to empty sources. It is an inferred conclusion.",3,1,Trying to recover money from someone penniless is an everyday situation. Ordinary people encounter it.,4,"A proverb stating that nothing can be obtained from a source that lacks it, met in everyday dealings.","['fact', 'physical', 'figure of speech', 'normative', 'reasoning', 'everyday']",z-ai/glm-5.3
A bird in the hand is worth two in the bush.,1,"As a comparative value claim it is largely subjective and depends on context, so demonstrating it objectively is hard. I am unconfident about fact.",1,1,"The imagery involves catching birds, a concrete activity, yet the point concerns value judgments. I doubt it is chiefly physical.",2,0,The hand and bush are metaphors for certain versus uncertain gains. It is obviously figurative.,4,0,"It endorses prudence over gambling, expressing a valued norm of caution. It prescribes behaviour rather than merely describing.",3,0,"It reasons that certain possession outweighs uncertain prospects, combining valuation knowledge with logic about risk. It is a reasoned conclusion.",3,1,Choosing between a sure small benefit and a risky larger one is an everyday decision. The situation is common.,4,"A proverb recommending holding certain gains over risky ones, familiar from daily decisions.","['fact', 'physical', 'figure of speech', 'normative', 'reasoning', 'everyday']",z-ai/glm-5.3
Old habits die hard.,1,"Psychology confirms that habitual behaviour is resistant to change, so the claim is broadly demonstrable. It is not merely opinion.",3,1,"Habit formation rests on neural mechanisms studied in biology, measurable through experiments. It is grounded in natural processes.",3,0,"Habits do not literally die; the phrase personifies them as stubborn survivors, a figurative hyperbole. It is not literal.",4,0,"It warns against expecting easy change and endorses patient effort, conveying a valued lesson about self-discipline. It carries normative force.",2,0,"It concludes that because repetition strengthens behaviour, old patterns persist, an inference from learning principles. It is a conclusion rather than a bare fact.",3,1,Trying to quit nail-biting or start exercising are everyday struggles. The situation is familiar to nearly everyone.,4,"A saying noting that ingrained behaviours resist change, observed in ordinary routines.","['fact', 'physical', 'figure of speech', 'normative', 'reasoning', 'everyday']",z-ai/glm-5.3
Walls have ears.,1,"Overhearing genuinely happens, and sound propagation is measurable, so the claim has a factual basis. It is not purely opinion.",2,1,"Sound travels through walls, an acoustic fact that can be empirically tested. The core mechanism is physical.",3,0,Walls do not literally have ears; the phrase is a personification of eavesdropping. It is clearly figurative.,4,0,"It conveys the social norm of discretion, advising caution about secrets. It prescribes careful behaviour.",3,0,"It reasons that since sound travels and people may listen, private talk risks exposure, combining physics knowledge with inference. It is a reasoned conclusion.",3,1,Discussing private matters in offices or homes is an everyday activity where eavesdropping can occur. The scenario is familiar.,4,"A warning that conversations may be overheard, learned through everyday social caution.","['fact', 'physical', 'figure of speech', 'normative', 'reasoning', 'everyday']",z-ai/glm-5.3
Don't make a mountain out of a molehill.,1,"Sizes of molehills and mountains are objectively comparable, so the underlying contrast is factual, though the counsel itself is judgment. I am moderately confident.",2,1,The comparison relies on measurable physical size differences between real mounds and mountains. The imagery is physical.,3,0,"It is a hyperbolic metaphor about inflating troubles, not literal talk of geology. It is clearly figurative.",4,0,"It prescribes proportionate responses, expressing the valued norm of keeping perspective. It is advice rather than description.",3,0,"It reasons that because the problem is truly small, treating it as huge is unwarranted, an inference about proportionality. It is a conclusion.",3,1,Minor troubles like a spilled drink or a small misunderstanding are everyday events. Everyone encounters them.,4,"A proverb advising against exaggerating small problems, drawn from everyday quarrels and mishaps.","['fact', 'physical', 'figure of speech', 'normative', 'reasoning', 'everyday']",z-ai/glm-5.3
Time and tide wait for no man.,1,"Tides and time indeed proceed indifferent to human wishes, which is objectively verifiable. It is not mere opinion.",3,1,"Tides are governed by lunar gravity and time by physics, both measurable natural processes. It is grounded in the physical world.",4,0,"It personifies time and tide as uncaring agents, a figurative device. It is not literal language.",4,0,"It urges punctuality and decisiveness, expressing the valued norm of acting on time. It prescribes behaviour.",3,0,"It reasons that because tides and time follow fixed laws independent of people, delays yield losses, an inference from natural regularity. It is a reasoned conclusion.",3,1,Missing trains and watching deadlines pass are everyday experiences. The situation is common to ordinary life.,4,"A proverb noting that time passes regardless of wishes, felt in everyday deadlines and schedules.","['fact', 'physical', 'figure of speech', 'normative', 'reasoning', 'everyday']",z-ai/glm-5.3
A stitch in time saves nine.,1,"Rips demonstrably widen when neglected, so the underlying claim is checkable, though the exact nine is approximate. I am moderately confident.",3,1,Tearing and stitching are physical processes with measurable material behaviour. It is grounded in the material world.,4,0,"It is a proverbial hyperbole about prompt action generally, not a literal count of stitches. It is figurative.",4,0,"It prescribes timely maintenance, expressing the accepted value of prevention over cure. It is advice rather than description.",3,0,"It reasons that a small tear grows if ignored, so early repair avoids later work, combining knowledge of fabric with logic. It is an inferred conclusion.",3,1,Sewing on a loose button or fixing a small leak is an everyday household task. The situation is familiar.,4,"A proverb urging prompt repair of small faults, learned from everyday mending and upkeep.","['fact', 'physical', 'figure of speech', 'normative', 'reasoning', 'everyday']",z-ai/glm-5.3
"Two heads are better than one, so the team will finish the project faster.",1,"Team productivity outcomes are demonstrable in specific instances, though generalizability varies.",3,0,"Concerns teamwork and collaborative work, human-created conventions. Not physics.",3,0,Uses the proverb 'two heads are better than one.' It is not plain literal language.,4,1,"States what does happen in collaborative settings, not a moral ought.",3,0,Draws a conclusion about project speed from the teamwork knowledge. Not just an observation.,4,1,People encounter team projects in ordinary life.,4,Combines the proverb about teamwork with reasoning about workplace outcomes.,"['fact', 'social', 'figure of speech', 'positive', 'reasoning', 'everyday']",z-ai/glm-5.3
"Actions speak louder than words, so his apology means little until he changes.",1,"Specific behavioral patterns can be empirically assessed, though somewhat judgment-laden.",2,0,"Concerns how people judge apologies and sincerity, social perception. Not physical law.",3,0,Uses the proverb 'actions speak louder than words.' Not literal language.,4,1,"Predicts how behavior will be judged, describes rather than prescribes.",3,0,Concludes the apology means little from the principle. Not just an observation.,4,1,Insincere apologies are commonly encountered in daily life.,4,Combines the proverb with reasoning about judging a person's sincerity.,"['fact', 'social', 'figure of speech', 'positive', 'reasoning', 'everyday']",z-ai/glm-5.3
"Too many cooks spoil the broth, so this crowded committee will fail to decide.",1,"Committee decision outcomes can be verified. Somewhat probabilistic, so moderate confidence.",3,0,"Involves committees and group decision-making, social constructs. Not natural rules.",3,0,Uses the proverb 'too many cooks spoil the broth.' Not literal.,4,1,"Predicts an outcome, does not prescribe one.",3,0,Concludes the committee will fail from the proverb's knowledge. Not mere observation.,4,1,People experience group decision paralysis regularly.,4,Uses the proverb about group dysfunction to reason about a meeting outcome.,"['fact', 'social', 'figure of speech', 'positive', 'reasoning', 'everyday']",z-ai/glm-5.3
"The early bird catches the worm, so the first customers will get the sale items.",1,Whether early customers got items can be checked. Slightly probabilistic.,3,0,Sale events and shopping norms are human conventions. Not physical regularities.,3,0,Uses the proverb 'the early bird catches the worm.' Not literal.,4,1,"Describes what happens at sales, not what should happen.",3,0,Concludes customers get items from the proverb and sale knowledge. Not just an observation.,4,1,Shoppers encounter limited-quantity sales routinely.,4,Applies the early-bird proverb to a shopping scenario.,"['fact', 'social', 'figure of speech', 'positive', 'reasoning', 'everyday']",z-ai/glm-5.3
"Don't put all your eggs in one basket, so she spread her savings across accounts.",1,Savings account allocation can be verified. The risk logic is empirically grounded.,3,0,Saving and banking are human economic conventions. Not natural law.,3,0,Uses the proverb about eggs and baskets as metaphor. Not literal.,4,1,"Describes what she does and why, not a moral ought.",3,0,Concludes spreading savings follows from the risk principle. Not an observation.,4,1,Personal finance decisions are common experiences.,4,Uses the diversification proverb to explain a financial choice.,"['fact', 'social', 'figure of speech', 'positive', 'reasoning', 'everyday']",z-ai/glm-5.3
"Time flies when you are having fun, so the party felt like it ended in minutes.",1,"Subjective duration estimates can be reported and tested. Somewhat subjective, so moderate confidence.",2,0,Parties and subjective time experience are human social phenomena.,3,0,'Time flies' is a metaphor/hyperbole for subjective experience. Not literal.,4,1,"Describes how time felt, not how it should feel.",3,0,Concludes the party felt short from the time-perception principle. Not an observation.,4,1,Everyone experiences time distortion at enjoyable events.,4,Uses the time-flies hyperbole to explain subjective experience at a party.,"['fact', 'social', 'figure of speech', 'positive', 'reasoning', 'everyday']",z-ai/glm-5.3
"When the cat's away, the mice will play, so the kids ate junk food while she was out.",1,What the kids ate can be verified. Prediction is somewhat probabilistic.,3,0,Supervision and child behavior are social conventions and roles. Not physical law.,3,0,Uses the cat-and-mice proverb metaphorically. Not literal.,4,1,"Describes what happens when supervision lapses, not a moral rule.",3,0,Concludes junk food eating from the absence of supervision. Not mere observation.,4,1,Unsupervised children snacking is a common household occurrence.,4,Applies the proverb about unsupervised behavior to explain children's actions.,"['fact', 'social', 'figure of speech', 'positive', 'reasoning', 'everyday']",z-ai/glm-5.3
"A watched pot never boils, so staring at the clock makes the wait feel longer.",1,"Subjective waiting estimates are reportable. The 'never' is hyperbole, so moderate confidence.",2,0,Waiting and impatience are human experiential phenomena. Not objective physics.,3,0,'A watched pot never boils' is hyperbole about attention. Not literal.,4,1,"Describes how waiting feels, not how it ought to feel.",3,0,Concludes the wait feels longer from the attention principle. Not an observation.,4,1,Waiting and clock-watching are everyday experiences.,4,Uses the watched-pot proverb to explain attention and subjective waiting.,"['fact', 'social', 'figure of speech', 'positive', 'reasoning', 'everyday']",z-ai/glm-5.3
"There is no free lunch, so the 'free' cruise came with hidden fees.",1,Hidden fees can be checked in the offer's terms. Somewhat probabilistic.,3,0,Commercial offers and pricing schemes are human conventions. Not natural rules.,3,0,Uses the aphorism 'no free lunch' figuratively. Not literal.,4,1,"Predicts the existence of fees, not a judgment about them.",3,0,Concludes hidden fees exist from the aphorism's economic logic. Not an observation.,4,1,People encounter promotional offers with strings attached.,4,Uses the no-free-lunch aphorism to explain hidden costs in offers.,"['fact', 'social', 'figure of speech', 'positive', 'reasoning', 'everyday']",z-ai/glm-5.3
"Old habits die hard, so he still checks his old phone every morning.",1,His morning behavior can be observed. Prediction is somewhat probabilistic.,3,0,Habits like phone-checking are human behavioral patterns. Not physical laws.,3,0,'Old habits die hard' is a proverbial metaphor. Not literal.,4,1,"Describes what he does, not what he ought to do.",3,0,Concludes he keeps checking the phone from the habit principle. Not just an observation.,4,1,Persistent habits are familiar everyday occurrences.,4,Uses the habit proverb to explain a repeated behavior.,"['fact', 'social', 'figure of speech', 'positive', 'reasoning', 'everyday']",z-ai/glm-5.3
"Absence makes the heart grow fonder, so their reunion after a year was joyful.",1,"Joy and warmth can be observed behaviorally. Somewhat subjective, moderate confidence.",2,0,Relationships and reunion emotions are social experiences. Not physical features.,3,0,Uses the proverb 'absence makes the heart grow fonder.' Not literal.,4,1,"Describes emotional outcomes, not prescriptions.",3,0,Concludes the reunion was joyful from the separation principle. Not an observation.,4,1,Reunions after separation are common life events.,4,Uses the absence proverb to reason about an emotional reunion.,"['fact', 'social', 'figure of speech', 'positive', 'reasoning', 'everyday']",z-ai/glm-5.3
"Better late than never, so it is still worth mailing the belated birthday card.",1,"Whether a card arrives is factual. Its value leans judgment, so low confidence.",2,0,Birthday cards and timeliness norms are social conventions. Not natural rules.,3,0,Uses the aphorism 'better late than never.' Not literal language.,4,1,States the card is still worthwhile as a description of value. Not a moral prescription.,2,0,Concludes the card is worth sending from the principle. Not an observation.,4,1,Belated cards and gifts are ordinary experiences.,4,Uses the better-late proverb to conclude a delayed action still has value.,"['fact', 'social', 'figure of speech', 'positive', 'reasoning', 'everyday']",z-ai/glm-5.3
"Laughter is the best medicine, so the funny movie lifted the patient's mood.",1,"Mood changes can be reported and measured. 'Best' is hyperbole, moderate confidence.",2,0,"Humor, mood, and movie-watching are human experiences. Not physical laws.",3,0,Uses the aphorism 'laughter is the best medicine' metaphorically. Not literal.,4,1,"Predicts a mood outcome, not an ought.",3,0,Concludes mood improved from the laughter principle. Not an observation.,4,1,Watching comedies to feel better is common.,4,Applies the laughter aphorism to reason about mood improvement.,"['fact', 'social', 'figure of speech', 'positive', 'reasoning', 'everyday']",z-ai/glm-5.3
"Blood is thicker than water, so he asked his brother for the loan first.",1,Whom he asked first can be verified. Prediction is probabilistic.,3,0,Family loyalty and lending are social conventions. Not natural rules.,3,0,Uses the proverb 'blood is thicker than water.' Not literal.,4,1,"Describes his likely behavior, not a duty to behave so.",3,0,Concludes he asked his brother first from family-priority knowledge. Not an observation.,4,1,Borrowing from family is a familiar situation.,4,Uses the kinship proverb to explain whom someone turns to for help.,"['fact', 'social', 'figure of speech', 'positive', 'reasoning', 'everyday']",z-ai/glm-5.3
"Every cloud has a silver lining, so being laid off led him to a better career.",1,"His career trajectory can be checked. The universal 'every' is hyperbole, moderate confidence.",2,0,Layoffs and careers are economic and social phenomena. Not physical laws.,3,0,Uses the metaphor 'every cloud has a silver lining.' Not literal.,4,1,"Describes an outcome pattern, not a prescription.",3,0,Concludes a better career resulted from the setback principle. Not an observation.,4,1,Job loss and career change are common experiences.,4,Uses the silver-lining metaphor to reason about a positive outcome from misfortune.,"['fact', 'social', 'figure of speech', 'positive', 'reasoning', 'everyday']",z-ai/glm-5.3
"You cannot have your cake and eat it too, so she must choose job or family time.",1,"Her time allocation constraints are checkable. Framed as inevitability, moderate confidence.",3,0,Work-family balance is a socially shaped dilemma. Not a natural constraint.,3,0,Uses the cake-and-eating metaphor for trade-offs. Not literal.,4,1,"States the trade-off as a fact of her situation, not an ought.",2,0,Concludes she must choose from the trade-off principle. Not an observation.,4,1,Work-family trade-offs are widely encountered.,4,Uses the cake metaphor to reason about an unavoidable trade-off.,"['fact', 'social', 'figure of speech', 'positive', 'reasoning', 'everyday']",z-ai/glm-5.3
"If it is not broke, do not fix it, so the old recipe stays on the menu.",1,"Menu contents are verifiable. The logic is somewhat contestable, moderate confidence.",2,0,Menus and restaurant decisions are human conventions. Not natural rules.,3,0,"Uses the colloquial aphorism 'if it ain't broke, don't fix it.' Not literal phrasing.",4,1,"Describes the outcome as expected, though the aphorism has prescriptive flavor, low confidence.",2,0,Concludes the recipe stays from the no-change principle. Not an observation.,4,1,Keeping working routines is an everyday occurrence.,4,Uses the if-it-ain't-broke aphorism to reason about keeping something unchanged.,"['fact', 'social', 'figure of speech', 'positive', 'reasoning', 'everyday']",z-ai/glm-5.3
"Money talks, so the wealthy bidder won the house at auction.",1,Auction results are publicly verifiable. Prediction is probabilistic.,3,0,Auctions and wealth influence are social institutions. Not natural laws.,3,0,Uses the metaphor 'money talks.' Not literal.,4,1,"Predicts who wins, not who should win.",3,0,Concludes the rich bidder won from the influence principle. Not an observation.,4,1,Auctions and wealth advantages are commonly known situations.,4,Uses the money-talks metaphor to explain an auction outcome.,"['fact', 'social', 'figure of speech', 'positive', 'reasoning', 'everyday']",z-ai/glm-5.3
"A picture is worth a thousand words, so the chart explains the data better than paragraphs.",1,"Comprehension differences can be tested empirically. Somewhat general claim, moderate confidence.",3,0,Communication practices and charts are human conventions. Not natural rules.,3,0,"Uses the aphorism 'a picture is worth a thousand words.' Hyperbolic, not literal.",4,1,"States a comparative fact about comprehension, not a rule about design.",3,0,Concludes the chart explains better from the visual-communication principle. Not an observation.,4,1,Seeing charts convey data faster than text is ordinary experience.,4,Uses the picture aphorism to reason about communication effectiveness.,"['fact', 'social', 'figure of speech', 'positive', 'reasoning', 'everyday']",z-ai/glm-5.3
"Home is where the heart is, so he sleeps best in his small old apartment.",1,Where he sleeps best can be reported. Subjective element lowers confidence.,2,0,Attachment to home is a human emotional and social experience. Not physical.,3,0,Uses the metaphor 'home is where the heart is.' Not literal.,4,1,"Describes his sleep pattern, not where he ought to live.",3,0,Concludes he sleeps best from the belonging principle. Not an observation.,4,1,Feeling at home in familiar places is universal experience.,4,Uses the home-is-where-the-heart metaphor to explain comfort in a familiar place.,"['fact', 'social', 'figure of speech', 'positive', 'reasoning', 'everyday']",z-ai/glm-5.3
"I feel hot, so I should drink water to avoid dehydration.",1,"The physiological link between heat, sweating, and dehydration is verifiable through science, independent of opinion.",3,1,"Dehydration is a biological process governed by physiology, measurable by fluid balance in the body. It is not a social convention.",4,1,"The words mean exactly what they say about drinking water to prevent dehydration, with no metaphors or figures of speech.",4,0,"The 'should' expresses a recommendation or judgment about the right action to take. Without this normative element, it would just state a fact.",4,0,The conclusion to drink water follows logically from combining the observation of feeling hot with knowledge that sweating causes water loss. It is not a simple stated fact.,4,1,"Feeling hot is a routine experience in daily life, especially during summer or exercise. This is directly encountered, unlike abstract principles.",4,This is common sense because it applies basic knowledge about how the body loses water through sweat in hot conditions to make a practical decision.,"['fact', 'physical', 'literal language', 'normative', 'reasoning', 'everyday']",z-ai/glm-5.3
"The chef burned his hand, so he must have touched the hot pan.",1,"The causal link between touching a hot pan and getting burned is a demonstrable fact, not a subjective opinion.",4,1,"Burns are physical injuries caused by heat transfer, a phenomenon described by physics and biology.",4,1,"The statement plainly describes inferring a cause from a burn, with no idioms or metaphors.",4,0,"While the inference itself is factual, the phrasing implies an expectation of a standard causal relationship. This normative framing is weaker, so confidence is moderate.",2,0,The conclusion about the cause is derived by combining the observation of a burn with the general knowledge that hot pans cause burns. It goes beyond a mere observation.,4,1,"Cooking and the risk of touching a hot pan are everyday kitchen experiences. This is a concrete situation, not abstract.",4,This is common sense because it uses the known relationship between heat and burns to infer the cause of an injury.,"['fact', 'physical', 'literal language', 'normative', 'reasoning', 'everyday']",z-ai/glm-5.3
"My phone fell into water, so I should turn it off immediately to prevent damage.",1,The fact that water damages electronic circuits is objectively verifiable and not based on opinion.,4,1,"It involves the physical property of electrical conductivity of water damaging circuits, an engineering principle.",4,1,"The language is direct, describing the physical action of turning off a phone to avoid damage, with no figurative language.",4,0,The use of 'should' frames it as a recommended or prescribed action. This normative judgment guides behavior in the situation.,4,0,The decision to turn it off is concluded by combining the knowledge that water conducts electricity with the goal of preventing a short circuit. This is a reasoned action.,4,1,Accidentally dropping a phone in water is a very common modern mishap. People encounter this situation regularly.,4,"This reflects the widely understood common knowledge that water and electronics don't mix, prompting immediate protective action.","['fact', 'physical', 'literal language', 'normative', 'reasoning', 'everyday']",z-ai/glm-5.3
"The medicine gave me a rash, so I shouldn't take it again.",1,"The connection between a drug and an adverse skin reaction is a factual, verifiable medical phenomenon.",3,1,"The rash is a physical, biological reaction of the body to a chemical substance.",4,1,"The statement plainly describes a rash and a decision not to take the medicine, with no figures of speech.",4,0,The 'shouldn't' expresses a personal rule or judgment about future behavior based on the experience. This is normative guidance.,4,0,The conclusion to stop taking the medicine is a logical inference from linking the rash to the medicine. It combines observation with knowledge about allergies.,4,1,Taking medicine and experiencing side effects like rashes is a common health experience people face.,4,This demonstrates common sense by identifying a likely allergic reaction and deciding to avoid the trigger in the future.,"['fact', 'physical', 'literal language', 'normative', 'reasoning', 'everyday']",z-ai/glm-5.3
"The car won't start, so the battery might be dead.",1,The relationship between a dead battery and a car failing to start is a demonstrable technical fact.,4,1,"It involves the mechanical and electrical function of a car battery, a topic of engineering.",4,1,"It plainly describes a car not starting and the possibility of a dead battery, using ordinary language.",4,0,"The statement is a positive diagnosis of a physical state, not a normative judgment. It fails this feature.",1,0,"The hypothesis of a dead battery is a logical deduction based on the symptom and knowledge of how cars operate. It is a reasoned inference, not a direct statement.",4,1,A car failing to start is a frustrating but common experience for drivers.,4,This applies practical knowledge about how cars work to diagnose a common problem from a specific symptom.,"['fact', 'physical', 'literal language', 'normative', 'reasoning', 'everyday']",z-ai/glm-5.3
"I smell smoke, so there must be a fire nearby.",1,"The causal link between fire and smoke is an objective, verifiable fact.",4,1,"Combustion is a chemical process where fire produces smoke, a physical phenomenon.",4,1,The statement directly means that the presence of smoke indicates a fire. There are no metaphors.,4,0,"The statement is a factual inference about a physical state, not a value judgment. It does not satisfy this feature.",1,0,The presence of fire is inferred by logically linking the smell of smoke to the knowledge that fire creates smoke. This is an act of deduction.,4,1,"Smelling smoke is a sensory experience that can occur in everyday life, from kitchens to wildfires.",4,This uses the sensory knowledge that smoke indicates fire to infer a potential danger in the immediate environment.,"['fact', 'physical', 'literal language', 'normative', 'reasoning', 'everyday']",z-ai/glm-5.3
"The food smells rotten, so you should throw it away.",1,The connection between a rotten smell and unsafe food is a verifiable fact about decomposition.,3,1,"Food spoilage and the resulting bad odor are caused by bacterial decomposition, a biological process.",4,1,"It plainly describes a rotten smell and the action of discarding food, with no figurative language.",4,0,"The 'should' prescribes the correct action based on safety, making it a normative judgment about behavior.",4,0,The advice to throw it away is concluded by combining the observation of the smell with knowledge that spoiled food causes illness. This uses reasoning.,4,1,Checking food for spoilage by smell is a routine daily activity in any kitchen.,4,This uses the knowledge that spoiled food smells bad to make a safe decision about what to eat.,"['fact', 'physical', 'literal language', 'normative', 'reasoning', 'everyday']",z-ai/glm-5.3
"It is raining hard, so you should drive more slowly.",1,"The increased risk of accidents on wet roads is a statistically demonstrable fact, not an opinion.",3,1,"Rain reduces tire friction on roads, a physical property described by physics that affects stopping distance.",4,1,"The words directly describe rain and the action of reducing driving speed, with no metaphors.",4,0,The 'should' is a clear normative recommendation for how one ought to drive in those conditions.,4,0,The advice to slow down is derived from combining the observation of rain with the knowledge that wet roads are slippery and dangerous.,4,1,Driving in heavy rain is a very common experience for people who commute or travel.,4,This applies knowledge about road conditions in rain to advise safer driving behavior.,"['fact', 'physical', 'literal language', 'normative', 'reasoning', 'everyday']",z-ai/glm-5.3
"I heard thunder, so the storm is getting closer.",1,The relationship between thunder and storms is an objective meteorological fact.,4,1,"Thunder is an acoustic wave caused by lightning, a physical atmospheric phenomenon.",4,1,"The statement plainly connects the sound of thunder to the approach of a storm, meaning exactly what it says.",4,0,"The statement is a factual inference about a weather pattern, not a judgment or rule. It does not satisfy this feature.",1,0,The conclusion that the storm is approaching is an inference based on hearing thunder and knowing it comes from a nearby storm. This combines knowledge and observation.,4,1,Hearing thunder during a storm is a common experience during rainy seasons.,4,This uses the sensory experience of thunder to track the movement of a weather event.,"['fact', 'physical', 'literal language', 'normative', 'reasoning', 'everyday']",z-ai/glm-5.3
"If you drop the glass, it will likely break into pieces.",1,"The tendency of glass to break when dropped is an empirically verifiable fact, not a matter of opinion.",4,1,"It is governed by the physics of gravity and the material properties of glass, which cause it to shatter on impact.",4,1,"The statement directly describes the physical outcome of a dropped glass, with no figurative language.",4,0,"The statement is a prediction of a physical outcome, not a judgment or rule. It does not satisfy this feature.",1,0,The prediction that it will break is a conclusion drawn from combining general knowledge that glass is fragile with the action of dropping it.,4,1,Dropping glassware is a common household accident that people experience or witness.,4,This is basic common sense about the fragility of glass objects when subjected to impact.,"['fact', 'physical', 'literal language', 'normative', 'reasoning', 'everyday']",z-ai/glm-5.3
"I forgot to water the plant, so its leaves are turning brown.",1,"The fact that lack of water causes plants to brown is verifiable through biology, independent of opinion.",4,1,"Plant wilting and browning is a biological response to dehydration, governed by plant physiology.",4,1,"The statement plainly describes a forgotten chore and the physical sign of browning leaves, with no metaphors.",4,0,"The statement describes a cause-and-effect outcome, not a normative judgment or rule. It fails this feature.",1,0,"The causal connection is made by reasoning that the lack of water is the reason for the leaves changing color, combining memory and botanical knowledge.",4,1,Caring for houseplants and occasionally forgetting to water them is a common domestic experience.,4,This connects the common mistake of forgetting to water a plant with the visible consequence of it drying out.,"['fact', 'physical', 'literal language', 'normative', 'reasoning', 'everyday']",z-ai/glm-5.3
"The road is icy, so you should walk carefully to avoid slipping.",1,"The reduced friction on ice is a demonstrable physical fact, not an opinion.",3,1,"Ice drastically reduces friction between shoes and the ground, a physical property that causes slipping.",4,1,"It uses plain language to describe ice and the action of walking carefully, with no figures of speech.",4,0,"The 'should' prescribes the correct behavior to avoid harm, making it a normative safety rule.",4,0,The advice is a logical conclusion derived from the knowledge that ice is slippery and the risk of falling. It combines knowledge with a situational observation.,4,1,Walking on icy roads is a common winter experience for many people.,4,This applies knowledge about slippery ice to advise cautious behavior for personal safety.,"['fact', 'physical', 'literal language', 'normative', 'reasoning', 'everyday']",z-ai/glm-5.3
"She has been sneezing all day, so she probably has a cold.",1,"While it's a probable inference, the underlying link between sneezing and colds is a factual medical correlation, though the specific diagnosis is uncertain.",3,1,"Sneezing is a physiological reflex often triggered by a viral infection, a biological process.",4,1,"The statement directly describes repeated sneezing and infers a cold, with no figurative language.",4,0,"The statement is a factual inference about a health state, not a judgment or rule. It does not satisfy this feature.",1,0,The diagnosis of a cold is a logical inference made by connecting the symptom of sneezing with knowledge about illnesses. It is not a direct observation.,4,1,Colds and sneezing are universally common health experiences.,4,This uses the common symptom of sneezing to make a probable diagnosis of a common illness.,"['fact', 'physical', 'literal language', 'normative', 'reasoning', 'everyday']",z-ai/glm-5.3
"The baby is crying, so it must be hungry.",1,"The link between a baby's crying and hunger is a factual biological correlation, though the inference in a specific case could be wrong.",3,1,Crying is a biological behavior in infants often triggered by physiological needs like hunger.,4,1,"The statement plainly describes crying and infers hunger, with no idioms or metaphors.",4,0,"This is a factual inference about the baby's state, not a value judgment or social rule. It fails this feature.",1,0,The conclusion that the baby is hungry is an inference drawn by combining the observation of crying with knowledge of infant needs. This requires reasoning.,4,1,"Babies crying is an everyday occurrence for parents and caregivers, making this a routine inference.",4,This is a common inference made by caregivers to interpret an infant's needs from its behavior.,"['fact', 'physical', 'literal language', 'normative', 'reasoning', 'everyday']",z-ai/glm-5.3
"The milk has been out of the fridge all day, so it has probably spoiled.",1,"The biological process of milk spoilage at room temperature is a verifiable fact, not an opinion.",4,1,"Bacterial growth in milk accelerates at room temperature, a process described by microbiology.",4,1,"The statement directly describes milk being unrefrigerated and the likely outcome of spoilage, with no metaphors.",4,0,"The statement is a factual prediction about a physical process, not a judgment or rule. It fails this feature.",1,0,The conclusion that the milk spoiled is derived by combining the duration it was left out with the knowledge that warm milk spoils quickly.,4,1,Leaving milk out is a common household mistake people encounter.,4,This applies knowledge about food preservation temperatures to determine if milk is still safe to drink.,"['fact', 'physical', 'literal language', 'normative', 'reasoning', 'everyday']",z-ai/glm-5.3
"If you don't take your umbrella, you will get wet in the rain.",1,"The fact that rain makes unprotected people wet is an objective, demonstrable reality.",4,1,"Rain is water, and without a barrier, a person's body gets wet. This is governed by the physics of water.",4,1,"The statement plainly states that being in rain without an umbrella leads to getting wet, with no figures of speech.",4,0,"The statement is a prediction of a physical consequence, not a judgment or rule. It fails this feature.",1,0,The conclusion that one will get wet follows logically from the premise of rain and the lack of an umbrella. It combines knowledge with a conditional situation.,4,1,Rain and umbrellas are common elements of daily life and commuting.,4,This is a straightforward understanding of the consequence of being unprepared for rain.,"['fact', 'physical', 'literal language', 'normative', 'reasoning', 'everyday']",z-ai/glm-5.3
"I ate too much candy, so my stomach hurts.",1,The connection between consuming excess sugar and stomach discomfort is a verifiable physiological fact.,4,1,Stomach pain from overeating is a biological response of the digestive system to excess sugar.,4,1,"The statement plainly describes eating candy and the resulting stomach pain, with no figurative language.",4,0,"The statement describes a physical cause-and-effect, not a normative judgment or rule. It fails this feature.",1,0,The causal link between overeating and pain is a conclusion drawn by connecting one's recent actions with a physical feeling. It uses reasoning.,4,1,"Overindulging in sweets is a very common experience, especially for children.",4,This connects overeating sugary foods with a common physical discomfort.,"['fact', 'physical', 'literal language', 'normative', 'reasoning', 'everyday']",z-ai/glm-5.3
"He is shivering, so he must be feeling cold.",1,"The link between shivering and cold is a factual physiological correlation, not an opinion.",4,1,"Shivering is a physiological response of the body to cold to generate heat, a biological mechanism.",4,1,"The statement directly means that shivering indicates feeling cold, with no metaphors.",4,0,"The statement is a factual inference about a physical state, not a judgment or rule. It fails this feature.",1,0,The conclusion that he is cold is an inference made by connecting the observation of shivering with knowledge of the body's response to cold.,4,1,Seeing someone shiver in cold weather is a common experience.,4,This interprets a visible physical sign to understand someone's internal sensation.,"['fact', 'physical', 'literal language', 'normative', 'reasoning', 'everyday']",z-ai/glm-5.3
"The wifi router is blinking red, so the internet connection is down.",1,"The status of an internet connection is a technically verifiable fact, not a matter of opinion.",4,1,"It involves the status of electronic hardware and network signals, which are topics of engineering.",4,1,"The statement plainly describes a blinking light and infers a connection failure, using ordinary language.",4,0,"The statement is a factual diagnosis of a technical state, not a judgment or rule. It fails this feature.",1,0,The diagnosis is a logical inference combining the observation of the red light with knowledge of what router signals mean. This requires reasoning.,4,1,Internet outages and router lights are familiar experiences in modern homes.,4,This applies technical knowledge about devices to interpret status signals and diagnose a connection problem.,"['fact', 'physical', 'literal language', 'normative', 'reasoning', 'everyday']",z-ai/glm-5.3
"She finished the marathon, so she must be very thirsty.",1,The physiological link between long-distance running and thirst is a factual biological reality.,3,1,"Thirst after exercise is caused by dehydration and loss of fluids through sweat, a biological process.",4,1,"The statement directly describes finishing a race and infers thirst, with no figures of speech.",4,0,"The statement is a factual inference about her physical state, not a judgment or rule. It fails this feature.",1,0,The conclusion of thirst is derived by logically combining the knowledge of marathon exertion with the body's need for water. This is an inference.,4,1,"While a marathon is a specific event, intense exercise and resulting thirst are common experiences people can relate to.",3,This infers a physical need from the knowledge of the extreme exertion of running a marathon.,"['fact', 'physical', 'literal language', 'normative', 'reasoning', 'everyday']",z-ai/glm-5.3
"The door is unlocked, so anyone could walk right in.",1,"The fact that an unlocked door can be opened is a demonstrable physical reality, not an opinion.",4,1,"It involves the mechanical function of a lock preventing a door from opening, a physical mechanism.",4,1,"The statement plainly describes an unlocked door and the possibility of entry, with no metaphors.",4,0,"The statement describes a factual possibility of a physical mechanism, not a judgment or rule. It fails this feature.",1,0,The conclusion that entry is possible follows logically from the premise that the door is not locked. This is a reasoned deduction.,4,1,"Doors, locks, and concerns about entry are everyday parts of home and personal life.",4,"This is common sense about basic security, understanding that unlocked doors provide no barrier to entry.","['fact', 'physical', 'literal language', 'normative', 'reasoning', 'everyday']",z-ai/glm-5.3
"The coffee is too hot, so I should let it cool before drinking.",1,The fact that very hot liquid can burn and will cool over time is an objective physical fact.,4,1,"It involves heat transfer, where the hot liquid cools down over time by releasing heat to the air, a physics principle.",4,1,"The statement directly describes hot coffee and the action of waiting for it to cool, with no figures of speech.",4,0,"The 'should' prescribes the correct action to take for safety, making it a normative recommendation.",4,0,The decision to wait is a logical conclusion based on the knowledge that hot coffee burns the mouth. It combines knowledge with the situation.,4,1,Drinking hot beverages like coffee is a daily ritual for many people.,4,"This applies knowledge about the temperature of hot drinks to avoid burns, showing practical caution.","['fact', 'physical', 'literal language', 'normative', 'reasoning', 'everyday']",z-ai/glm-5.3
"If you burn the candle at both ends, you'll run out of steam.",0,Whether one 'runs out of steam' is subjective and not objectively verifiable in general. It cannot be demonstrated correct or incorrect.,3,0,"The metaphor draws on human-made imagery (candles, steam engines) and concerns human work practices. It is not a physical law.",3,0,It uses two metaphors—burning a candle at both ends and running out of steam—to convey exhaustion. It is not literal language.,4,1,It describes an empirical regularity: overworking leads to exhaustion. It does not judge what one ought to do.,3,0,It draws a conclusion (exhaustion) from combining premises about overwork. It is not a single observation.,4,1,"People regularly experience overwork and fatigue in daily life. It is not an abstract, unobservable regularity.",4,This reflects everyday folk wisdom about overworking and exhaustion.,"['opinion', 'social', 'figure of speech', 'positive', 'reasoning', 'everyday']",z-ai/glm-5.3
"A watched pot never boils, so I'll stop staring at it.",0,Whether watching truly delays perceived boiling is subjective and cannot be objectively demonstrated. Its truth is debatable.,3,0,"It concerns human perception of time and impatience, which is of human origin. It is not a physical measurement.",3,0,'A watched pot never boils' is a hyperbolic proverb about impatience. It is not meant literally.,4,1,It describes a regularity of subjective experience: attention makes waiting feel longer. It makes no normative judgment.,3,0,The speaker draws a conclusion ('I'll stop staring') from the proverb and their situation. It combines folk knowledge with a decision.,4,1,Waiting for a kettle to boil is an ordinary kitchen experience. It is not abstract.,4,This captures the common experience that time seems slower when waiting anxiously.,"['opinion', 'social', 'figure of speech', 'positive', 'reasoning', 'everyday']",z-ai/glm-5.3
"Money talks, so donors get the best seats at the gala.",0,That donors 'get the best seats' is a generalization someone might believe but cannot be definitively proven. It is partly subjective.,3,0,It concerns socially constructed hierarchies of wealth and status. It is not a physical or natural law.,4,0,'Money talks' is a personifying metaphor meaning wealth has influence. It is not literal speech.,4,1,It describes a social regularity: wealth buys privileges like better seats. It does not say this is right or wrong.,3,0,"It draws a conclusion about seating from the premise that wealth brings influence. It is an inference, not a bare observation.",4,1,"Galas, donations, and preferential treatment are common social situations. It is not abstract.",4,This reflects folk wisdom that wealth confers influence and privilege.,"['opinion', 'social', 'figure of speech', 'positive', 'reasoning', 'everyday']",z-ai/glm-5.3
"If you wear your heart on your sleeve, people will walk all over you.",0,Whether openness invites being taken advantage of is subjective and debatable. It cannot be objectively proven.,3,0,"It concerns human emotional expression and social exploitation, both of human origin. It is not physical.",4,0,It uses two idioms—'wear your heart on your sleeve' and 'walk all over you'. Neither is literal.,4,1,"It predicts a social consequence of open emotional display. It describes what happens, not what should happen.",3,0,"It concludes exploitation will follow from emotional openness, combining folk knowledge and logic. It is an inference.",4,1,People routinely experience emotional openness and interpersonal dynamics. It is not abstract.,4,This is folk wisdom that openly showing emotions invites exploitation.,"['opinion', 'social', 'figure of speech', 'positive', 'reasoning', 'everyday']",z-ai/glm-5.3
"The squeaky wheel gets the grease, so complain to get a refund.",0,"Whether complaining actually yields refunds is a subjective belief, not demonstrably true in all cases. It is not a pure fact.",3,0,"It concerns social conventions around complaints and service, which are human constructs. It is not a natural law.",4,0,'The squeaky wheel gets the grease' is a metaphorical proverb about complaining. It is not literally about wheels.,4,1,It describes an empirical regularity in customer service: complainers are accommodated. It makes no normative claim.,3,0,The speaker infers a course of action (complaining for a refund) from the proverb. It combines knowledge with a conclusion.,4,1,Seeking refunds and complaining about service are ordinary experiences. It is not abstract.,4,This captures the common belief that complaining louder gets results.,"['opinion', 'social', 'figure of speech', 'positive', 'reasoning', 'everyday']",z-ai/glm-5.3
Laughter is the best medicine when you're feeling blue.,0,Calling laughter the 'best' medicine is subjective; it cannot be objectively demonstrated. Others may disagree.,3,0,"It concerns human emotion, humor, and mood, which are of human origin. It is not a physical measurement.",3,0,"'Laughter is the best medicine' is a metaphor, and 'feeling blue' is an idiom. Neither is literal.",4,1,It describes a psychological regularity: laughter improves mood. It does not prescribe what one must do.,3,0,"It concludes that laughter helps when sad, linking two pieces of folk knowledge. It is a reasoned claim, not a bare observation.",3,1,Feeling sad and cheering up through humor are everyday experiences. It is not abstract.,4,This expresses the folk belief that humor improves a bad mood.,"['opinion', 'social', 'figure of speech', 'positive', 'reasoning', 'everyday']",z-ai/glm-5.3
"If you spill the beans at work, you'll be in hot water with the boss.",0,"Whether one gets 'in hot water' is a subjective, untestable generalization about social consequences. It is not a pure fact.",3,0,"It concerns workplace norms and secrets, which are socially constructed. It is not a physical rule.",4,0,'Spill the beans' and 'in hot water' are both idioms. Neither is literal.,4,1,It predicts an empirical workplace consequence: revealing secrets leads to trouble. It does not judge it right or wrong.,3,0,"It infers a consequence (boss's disapproval) from an action (revealing secrets), combining knowledge and logic.",4,1,"Workplaces, secrets, and bosses are everyday experiences. It is not abstract.",4,This reflects workplace folk wisdom about revealing secrets and facing consequences.,"['opinion', 'social', 'figure of speech', 'positive', 'reasoning', 'everyday']",z-ai/glm-5.3
"Old habits die hard, so don't expect her to stop gossiping overnight.",0,Whether this particular person will stop gossiping is an unverifiable subjective expectation. It cannot be proven now.,3,0,Habits and gossiping are human social behaviors of human origin. It is not a physical law.,4,0,'Old habits die hard' is a personifying aphorism; habits don't literally die. It is not literal language.,4,1,It describes a psychological regularity: ingrained behaviors persist. It makes no normative claim.,3,0,The speaker concludes gossiping will continue from the premise that habits persist. It is an inference.,4,1,"Habits, gossip, and attempts to change are everyday experiences. It is not abstract.",4,This captures the everyday belief that ingrained behaviors are hard to change.,"['opinion', 'social', 'figure of speech', 'positive', 'reasoning', 'everyday']",z-ai/glm-5.3
"You can't judge a book by its cover, so first dates can surprise you.",0,Whether appearances mislead is a subjective generalization that cannot be conclusively proven. People may disagree.,3,0,"It concerns social perception and first impressions, which are human phenomena. It is not physical.",4,0,'Can't judge a book by its cover' is a metaphorical proverb about appearances. It is not about actual books.,4,1,It states a regularity: appearance does not reliably indicate character. It does not say how one ought to judge.,3,0,"It concludes that first dates can surprise, applying the proverb's logic to a situation. It combines knowledge and inference.",4,1,First dates and snap judgments are common everyday experiences. It is not abstract.,4,This reflects folk wisdom that appearances can mislead in social encounters.,"['opinion', 'social', 'figure of speech', 'positive', 'reasoning', 'everyday']",z-ai/glm-5.3
"Every cloud has a silver lining, so losing that job may open doors.",0,"That job loss will open doors is an optimistic, unverifiable belief. It cannot be objectively demonstrated.",3,0,"It concerns human interpretation of life events and career paths, which are social. It is not a physical law.",3,0,'Every cloud has a silver lining' is a metaphor about hidden benefits. It is not literal weather talk.,4,1,It predicts a regularity: setbacks often lead to new opportunities. It prescribes nothing.,3,0,It infers future opportunity from a setback using the proverb's logic. It combines folk knowledge and reasoning.,4,1,Job loss and career changes are common life experiences. It is not abstract.,4,This expresses optimistic folk wisdom about setbacks leading to opportunities.,"['opinion', 'social', 'figure of speech', 'positive', 'reasoning', 'everyday']",z-ai/glm-5.3
"Absence makes the heart grow fonder, so the long-distance couple may thrive.",0,Whether absence strengthens or weakens love is debated and subjective. It cannot be objectively settled.,3,0,"It concerns romantic relationships and emotions, which are human and social. It is not physical.",4,0,'Absence makes the heart grow fonder' is a personifying aphorism about longing. It is not literal.,4,1,It describes a regularity in human relationships: separation can strengthen affection. It makes no normative claim.,3,0,It infers that a long-distance couple may thrive from the proverb's premise. It is a reasoned prediction.,4,1,Long-distance relationships are common everyday situations. It is not abstract.,4,This captures folk wisdom about how separation affects romantic feelings.,"['opinion', 'social', 'figure of speech', 'positive', 'reasoning', 'everyday']",z-ai/glm-5.3
"The early bird catches the worm, so show up before the sale starts.",0,Whether early arrival guarantees an advantage is a subjective belief; it often fails. It cannot be proven definitively.,3,0,It concerns socially constructed events like sales and competition among people. It is not a physical law.,3,0,'The early bird catches the worm' is an animal metaphor for early arrivers. It is not literally about birds.,4,1,It states an empirical regularity: early arrival yields advantage. It does not judge it as good or bad.,3,0,"The speaker concludes they should arrive early, applying the proverb's logic. It combines knowledge and inference.",4,1,"Sales, queues, and arriving early are everyday experiences. It is not abstract.",4,This reflects folk wisdom that arriving early brings advantages.,"['opinion', 'social', 'figure of speech', 'positive', 'reasoning', 'everyday']",z-ai/glm-5.3
"If the office grapevine says layoffs are coming, it's probably true.",0,"Whether the rumor is true is an unverifiable, probabilistic belief. It cannot be objectively demonstrated at the time.",3,0,Rumors and informal networks are social phenomena of human origin. They are not physical facts.,4,0,'The office grapevine' is a metaphor for informal communication channels. It is not a literal vine.,4,1,It describes an empirical pattern: workplace rumors often contain truth. It makes no normative judgment.,3,0,"It concludes layoffs are probably true from rumor evidence, combining observation and inference. It is reasoning, not bare knowledge.",4,1,Office rumors and layoff fears are common workplace experiences. It is not abstract.,4,This reflects everyday reasoning about workplace rumors often having a kernel of truth.,"['opinion', 'social', 'figure of speech', 'positive', 'reasoning', 'everyday']",z-ai/glm-5.3
"When it rains, it pours, so expect more bills after the first one.",0,"That misfortunes reliably cluster is a subjective pattern belief, not demonstrably true. It is not a fact.",3,0,"Bills and financial troubles arise from human economic life, which is socially constructed. It is not physical.",3,0,"'When it rains, it pours' is a metaphorical proverb about misfortunes clustering. It is not literal weather.",4,1,It describes a perceived regularity: hardships cluster together. It prescribes nothing.,3,0,It predicts more bills from one bill using the proverb's logic. It is an inference from a premise.,4,1,Paying bills and financial stress are everyday experiences. It is not abstract.,4,This captures the folk observation that troubles often arrive in clusters.,"['opinion', 'social', 'figure of speech', 'positive', 'reasoning', 'everyday']",z-ai/glm-5.3
"Big fish are fried first, so the loudest complainer got fired.",0,"Why the person was fired is an interpretation someone believes, not objectively provable. It is subjective.",3,0,"It concerns workplace politics and firing decisions, which are social constructs. It is not physical.",4,0,'Big fish are fried first' is a metaphor connecting size and consequence. It is not literal cooking.,4,1,It describes a social regularity: prominent dissenters are targeted first. It does not judge this right or wrong.,3,0,It explains the firing by combining the folk premise with the observation of who complained loudest. It is an inference.,4,1,Workplace firings and office politics are everyday occurrences. It is not abstract.,4,This reflects folk wisdom that prominent troublemakers face consequences first.,"['opinion', 'social', 'figure of speech', 'positive', 'reasoning', 'everyday']",z-ai/glm-5.3
"A rolling stone gathers no moss, so he'll never settle down.",0,Whether he will settle down is an unverifiable personal prediction. It cannot be objectively demonstrated.,3,0,"It concerns human lifestyle choices and settling down, which are social matters. It is not physical.",4,0,'A rolling stone gathers no moss' is a metaphor for restless people. It is not about actual stones.,4,1,It predicts a behavioral regularity: restless people avoid settling. It prescribes no value.,3,0,It concludes he won't settle down from his restless behavior and the proverb. It combines knowledge and inference.,4,1,Restless lifestyles and settling down are common life topics. It is not abstract.,4,This captures folk wisdom linking a restless lifestyle to avoiding commitment.,"['opinion', 'social', 'figure of speech', 'positive', 'reasoning', 'everyday']",z-ai/glm-5.3
"Birds of a feather flock together, so the gamers all sat at one table.",0,Why they sat together is an interpretive belief; similarity's role cannot be proven. It is subjective.,3,0,Friendship formation and grouping by interest are social phenomena. They are not physical.,4,0,'Birds of a feather flock together' is an animal metaphor for human similarity. It is not literal.,4,1,It describes an empirical social regularity: similar people group together. It makes no normative claim.,3,0,It explains the seating arrangement by applying the proverb's logic to shared interests. It is an inference.,4,1,Social gatherings and grouping by shared interests are everyday experiences. It is not abstract.,4,This reflects the everyday observation that similar people gravitate toward each other.,"['opinion', 'social', 'figure of speech', 'positive', 'reasoning', 'everyday']",z-ai/glm-5.3
"Home is where the heart is, so she loves her tiny apartment.",0,Whether she truly loves her home is a subjective feeling that cannot be objectively verified. It is inherently personal.,3,0,"Home and emotional attachment are human, socially shaped concepts. They are not physical measurements.",4,0,'Home is where the heart is' is a metaphor linking home to emotion. It is not literal anatomy.,4,1,It describes a psychological regularity: people love homes they feel attached to. It prescribes nothing.,3,0,It concludes she loves her apartment from the premise that attachment defines home. It combines knowledge and logic.,4,1,"Homes, apartments, and attachment to living spaces are everyday matters. It is not abstract.",4,"This expresses folk wisdom that emotional attachment defines home, not size or luxury.","['opinion', 'social', 'figure of speech', 'positive', 'reasoning', 'everyday']",z-ai/glm-5.3
"You reap what you sow, so the bully will eventually lose his friends.",0,Whether the bully will lose friends is an untestable prediction and subjective moral-tinged belief. It is not a fact.,3,0,Friendship and bullying are social behaviors of human origin. They are not physical.,4,0,'You reap what you sow' is an agricultural metaphor for consequences of actions. It is not literal farming.,4,1,It predicts a social consequence of bullying: losing friends. It does not judge whether this is deserved.,3,0,"It infers a future outcome (losing friends) from past behavior and the proverb. It is reasoning, not a bare fact.",4,1,Bullying and friendship dynamics are common everyday experiences. It is not abstract.,4,This captures the folk belief that mistreating others brings social consequences.,"['opinion', 'social', 'figure of speech', 'positive', 'reasoning', 'everyday']",z-ai/glm-5.3
"Too many cooks spoil the broth, so the committee's party will flop.",0,Whether the party will flop is an unverifiable prediction and subjective judgment. It cannot be objectively demonstrated.,3,0,"Committees and party planning are social, human-made activities. They are not physical.",4,0,'Too many cooks spoil the broth' is a cooking metaphor for group dysfunction. It is not literal cooking.,4,1,It predicts a social outcome: overcrowded planning yields failure. It makes no normative claim.,3,0,It predicts the party will flop by applying the proverb to the committee situation. It combines premise and conclusion.,4,1,Committee planning and parties are everyday social experiences. It is not abstract.,4,This reflects folk wisdom that too many contributors ruin group efforts.,"['opinion', 'social', 'figure of speech', 'positive', 'reasoning', 'everyday']",z-ai/glm-5.3
