statement,fact,fact_explanation,fact_confidence,physical,physical_explanation,physical_confidence,literal language,literal language_explanation,literal language_confidence,positive,positive_explanation,positive_confidence,knowledge,knowledge_explanation,knowledge_confidence,everyday,everyday_explanation,everyday_confidence,commonsense,design_point,model
A stitch in time saves nine.,0,"It reflects wisdom, not provable fact. It is not objective as exceptions exist.",4,1,"It references sewing, a tangible physical task. It is not purely social as it relies on material work.",3,0,It uses metaphor where stitches represent effort. It is not literal language.,4,0,"It prescribes behavior using 'saves', implying what should be done. It is not descriptive of what is.",4,0,"It infers future savings from present action, using logic. It is not just observation but a causal conclusion.",4,0,It generalizes a principle beyond specific instances. It is not tied to one everyday event but a rule.,4,It advises preventing problems early to avoid greater effort later.,"['opinion', 'physical', 'figure of speech', 'normative', 'reasoning', 'abstract']",inception/mercury-2.5
Don't count your chickens before they hatch.,0,It is a belief on prudence. It is not demonstrably correct.,4,1,It references biology of eggs hatching. It is not solely social convention.,3,0,It uses metaphorical counting of unborn animals. It is not plain literal language.,4,0,It uses 'Don't' to prescribe conduct. It is not positive description.,4,0,It concludes uncertainty requires caution. It is not just knowledge but a logical warning.,4,0,"It applies to all risks, not just farms. It is not limited to immediate experience.",4,It warns against assuming success before it happens.,"['opinion', 'physical', 'figure of speech', 'normative', 'reasoning', 'abstract']",inception/mercury-2.5
Actions speak louder than words.,0,It is subjective about trust. It is not objectively verifiable.,4,1,It relies on physical behavior versus sound. It is not purely abstract.,3,0,It personifies actions as speakers. It is not literal.,4,0,It implies we should value actions. It is not just observation.,4,0,It concludes actions prove intent better than speech. It is not mere fact but inference.,4,0,It generalizes human interaction patterns. It is not specific to one situation.,4,It suggests behavior reveals truth more than speech.,"['opinion', 'physical', 'figure of speech', 'normative', 'reasoning', 'abstract']",inception/mercury-2.5
Too many cooks spoil the broth.,0,It is a judgment on efficiency. It is not proven fact.,4,1,It references cooking a physical process. It is not purely social.,3,0,It uses cooking as a metaphor. It is not literal.,4,0,It implies limiting helpers is wise. It is not descriptive.,4,0,It concludes excess causes failure. It is not just a fact.,4,0,It applies to teamwork generally. It is not about one pot.,4,It warns that too many helpers ruin a task.,"['opinion', 'physical', 'figure of speech', 'normative', 'reasoning', 'abstract']",inception/mercury-2.5
Haste makes waste.,0,It is subjective about pacing. It is not objective.,4,1,It implies physical speed affects output. It is not purely social.,3,0,It uses rhyme and metaphor. It is not literal.,4,0,It advises slowing down. It is not positive.,4,0,It links speed to inefficiency logically. It is not just observation.,4,0,It generalizes a work principle. It is not about a specific task.,4,It says rushing leads to errors and loss.,"['opinion', 'physical', 'figure of speech', 'normative', 'reasoning', 'abstract']",inception/mercury-2.5
You reap what you sow.,0,It is belief about justice. It is not objective.,4,1,It references farming physics. It is not purely social.,3,0,It uses planting metaphor. It is not literal.,4,0,It implies moral responsibility. It is not just positive.,4,0,It infers future results from past seeds. It is not mere knowledge.,4,0,It applies to life broadly. It is not literal everyday experience.,4,It says consequences match your prior actions.,"['opinion', 'physical', 'figure of speech', 'normative', 'reasoning', 'abstract']",inception/mercury-2.5
Birds of a feather flock together.,0,It is a belief about groups. It is not fact.,4,1,It references animal biology. It is not purely social.,3,0,It uses animal metaphor. It is not literal.,4,0,It implies normal social behavior. It is not descriptive only.,3,0,It concludes similarity causes association. It is not just observation.,4,0,It generalizes human attraction. It is not specific daily life.,4,It says people like each other share traits.,"['opinion', 'physical', 'figure of speech', 'normative', 'reasoning', 'abstract']",inception/mercury-2.5
Don't bite the hand that feeds you.,0,It is subjective on loyalty. It is not objective.,4,1,It references eating biology. It is not purely social.,3,0,It uses feeding metaphor. It is not literal.,4,0,It prescribes loyalty. It is not positive.,4,0,It infers survival logic. It is not just fact.,4,0,It applies to all benefits. It is not one instance.,4,It advises not harming those who help.,"['opinion', 'physical', 'figure of speech', 'normative', 'reasoning', 'abstract']",inception/mercury-2.5
"Out of sight, out of mind.",0,It is a belief on focus. It is not fact.,4,1,It references visual perception. It is not purely social.,3,0,It uses metaphorical phrases. It is not literal.,4,0,It implies managing attention. It is not descriptive.,3,0,It infers memory links to visibility. It is not just knowledge.,4,0,It generalizes human forgetfulness. It is not one object.,4,It says we forget what we do not see.,"['opinion', 'physical', 'figure of speech', 'normative', 'reasoning', 'abstract']",inception/mercury-2.5
The early bird catches the worm.,0,It is subjective on timing. It is not objective.,4,1,It references animal feeding. It is not purely social.,3,0,It uses hunting metaphor. It is not literal.,4,0,It urges waking early. It is not positive.,4,0,It infers advantage from timing. It is not observation.,4,0,It applies to all tasks. It is not daily experience.,4,It says acting early wins rewards.,"['opinion', 'physical', 'figure of speech', 'normative', 'reasoning', 'abstract']",inception/mercury-2.5
A watched pot never boils.,0,It is subjective on time. It is not objective.,4,1,It references water heating. It is not purely social.,3,0,It uses hyperbole. It is not literal.,4,0,It suggests patience. It is not positive.,4,0,It infers perception delays events. It is not just fact.,4,0,It generalizes impatience. It is not literal observation.,4,It says waiting feels longer than reality.,"['opinion', 'physical', 'figure of speech', 'normative', 'reasoning', 'abstract']",inception/mercury-2.5
Better late than never.,0,It is a value judgment. It is not objective.,4,1,It references timing physically. It is not purely social.,3,0,It uses short metaphor. It is not literal.,4,0,It advises finishing. It is not descriptive.,4,0,It concludes late is valuable. It is not just knowledge.,4,0,It applies to all tasks. It is not one day.,4,It says completion is better than none.,"['opinion', 'physical', 'figure of speech', 'normative', 'reasoning', 'abstract']",inception/mercury-2.5
Money can't buy happiness.,0,It is subjective on value. It is not objective.,4,1,It references currency utility. It is not purely social.,3,0,It uses buy metaphor. It is not literal.,4,0,It implies money is limited. It is not positive.,4,0,It infers limits on wealth. It is not observation.,4,0,It generalizes emotion. It is not everyday fact.,4,It says wealth does not guarantee joy.,"['opinion', 'physical', 'figure of speech', 'normative', 'reasoning', 'abstract']",inception/mercury-2.5
Rome wasn't built in a day.,0,It is belief on progress. It is not objective.,4,1,It references physical building. It is not purely social.,3,0,It uses historical metaphor. It is not literal.,4,0,It advises patience. It is not positive.,4,0,It infers time from construction. It is not knowledge.,4,0,It applies to all projects. It is not specific city.,4,It says great work takes time.,"['opinion', 'physical', 'figure of speech', 'normative', 'reasoning', 'abstract']",inception/mercury-2.5
Don't put all your eggs in one basket.,0,It is strategy belief. It is not objective.,4,1,It references physical eggs. It is not purely social.,3,0,It uses physical metaphor. It is not literal.,4,0,It advises diversification. It is not positive.,4,0,It concludes risk increases concentration. It is not fact.,4,0,It applies to finance. It is not daily life.,4,It warns against putting all resources in one place.,"['opinion', 'physical', 'figure of speech', 'normative', 'reasoning', 'abstract']",inception/mercury-2.5
A friend in need is a friend indeed.,0,It is belief on loyalty. It is not objective.,4,1,It references aid. It is not purely social.,3,0,It uses 'indeed'. It is not literal.,4,0,It values loyalty. It is not positive.,4,0,It infers truth from action. It is not just knowledge.,4,0,It generalizes friendship. It is not single event.,4,It says real friends help when needed.,"['opinion', 'physical', 'figure of speech', 'normative', 'reasoning', 'abstract']",inception/mercury-2.5
"Where there's smoke, there's fire.",0,It is subjective on signs. It is not objective.,4,1,It references combustion. It is not purely social.,3,0,It uses metaphor. It is not literal.,4,0,It advises trusting evidence. It is not positive.,3,0,It infers cause from effect. It is not fact.,4,0,It applies to all evidence. It is not one fire.,4,It says signs usually indicate reality.,"['opinion', 'physical', 'figure of speech', 'normative', 'reasoning', 'abstract']",inception/mercury-2.5
Still waters run deep.,0,It is subjective on character. It is not objective.,4,1,It references water physics. It is not purely social.,3,0,It uses water metaphor. It is not literal.,4,0,It values quietness. It is not positive.,3,0,It infers depth from calm. It is not knowledge.,4,0,It applies to personality. It is not one lake.,4,It says quiet people have depth.,"['opinion', 'physical', 'figure of speech', 'normative', 'reasoning', 'abstract']",inception/mercury-2.5
You can't teach an old dog new tricks.,0,It is belief on change. It is not objective.,4,1,It references animal learning. It is not purely social.,3,0,It uses dog metaphor. It is not literal.,4,0,It implies limits. It is not positive.,3,0,It infers resistance from age. It is not fact.,4,0,It applies to humans. It is not one animal.,4,It says habits hard to change later.,"['opinion', 'physical', 'figure of speech', 'normative', 'reasoning', 'abstract']",inception/mercury-2.5
Don't cry over spilt milk.,0,It is subjective on coping. It is not objective.,4,1,It references liquid spilling. It is not purely social.,3,0,It uses milk metaphor. It is not literal.,4,0,It advises coping. It is not positive.,4,0,It infers waste of emotion. It is not knowledge.,4,0,It applies to regrets. It is not one spill.,4,It advises not worrying about irreversible loss.,"['opinion', 'physical', 'figure of speech', 'normative', 'reasoning', 'abstract']",inception/mercury-2.5
Don't count your chickens before they hatch.,0,"It expresses a subjective caution rather than an objective truth, making it opinion not fact.",4,0,"It relies on human advice and interaction rather than natural laws, making it social not physical.",4,0,"It uses metaphorical language rather than literal description, making it figurative not literal.",4,0,"It suggests a moral duty rather than describing what is, making it normative not positive.",4,0,"It implies a logical consequence derived from premises, making it reasoning not simple knowledge.",4,0,"It describes a general risk principle rather than a specific event, making it abstract not everyday.",4,This is common sense because it warns against assuming positive outcomes before they occur.,"['opinion', 'social', 'figure of speech', 'normative', 'reasoning', 'abstract']",inception/mercury-2.5
A stitch in time saves nine.,0,"It expresses a subjective preference for proactive action rather than objective truth, making it opinion not fact.",4,0,"It relies on human advice regarding maintenance and behavior rather than physics, making it social not physical.",4,0,"It uses a metaphor of sewing to represent general repair rather than literal description, making it figurative not literal.",4,0,"It suggests what one should do rather than what is, making it normative not positive.",4,0,"It implies a logical causal link between current and future effort, making it reasoning not simple knowledge.",4,0,"It describes a general principle of efficiency rather than a specific event, making it abstract not everyday.",4,This is common sense because it advises fixing issues early to prevent larger problems.,"['opinion', 'social', 'figure of speech', 'normative', 'reasoning', 'abstract']",inception/mercury-2.5
Honesty is the best policy.,0,"It expresses a subjective belief about strategy rather than objective truth, making it opinion not fact.",4,0,"It relies on human values and interaction norms rather than physical laws, making it social not physical.",4,0,"It equates a concept to a 'policy' as a metaphor, making it figurative not literal.",4,0,"It suggests a moral judgment on how to act rather than describing reality, making it normative not positive.",4,0,"It implies reasoning that trust yields better outcomes than deceit, making it reasoning not simple knowledge.",4,0,"It refers to a general moral regularity rather than a specific event, making it abstract not everyday.",4,This is common sense because it suggests being truthful leads to better long-term outcomes.,"['opinion', 'social', 'figure of speech', 'normative', 'reasoning', 'abstract']",inception/mercury-2.5
The early bird catches the worm.,0,"It expresses a subjective view on merit rather than objective truth, making it opinion not fact.",4,0,"It relies on human competitive norms rather than actual biology, making it social not physical.",4,0,"It uses birds and worms as metaphors for people, making it figurative not literal.",4,0,"It suggests behavior one should emulate rather than describing reality, making it normative not positive.",4,0,"It implies logical causality between early action and reward, making it reasoning not simple knowledge.",4,0,"It refers to a universal success regularity rather than a specific animal event, making it abstract not everyday.",4,This is common sense because it rewards initiative and timing for success.,"['opinion', 'social', 'figure of speech', 'normative', 'reasoning', 'abstract']",inception/mercury-2.5
People who live in glass houses shouldn't throw stones.,0,"It expresses a subjective view on fairness rather than objective truth, making it opinion not fact.",4,0,"It relies on social etiquette and judgment rather than physical architecture, making it social not physical.",4,0,"It uses glass houses as a metaphor for vulnerability, making it figurative not literal.",4,0,"It prescribes conduct based on moral standing rather than describing reality, making it normative not positive.",4,0,"It implies a logical consequence of hypocrisy leading to retaliation, making it reasoning not simple knowledge.",4,0,"It refers to a general ethical regularity rather than a specific physical event, making it abstract not everyday.",4,This is common sense because it warns those with flaws not to criticize others.,"['opinion', 'social', 'figure of speech', 'normative', 'reasoning', 'abstract']",inception/mercury-2.5
Don't bite the hand that feeds you.,0,"It expresses a subjective belief on gratitude rather than objective truth, making it opinion not fact.",4,0,"It relies on social power dynamics and gratitude rather than physical eating, making it social not physical.",4,0,"It uses feeding as a metaphor for support, making it figurative not literal.",4,0,"It suggests a moral prohibition rather than describing reality, making it normative not positive.",4,0,"It implies logical risk that hurting a benefactor stops help, making it reasoning not simple knowledge.",4,0,"It refers to a general regularity in dependency rather than a specific biological event, making it abstract not everyday.",4,This is common sense because it warns against harming those who provide for you.,"['opinion', 'social', 'figure of speech', 'normative', 'reasoning', 'abstract']",inception/mercury-2.5
Better late than never.,0,"It expresses a subjective preference rather than objective truth, making it opinion not fact.",4,0,"It relies on human expectations on timeliness rather than physical laws, making it social not physical.",4,0,"It uses 'never' to imply non-completion metaphorically, making it figurative not literal.",3,0,"It judges that any action is better than none rather than describing reality, making it normative not positive.",4,0,"It implies reasoning that delayed completion is better than failure, making it reasoning not simple knowledge.",4,0,"It refers to a general value regularity rather than a specific event, making it abstract not everyday.",4,This is common sense because it encourages doing something even if delayed.,"['opinion', 'social', 'figure of speech', 'normative', 'reasoning', 'abstract']",inception/mercury-2.5
Actions speak louder than words.,0,"It expresses a subjective view on trust rather than objective truth, making it opinion not fact.",4,0,"It relies on human communication norms rather than physics, making it social not physical.",4,0,"It uses volume as a metaphor for impact, making it figurative not literal.",4,0,"It suggests prioritizing deeds over talk rather than describing reality, making it normative not positive.",4,0,"It implies logical deduction that behavior reveals truth better than speech, making it reasoning not simple knowledge.",4,0,"It refers to a general regularity in credibility rather than a specific event, making it abstract not everyday.",4,This is common sense because it values tangible deeds over empty promises.,"['opinion', 'social', 'figure of speech', 'normative', 'reasoning', 'abstract']",inception/mercury-2.5
Too many cooks spoil the broth.,0,"It expresses a subjective view on collaboration rather than objective truth, making it opinion not fact.",4,0,"It relies on group dynamics rather than physical cooking chemistry, making it social not physical.",4,0,"It uses cooks as a metaphor for participants, making it figurative not literal.",4,0,"It suggests limiting involvement rather than describing reality, making it normative not positive.",4,0,"It implies logical consequences of divided responsibility on outcome quality, making it reasoning not simple knowledge.",4,0,"It refers to a general work regularity rather than a specific culinary event, making it abstract not everyday.",4,This is common sense because it suggests that too many people can ruin a task.,"['opinion', 'social', 'figure of speech', 'normative', 'reasoning', 'abstract']",inception/mercury-2.5
Pride goes before a fall.,0,"It expresses a subjective belief on cause and effect rather than objective truth, making it opinion not fact.",4,0,"It relies on human traits rather than physical gravity, making it social not physical.",4,0,"It uses falling as a metaphor for failure, making it figurative not literal.",4,0,"It suggests a moral warning rather than describing reality, making it normative not positive.",4,0,"It implies logical causality between attitude and downfall, making it reasoning not simple knowledge.",4,0,"It refers to a general moral regularity rather than a specific physical fall, making it abstract not everyday.",4,This is common sense because it warns that arrogance often leads to failure.,"['opinion', 'social', 'figure of speech', 'normative', 'reasoning', 'abstract']",inception/mercury-2.5
What goes around comes around.,0,"It expresses a subjective belief on karma rather than objective truth, making it opinion not fact.",4,0,"It relies on moral beliefs and social reciprocity rather than physics, making it social not physical.",4,0,"It uses circular motion as a metaphor for fate, making it figurative not literal.",4,0,"It implies a moral judgment on fairness rather than describing reality, making it normative not positive.",4,0,"It implies logical reciprocity between actions and reactions, making it reasoning not simple knowledge.",4,0,"It refers to a universal regularity in life rather than a specific event, making it abstract not everyday.",4,This is common sense because it suggests karma or justice will happen eventually.,"['opinion', 'social', 'figure of speech', 'normative', 'reasoning', 'abstract']",inception/mercury-2.5
Don't judge a book by its cover.,0,"It expresses a subjective belief on value rather than objective truth, making it opinion not fact.",4,0,"It relies on human behavior and norms rather than physical book properties, making it social not physical.",4,0,"It uses books as a metaphor for people, making it figurative not literal.",4,0,"It suggests how one should behave rather than describing reality, making it normative not positive.",4,0,"It implies reasoning that surfaces often mislead about interiors, making it reasoning not simple knowledge.",4,0,"It refers to a general regularity in perception rather than a specific book event, making it abstract not everyday.",4,This is common sense because it warns against evaluating things based solely on appearance.,"['opinion', 'social', 'figure of speech', 'normative', 'reasoning', 'abstract']",inception/mercury-2.5
"When in Rome, do as the Romans do.",0,"It expresses a subjective view on etiquette rather than objective truth, making it opinion not fact.",4,0,"It relies on social adaptation and customs rather than physical laws, making it social not physical.",4,0,"It uses a place as a metaphor for culture, making it figurative not literal.",4,0,"It suggests how one should behave in a setting rather than describing reality, making it normative not positive.",4,0,"It implies logical benefit in conforming to environment, making it reasoning not simple knowledge.",4,0,"It refers to a general cultural regularity rather than a specific trip, making it abstract not everyday.",4,This is common sense because it advises adapting to local customs.,"['opinion', 'social', 'figure of speech', 'normative', 'reasoning', 'abstract']",inception/mercury-2.5
Make hay while the sun shines.,0,"It expresses a subjective strategy rather than objective truth, making it opinion not fact.",4,0,"It relies on human work strategy rather than weather itself, making it social not physical.",4,0,"It uses hay as a metaphor for tasks, making it figurative not literal.",4,0,"It suggests one should act immediately rather than describing reality, making it normative not positive.",4,0,"It implies logical causality between timing and success, making it reasoning not simple knowledge.",4,0,"It refers to a general opportunity regularity rather than a specific agricultural event, making it abstract not everyday.",4,This is common sense because it advises taking advantage of favorable conditions.,"['opinion', 'social', 'figure of speech', 'normative', 'reasoning', 'abstract']",inception/mercury-2.5
Necessity is the mother of invention.,0,"It expresses a subjective theory on innovation rather than objective truth, making it opinion not fact.",4,0,"It relies on human progress rather than biological facts, making it social not physical.",4,0,"It uses birth as a metaphor for development, making it figurative not literal.",4,0,"It suggests how innovation happens rather than describing reality, making it normative not positive.",4,0,"It implies logical causality between needs and solutions, making it reasoning not simple knowledge.",4,0,"It refers to a general historical regularity rather than a specific invention, making it abstract not everyday.",4,This is common sense because it states that needs drive creativity.,"['opinion', 'social', 'figure of speech', 'normative', 'reasoning', 'abstract']",inception/mercury-2.5
Silence is golden.,0,"It expresses a subjective preference rather than objective truth, making it opinion not fact.",4,0,"It relies on human communication norms rather than physical acoustics, making it social not physical.",4,0,"It equates silence with value (gold) metaphorically, making it figurative not literal.",4,0,"It suggests a value judgment rather than describing reality, making it normative not positive.",4,0,"It implies reasoning that silence prevents mistakes, making it reasoning not simple knowledge.",4,0,"It refers to a general value regularity rather than a specific event, making it abstract not everyday.",4,This is common sense because it values quietness over constant noise or speech.,"['opinion', 'social', 'figure of speech', 'normative', 'reasoning', 'abstract']",inception/mercury-2.5
"Out with the old, in with the new.",0,"It expresses a subjective view on renewal rather than objective truth, making it opinion not fact.",4,0,"It relies on human preferences for progress rather than physical decay, making it social not physical.",4,0,"It uses old and new as abstract concepts metaphorically, making it figurative not literal.",4,0,"It suggests a course of action rather than describing reality, making it normative not positive.",4,0,"It implies reasoning that new solutions are better than old ones, making it reasoning not simple knowledge.",4,0,"It refers to a general regularity in change rather than a specific event, making it abstract not everyday.",4,This is common sense because it advocates replacing old things with new ones.,"['opinion', 'social', 'figure of speech', 'normative', 'reasoning', 'abstract']",inception/mercury-2.5
Every cloud has a silver lining.,0,"It expresses a subjective belief on hope rather than objective truth, making it opinion not fact.",4,0,"It relies on human optimism and culture rather than physics, making it social not physical.",4,0,"It uses clouds and silver metaphorically for hardship and hope, making it figurative not literal.",4,0,"It suggests a positive mindset rather than describing reality, making it normative not positive.",4,0,"It implies logical reasoning that bad situations contain benefits, making it reasoning not simple knowledge.",4,0,"It refers to a universal regularity in hope rather than a specific event, making it abstract not everyday.",4,This is common sense because it suggests there is always something good in bad situations.,"['opinion', 'social', 'figure of speech', 'normative', 'reasoning', 'abstract']",inception/mercury-2.5
Birds of a feather flock together.,0,"It expresses a subjective view on association rather than objective truth, making it opinion not fact.",4,0,"It relies on human social grouping rather than bird behavior, making it social not physical.",4,0,"It uses birds as a metaphor for people, making it figurative not literal.",4,0,"It suggests how groups form rather than describing reality strictly, making it normative not positive.",4,0,"It implies logical cause and effect between similarity and affiliation, making it reasoning not simple knowledge.",4,0,"It refers to a general social regularity rather than a specific animal event, making it abstract not everyday.",4,This is common sense because it states similar people tend to associate with each other.,"['opinion', 'social', 'figure of speech', 'normative', 'reasoning', 'abstract']",inception/mercury-2.5
"Too soon old, too late smart.",0,"It expresses a subjective view on regret rather than objective truth, making it opinion not fact.",4,0,"It relies on human wisdom and reflection rather than physical age, making it social not physical.",4,0,"It uses age as a metaphor for perspective, making it figurative not literal.",4,0,"It suggests a life judgment rather than describing reality, making it normative not positive.",4,0,"It implies logical contrast between timing and wisdom, making it reasoning not simple knowledge.",4,0,"It refers to a general regularity in life stages rather than a specific event, making it abstract not everyday.",4,This is common sense because it notes people realize the value of youth too late.,"['opinion', 'social', 'figure of speech', 'normative', 'reasoning', 'abstract']",inception/mercury-2.5
Don't burn bridges you might cross later.,1,Destroying resources objectively prevents future access to them.,3,1,It alludes to the physical impossibility of restoring destroyed paths.,2,0,Bridges metaphorically represent personal connections or pathways.,4,0,It advises against a specific behavior using a negative command.,4,0,It logically concludes future need based on current loss.,4,0,It applies to general social dynamics rather than specific events.,4,Avoid harming relationships as you may need help later.,"['fact', 'physical', 'figure of speech', 'normative', 'reasoning', 'abstract']",inception/mercury-2.5
A stitch in time saves nine.,1,Empirical observation shows minor fixes prevent major repairs.,4,1,It refers to physical effort and material accumulation.,4,0,Stitching represents any maintenance or repair work.,4,0,It advises taking preventive action through a suggestion.,4,0,It concludes that small effort prevents greater effort later.,4,0,It expresses a general principle of maintenance efficiency.,4,Fix problems early to prevent needing more work later.,"['fact', 'physical', 'figure of speech', 'normative', 'reasoning', 'abstract']",inception/mercury-2.5
Actions speak louder than words.,1,Actions have physical effects while words often lack consequence.,3,1,Actions manifest physically while words are often fleeting.,3,0,Suggesting abstract concepts like actions cannot speak literally.,4,0,It implies we should value deeds over verbal claims.,4,0,It logically prioritizes physical evidence over communication.,4,0,It describes a general rule about human trust.,4,Behavior tells the truth more than spoken promises.,"['fact', 'physical', 'figure of speech', 'normative', 'reasoning', 'abstract']",inception/mercury-2.5
Haste makes waste.,1,Rushing objectively increases error rates empirically.,4,1,It refers to physical work time and material loss.,3,0,It uses concise parallelism common in proverbs.,4,0,It advises avoiding rushing by implying it is wrong.,4,0,It concludes a negative outcome directly from the speed.,4,0,It applies broadly to any task involving speed.,4,Rushing often causes errors that require more time to fix.,"['fact', 'physical', 'figure of speech', 'normative', 'reasoning', 'abstract']",inception/mercury-2.5
Too many cooks spoil the broth.,1,Multiple inputs objectively increase coordination errors empirically.,3,1,It is grounded in physical cooking processes.,3,0,Cooks and broth are metaphors for workers and tasks.,4,0,It advises limiting collaboration to maintain quality.,4,0,It concludes failure from a specific condition of abundance.,4,0,It states a general principle about group work.,4,Too many people working together causes errors.,"['fact', 'physical', 'figure of speech', 'normative', 'reasoning', 'abstract']",inception/mercury-2.5
Birds of a feather flock together.,1,Similarity empirically correlates with social proximity.,4,1,It references biological physical traits like feathers.,4,0,It uses biological birds as a metaphor for humans.,4,0,It implies a social norm about how people behave.,3,0,It concludes social patterns from shared physical traits.,4,0,It expresses a broad sociological principle.,4,People with similar traits prefer spending time together.,"['fact', 'physical', 'figure of speech', 'normative', 'reasoning', 'abstract']",inception/mercury-2.5
What goes up must come down.,1,Gravity is a scientific law empirically verified everywhere.,4,1,It directly describes gravity and mass movement.,4,0,The phrasing is proverbial rather than literal physics.,3,0,It implies a rule of inevitable physical consequence.,2,0,It concludes a necessary physical outcome from an action.,4,0,It is a universal law not tied to one event.,4,All elevated objects eventually fall due to gravity.,"['fact', 'physical', 'figure of speech', 'normative', 'reasoning', 'abstract']",inception/mercury-2.5
Silence is golden.,1,Quietness objectively preserves peace and focus.,3,1,It contrasts sound waves with material value.,2,0,Silence being a metal is metaphorically non-literal.,4,0,"It values silence over noise, implying a moral preference.",4,0,It implies silence leads to better outcomes than noise.,4,0,It expresses a broad value for tranquility.,4,Being quiet is valuable in many situations.,"['fact', 'physical', 'figure of speech', 'normative', 'reasoning', 'abstract']",inception/mercury-2.5
Better late than never.,1,Late arrival objectively preserves the possibility of outcome.,4,1,It refers to temporal reality of existence.,2,0,It uses parallel syntax common in idioms.,4,0,It judges late arrival as preferable to absence.,4,0,It concludes preference based on outcome probability.,4,0,It generalizes to time management broadly.,4,It is better to arrive late than not at all.,"['fact', 'physical', 'figure of speech', 'normative', 'reasoning', 'abstract']",inception/mercury-2.5
Don't judge a book by its cover.,1,Internal content is empirically independent of external design.,4,1,It relies on physical observation versus physical reality.,4,0,Books metaphorically represent people or situations.,4,0,It directly advises against making quick assessments.,4,0,It reasons appearance is insufficient to predict internal quality.,4,0,It applies as a broad heuristic for all things.,4,Appearances are often misleading compared to reality.,"['fact', 'physical', 'figure of speech', 'normative', 'reasoning', 'abstract']",inception/mercury-2.5
Every cloud has a silver lining.,1,Light reflects off clouds physically creating silver effects.,3,1,It physically describes sunlight reflecting off rain clouds.,4,0,Lining refers to physical fabric but here means hidden benefit.,4,0,It advises maintaining optimism in difficult times.,3,0,It concludes there is always a positive angle.,4,0,It asserts a general rule about adversity and hope.,4,Every bad situation has some good aspect.,"['fact', 'physical', 'figure of speech', 'normative', 'reasoning', 'abstract']",inception/mercury-2.5
Still waters run deep.,1,Physical water depth correlates with surface calmness.,4,1,It describes fluid dynamics and surface movement.,4,0,Still waters metaphorically describe personality.,4,0,It values quietness as a sign of depth.,3,0,It infers internal complexity from lack of external noise.,4,0,It applies as a general truth about humans.,4,Quiet people often have complex inner thoughts.,"['fact', 'physical', 'figure of speech', 'normative', 'reasoning', 'abstract']",inception/mercury-2.5
"Out of sight, out of mind.",1,Memory recall empirically decreases with physical distance.,4,1,It refers to visual input as a physical sense.,4,0,Sight and mind are abstract concepts used literally.,3,0,It implies social habits depend on visible presence.,3,0,It concludes forgetting follows physical invisibility.,4,0,It expresses a general cognitive principle.,4,"If we don't see someone, we forget them.","['fact', 'physical', 'figure of speech', 'normative', 'reasoning', 'abstract']",inception/mercury-2.5
Absence makes the heart grow fonder.,1,Empirical psychological studies show missing people often increases appreciation.,3,1,It relies on the biological organ metaphor heart.,3,0,Fonder is not a physical property of the heart.,4,0,It implies relationships are strengthened by distance.,3,0,It deduces emotional state from physical separation.,4,0,It describes a universal psychological reaction.,4,People like someone more when apart.,"['fact', 'physical', 'figure of speech', 'normative', 'reasoning', 'abstract']",inception/mercury-2.5
Necessity is the mother of invention.,1,Historical data shows needs often precede innovations.,4,1,It refers to biological needs and physical solutions.,4,0,Necessity cannot physically parent a child literally.,4,0,It implies necessity dictates what we should do.,3,0,It concludes creative output follows a specific cause.,4,0,It states a general rule about human innovation.,4,Necessity drives people to create solutions.,"['fact', 'physical', 'figure of speech', 'normative', 'reasoning', 'abstract']",inception/mercury-2.5
It never rains but it pours.,1,"Statistically, problems often cluster together in reality.",3,1,It describes precipitation physics and volume.,4,0,It uses meteorological imagery to mean general trouble.,4,0,It warns about the concentration of bad events.,3,0,It reasons that one event suggests more will follow.,4,0,It summarizes a general pattern of misfortune.,4,Bad events usually happen all at once.,"['fact', 'physical', 'figure of speech', 'normative', 'reasoning', 'abstract']",inception/mercury-2.5
You cannot have your cake and eat it too.,1,"Eating destroys cake physically, preventing keeping it.",4,1,It relies on the physical law of consumption.,4,0,It is a classic idiom about trade-offs.,4,0,It suggests choosing one option over another.,4,0,It logically proves mutual exclusivity of two goals.,4,0,It applies to all resource scarcity problems.,4,You cannot keep something and use it simultaneously.,"['fact', 'physical', 'figure of speech', 'normative', 'reasoning', 'abstract']",inception/mercury-2.5
Time heals all wounds.,1,Medical biology shows tissue repairs over time.,4,1,It is grounded in biological physiology and physics.,4,0,Time cannot physically heal a cut like medicine.,4,0,It implies patience is better than rushing.,3,0,It concludes recovery follows temporal duration.,4,0,It asserts a general truth about recovery.,4,"Over time, pain and injuries subside.","['fact', 'physical', 'figure of speech', 'normative', 'reasoning', 'abstract']",inception/mercury-2.5
The early bird catches the worm.,1,Prey are empirically less available later in the day.,4,1,It describes real biological feeding dynamics.,4,0,Bird and worm represent people and opportunities.,4,0,It advises acting early to succeed.,4,0,It concludes success follows early timing.,4,0,It is a general maxim about timing.,4,Early action gives advantage.,"['fact', 'physical', 'figure of speech', 'normative', 'reasoning', 'abstract']",inception/mercury-2.5
Don't count your chickens before they hatch.,1,Eggs empirically fail to hatch sometimes in nature.,4,1,It relies on biological facts about egg hatching.,4,0,Counting chickens symbolizes planning for uncertain gains.,4,0,It advises against premature assumptions or actions.,4,0,It reasons outcomes are not guaranteed until realized.,4,0,It is a general principle of risk management.,4,Do not assume outcomes before they are certain.,"['fact', 'physical', 'figure of speech', 'normative', 'reasoning', 'abstract']",inception/mercury-2.5
Money can't buy happiness.,0,"It reflects a personal value judgment rather than objective proof, making it subjective.",4,0,It concerns human preferences and constructs like money and happiness.,4,0,It uses personification and metaphor to illustrate an abstract concept.,4,1,It describes an observed limitation rather than prescribing a moral duty.,4,0,It concludes that wealth lacks causal power over feelings based on human insight.,3,0,It represents a generalized rule beyond specific daily experiences.,4,This is a common belief that material wealth does not guarantee emotional well-being.,"['opinion', 'social', 'figure of speech', 'positive', 'reasoning', 'abstract']",inception/mercury-2.5
Birds of a feather flock together.,0,"It is a generalization about human grouping, not a provable law.",3,0,It addresses social clustering and human interaction preferences.,4,0,It uses a metaphor about birds to represent human behavior.,4,1,It describes a pattern of behavior rather than a social rule.,4,0,It infers that similarity leads to association based on observation.,3,0,It applies as a universal heuristic rather than a single event.,4,It suggests people group with others who share similar traits or interests.,"['opinion', 'social', 'figure of speech', 'positive', 'reasoning', 'abstract']",inception/mercury-2.5
Power tends to corrupt absolutely.,0,It asserts a subjective trend about power that is debated.,3,0,It pertains to human leadership and social structures.,4,0,It uses hyperbole to emphasize the severity of corruption.,3,1,"It describes how power functions, not how it should be regulated.",4,0,It draws a logical link between authority and moral decline.,3,0,It states a general political rule rather than an isolated case.,4,It claims high authority often leads to unethical behavior.,"['opinion', 'social', 'figure of speech', 'positive', 'reasoning', 'abstract']",inception/mercury-2.5
Actions speak louder than words.,0,It reflects a common perspective on communication effectiveness.,3,0,It addresses human trust and social communication norms.,4,0,It uses a metaphorical contrast between speech and behavior.,4,1,It notes a common reaction pattern rather than a moral command.,4,0,It concludes behavior carries more truth than verbal promises.,4,0,It applies as a broad principle for interpreting behavior.,4,People trust what people do more than what they say.,"['opinion', 'social', 'figure of speech', 'positive', 'reasoning', 'abstract']",inception/mercury-2.5
Too many cooks spoil the broth.,0,It expresses a subjective view on collaboration efficiency.,3,0,It concerns collective human work and organization.,4,0,It uses a metaphor about cooking to describe teamwork.,4,1,It describes a frequent outcome rather than a rule for action.,4,0,It infers that excessive input reduces quality.,3,0,It generalizes a workflow issue rather than a specific task.,4,Involving too many people can ruin a project or result.,"['opinion', 'social', 'figure of speech', 'positive', 'reasoning', 'abstract']",inception/mercury-2.5
A stitch in time saves nine.,0,It implies a belief in proactive strategy over reactive measures.,3,0,It relates to shared human wisdom on problem-solving.,3,0,It uses a metaphor about sewing to describe maintenance.,4,1,It states a practical regularity rather than a duty.,4,0,It concludes that timely action reduces future effort.,4,0,It summarizes a broad principle applicable to many scenarios.,4,Addressing problems early prevents bigger issues later.,"['opinion', 'social', 'figure of speech', 'positive', 'reasoning', 'abstract']",inception/mercury-2.5
People trust those who listen.,0,It reflects a generalized view of human psychology.,3,0,It addresses interpersonal bonds and human interaction.,4,0,It uses literal language with metaphorical implication about trust.,2,1,It describes a social dynamic rather than an obligation.,4,0,It links listening behavior to the result of trust.,4,0,It states a broad behavioral tendency over specific events.,4,Attentiveness usually builds confidence in relationships.,"['opinion', 'social', 'figure of speech', 'positive', 'reasoning', 'abstract']",inception/mercury-2.5
Silence often speaks louder than words.,0,It offers a subjective interpretation of non-verbal communication.,3,0,It relates to human cultural norms around communication.,4,0,It personifies silence to highlight its communicative power.,4,1,It describes an observed pattern in interaction.,4,0,It concludes that absence of speech implies meaning.,3,0,It is a generalized statement about human language.,4,Non-verbal cues frequently communicate more than speech.,"['opinion', 'social', 'figure of speech', 'positive', 'reasoning', 'abstract']",inception/mercury-2.5
Love is blind to faults.,0,It is a common belief about romantic dynamics.,3,0,It pertains to human relationships and perceptions.,4,0,It uses a metaphor about vision to describe emotion.,4,1,It describes a mental state rather than a moral rule.,4,0,It links emotion to a specific cognitive limitation.,4,0,It expresses a general psychological tendency.,4,Strong affection often causes ignoring flaws.,"['opinion', 'social', 'figure of speech', 'positive', 'reasoning', 'abstract']",inception/mercury-2.5
Habit becomes second nature.,0,It reflects a subjective understanding of behavior change.,3,0,It involves learned human behaviors and customs.,4,0,It uses a metaphor describing nature to describe behavior.,4,1,It describes human adaptation rather than a moral command.,4,0,It concludes frequency transforms conscious acts into instinct.,3,0,It summarizes a broad behavioral law rather than one action.,4,Repeated actions eventually feel automatic without thinking.,"['opinion', 'social', 'figure of speech', 'positive', 'reasoning', 'abstract']",inception/mercury-2.5
Rome wasn't built in a day.,0,It expresses a subjective view on effort and reward.,3,0,It pertains to human collaboration and goals.,4,0,It uses historical allusion to make a general point.,4,1,It describes a general reality rather than a duty.,4,0,It infers complexity requires time based on the example.,3,0,It states a timeless principle rather than a specific event.,4,Major achievements require significant time and patience.,"['opinion', 'social', 'figure of speech', 'positive', 'reasoning', 'abstract']",inception/mercury-2.5
The early bird catches the worm.,0,It reflects a belief about advantage gained from timing.,3,0,It relates to human achievement and timing.,4,0,It uses a metaphor about birds to describe competition.,4,1,It describes a common outcome rather than a rule.,4,0,It concludes early effort leads to success.,3,0,It applies generally to any field of endeavor.,4,Acting early often yields better results.,"['opinion', 'social', 'figure of speech', 'positive', 'reasoning', 'abstract']",inception/mercury-2.5
Fools rush in where angels fear.,0,It relies on subjective judgment about human wisdom.,3,0,It addresses human risk perception and behavior.,4,0,It contrasts angels and fools to show risk.,4,1,It describes a behavior pattern rather than a rule.,4,0,It links lack of caution to dangerous actions.,3,0,It summarizes a general human tendency.,4,Naive people enter risky situations others avoid.,"['opinion', 'social', 'figure of speech', 'positive', 'reasoning', 'abstract']",inception/mercury-2.5
Necessity is the mother of invention.,0,It states a belief about human innovation drivers.,3,0,It concerns human problem-solving societies.,4,0,It uses a family metaphor to link cause and effect.,4,1,It describes how inventors act rather than what they should.,4,0,It concludes need forces new methods to emerge.,4,0,It captures a broad causal rule about progress.,4,Need drives creativity and new solutions.,"['opinion', 'social', 'figure of speech', 'positive', 'reasoning', 'abstract']",inception/mercury-2.5
All roads lead to Rome.,0,It is a generalized view on outcomes.,3,0,It relates to common human goals.,3,0,It uses a geographic metaphor for general success.,4,1,It describes observed convergence rather than a rule.,4,0,It infers equivalent results through multiple paths.,3,0,It applies as a philosophical truth rather than specific travel.,4,Different methods often reach the same goal.,"['opinion', 'social', 'figure of speech', 'positive', 'reasoning', 'abstract']",inception/mercury-2.5
Appearances are often deceiving.,0,It expresses a general belief about perception versus reality.,3,0,It addresses how humans judge each other.,4,0,It uses personification to describe misleading qualities.,3,1,It describes how reality works rather than a rule.,4,0,It concludes surface traits may hide true attributes.,4,0,It states a general principle about knowledge and judgment.,4,Outward looks do not reflect inner reality.,"['opinion', 'social', 'figure of speech', 'positive', 'reasoning', 'abstract']",inception/mercury-2.5
The pen is mightier than the sword.,0,It presents a subjective view on the value of communication.,3,0,It pertains to human political and cultural power.,4,0,It uses a metaphor comparing writing to weapons.,4,1,It states a societal trend rather than a moral rule.,4,0,It concludes that ideas endure longer than violence.,4,0,It applies as a broad cultural belief rather than an event.,4,Words and influence are more powerful than physical force.,"['opinion', 'social', 'figure of speech', 'positive', 'reasoning', 'abstract']",inception/mercury-2.5
Absence makes the heart grow fonder.,0,It describes a subjective psychological effect in relationships.,3,0,It relates to human interaction and emotional needs.,4,0,It uses a metaphor about physical growth for feelings.,4,1,It describes human behavior rather than a social rule.,4,0,It concludes distance increases emotional appreciation.,3,0,It expresses a general psychological principle.,4,Missing someone often strengthens emotional bonds.,"['opinion', 'social', 'figure of speech', 'positive', 'reasoning', 'abstract']",inception/mercury-2.5
It is always darkest before dawn.,0,It offers a subjective take on hope and hardship.,3,0,It addresses shared human experiences of struggle.,4,0,It uses weather imagery to symbolize difficult times.,4,1,It describes a pattern in life rather than a duty.,4,0,It infers improvement is likely after a low point.,3,0,It summarizes a general temporal pattern.,4,Worst moments usually precede improvement.,"['opinion', 'social', 'figure of speech', 'positive', 'reasoning', 'abstract']",inception/mercury-2.5
What goes around comes around.,0,It expresses a belief in moral reciprocity rather than proof.,3,0,It concerns human social interactions and ethics.,4,0,It uses a circular metaphor for karma or fate.,4,1,It states how life often works rather than what should be.,4,0,It links past behavior to future outcomes logically.,4,0,It describes a timeless rule rather than specific events.,4,Your actions eventually return to you as consequences.,"['opinion', 'social', 'figure of speech', 'positive', 'reasoning', 'abstract']",inception/mercury-2.5
Time heals all wounds.,0,It is widely believed but not scientifically measurable. Confidence is moderate as it expresses a view rather than a verified fact.,2,1,It references natural forces rather than social norms. Confidence is moderate as it grounds the metaphor in reality.,3,0,It uses metaphor instead of literal language. Confidence is high because it relies on symbolic meaning.,4,1,It describes a consistent regularity rather than a value judgment. Confidence is high because it states a pattern not a norm.,4,0,It derives a general lesson from observation. Confidence is moderate as it suggests a causal link.,3,0,It describes a general principle beyond specific events. Confidence is high as it applies universally.,4,This proverb suggests physical and emotional recovery over time.,"['opinion', 'physical', 'figure of speech', 'positive', 'reasoning', 'abstract']",inception/mercury-2.5
What goes up must come down.,0,It is widely believed but not scientifically measurable. Confidence is moderate as it expresses a view rather than a verified fact.,2,1,It references natural forces rather than social norms. Confidence is high as it grounds the metaphor in reality.,4,0,It uses hyperbole instead of literal language. Confidence is high because it relies on symbolic meaning.,3,1,It describes a physical law rather than a social norm. Confidence is high because it states a regularity not a norm.,4,0,It derives a general lesson from observation. Confidence is moderate as it suggests a causal link.,4,0,It describes a general principle beyond specific events. Confidence is high as it applies universally.,4,This illustrates gravity affecting physical objects universally.,"['opinion', 'physical', 'figure of speech', 'positive', 'reasoning', 'abstract']",inception/mercury-2.5
Still waters run deep.,0,It is widely believed but not scientifically measurable. Confidence is moderate as it expresses a view rather than a verified fact.,2,1,It references natural forces rather than social norms. Confidence is moderate as it grounds the metaphor in reality.,3,0,It uses metaphor instead of literal language. Confidence is high because it relies on symbolic meaning.,4,1,It describes a consistent regularity rather than a value judgment. Confidence is high because it states a regularity not a norm.,3,0,It derives a general lesson from observation. Confidence is moderate as it suggests a causal link.,3,0,It describes a general principle beyond specific events. Confidence is high as it applies universally.,4,This links physical calmness to emotional depth.,"['opinion', 'physical', 'figure of speech', 'positive', 'reasoning', 'abstract']",inception/mercury-2.5
Lightning never strikes twice in same place.,0,It is widely believed but not scientifically measurable. Confidence is moderate as it expresses a view rather than a verified fact.,3,1,It references natural forces rather than social norms. Confidence is moderate as it grounds the metaphor in reality.,4,0,It uses hyperbole instead of literal language. Confidence is high because it relies on symbolic meaning.,4,1,It describes a consistent regularity rather than a value judgment. Confidence is high because it states a regularity not a norm.,2,0,It derives a general lesson from observation. Confidence is moderate as it suggests a causal link.,3,0,It describes a general principle beyond specific events. Confidence is high as it applies universally.,3,This is a common belief about weather patterns.,"['opinion', 'physical', 'figure of speech', 'positive', 'reasoning', 'abstract']",inception/mercury-2.5
A rolling stone gathers no moss.,0,It is widely believed but not scientifically measurable. Confidence is moderate as it expresses a view rather than a verified fact.,2,1,It references natural forces rather than social norms. Confidence is moderate as it grounds the metaphor in reality.,3,0,It uses metaphor instead of literal language. Confidence is high because it relies on symbolic meaning.,4,1,It describes a consistent regularity rather than a value judgment. Confidence is high because it states a regularity not a norm.,2,0,It derives a general lesson from observation. Confidence is moderate as it suggests a causal link.,3,0,It describes a general principle beyond specific events. Confidence is high as it applies universally.,4,This compares physical motion to life stability.,"['opinion', 'physical', 'figure of speech', 'positive', 'reasoning', 'abstract']",inception/mercury-2.5
Too many cooks spoil the broth.,0,It is widely believed but not scientifically measurable. Confidence is moderate as it expresses a view rather than a verified fact.,3,1,It references natural forces rather than social norms. Confidence is moderate as it grounds the metaphor in reality.,2,0,It uses metaphor instead of literal language. Confidence is high because it relies on symbolic meaning.,4,1,It describes a consistent regularity rather than a value judgment. Confidence is high because it states a regularity not a norm.,2,0,It derives a general lesson from observation. Confidence is moderate as it suggests a causal link.,4,0,It describes a general principle beyond specific events. Confidence is high as it applies universally.,4,This links collaboration to physical outcome quality.,"['opinion', 'physical', 'figure of speech', 'positive', 'reasoning', 'abstract']",inception/mercury-2.5
"Out of sight, out of mind.",0,It is widely believed but not scientifically measurable. Confidence is moderate as it expresses a view rather than a verified fact.,2,1,It references natural forces rather than social norms. Confidence is moderate as it grounds the metaphor in reality.,3,0,It uses metaphor instead of literal language. Confidence is high because it relies on symbolic meaning.,4,1,It describes a consistent regularity rather than a value judgment. Confidence is high because it states a regularity not a norm.,3,0,It derives a general lesson from observation. Confidence is moderate as it suggests a causal link.,3,0,It describes a general principle beyond specific events. Confidence is high as it applies universally.,4,This connects physical distance to mental presence.,"['opinion', 'physical', 'figure of speech', 'positive', 'reasoning', 'abstract']",inception/mercury-2.5
The early bird catches the worm.,0,It is widely believed but not scientifically measurable. Confidence is moderate as it expresses a view rather than a verified fact.,3,1,It references natural forces rather than social norms. Confidence is moderate as it grounds the metaphor in reality.,4,0,It uses metaphor instead of literal language. Confidence is high because it relies on symbolic meaning.,4,1,It describes a consistent regularity rather than a value judgment. Confidence is high because it states a regularity not a norm.,2,0,It derives a general lesson from observation. Confidence is moderate as it suggests a causal link.,4,0,It describes a general principle beyond specific events. Confidence is high as it applies universally.,4,This uses physical action to advise prompt behavior.,"['opinion', 'physical', 'figure of speech', 'positive', 'reasoning', 'abstract']",inception/mercury-2.5
Don't count chickens before they hatch.,0,It is widely believed but not scientifically measurable. Confidence is moderate as it expresses a view rather than a verified fact.,3,1,It references natural forces rather than social norms. Confidence is moderate as it grounds the metaphor in reality.,4,0,It uses metaphor instead of literal language. Confidence is high because it relies on symbolic meaning.,4,1,It describes a consistent regularity rather than a value judgment. Confidence is high because it states a regularity not a norm.,2,0,It derives a general lesson from observation. Confidence is moderate as it suggests a causal link.,4,0,It describes a general principle beyond specific events. Confidence is high as it applies universally.,4,This uses biology to warn against premature planning.,"['opinion', 'physical', 'figure of speech', 'positive', 'reasoning', 'abstract']",inception/mercury-2.5
Every cloud has a silver lining.,0,It is widely believed but not scientifically measurable. Confidence is moderate as it expresses a view rather than a verified fact.,3,1,It references natural forces rather than social norms. Confidence is moderate as it grounds the metaphor in reality.,3,0,It uses metaphor instead of literal language. Confidence is high because it relies on symbolic meaning.,4,1,It describes a consistent regularity rather than a value judgment. Confidence is high because it states a regularity not a norm.,2,0,It derives a general lesson from observation. Confidence is moderate as it suggests a causal link.,3,0,It describes a general principle beyond specific events. Confidence is high as it applies universally.,4,This uses light refraction as a physical metaphor.,"['opinion', 'physical', 'figure of speech', 'positive', 'reasoning', 'abstract']",inception/mercury-2.5
Birds of a feather flock together.,0,It is widely believed but not scientifically measurable. Confidence is moderate as it expresses a view rather than a verified fact.,2,1,It references natural forces rather than social norms. Confidence is moderate as it grounds the metaphor in reality.,4,0,It uses metaphor instead of literal language. Confidence is high because it relies on symbolic meaning.,4,1,It describes a consistent regularity rather than a value judgment. Confidence is high because it states a regularity not a norm.,3,0,It derives a general lesson from observation. Confidence is moderate as it suggests a causal link.,4,0,It describes a general principle beyond specific events. Confidence is high as it applies universally.,4,This uses animal behavior as physical evidence.,"['opinion', 'physical', 'figure of speech', 'positive', 'reasoning', 'abstract']",inception/mercury-2.5
You cannot have cake and eat it too.,0,It is widely believed but not scientifically measurable. Confidence is moderate as it expresses a view rather than a verified fact.,3,1,It references natural forces rather than social norms. Confidence is high as it grounds the metaphor in reality.,4,0,It uses metaphor instead of literal language. Confidence is high because it relies on symbolic meaning.,3,1,It describes a consistent regularity rather than a value judgment. Confidence is high because it states a regularity not a norm.,3,0,It derives a general lesson from observation. Confidence is moderate as it suggests a causal link.,4,0,It describes a general principle beyond specific events. Confidence is high as it applies universally.,4,This states physical constraint on consumption simultaneously.,"['opinion', 'physical', 'figure of speech', 'positive', 'reasoning', 'abstract']",inception/mercury-2.5
Better late than never.,0,It is widely believed but not scientifically measurable. Confidence is moderate as it expresses a view rather than a verified fact.,3,1,It references natural forces rather than social norms. Confidence is low as it relies on temporal values.,2,0,It uses literal language instead of metaphor. Confidence is low as it is plain and ordinary.,1,1,It describes a consistent regularity rather than a value judgment. Confidence is high because it states a regularity not a norm.,2,0,It derives a general lesson from observation. Confidence is moderate as it suggests a causal link.,3,0,It describes a general principle beyond specific events. Confidence is high as it applies universally.,4,This ranks temporal outcomes based on arrival.,"['opinion', 'physical', 'figure of speech', 'positive', 'reasoning', 'abstract']",inception/mercury-2.5
Absence makes the heart grow fonder.,0,It is widely believed but not scientifically measurable. Confidence is moderate as it expresses a view rather than a verified fact.,3,1,It references natural forces rather than social norms. Confidence is moderate as it grounds the metaphor in reality.,3,0,It uses metaphor instead of literal language. Confidence is high because it relies on symbolic meaning.,4,1,It describes a consistent regularity rather than a value judgment. Confidence is high because it states a regularity not a norm.,2,0,It derives a general lesson from observation. Confidence is moderate as it suggests a causal link.,3,0,It describes a general principle beyond specific events. Confidence is high as it applies universally.,4,This links physical separation to emotional response.,"['opinion', 'physical', 'figure of speech', 'positive', 'reasoning', 'abstract']",inception/mercury-2.5
Necessity is the mother of invention.,0,It is widely believed but not scientifically measurable. Confidence is moderate as it expresses a view rather than a verified fact.,3,1,It references natural forces rather than social norms. Confidence is moderate as it grounds the metaphor in reality.,3,0,It uses metaphor instead of literal language. Confidence is high because it relies on symbolic meaning.,4,1,It describes a consistent regularity rather than a value judgment. Confidence is high because it states a regularity not a norm.,2,0,It derives a general lesson from observation. Confidence is moderate as it suggests a causal link.,4,0,It describes a general principle beyond specific events. Confidence is high as it applies universally.,4,This links physical needs to human output.,"['opinion', 'physical', 'figure of speech', 'positive', 'reasoning', 'abstract']",inception/mercury-2.5
Rome was not built in a day.,0,It is widely believed but not scientifically measurable. Confidence is moderate as it expresses a view rather than a verified fact.,3,1,It references natural forces rather than social norms. Confidence is moderate as it grounds the metaphor in reality.,3,0,It uses metaphor instead of literal language. Confidence is high because it relies on symbolic meaning.,3,1,It describes a consistent regularity rather than a value judgment. Confidence is high because it states a regularity not a norm.,2,0,It derives a general lesson from observation. Confidence is moderate as it suggests a causal link.,4,0,It describes a general principle beyond specific events. Confidence is high as it applies universally.,4,This uses physical construction to teach patience.,"['opinion', 'physical', 'figure of speech', 'positive', 'reasoning', 'abstract']",inception/mercury-2.5
Haste makes waste.,0,It is widely believed but not scientifically measurable. Confidence is moderate as it expresses a view rather than a verified fact.,3,1,It references natural forces rather than social norms. Confidence is moderate as it grounds the metaphor in reality.,3,0,It uses alliteration instead of literal language. Confidence is high because it relies on symbolic meaning.,2,1,It describes a consistent regularity rather than a value judgment. Confidence is high because it states a regularity not a norm.,2,0,It derives a general lesson from observation. Confidence is moderate as it suggests a causal link.,4,0,It describes a general principle beyond specific events. Confidence is high as it applies universally.,4,This uses speed to warn against physical errors.,"['opinion', 'physical', 'figure of speech', 'positive', 'reasoning', 'abstract']",inception/mercury-2.5
Silence is golden.,0,It is widely believed but not scientifically measurable. Confidence is moderate as it expresses a view rather than a verified fact.,3,1,It references natural forces rather than social norms. Confidence is moderate as it grounds the metaphor in reality.,3,0,It uses metaphor instead of literal language. Confidence is high because it relies on symbolic meaning.,3,1,It describes a consistent regularity rather than a value judgment. Confidence is high because it states a regularity not a norm.,2,0,It derives a general lesson from observation. Confidence is moderate as it suggests a causal link.,3,0,It describes a general principle beyond specific events. Confidence is high as it applies universally.,4,This equates quiet sound with value.,"['opinion', 'physical', 'figure of speech', 'positive', 'reasoning', 'abstract']",inception/mercury-2.5
Walls have ears.,0,It is widely believed but not scientifically measurable. Confidence is moderate as it expresses a view rather than a verified fact.,3,1,It references natural forces rather than social norms. Confidence is moderate as it grounds the metaphor in reality.,2,0,It uses metaphor instead of literal language. Confidence is high because it relies on symbolic meaning.,4,1,It describes a consistent regularity rather than a value judgment. Confidence is high because it states a regularity not a norm.,2,0,It derives a general lesson from observation. Confidence is moderate as it suggests a causal link.,3,0,It describes a general principle beyond specific events. Confidence is high as it applies universally.,4,This attributes physical property to structures.,"['opinion', 'physical', 'figure of speech', 'positive', 'reasoning', 'abstract']",inception/mercury-2.5
Two heads are better than one.,0,It is widely believed but not scientifically measurable. Confidence is moderate as it expresses a view rather than a verified fact.,3,1,It references natural forces rather than social norms. Confidence is moderate as it grounds the metaphor in reality.,3,0,It uses metaphor instead of literal language. Confidence is high because it relies on symbolic meaning.,3,1,It describes a consistent regularity rather than a value judgment. Confidence is high because it states a regularity not a norm.,2,0,It derives a general lesson from observation. Confidence is moderate as it suggests a causal link.,4,0,It describes a general principle beyond specific events. Confidence is high as it applies universally.,4,This compares physical quantity of minds to logic.,"['opinion', 'physical', 'figure of speech', 'positive', 'reasoning', 'abstract']",inception/mercury-2.5
"If you steal, you should face legal punishment.",1,"Laws exist and penalize theft, making this demonstrable.",4,0,Laws and punishment are human social constructs.,4,1,The words mean exactly what they say without metaphor.,4,0,It uses 'should' to prescribe moral behavior and consequences.,4,0,It links theft (cause) to punishment (conclusion) logically.,4,0,"It describes a general rule, not a specific event.",4,This reflects common justice principles widely shared by humans.,"['fact', 'social', 'literal language', 'normative', 'reasoning', 'abstract']",inception/mercury-2.5
Keeping promises builds trust in social relationships.,1,Relationship studies confirm that keeping promises correlates with trust.,4,0,Trust and relationships are core human social concepts.,4,1,Terms are used literally without idioms or metaphors.,4,0,It implies keeping promises is valued and expected behavior.,3,0,It infers trust (effect) from promise-keeping (cause).,4,0,It generalizes behavior across many relationships rather than one.,4,Trust is essential for stable human connections.,"['fact', 'social', 'literal language', 'normative', 'reasoning', 'abstract']",inception/mercury-2.5
Public safety requires following established traffic laws.,1,Traffic laws are written statutes designed for safety.,4,0,Traffic laws are conventions created by society.,4,1,The statement uses direct terms without figurative language.,4,0,The word 'requires' imposes a normative necessity.,4,0,It concludes safety is achieved via legal compliance.,4,0,It applies to all roads and drivers generally.,4,Traffic rules exist to protect people on roads.,"['fact', 'social', 'literal language', 'normative', 'reasoning', 'abstract']",inception/mercury-2.5
"If you harm others, you deserve apology.",1,"Social norms mandate apologies for harm, making it factual.",3,0,Apologies regulate human interactions and social order.,4,1,The language is literal with no hidden meanings.,4,0,It asserts a moral obligation to say sorry.,4,0,It connects action (harm) to moral consequence (deserve).,4,0,"It is a universal principle, not a specific case.",4,Apologizing is a moral standard for hurting people.,"['fact', 'social', 'literal language', 'normative', 'reasoning', 'abstract']",inception/mercury-2.5
Saving money ensures financial security during emergencies.,1,Data shows savings buffer financial shocks during crises.,4,0,Money is a human-made system of value.,4,1,The words are clear and direct in meaning.,4,0,It implies saving is a recommended prudent action.,3,0,It logically links savings to financial stability.,4,0,It states a general rule about money management.,4,People save to prepare for unexpected costs.,"['fact', 'social', 'literal language', 'normative', 'reasoning', 'abstract']",inception/mercury-2.5
Respecting privacy is a fundamental social norm.,1,Legal codes and surveys show privacy is a norm.,4,0,Privacy rules are human social conventions.,4,1,The statement uses plain language without metaphors.,4,0,It identifies respecting privacy as a correct standard.,4,0,It infers norm status from collective agreement.,3,0,It refers to a broad societal expectation.,4,People generally agree privacy is important.,"['fact', 'social', 'literal language', 'normative', 'reasoning', 'abstract']",inception/mercury-2.5
"If you study, you likely improve grades.",1,Educational data confirms study habits correlate with grades.,4,0,Schools and grades are human social systems.,4,1,Terms are used literally without figurative expression.,4,0,It implies studying is a positive duty for students.,3,0,It deduces better outcomes from the effort of study.,4,0,"It is a general regularity, not a specific instance.",4,Effort in learning typically leads to better scores.,"['fact', 'social', 'literal language', 'normative', 'reasoning', 'abstract']",inception/mercury-2.5
Voting expresses civic duty in democracies.,1,Democracies define voting as a right and duty.,4,0,Democracy and duty are constructed social concepts.,4,1,Words have their ordinary meanings without hyperbole.,4,0,It frames voting as a moral or civic expectation.,4,0,It links the act of voting to the concept of duty.,4,0,It applies to all citizens generally.,4,Voting is a common expectation of citizens.,"['fact', 'social', 'literal language', 'normative', 'reasoning', 'abstract']",inception/mercury-2.5
Breaking laws typically results in penalties.,1,Penalties are recorded in legal statutes.,4,0,Laws and penalties are human social inventions.,4,1,The language is clear and not metaphorical.,4,0,It implies penalties are the appropriate result.,3,0,It concludes penalties follow violation through legal logic.,4,0,"It states a general pattern, not a single event.",4,Laws exist with consequences for violations.,"['fact', 'social', 'literal language', 'normative', 'reasoning', 'abstract']",inception/mercury-2.5
Honesty prevents misunderstandings in communication.,1,Research shows truthfulness reduces conflict rates.,4,0,Communication norms are shaped by social expectations.,4,1,The statement is plain and literal.,4,0,It suggests honesty is the correct way to communicate.,4,0,It infers fewer misunderstandings from honesty.,4,0,It describes a general truth about interaction.,4,Clear communication helps avoid conflict.,"['fact', 'social', 'literal language', 'normative', 'reasoning', 'abstract']",inception/mercury-2.5
Wearing seatbelts reduces injury risk in cars.,1,Accident statistics objectively show injury reduction.,4,0,Cars and safety laws are social systems.,4,1,Terms are literal without rhetorical flourish.,4,0,It implies wearing seatbelts is the right choice.,3,0,It links behavior to health outcomes via logic.,4,0,It states a general statistical trend.,4,Safety gear helps protect people in accidents.,"['fact', 'social', 'literal language', 'normative', 'reasoning', 'abstract']",inception/mercury-2.5
"If you borrow, you should return items.",1,Return of borrowed items is legally enforced.,4,0,Borrowing norms are human social agreements.,4,1,The wording is straightforward and literal.,4,0,It uses 'should' to indicate obligation.,4,0,It infers obligation based on the act of borrowing.,4,0,It is a general rule for all borrowing.,4,Borrowing requires giving things back to owners.,"['fact', 'social', 'literal language', 'normative', 'reasoning', 'abstract']",inception/mercury-2.5
Social norms guide acceptable behavior in groups.,1,Groups demonstrate consistent behavioral patterns.,4,0,The statement is about human group dynamics.,4,1,Terms are used plainly without ambiguity.,4,0,It defines acceptable behavior as a standard.,4,0,It concludes norms function as behavioral guides.,4,0,It generalizes to any group.,4,Groups have rules for how to act.,"['fact', 'social', 'literal language', 'normative', 'reasoning', 'abstract']",inception/mercury-2.5
Ignoring warnings often leads to negative outcomes.,1,Statistics link ignoring warnings to incidents.,4,0,Warnings are social tools for safety.,4,1,The statement is direct and literal.,4,0,It implies one should heed warnings.,3,0,It infers outcomes from specific action or inaction.,4,0,It describes a general causal pattern.,4,Warnings exist to prevent harm.,"['fact', 'social', 'literal language', 'normative', 'reasoning', 'abstract']",inception/mercury-2.5
Paying bills maintains good financial standing.,1,Credit reports show payment history affects status.,4,0,Bills and financial systems are social constructs.,4,1,The language is plain and literal.,4,0,It implies paying bills is a moral duty.,3,0,It links bill payment to stability logically.,4,0,It describes a general rule for money.,4,Bills must be paid to avoid trouble.,"['fact', 'social', 'literal language', 'normative', 'reasoning', 'abstract']",inception/mercury-2.5
Apologizing repairs damage from rude behavior.,1,Social studies show apologies repair relationships.,4,0,Apologies are social tools for repair.,4,1,Terms are used literally without metaphor.,4,0,It implies apology is the correct response to rudeness.,4,0,It infers repair from the act of apologizing.,4,0,It generalizes across interactions.,4,Saying sorry helps fix relationships.,"['fact', 'social', 'literal language', 'normative', 'reasoning', 'abstract']",inception/mercury-2.5
Learning skills increases employment opportunities.,1,Labor market data links skills to job prospects.,4,0,Employment systems are social structures.,4,1,The statement uses clear literal terms.,4,0,It implies learning skills is a prudent choice.,3,0,It links learning to outcomes via cause and effect.,4,0,It is a general statistical rule.,4,More skills usually mean better job chances.,"['fact', 'social', 'literal language', 'normative', 'reasoning', 'abstract']",inception/mercury-2.5
"If you vote, you influence policy.",1,Election results show policy shifts via voting.,4,0,Government policy is a social construct.,4,1,The words are literal and precise.,4,0,It implies voting is a civic obligation.,3,0,It infers influence from the act of voting.,4,0,It is a general claim about voting.,4,Voting changes decisions in government.,"['fact', 'social', 'literal language', 'normative', 'reasoning', 'abstract']",inception/mercury-2.5
Respecting queues maintains order in public spaces.,1,Queuing norms are enforceable social agreements.,4,0,Queues are human social conventions.,4,1,Terms are literal without metaphor.,4,0,It implies respecting queues is the correct norm.,4,0,It links respecting queues to maintaining order.,4,0,It describes a general principle of order.,4,Waiting in line is expected for fairness.,"['fact', 'social', 'literal language', 'normative', 'reasoning', 'abstract']",inception/mercury-2.5
Sharing information helps communities solve problems.,1,Community projects succeed more with open info.,4,0,Communities and information are human social concepts.,4,1,The language is direct and literal.,4,0,It implies sharing is a valuable norm.,4,0,It infers problem solving from information sharing.,4,0,It is a general rule for society.,4,Cooperation leads to better solutions.,"['fact', 'social', 'literal language', 'normative', 'reasoning', 'abstract']",inception/mercury-2.5
Birds of a feather flock together.,1,Empirical homophily can be measured. I am confident this is falsifiable.,4,0,Human social grouping defines its context. I am confident this is human-centric.,4,0,Uses a metaphor to describe social grouping. I am very confident as it is a known idiom.,4,1,Describes a regularity rather than a moral duty. I am confident this is observational.,4,0,Infers cause from pattern observed. I am confident it implies logic not just observation.,3,0,Generalizes across all groups rather than one event. I am confident this is not a single case.,4,This observes that people with similar traits often associate.,"['fact', 'social', 'figure of speech', 'positive', 'reasoning', 'abstract']",inception/mercury-2.5
Actions speak louder than words.,1,Trust metrics correlate with consistency. I am confident this is objectively verifiable.,4,0,Relies on human social perception. I am confident this stems from human norms.,4,0,Personifies actions as speaking. I am confident this is metaphorical not literal.,4,1,Describes how people perceive trust. I am confident this is descriptive not moral.,4,0,Concludes intent from evidence. I am confident it infers from data.,3,0,Generalizes human judgment patterns. I am confident this is not situational.,4,This notes deeds reveal intent more than speech.,"['fact', 'social', 'figure of speech', 'positive', 'reasoning', 'abstract']",inception/mercury-2.5
What goes around comes around.,1,Reciprocity data supports the claim. I am confident this is empirically testable.,3,0,Focuses on human interaction rules. I am confident this is socially constructed.,4,0,Uses a cyclical metaphor. I am confident this is idiomatic.,4,1,Describes reciprocity patterns observed in society. I am confident this is descriptive.,3,0,Infers future consequence from past act. I am confident it uses logic.,3,0,Generalizes long term outcomes. I am confident this looks beyond immediate events.,4,This suggests karma returns actions to the actor.,"['fact', 'social', 'figure of speech', 'positive', 'reasoning', 'abstract']",inception/mercury-2.5
Too many cooks spoil the broth.,1,Project metrics verify diminishing returns. I am confident this is measurable.,4,0,Human collaboration defines the context. I am confident this is about people.,4,0,Metaphor for management interference. I am confident this is not literal.,4,1,Describes management coordination failures. I am confident this is observed behavior.,4,0,Concludes failure from overstaffing. I am confident it infers a rule.,3,0,Generalizes teamwork dynamics. I am confident this is a universal principle.,4,This warns too many supervisors ruin the work.,"['fact', 'social', 'figure of speech', 'positive', 'reasoning', 'abstract']",inception/mercury-2.5
Familiarity breeds contempt.,1,Psychology studies support the trend. I am confident this is empirical.,4,0,Human relations are the core. I am confident this is social.,4,0,Uses breeding metaphor for emotions. I am confident this is figurative.,4,1,Describes psychological tendency. I am confident this is observational.,4,0,Links exposure to dislike. I am confident this infers a pattern.,3,0,Generalizes relationship trends. I am confident this covers varied experiences.,4,This suggests knowing someone too well reduces respect.,"['fact', 'social', 'figure of speech', 'positive', 'reasoning', 'abstract']",inception/mercury-2.5
Absence makes the heart grow fonder.,1,Relationship research supports this. I am confident this is testable.,3,0,Human attachment defines it. I am confident this is social.,4,0,Metaphor for growth of affection. I am confident this is not biological.,4,1,Describes human emotional reaction. I am confident this is factual.,3,0,Concludes emotion from absence. I am confident it uses reasoning.,3,0,Generalizes relational dynamics. I am confident this is not specific to one couple.,4,This says time apart often strengthens bonds.,"['fact', 'social', 'figure of speech', 'positive', 'reasoning', 'abstract']",inception/mercury-2.5
Silence gives consent.,1,Legal systems enforce this. I am confident this is verifiable.,4,0,Built on human convention. I am confident this is socially constructed.,4,0,Uses speech metaphor for silence. I am confident this is idiomatic.,4,1,Describes social norms. I am confident this is observed convention.,4,0,Infers intent from lack of action. I am confident it uses inference.,3,0,Generalizes legal or social rules. I am confident this is broad.,4,This implies lack of objection equals agreement.,"['fact', 'social', 'figure of speech', 'positive', 'reasoning', 'abstract']",inception/mercury-2.5
One man's trash is another man's treasure.,1,Market demand proves this. I am confident this is factual.,4,0,Human preference defines value. I am confident this is social.,4,0,Uses contrast metaphor for value. I am confident this is figurative.,4,1,Describes value relativity. I am confident this is descriptive.,4,0,Concludes subjectivity from contrast. I am confident it uses logic.,3,0,Generalizes market psychology. I am confident this is not a specific sale.,4,This notes value is subjective to different people.,"['fact', 'social', 'figure of speech', 'positive', 'reasoning', 'abstract']",inception/mercury-2.5
"Power corrupts, and absolute power corrupts absolutely.",1,Historical records support this. I am confident this is testable.,4,0,Relates to human governance. I am confident this is social.,4,0,Uses personification of power. I am confident this is metaphorical.,4,1,Describes observed historical regularity. I am confident this is empirical.,4,0,Infers behavior from authority levels. I am confident it uses logic.,3,0,Generalizes political dynamics. I am confident this is not a single case.,4,This observes unchecked power leads to unethical conduct.,"['fact', 'social', 'figure of speech', 'positive', 'reasoning', 'abstract']",inception/mercury-2.5
Necessity is the mother of invention.,1,Innovation history proves this. I am confident this is verifiable.,4,0,Relies on human response. I am confident this is social.,4,0,Uses birth metaphor. I am confident this is figurative.,4,1,Describes causal pattern. I am confident this is factual.,4,0,Concludes causality from need. I am confident it uses inference.,3,0,Generalizes historical trends. I am confident this is broad.,4,This says urgent needs drive innovation.,"['fact', 'social', 'figure of speech', 'positive', 'reasoning', 'abstract']",inception/mercury-2.5
A stitch in time saves nine.,1,Repair data supports this. I am confident this is objective.,4,0,Applies to human work. I am confident this is social.,4,0,Uses literal metaphor metaphor. I am confident this is idiomatic.,4,1,Describes maintenance efficiency. I am confident this is regularity.,4,0,Concludes efficiency from timing. I am confident it uses reasoning.,3,0,Generalizes problem solving. I am confident this is universal.,4,This means fixing small issues early prevents bigger work.,"['fact', 'social', 'figure of speech', 'positive', 'reasoning', 'abstract']",inception/mercury-2.5
Count not your chickens before hatching.,1,Planning outcomes prove this. I am confident this is empirical.,4,0,Applies to human planning. I am confident this is social.,4,0,Uses literal metaphor. I am confident this is idiomatic.,4,1,Describes planning errors. I am confident this is observational.,4,0,Infers caution from risk. I am confident it uses logic.,3,0,Generalizes risk management. I am confident this is broad.,4,This means do not expect outcomes prematurely.,"['fact', 'social', 'figure of speech', 'positive', 'reasoning', 'abstract']",inception/mercury-2.5
It takes a village to raise a child.,1,Sociology supports this claim. I am confident this is verifiable.,4,0,Focuses on social roles. I am confident this is socially defined.,4,0,Uses metaphorical village. I am confident this is figurative.,4,1,Describes child development needs. I am confident this is empirical.,4,0,Infers community role from development needs. I am confident it infers a rule.,3,0,Generalizes societal structures. I am confident this is universal.,4,This notes parenting involves broader community support.,"['fact', 'social', 'figure of speech', 'positive', 'reasoning', 'abstract']",inception/mercury-2.5
A bird in the hand is worth two in the bush.,1,Behavioral economics supports this. I am confident this is factual.,4,0,Relates to human value assessment. I am confident this is social.,4,0,Uses literal comparison metaphor. I am confident this is idiomatic.,4,1,Describes decision utility. I am confident this is observed behavior.,4,0,Concludes value from risk. I am confident it uses logic.,3,0,Generalizes economic choices. I am confident this is not situational.,4,This suggests a certain gain is worth more than a better potential one.,"['fact', 'social', 'figure of speech', 'positive', 'reasoning', 'abstract']",inception/mercury-2.5
You get what you pay for.,1,Product testing verifies this. I am confident this is measurable.,4,0,Relies on human economic system. I am confident this is social.,4,0,Uses direct causality phrase. I am confident this is idiomatic.,4,1,Describes market correlation. I am confident this is observed.,4,0,Infers quality from price. I am confident it uses inference.,3,0,Generalizes price quality trends. I am confident this is broad.,4,This links cost to quality expectation.,"['fact', 'social', 'figure of speech', 'positive', 'reasoning', 'abstract']",inception/mercury-2.5
Opposites attract.,1,Relationship surveys support this. I am confident this is factual.,3,0,Focuses on human connection. I am confident this is social.,4,0,Uses magnetic metaphor. I am confident this is figurative.,4,1,Describes relationship patterns. I am confident this is observational.,4,0,Concludes attraction from difference. I am confident it uses reasoning.,3,0,Generalizes social pairing. I am confident this is not a single case.,4,This notes that difference can spark attraction.,"['fact', 'social', 'figure of speech', 'positive', 'reasoning', 'abstract']",inception/mercury-2.5
A little knowledge is a dangerous thing.,1,Psychological data supports this. I am confident this is verifiable.,4,0,Applies to human expertise. I am confident this is social.,4,0,Uses object metaphor. I am confident this is idiomatic.,4,1,Describes outcome from limited info. I am confident this is empirical.,4,0,Infers risk from knowledge depth. I am confident it uses logic.,3,0,Generalizes cognitive bias. I am confident this is broad.,4,This means partial expertise often leads to errors.,"['fact', 'social', 'figure of speech', 'positive', 'reasoning', 'abstract']",inception/mercury-2.5
"Out of sight, out of mind.",1,Memory tests verify this. I am confident this is empirical.,4,0,Applies to human connection. I am confident this is social.,4,0,Uses sight as perception metaphor. I am confident this is idiomatic.,4,1,Describes memory patterns. I am confident this is observed.,4,0,Concludes forgetting from absence. I am confident it uses inference.,3,0,Generalizes cognitive habits. I am confident this is not singular.,4,This notes that not seeing leads to forgetting.,"['fact', 'social', 'figure of speech', 'positive', 'reasoning', 'abstract']",inception/mercury-2.5
Blood is thicker than water.,1,Sociology supports kinship bias. I am confident this is verifiable.,4,0,Relies on human kinship norms. I am confident this is social.,4,0,Uses biological metaphor. I am confident this is figurative.,4,1,Describes kinship loyalty. I am confident this is empirical.,4,0,Infers bond strength from relation. I am confident it uses logic.,3,0,Generalizes social structures. I am confident this is broad.,4,This says family bonds tend to be stronger than others.,"['fact', 'social', 'figure of speech', 'positive', 'reasoning', 'abstract']",inception/mercury-2.5
Don't judge a book by its cover.,1,Bias studies support this. I am confident this is measurable.,4,0,Applies to human judgment. I am confident this is social.,4,0,Uses literal book metaphor. I am confident this is idiomatic.,4,1,Describes perception errors. I am confident this is factual.,4,0,Infers risk from surface data. I am confident it uses logic.,3,0,Generalizes cognitive patterns. I am confident this is broad.,4,This means avoid forming opinions based on appearance.,"['fact', 'social', 'figure of speech', 'positive', 'reasoning', 'abstract']",inception/mercury-2.5
"When people sign contracts, they become legally bound to terms.",1,Law courts and records can verify legal binding upon signing. It can be proven objectively by reviewing law.,4,0,Contracts are human social constructs regulating interaction and agreements. It is not a natural physical law.,4,1,The words describe the situation directly without metaphors or idioms. It is plain standard language.,4,1,"It describes what happens legally, not what ought to happen. This avoids value judgments on the practice itself.",4,0,It infers legal binding based on the action of signing. This combines knowledge of contract law and logic.,3,0,This describes a general legal regularity not observed in one instance. It summarizes societal structures beyond single experience.,3,This reflects understanding of binding social agreements and legal outcomes.,"['fact', 'social', 'literal language', 'positive', 'reasoning', 'abstract']",inception/mercury-2.5
"If you vote in an election, your vote is counted.",1,Vote tallies are official records subject to verification. Accuracy can be proven through audits.,4,0,Elections are social systems designed by people for governance. They depend on collective agreement to vote.,4,1,Terms are used in their direct political sense. There are no metaphors or hyperbole.,4,1,It states how the process works without prescribing moral value. It describes an objective function.,4,0,It connects the act of voting to the expected outcome. This uses general knowledge about voting to.,3,0,It generalizes about electoral systems rather than a specific vote. This regularity holds beyond one person experience.,3,This relies on trust in electoral processes and recordkeeping.,"['fact', 'social', 'literal language', 'positive', 'reasoning', 'abstract']",inception/mercury-2.5
Driving without a license leads to legal penalties in most places.,1,Traffic records and fines prove the penalties exist. It is empirically verifiable.,4,0,Licenses are human constructs regulating road safety. Penalties are social enforcement.,4,1,Direct words used without figurative meaning. It is literal.,4,1,It describes current legal consequences not moral obligations. It is descriptive.,4,0,It infers penalties follow the specific action of unlicensed driving. This combines legal knowledge with logic.,3,0,It covers general rules across regions rather than one specific case. It is a systemic regularity.,3,Everyone knows traffic laws punish illegal operation of vehicles.,"['fact', 'social', 'literal language', 'positive', 'reasoning', 'abstract']",inception/mercury-2.5
Using credit cards allows people to buy items now and pay later.,1,Transaction records show purchases and delayed payments. This is verifiable fact.,4,0,Credit is a social and economic convention. It depends on bank trust systems.,4,1,Terms like credit and pay are used literally. No metaphors are used.,4,1,It states how cards function without moral value. This is a positive description.,4,0,It links card use to specific timing effects. This infers the standard credit process.,3,0,It describes a general financial mechanism. It is a systemic rule.,3,This explains the basic function of credit transactions.,"['fact', 'social', 'literal language', 'positive', 'reasoning', 'abstract']",inception/mercury-2.5
Citizens pay taxes to fund public services like roads.,1,Budget reports show taxes paying for public works. This is empirically verifiable.,4,0,Taxation is a human societal institution for collective needs. It is a social rule.,4,1,Direct language is used for economic flow. It is plain literal.,4,1,It states how funds are allocated factually. It is not a value judgment.,4,0,It infers that taxes pay for public services. This links fiscal sources to uses.,3,0,It summarizes a general civic economic regularity. It is not about one specific service.,3,People understand that government funding comes from taxes.,"['fact', 'social', 'literal language', 'positive', 'reasoning', 'abstract']",inception/mercury-2.5
People shake hands to greet each other in many cultures.,1,Anthropologists observe this behavior as a recorded pattern. It is empirically verifiable.,4,0,Greetings are social rules invented by humans. They are not biological imperatives.,4,1,Terms are used in their literal behavioral sense. There are no metaphors.,4,1,It describes what happens socially. It does not prescribe behavior.,4,0,It infers purpose from the gesture observed. This combines cultural knowledge with logic.,3,0,It summarizes cultural practices broadly not individually. It covers many cultures.,3,This is a standard observed social norm for greeting.,"['fact', 'social', 'literal language', 'positive', 'reasoning', 'abstract']",inception/mercury-2.5
Schools teach children basic skills required for adult life.,1,Curriculum records show skills taught in schools. It is objectively verifiable.,4,0,Schools are social institutions designed for upbringing. They are constructed human systems.,4,1,Words describe the function directly. It uses literal language.,4,1,It states what schools actually do. This is descriptive not normative.,4,0,It infers life preparedness from the curriculum. This uses general knowledge about schooling.,3,0,It generalizes about schools rather than one class. It is a systemic rule.,3,Everyone knows the main purpose of formal education.,"['fact', 'social', 'literal language', 'positive', 'reasoning', 'abstract']",inception/mercury-2.5
Wearing clothes is expected in public spaces across society.,1,Norm violations are documented in law and observation. It is empirically verifiable.,4,0,Dress codes are socially constructed rules. They are human conventions.,4,1,Terms are used without metaphor. It is literal language.,4,1,It describes what is expected. It avoids moral judgment.,4,0,It infers norms from behavior patterns. This combines social knowledge with logic.,3,0,It summarizes societal expectations broadly. It is a cultural regularity.,3,Everyone understands social norms regarding public attire.,"['fact', 'social', 'literal language', 'positive', 'reasoning', 'abstract']",inception/mercury-2.5
"If you steal, you may face imprisonment depending on the law.",1,Court sentences record this possibility. It is verifiable by records.,4,0,Imprisonment is a social sanction for breaking rules. It relies on legal systems.,4,1,Terms used literally. It is plain language.,4,1,It states what may happen. It is descriptive not prescriptive.,4,0,It infers punishment from the action. This uses legal knowledge and logic.,3,0,It generalizes legal consequences broadly. It is a systemic rule.,3,People understand legal consequences of theft.,"['fact', 'social', 'literal language', 'positive', 'reasoning', 'abstract']",inception/mercury-2.5
Bank accounts store money securely for owners to access later.,1,Accounts store money and record access. This is empirically verifiable.,4,0,Banks are financial institutions built by society. They rely on trust.,4,1,Terms are used literally. There is no metaphor.,4,1,It describes how banks work. It is descriptive.,4,0,It infers purpose from the service. This links tool to function.,3,0,It covers general banking regularities. It is not about one specific account.,3,This is the standard function of banking.,"['fact', 'social', 'literal language', 'positive', 'reasoning', 'abstract']",inception/mercury-2.5
Marrying someone involves signing legal documents recognized by the state.,1,Marriage licenses are recorded state documents. This is empirically verifiable.,4,0,Marriage is a legal and social institution. It is a human rule.,4,1,Terms used directly without metaphors. It is literal.,4,1,It states what happens. It does not prescribe values.,4,0,It infers the requirement from the institution. This combines legal knowledge with logic.,3,0,It summarizes the general process. It is a systemic rule.,3,Everyone knows marriage requires official paperwork.,"['fact', 'social', 'literal language', 'positive', 'reasoning', 'abstract']",inception/mercury-2.5
Buying a house transfers ownership rights from seller to buyer.,1,Property registries record ownership transfer. This is objectively verifiable.,4,0,Property ownership is a human legal construct. It is a social rule.,4,1,Terms used literally. It is plain language.,4,1,It describes the transaction. It is descriptive not normative.,4,0,It infers transfer of rights from buying. This uses legal knowledge and logic.,3,0,It summarizes legal regularities broadly. It is not specific to one house.,3,People understand property exchange rules.,"['fact', 'social', 'literal language', 'positive', 'reasoning', 'abstract']",inception/mercury-2.5
Employees receive paychecks from employers for work performed weekly.,1,Payroll records show this exchange. This is empirically verifiable.,4,0,Pay is part of social labor contracts. It relies on economic norms.,4,1,Terms used directly. It is literal.,4,1,It states how work is paid. It is descriptive.,4,0,It links work to payment expectation. This combines economic knowledge with logic.,3,0,It describes general labor regularities. It is a systemic rule.,3,This describes standard labor exchange practices.,"['fact', 'social', 'literal language', 'positive', 'reasoning', 'abstract']",inception/mercury-2.5
Voting age is set by law for eligibility to participate.,1,Statutes state specific age numbers. This is objectively verifiable.,4,0,Eligibility rules are human legal constructs. They are social norms.,4,1,Terms used literally. It is plain language.,4,1,It states the legal rule. It is descriptive.,4,0,It infers eligibility requirements from the law. This combines legal knowledge with logic.,3,0,It summarizes legal regularities broadly. It is not specific to one election.,3,Everyone knows there are age limits for voting.,"['fact', 'social', 'literal language', 'positive', 'reasoning', 'abstract']",inception/mercury-2.5
"If you break a promise, others may lose trust in you.",1,Behavioral studies show trust loss patterns. This is empirically verifiable.,3,0,Trust is a relational social rule. It is a human construct.,4,1,Terms used literally. It is plain language.,4,1,It states a psychological consequence. It is descriptive.,4,0,It infers consequence from action. This combines psychological knowledge with logic.,3,0,It summarizes social regularities broadly. It is not specific to one person.,3,This reflects social understanding of trust.,"['fact', 'social', 'literal language', 'positive', 'reasoning', 'abstract']",inception/mercury-2.5
Public libraries allow borrowing books for free with a card.,1,Library records track borrowing. This is objectively verifiable.,4,0,Libraries are social institutions for access. They depend on local rules.,4,1,Terms used literally. It is plain language.,4,1,It states how services work. It is descriptive.,4,0,It infers requirements from the institution. This combines knowledge with logic.,3,0,It summarizes general rules broadly. It is a systemic rule.,3,People understand standard library rules.,"['fact', 'social', 'literal language', 'positive', 'reasoning', 'abstract']",inception/mercury-2.5
Driving on the right side is a rule in many countries.,1,Signs and laws state these rules. This is empirically verifiable.,4,0,Traffic rules are human conventions. They are constructed rules.,4,1,Terms used literally. It is plain language.,4,1,It states the existing rule. It is descriptive.,4,0,It infers rule variation from region. This combines knowledge with logic.,3,0,It summarizes rules broadly. It is a systemic rule.,3,Everyone knows traffic rules vary by location.,"['fact', 'social', 'literal language', 'positive', 'reasoning', 'abstract']",inception/mercury-2.5
Hospitals treat patients using medical knowledge and trained professionals.,1,Patient records show treatment. This is objectively verifiable.,4,0,Medical care is a professional service. It is a social institution.,4,1,Terms used literally. It is plain language.,4,1,It states how hospitals work. It is descriptive.,4,0,It infers purpose from the institution. This combines knowledge with logic.,3,0,It summarizes general practices broadly. It is a systemic rule.,3,Everyone understands the purpose of hospitals.,"['fact', 'social', 'literal language', 'positive', 'reasoning', 'abstract']",inception/mercury-2.5
Buying insurance protects against financial loss from unexpected events.,1,Policies record coverage. This is objectively verifiable.,4,0,Insurance is a financial social mechanism. It is a social construct.,4,1,Terms used literally. It is plain language.,4,1,It states how insurance works. It is descriptive.,4,0,It infers protection from the product. This combines financial knowledge with logic.,3,0,It summarizes general regularities broadly. It is a systemic rule.,3,This explains why people purchase insurance.,"['fact', 'social', 'literal language', 'positive', 'reasoning', 'abstract']",inception/mercury-2.5
Parents usually provide food and shelter for their minor children.,1,Census data shows these patterns. This is objectively verifiable.,4,0,Parenting norms are socially constructed. It is a social rule.,4,1,Terms used literally. It is plain language.,4,1,It states the observed behavior. It is descriptive.,4,0,It infers norm from the group. This combines social knowledge with logic.,3,0,It summarizes general regularities broadly. It is not specific to one family.,3,This reflects social expectations of parenting.,"['fact', 'social', 'literal language', 'positive', 'reasoning', 'abstract']",inception/mercury-2.5
"Lying breaks trust, so you should be honest.",0,Moral judgments on honesty are subjective and debatable. There is no objective measure proving this correct.,4,0,"Trust is a social construct governing relationships, not physical physics. It reflects shared human expectations.",4,1,"The words mean exactly what they say without metaphor. It uses plain, ordinary language.",4,0,It prescribes behavior using should indicating a value judgment. It is not merely descriptive of what happens.,4,0,It links premise to conclusion with so logic. The recommendation follows from the stated consequence.,4,0,"This is a general principle about interactions, not a specific observed event. It summarizes broad human behavior patterns.",4,This reflects a social norm about honesty and consequences.,"['opinion', 'social', 'literal language', 'normative', 'reasoning', 'abstract']",inception/mercury-2.5
"Because they have experience, you should respect elders.",0,Value of experience varies by culture. It is not empirically provable as true or false.,4,0,"Respect for age is a socially constructed rule, not biology. It governs interpersonal dynamics.",4,1,The terms are direct and non-figurative. It states its meaning plainly.,4,0,It suggests a moral obligation with should. It prescribes how one ought to act.,4,0,It draws a conclusion from a reason using because. The duty follows from the premise.,4,0,It generalizes about age groups without referring to specific people. It relies on generalized human experience.,4,This captures a widely held cultural value regarding age.,"['opinion', 'social', 'literal language', 'normative', 'reasoning', 'abstract']",inception/mercury-2.5
Sharing food ensures everyone survives during shortages.,0,Survival strategies are debated across ethics. It is not objectively provable.,4,0,Food sharing is a social practice. It is rooted in collective human norms rather than biological necessity.,4,1,The words describe direct actions without metaphor. It uses clear and ordinary language.,4,0,It implies a moral choice to share. It suggests this behavior is preferable to hoarding.,3,0,It connects action to survival logically. The outcome follows from the method.,4,0,It describes a systemic effect rather than a single meal. It relies on generalized economic logic.,4,This reflects communal values around resource distribution.,"['opinion', 'social', 'literal language', 'normative', 'reasoning', 'abstract']",inception/mercury-2.5
"Preparation prevents mistakes, so study before tests.",0,Test value is debated. Its success is not universally agreed as objective fact.,3,0,Testing is a social institution. This statement reflects human academic norms.,4,1,It uses plain words describing academic work. There is no metaphor or idiom.,4,0,It implies you should prepare. It advocates a preferred behavior.,3,0,It concludes with so based on preparation logic. The advice follows from the premise.,4,0,It generalizes about study habits rather than one test. It summarizes broad educational outcomes.,4,This advises a common educational practice.,"['opinion', 'social', 'literal language', 'normative', 'reasoning', 'abstract']",inception/mercury-2.5
"Broken promises hurt, so always keep your word.",0,Moral weight of words is subjective. It is not objectively provable.,4,0,Word-keeping is a social contract. It relies on shared human norms.,4,1,The phrase is literal and non-figurative. It is plain and ordinary.,4,0,It prescribes keeping your word. It uses moral authority.,4,0,It links hurt to duty with so. The duty follows from the consequence.,4,0,"It summarizes a general principle of integrity. It refers to typical promises, not one.",4,This reinforces a basic tenet of social integrity.,"['opinion', 'social', 'literal language', 'normative', 'reasoning', 'abstract']",inception/mercury-2.5
"Interrupting hurts feelings, so let others finish speaking.",0,Feeling hurt varies. Social norms are not objective facts.,4,0,Conversation norms are social constructs. They govern human interaction.,4,1,The words describe behavior plainly. There is no hidden meaning.,4,0,It suggests a moral preference to wait. It implies you should behave this way.,4,0,It connects harm to behavior with so. The advice follows from the outcome.,4,0,It generalizes about talk rather than a specific chat. It summarizes social dynamics.,4,This promotes a polite norm of conversation.,"['opinion', 'social', 'literal language', 'normative', 'reasoning', 'abstract']",inception/mercury-2.5
"Effort usually yields results, so work diligently.",0,Work value is subjective. Results are not guaranteed objectively.,4,0,Work ethics are social values. They are human preferences about success.,4,1,It uses standard terms for work. It states the meaning plainly.,4,0,It implies one ought to work hard. It advocates a value.,4,0,It links outcome to advice with so. The recommendation follows from expectation.,4,0,It describes general patterns not specific days. It summarizes labor logic.,4,This suggests a general professional norm.,"['opinion', 'social', 'literal language', 'normative', 'reasoning', 'abstract']",inception/mercury-2.5
"Pain is bad, so violence is morally wrong.",0,Moral status is subjective. It is not objectively provable.,4,0,Morality is a social construct. It governs human values.,4,1,It uses ordinary words for feelings. It says exactly what it means.,4,0,It makes a judgment about wrongness. It is not merely descriptive.,4,0,It links pain to morality with so. The conclusion follows from the premise.,4,0,It generalizes about pain not specific acts. It summarizes ethical logic.,4,This reflects a shared ethical value about harm.,"['opinion', 'social', 'literal language', 'normative', 'reasoning', 'abstract']",inception/mercury-2.5
"Listening builds understanding, so hear others out.",0,Value of listening is debatable. It is not objectively measurable.,4,0,Communication norms are human rules. They define relationships.,4,1,It is plain and literal language. It states the advice plainly.,4,0,It suggests a preferred behavior. It implies you should listen.,4,0,It connects purpose to action with so. The action follows from the goal.,4,0,It refers to general conversation not one talk. It summarizes social dynamics.,4,This advises a basic social skill.,"['opinion', 'social', 'literal language', 'normative', 'reasoning', 'abstract']",inception/mercury-2.5
"Skills help employment, so pursue education actively.",0,Economic value of education is debated. It is not objectively guaranteed.,3,0,Jobs are social constructs. This reflects economic norms.,4,1,It uses plain terms for work. It states the meaning clearly.,4,0,It advises active pursuit. It suggests a valued path.,3,0,It links outcome to advice with so. The recommendation follows from expectation.,4,0,It generalizes about skills not one job. It summarizes labor logic.,4,This supports a common economic belief.,"['opinion', 'social', 'literal language', 'normative', 'reasoning', 'abstract']",inception/mercury-2.5
"Mistakes hurt, so apologize sincerely to fix them.",0,Moral repair is subjective. It is not objectively measurable.,4,0,Apologies are social rituals. They regulate interpersonal trust.,4,1,It uses plain and direct words. It says exactly what it means.,4,0,It prescribes a value to fix. It suggests a moral action.,4,0,It links harm to advice with so. The solution follows from the cause.,4,0,It generalizes about errors not one instance. It summarizes relationship logic.,4,This reflects social norms around error correction.,"['opinion', 'social', 'literal language', 'normative', 'reasoning', 'abstract']",inception/mercury-2.5
"Privacy protects dignity, so respect personal boundaries.",0,Definition of dignity varies. It is not objectively provable.,4,0,Boundaries are social agreements. They protect individuals.,4,1,It uses plain and ordinary terms. It states its meaning clearly.,4,0,It prescribes a moral obligation. It suggests you should respect.,4,0,It links reason to advice with so. The duty follows from the value.,4,0,It refers to a general concept. It summarizes human norms.,4,This advocates for a human rights value.,"['opinion', 'social', 'literal language', 'normative', 'reasoning', 'abstract']",inception/mercury-2.5
"Borrowed items belong to others, so return them.",0,Duty to return is subjective. It is not objectively provable.,4,0,Property is a social construct. It governs sharing norms.,4,1,It uses plain and literal terms. It states the meaning clearly.,4,0,It prescribes a moral action. It suggests a duty to return.,4,0,It links ownership to advice with so. The duty follows from the premise.,4,0,It generalizes about borrowing not one item. It summarizes economic logic.,4,This reflects a basic property norm.,"['opinion', 'social', 'literal language', 'normative', 'reasoning', 'abstract']",inception/mercury-2.5
"Public norms vary, so dress conservatively outside.",0,Dress codes are subjective. They are not objectively measurable.,4,0,Public norms are human rules. They govern public interaction.,4,1,It uses ordinary words for clothing. It states the meaning plainly.,4,0,It suggests a preferred dress standard. It implies you should behave this way.,4,0,It links norm to advice with so. The choice follows from the context.,4,0,It generalizes about public space not one event. It summarizes social logic.,4,This addresses social expectations for attire.,"['opinion', 'social', 'literal language', 'normative', 'reasoning', 'abstract']",inception/mercury-2.5
"Cheating breaks rules, so play fairly in games.",0,Fairness value is subjective. It is not objectively measurable.,4,0,Rules are social constructs. They define games.,4,1,It uses plain and direct words. It states the meaning clearly.,4,0,It prescribes a moral value to play. It suggests you should not cheat.,4,0,It links violation to advice with so. The choice follows from the norm.,4,0,It generalizes about games not one match. It summarizes competitive norms.,4,This reflects norms about competitive fairness.,"['opinion', 'social', 'literal language', 'normative', 'reasoning', 'abstract']",inception/mercury-2.5
"Savings prevent hardship, so save money monthly.",0,Financial value is subjective. It is not objectively guaranteed.,4,0,Saving is a social financial norm. It governs economic habits.,4,1,It uses ordinary words for money. It states the meaning plainly.,4,0,It suggests a moral duty to save. It implies you should save.,4,0,It links outcome to advice with so. The choice follows from the goal.,4,0,It generalizes about finances not one bill. It summarizes economic logic.,4,This advocates a financial planning norm.,"['opinion', 'social', 'literal language', 'normative', 'reasoning', 'abstract']",inception/mercury-2.5
"Cooperation builds communities, so help your neighbors.",0,Civic duty is subjective. It is not objectively measurable.,4,0,Communities are social constructs. They define shared spaces.,4,1,It uses plain and direct words. It states the meaning clearly.,4,0,It prescribes a moral action. It suggests a duty to help.,4,0,It links purpose to advice with so. The choice follows from the goal.,4,0,It generalizes about help not one aid. It summarizes social logic.,4,This supports a civic value about locality.,"['opinion', 'social', 'literal language', 'normative', 'reasoning', 'abstract']",inception/mercury-2.5
"Policies change lives, so vote in elections.",0,Voting obligation is subjective. It is not objectively provable.,4,0,Elections are social constructs. They govern civic choice.,4,1,It uses plain words for politics. It states the meaning clearly.,4,0,It prescribes a civic duty. It implies you should vote.,4,0,It links impact to advice with so. The choice follows from the goal.,4,0,It generalizes about politics not one law. It summarizes civic logic.,4,This advocates for a civic duty.,"['opinion', 'social', 'literal language', 'normative', 'reasoning', 'abstract']",inception/mercury-2.5
"Secondhand smoke hurts, so avoid smoking near others.",0,Health priorities are subjective. They are not universally agreed.,4,0,Public health norms are social rules. They govern interaction.,4,1,It uses plain and direct words. It states the meaning clearly.,4,0,It prescribes a moral choice. It implies you should avoid.,4,0,It links harm to advice with so. The choice follows from the harm.,4,0,It generalizes about harm not one instance. It summarizes health logic.,4,This promotes a norm about public health.,"['opinion', 'social', 'literal language', 'normative', 'reasoning', 'abstract']",inception/mercury-2.5
"Occasions demand decorum, so dress appropriately for events.",0,Decorum standards are subjective. They are not objectively measurable.,4,0,Formality is a social construct. It governs interaction.,4,1,It uses plain terms for clothing. It states the meaning clearly.,4,0,It prescribes a behavior standard. It suggests a duty to dress.,4,0,It links context to advice with so. The choice follows from the goal.,4,0,It generalizes about dress not one item. It summarizes social norms.,4,This reflects social expectations for formal behavior.,"['opinion', 'social', 'literal language', 'normative', 'reasoning', 'abstract']",inception/mercury-2.5
You should avoid fire because it burns skin.,1,The claim that fire burns is scientifically verifiable.,4,1,It describes a biological interaction with fire.,4,1,The language is direct with no metaphors.,4,0,"It prescribes an action using 'should', satisfying norms.",3,0,It links cause and effect logically with 'because'.,4,0,"It states a general rule, not a specific event.",4,This advises safety based on physical harm.,"['fact', 'physical', 'literal language', 'normative', 'reasoning', 'abstract']",inception/mercury-2.5
Do not push others off high places.,1,Gravity and falls cause harm independently verified.,3,1,It refers to gravity and physical height.,4,1,The terms are direct and literal.,4,0,It uses a directive command based on safety norms.,3,0,Implies logic that falling causes injury.,3,0,"It generalizes about places, not a specific one.",3,This prevents physical harm through behavioral restraint.,"['fact', 'physical', 'literal language', 'normative', 'reasoning', 'abstract']",inception/mercury-2.5
Humans must eat food to survive.,1,Starvation leading to death is empirically true.,4,1,Refers to biology and metabolic energy.,4,1,Plain terms with no rhetorical devices.,4,0,Must expresses obligation derived from necessity.,3,0,Connects eating to the conclusion of survival.,4,0,"It covers all humans generally, not specific instances.",4,Biological necessity dictates regular food consumption.,"['fact', 'physical', 'literal language', 'normative', 'reasoning', 'abstract']",inception/mercury-2.5
Water turns to steam when boiled.,1,Phase change is scientifically provable and factual.,4,1,Describes matter and thermal energy directly.,4,1,Direct description of physical transformation.,4,0,Implied rule of behavior in thermodynamics contexts.,2,0,Infers change result from heating cause.,4,0,Generalizes water behavior universally.,4,Physical phase change is observable in nature.,"['fact', 'physical', 'literal language', 'normative', 'reasoning', 'abstract']",inception/mercury-2.5
Sleep helps humans function normally each day.,1,Biological data confirms sleep benefits health.,4,1,Refers to biological and physiological processes.,4,1,Plain language describing biological reality.,4,0,Implies advice to rest for functionality.,3,0,Links rest to functional outcomes logically.,4,0,General rule for all humans.,4,Restorative rest is biologically necessary.,"['fact', 'physical', 'literal language', 'normative', 'reasoning', 'abstract']",inception/mercury-2.5
Sharp objects can cut through skin.,1,Cutting mechanics are empirically verified.,4,1,Describes mechanical interaction between materials.,4,1,Direct description of physical interaction.,4,0,Implies caution about using sharp things.,2,0,Connects sharpness to physical outcome.,4,0,Applies to all sharp objects generally.,4,Physical properties of objects interact with bodies.,"['fact', 'physical', 'literal language', 'normative', 'reasoning', 'abstract']",inception/mercury-2.5
Heavy objects fall faster than light ones.,1,Physics laws allow empirical verification of motion.,4,1,Refers to mass and gravity directly.,4,1,Terms are literal and objective.,4,0,Suggests expectations of physical behavior.,2,0,Compares causes of motion logically.,4,0,General law of motion applies broadly.,4,Gravity affects motion universally regardless of mass.,"['fact', 'physical', 'literal language', 'normative', 'reasoning', 'abstract']",inception/mercury-2.5
Stealing harms social trust universally.,1,Trust erosion is measurable in sociology.,3,1,Social constructs have tangible physical effects.,3,1,Terms are direct and literal.,4,0,Implies a moral judgment against theft.,3,0,Infers consequence from action logically.,4,0,Generalizes consequences for societies universally.,4,Property violations damage collective safety.,"['fact', 'physical', 'literal language', 'normative', 'reasoning', 'abstract']",inception/mercury-2.5
Breathing air is required for life.,1,Biological necessity is objectively verified.,4,1,Refers to biological and gas exchange processes.,4,1,Direct biological statement without metaphor.,4,0,Implies obligation to breathe for survival.,3,0,Links requirement to life outcomes.,4,0,General biological law for humans.,4,Biological respiration is essential for survival.,"['fact', 'physical', 'literal language', 'normative', 'reasoning', 'abstract']",inception/mercury-2.5
Poison causes illness if consumed.,1,Toxicology data proves illness outcomes.,4,1,Refers to chemical and biological reactions.,4,1,Plain terms describing health effects.,4,0,Implies warning against consumption.,2,0,Links cause to negative effect.,4,0,General rule about toxic substances.,4,Toxic substances react negatively with biology.,"['fact', 'physical', 'literal language', 'normative', 'reasoning', 'abstract']",inception/mercury-2.5
Cold weather requires warm clothing.,1,Heat loss is a scientific fact.,4,1,Refers to temperature and material insulation.,4,1,Direct advice on behavior and environment.,4,0,Uses 'requires' to impose a behavioral expectation.,3,0,Links environmental condition to necessary action.,4,0,Generalizes weather and protection needs.,4,Physical coldness demands protection for safety.,"['fact', 'physical', 'literal language', 'normative', 'reasoning', 'abstract']",inception/mercury-2.5
Fire spreads faster on dry wood.,1,Flammability differences are scientifically verified.,4,1,Describes chemical combustion processes.,4,1,Direct physical description without rhetoric.,4,0,Suggests caution about fire handling.,2,0,Compares material states to predict speed.,4,0,Generalization about combustion properties.,4,Combustion rates vary with material moisture.,"['fact', 'physical', 'literal language', 'normative', 'reasoning', 'abstract']",inception/mercury-2.5
Elevators fall if cables break.,1,Mechanical failure leads to gravity effects.,4,1,Refers to mechanics and gravity.,4,1,Terms describe physical components directly.,4,0,Implies risk expectation without advice.,2,0,Links failure cause to motion effect.,4,0,Generalization of mechanical reliability rules.,4,Physics dictates elevator mechanics under failure.,"['fact', 'physical', 'literal language', 'normative', 'reasoning', 'abstract']",inception/mercury-2.5
Driving on roads requires obeying laws.,1,Traffic laws exist and impact accident rates.,4,1,Refers to cars and roads.,4,1,Direct statement about obligations.,4,0,Requires adherence to norms explicitly.,3,0,Links compliance to safe movement.,4,0,General social rule for road users.,4,Safety depends on social compliance.,"['fact', 'physical', 'literal language', 'normative', 'reasoning', 'abstract']",inception/mercury-2.5
Lying damages long-term relationships.,1,Relationship data shows correlation with trust.,4,1,Relates to social psychology outcomes.,3,1,Terms describe interactions directly.,4,0,Implies moral judgment against lying.,3,0,Links behavior to relational outcome.,4,0,General rule on relationships.,4,Trust erosion impacts interpersonal connections.,"['fact', 'physical', 'literal language', 'normative', 'reasoning', 'abstract']",inception/mercury-2.5
Humans need water daily to live.,1,Dehydration is empirically verified.,4,1,Refers to biology and fluids.,4,1,Plain biological necessity statement.,4,0,Need implies necessary obligation for survival.,3,0,Links water to life continuity.,4,0,General rule for humans.,4,Hydration is a biological necessity.,"['fact', 'physical', 'literal language', 'normative', 'reasoning', 'abstract']",inception/mercury-2.5
Respecting elders preserves family history.,1,Transmission aids social stability historically.,4,1,Refers to family and social structure.,3,1,Direct statement of social values.,4,0,Prescriptive social value stated directly.,3,0,Links respect to continuity logically.,4,0,General rule about family systems.,4,Tradition transmission aids group stability.,"['fact', 'physical', 'literal language', 'normative', 'reasoning', 'abstract']",inception/mercury-2.5
Plants grow better with sunlight.,1,Photosynthesis is verifiable biological fact.,4,1,Refers to biological processes.,4,1,Direct description of nature.,4,0,Implies optimal care for plants.,2,0,Infers growth from environmental condition.,4,0,General biological principle.,4,Photosynthesis requires light for food.,"['fact', 'physical', 'literal language', 'normative', 'reasoning', 'abstract']",inception/mercury-2.5
Breathing underwater is impossible for humans.,1,Human physiology is objectively verified.,4,1,Refers to biology and fluid mechanics.,4,1,Direct biological statement.,4,0,Implies behavioral warning regarding water.,2,0,Links body limits to environment.,4,0,General rule for all humans.,4,Biological lungs do not process water.,"['fact', 'physical', 'literal language', 'normative', 'reasoning', 'abstract']",inception/mercury-2.5
Honoring truth builds better community.,1,Social data shows correlation with stability.,4,1,Refers to social and economic conditions.,3,1,Terms describe social interaction clearly.,4,0,Prescribes behavior for a goal.,3,0,Links truth to community outcome.,4,0,General social rule for groups.,4,Honesty creates social stability.,"['fact', 'physical', 'literal language', 'normative', 'reasoning', 'abstract']",inception/mercury-2.5
The early bird catches the worm.,1,Its truth can be demonstrated by observing predator-prey interactions. It is not subjective but relies on evidence.,3,1,It refers to biological activity patterns of birds rather than human norms. It is empirical and rooted in physical behavior.,4,0,It uses a metaphor to represent early action versus delay. It is not literal since it implies strategic value.,4,1,It describes an observed regularity in nature rather than a moral rule. It predicts an outcome instead of prescribing one.,4,0,It concludes that proactive timing increases probability of success. It combines causal knowledge with practical logic.,4,0,It generalizes a principle from specific biological instances. One does not need to see it daily to understand it.,4,Timing often determines success in resource acquisition in nature.,"['fact', 'physical', 'figure of speech', 'positive', 'reasoning', 'abstract']",inception/mercury-2.5
"Where there is smoke, there is fire.",1,Scientific observation can confirm smoke requires combustion. It is falsifiable by checking for combustion source.,4,1,It refers to combustion physics where smoke indicates burning. It is a material fact not a social belief.,4,0,It is a metaphor implying any sign implies a cause. It is not literal since smoke rarely means actual fire.,4,1,It states an objective correlation between cause and effect. It does not suggest how people should behave.,4,0,It infers a hidden cause from visible evidence. It relies on logical deduction rather than raw data.,4,0,It draws a general law from many specific instances. It applies beyond a single observed smoke event.,4,Evidence usually indicates an underlying physical cause.,"['fact', 'physical', 'figure of speech', 'positive', 'reasoning', 'abstract']",inception/mercury-2.5
A stitch in time saves nine.,1,Engineering studies verify delayed repairs cost more resources. It is objective and not based on value.,4,1,It refers to physical wear and tear on materials. It is measurable through structural decay rates.,4,0,It uses clothing repair to represent general preventive work. It is not literal as it applies to non-fabric.,4,1,It describes a mechanical efficiency reality. It is a descriptive claim about work effort.,4,0,It concludes that immediate action reduces total work. It combines logic about decay with future prediction.,4,0,It generalizes a physical law of conservation to life. It requires synthesis beyond immediate observation.,4,Prompt maintenance prevents larger future efforts.,"['fact', 'physical', 'figure of speech', 'positive', 'reasoning', 'abstract']",inception/mercury-2.5
Don't put all eggs in one basket.,1,Probability theory confirms concentrating assets increases total loss risk. It is demonstrable mathematically.,4,1,It refers to physical risk distribution mechanisms. It describes a measurable risk reduction strategy.,4,0,It is a metaphor for financial or asset distribution. It is not literal since eggs are rarely in baskets.,4,1,It describes a reality of risk accumulation. It avoids moral judgment on the owner.,4,0,It concludes separate locations lower total failure probability. It applies logical probability to physical objects.,4,0,It abstracts a safety principle for general contexts. It is not restricted to actual basket usage.,4,Diversification reduces physical risk of loss.,"['fact', 'physical', 'figure of speech', 'positive', 'reasoning', 'abstract']",inception/mercury-2.5
Too many cooks spoil the broth.,1,Social science confirms crowding reduces efficiency. It is empirically verified in studies.,4,1,It refers to physical limits of collaborative labor. It is observable in kitchen workflows.,4,0,It uses cooking as a metaphor for project management. It is not literal since it applies to non-cooking.,4,1,It states an observed effect of group size. It does not suggest what you ought to do.,4,0,It concludes excessive inputs degrade output quality. It combines knowledge of capacity with task limits.,4,0,It generalizes a group dynamic principle. One infers this rule from many varied examples.,4,Overcrowding disrupts physical coordination in tasks.,"['fact', 'physical', 'figure of speech', 'positive', 'reasoning', 'abstract']",inception/mercury-2.5
Absence makes the heart grow fonder.,1,Studies confirm separation impacts affection levels. It is measurable and not purely subjective.,3,1,It refers to biological psychological responses. It describes a physiological reality of separation.,3,0,It uses heart metaphor for emotion. It is not physically the heart organ growing.,4,1,It describes a bonding pattern. It is a factual claim not a norm.,4,0,It concludes isolation heightens attachment. It uses logic on psychology to find result.,3,0,It generalizes from individual relationships. One infers this rule from many cases.,4,Separation triggers psychological attachment.,"['fact', 'physical', 'figure of speech', 'positive', 'reasoning', 'abstract']",inception/mercury-2.5
Biting off more than you can chew.,1,Anatomy confirms mouth size limits bite size. It is demonstrable and verifiable physically.,4,1,It refers to biological limits of the mouth. It describes a physical constraint objectively.,4,0,It uses eating to represent task overload. It is metaphorical and not about actual food.,4,1,It states a physiological truth about limits. It does not imply a moral failure.,4,0,It concludes exceeding capacity causes failure. It combines biological facts with task logic.,4,0,It generalizes capacity limits to broader tasks. It applies without needing to chew actual food.,4,Capacity limits determine success in consumption.,"['fact', 'physical', 'figure of speech', 'positive', 'reasoning', 'abstract']",inception/mercury-2.5
Don't count your chickens before they hatch.,1,Animals are not present before birth occurs. This is objectively verifiable and falsifiable.,4,1,It refers to biological development stages of life. It is an empirical fact of birth.,4,0,It uses livestock as metaphor for assets. It is not literal counting of eggs.,4,1,It describes the sequence of biological certainty. It does not demand moral behavior.,4,0,It concludes premature assumptions lead to errors. It applies logic about probability to facts.,4,0,It abstracts certainty principles to general expectations. It covers all outcomes beyond chicks.,4,Expectation cannot precede biological reality.,"['fact', 'physical', 'figure of speech', 'positive', 'reasoning', 'abstract']",inception/mercury-2.5
Slow and steady wins the race.,1,Kinematics and endurance tests verify efficiency. It is objective and not based on opinion.,4,1,It refers to energy conservation and physiology. It relies on biological endurance limits.,4,0,It uses animal competition as metaphor for life. It is not literal racing of animals.,4,1,It describes an observed outcome in physics. It is a prediction not a command.,4,0,It concludes consistency leads to better results. It uses logic about physics to reach conclusion.,4,0,It generalizes to all temporal endeavors. It abstracts the principle from the physical race.,4,Sustainable speed often outperforms erratic bursts.,"['fact', 'physical', 'figure of speech', 'positive', 'reasoning', 'abstract']",inception/mercury-2.5
Actions speak louder than words.,1,Psychology proves behavior predicts intent better. It is objectively demonstrable and falsifiable.,4,1,It refers to observable physical evidence of intent. It relies on objective physical proof.,4,0,It is a metaphor comparing speech to behavior. It is not literally about volume of speech.,4,1,It states a reality of information processing. It does not prescribe how people should speak.,4,0,It concludes action proves intent more than speech. It combines logic on evidence with human interaction.,4,0,It draws general rule about communication efficacy. It applies beyond any specific person's speech.,4,Behavior carries more information than claims.,"['fact', 'physical', 'figure of speech', 'positive', 'reasoning', 'abstract']",inception/mercury-2.5
Two heads are better than one.,1,Cognitive tests show higher success with multiple people. It is scientifically verifiable and objective.,4,1,It refers to physical human brain capacities. It relies on biological limits of focus.,4,0,It uses head count as metaphor for input. It is not literal counting of heads.,4,1,It describes a collective outcome pattern. It does not suggest how people should think.,4,0,It concludes multiple perspectives solve problems better. It uses logic about cognition to generalize results.,4,0,It abstracts collaboration benefit to general tasks. One infers this from many specific cases.,4,Collaboration enhances cognitive efficiency.,"['fact', 'physical', 'figure of speech', 'positive', 'reasoning', 'abstract']",inception/mercury-2.5
Necessity is the mother of invention.,1,Historical data shows need drives new tools. It is objectively supported by records.,4,1,It refers to physical requirements driving engineering. It describes a real-world cause-effect relation.,4,0,It uses parenting metaphor for cause and effect. It is not literal biological reproduction.,4,1,It describes a trend in human innovation. It is a historical observation not a value.,4,0,It concludes demand leads to solution creation. It combines knowledge about needs with creation logic.,4,0,It generalizes a principle to many fields. It does not require observing one specific invention.,4,Need drives the creation of new solutions.,"['fact', 'physical', 'figure of speech', 'positive', 'reasoning', 'abstract']",inception/mercury-2.5
Don't judge a book by its cover.,1,Inspection reveals contents do not match appearance. This is physically verifiable and objective.,4,1,It refers to physical surfaces differing from content. It relies on observable object properties.,4,0,It uses books to represent general objects. It is not literal advice about reading.,4,1,It describes a phenomenon of perception. It is not a moral rule.,4,0,It concludes surface details are insufficient data. It combines logic about perception with reality.,4,0,It generalizes perceptual error to life. It applies beyond any single book instance.,4,Appearance often misrepresents underlying reality.,"['fact', 'physical', 'figure of speech', 'positive', 'reasoning', 'abstract']",inception/mercury-2.5
A watched pot never boils.,1,Psychology studies show time perception slows. It is objectively verifiable in experiments.,4,1,It refers to physical boiling and time perception. It describes a psychological phenomenon.,4,0,It is an exaggeration to emphasize boredom. It is not literal physics about water.,4,1,It describes an observed cognitive pattern. It states a reality not a rule.,4,0,It concludes attention changes time experience. It combines psychology with logical inference.,4,0,It generalizes mental time to other waits. It applies to all subjective time.,4,Perception alters the experience of time.,"['fact', 'physical', 'figure of speech', 'positive', 'reasoning', 'abstract']",inception/mercury-2.5
Don't burn your bridges before you get to them.,1,Logistics verify destroying options prevents return. It is physically verifiable and objective.,4,1,It refers to physical structures and travel. It describes a tangible logistical constraint.,4,0,It uses roads as metaphor for paths. It is not literal destruction of bridges.,4,1,It describes a strategic limitation reality. It does not demand moral caution.,4,0,It concludes destroying paths causes failure. It uses logic about supply and travel.,4,0,It generalizes to any available resources. It applies beyond actual bridge usage.,4,Destroying resources prematurely limits options.,"['fact', 'physical', 'figure of speech', 'positive', 'reasoning', 'abstract']",inception/mercury-2.5
You can't make an omelet without breaking eggs.,1,Chemistry confirms eggs break during mixing. This is physically verifiable and falsifiable.,4,1,It refers to the physical process of cooking. It describes a real-world biological change.,4,0,It uses cooking to represent general change. It is metaphorical and not literal food.,4,1,It states an objective causal fact. It does not prescribe social values.,4,0,It concludes sacrifice is inherent to progress. It combines knowledge of cooking with logical goals.,4,0,It generalizes necessary cost to life. It applies beyond any cooking scenario.,4,Achieving goals requires accepting collateral damage.,"['fact', 'physical', 'figure of speech', 'positive', 'reasoning', 'abstract']",inception/mercury-2.5
Haste makes waste.,1,Engineering data supports speed-quality trade-off. It is objectively verifiable and not opinion.,4,1,It refers to efficiency and motion limits. It is measurable through physical outcomes.,4,0,It is a metaphor for speed and quality. It is not literal about financial waste.,4,1,It describes a physical efficiency reality. It predicts outcomes rather than commanding behavior.,4,0,It concludes speed reduces quality. It combines logic about human capacity with time.,4,0,It draws a general productivity rule. It does not apply to one task only.,4,Rushing causes errors in execution.,"['fact', 'physical', 'figure of speech', 'positive', 'reasoning', 'abstract']",inception/mercury-2.5
"Out of sight, out of mind.",1,Psychology confirms lack of cues reduces memory. It is objectively verifiable in labs.,4,1,It refers to brain memory encoding rules. It relies on biological neural patterns.,3,0,It uses sight as metaphor for awareness. It is not literal about eyes.,4,1,It describes a cognitive reality. It does not prescribe how to remember.,4,0,It concludes perception drives memory. It uses logic about input to explain output.,4,0,It generalizes perception to memory retention. It applies beyond any single object.,4,Absence reduces memory retention.,"['fact', 'physical', 'figure of speech', 'positive', 'reasoning', 'abstract']",inception/mercury-2.5
Honesty is the best policy.,1,"Within cultural consensus, its utility can be demonstrated repeatedly, differing from subjective opinion.",3,0,"It reflects human social values and rules for interaction, distinct from physical laws.",4,0,"It uses a metaphor comparing honesty to a policy, contrasting literal language.",4,0,"It prescribes behavior by implying one should be honest, unlike positive descriptions of reality.",4,0,"It concludes honesty yields optimal results based on experience and logic, not just observation.",3,0,It represents a general principle not tied to a specific individual encounter.,4,This is a common social rule advising truthful behavior.,"['fact', 'social', 'figure of speech', 'normative', 'reasoning', 'abstract']",inception/mercury-2.5
Don't count your chickens before they hatch.,1,The risk of failure before completion is a verifiable general truth.,3,0,"This is a human-created guideline for behavior, not a natural phenomenon.",4,0,It uses a metaphor involving farm animals to illustrate a point.,4,0,"It advises what one should not do, distinguishing it from neutral facts.",4,0,It concludes premature confidence leads to disappointment through logical inference.,3,0,It applies to general situations rather than specific daily encounters.,4,A classic warning to avoid assuming outcomes too early.,"['fact', 'social', 'figure of speech', 'normative', 'reasoning', 'abstract']",inception/mercury-2.5
A stitch in time saves nine.,1,The efficiency of early repair can be observed empirically in various settings.,3,0,It is a human social rule about efficiency and maintenance.,4,0,It uses sewing imagery metaphorically to describe problem solving.,4,0,It urges immediate action as a preferred approach to problems.,4,0,It logically concludes early intervention reduces total effort required.,4,0,"It describes a regularity applicable across many contexts, not just one.",4,This proverb suggests fixing small problems prevents bigger ones later.,"['fact', 'social', 'figure of speech', 'normative', 'reasoning', 'abstract']",inception/mercury-2.5
Birds of a feather flock together.,1,"Social clustering is empirically observable, distinguishing it from subjective opinion.",4,0,It addresses human social dynamics and grouping behaviors specifically.,4,0,It uses a metaphor with birds to describe human relationships.,4,0,It implies a natural social tendency people often follow as a norm.,3,0,It concludes similarity predicts association based on logical observation of patterns.,4,0,It generalizes human interaction rather than describing a specific instance.,4,This aphorism suggests similar people tend to associate.,"['fact', 'social', 'figure of speech', 'normative', 'reasoning', 'abstract']",inception/mercury-2.5
Too many cooks spoil the broth.,1,Coordination errors are demonstrable realities in group settings.,3,0,It concerns human collaboration norms rather than physical constraints.,4,0,It uses kitchen imagery metaphorically to explain coordination issues.,4,0,It implies limiting involvement is the preferred approach to tasks.,4,0,It concludes over-participation causes failure based on cause and effect logic.,3,0,"It represents a general principle of management, not a specific event.",4,This warns that too much involvement ruins an outcome.,"['fact', 'social', 'figure of speech', 'normative', 'reasoning', 'abstract']",inception/mercury-2.5
Actions speak louder than words.,1,"Behavior is objectively more observable than speech, making it a verifiable fact.",4,0,It is a rule for social trust and human interaction.,4,0,It uses a metaphor comparing volume of voice to volume of action.,4,0,It values behavioral integrity over verbal claims in social judgment.,4,0,It concludes behavior is more reliable evidence than speech logically.,4,0,It describes a regularity in human communication patterns broadly.,4,This suggests deeds hold more weight than verbal promises.,"['fact', 'social', 'figure of speech', 'normative', 'reasoning', 'abstract']",inception/mercury-2.5
Better safe than sorry.,1,"Caution demonstrably reduces accidents, making it an objective safety truth.",3,0,It is a culturally accepted rule for managing risk.,4,0,It uses comparative language to frame safety as a choice.,3,0,It prescribes safety as a preferred value over risk.,4,0,It concludes avoiding risk prevents regret through logical cost-benefit analysis.,4,0,"It is a general guideline for life, not a specific daily event.",4,This advises caution to avoid regret or harm.,"['fact', 'social', 'figure of speech', 'normative', 'reasoning', 'abstract']",inception/mercury-2.5
Don't judge a book by its cover.,1,"External appearance is often misleading, which is empirically true.",4,0,It is a human rule for social interaction and assessment.,4,0,It uses a metaphor involving reading books to discuss people.,4,0,"It instructs against superficial judgment, establishing a social norm.",4,0,It concludes appearance does not guarantee quality or character logically.,4,0,It is a general principle applied to all human encounters.,4,This advises looking beyond appearances to understand reality.,"['fact', 'social', 'figure of speech', 'normative', 'reasoning', 'abstract']",inception/mercury-2.5
The early bird catches the worm.,1,"Early effort demonstrably increases opportunity, distinguishing it from subjective opinion.",3,0,It reflects human cultural expectations about productivity and work.,4,0,It uses a metaphor with a bird to describe competition.,4,0,It promotes diligence and early action as a preferred value.,4,0,It concludes early effort yields rewards based on logical timing.,4,0,It is a general proverb for timing rather than a specific fact.,4,This suggests starting early leads to better success.,"['fact', 'social', 'figure of speech', 'normative', 'reasoning', 'abstract']",inception/mercury-2.5
Absence makes the heart grow fonder.,1,Emotional patterns of longing are observable psychological facts.,3,0,It addresses human emotions and relationship dynamics specifically.,4,0,It uses a metaphor with growth to describe feelings.,4,0,It implies a preference for distance in strengthening relationships.,3,0,It concludes absence strengthens emotional bonds through logical psychological reasoning.,3,0,"It describes a general psychological tendency, not a specific event.",4,This implies missing someone increases affection.,"['fact', 'social', 'figure of speech', 'normative', 'reasoning', 'abstract']",inception/mercury-2.5
Money cannot buy happiness.,1,"Psychological studies often verify this claim, making it a verifiable fact.",3,0,It is a human cultural belief about value and life satisfaction.,4,0,It uses hyperbole to emphasize a truth about well-being.,4,0,It values emotional health over material wealth as a norm.,4,0,It concludes material wealth does not correlate with satisfaction logically.,3,0,"It is a general truth about life, not a specific observation.",4,This suggests wealth does not guarantee emotional well-being.,"['fact', 'social', 'figure of speech', 'normative', 'reasoning', 'abstract']",inception/mercury-2.5
"Power corrupts, and absolute power corrupts absolutely.",1,"Historical records verify corruption patterns, making this empirically demonstrable.",4,0,It addresses human governance and power dynamics specifically.,4,0,It uses hyperbole ('absolutely') to emphasize the intensity.,4,0,"It suggests checks on power are necessary, implying a value.",4,0,It concludes unlimited control inevitably leads to corruption logically.,4,0,"It describes a systemic regularity, not a specific event.",4,This warns that unchecked authority leads to moral decay.,"['fact', 'social', 'figure of speech', 'normative', 'reasoning', 'abstract']",inception/mercury-2.5
Two wrongs do not make a right.,1,"Revenge fails to restore balance, an objectively verifiable outcome.",3,0,It is a rule for human social justice and fairness.,4,0,It uses arithmetic metaphors to describe ethical outcomes.,4,0,It prescribes forgiveness over retaliation as a moral norm.,4,0,It concludes retaliation is not a valid solution logically.,4,0,It states a general ethical principle rather than a specific event.,4,This advises against seeking revenge to solve problems.,"['fact', 'social', 'figure of speech', 'normative', 'reasoning', 'abstract']",inception/mercury-2.5
You reap what you sow.,1,Cause and effect in behavior is a verifiable reality.,4,0,It reflects social expectations of justice and karma.,4,0,It uses a metaphor of farming to describe life consequences.,4,0,It encourages responsibility and mindful action in life.,4,0,It concludes consequences match causes through logical reasoning.,4,0,It describes a universal principle applicable to many situations.,4,This suggests your actions determine your future outcomes.,"['fact', 'social', 'figure of speech', 'normative', 'reasoning', 'abstract']",inception/mercury-2.5
Necessity is the mother of invention.,1,"History shows necessity drives innovation, a demonstrable trend.",4,0,It describes human innovation patterns and societal evolution.,4,0,It uses a metaphor comparing necessity to a parent.,4,0,It values urgency and need as drivers of progress.,3,0,It concludes need leads to solutions through logical reasoning.,4,0,"It is a general rule about creativity, not a specific event.",4,This implies urgent needs drive innovation.,"['fact', 'social', 'figure of speech', 'normative', 'reasoning', 'abstract']",inception/mercury-2.5
Silence is golden.,1,"Quietness often avoids error, which can be observed objectively.",3,0,It is a rule for social communication and etiquette.,4,0,It uses a metaphor comparing silence to gold.,4,0,It values quietness over speech as a preferred behavior.,4,0,It concludes silence prevents mistakes or aids contemplation logically.,3,0,"It is a general advice rule, not tied to a specific event.",4,This suggests that quietness is more valuable than speaking.,"['fact', 'social', 'figure of speech', 'normative', 'reasoning', 'abstract']",inception/mercury-2.5
Blood is thicker than water.,1,"Family ties often persist longer, a statistically observable fact.",3,0,It is a cultural rule about human social structures.,4,0,It uses a metaphor of density to describe loyalty.,4,0,It values family loyalty over other social ties as a norm.,4,0,It concludes kinship ensures stronger connection logically.,3,0,It describes a general relationship principle applicable in many cases.,4,This implies family bonds are stronger than other relationships.,"['fact', 'social', 'figure of speech', 'normative', 'reasoning', 'abstract']",inception/mercury-2.5
Pride comes before a fall.,1,"Overconfidence often leads to mistakes, which is demonstrable.",4,0,It addresses human social dynamics and reputation management.,4,0,It uses a metaphor of falling to describe failure.,4,0,It advises humility as a better value than pride.,4,0,It concludes overconfidence causes downfall through logical reasoning.,4,0,"It is a general principle of behavior, not a specific event.",4,This warns that arrogance leads to failure.,"['fact', 'social', 'figure of speech', 'normative', 'reasoning', 'abstract']",inception/mercury-2.5
Don't look a gift horse in the mouth.,1,"Criticism of gifts often causes offense, a social reality.",4,0,It is a social rule for etiquette and gift giving.,4,0,It uses a metaphor involving animals to discuss social rules.,4,0,It prescribes gratitude over scrutiny when receiving gifts.,4,0,It concludes that questioning generosity harms relationships logically.,4,0,"It is a general guideline for gratitude, not a specific event.",4,This advises not criticizing a gift received.,"['fact', 'social', 'figure of speech', 'normative', 'reasoning', 'abstract']",inception/mercury-2.5
The pen is mightier than the sword.,1,"Writing impacts societies more deeply than violence, which is observable.",3,0,It addresses human social and political power dynamics.,4,0,It uses a metaphor comparing tools of war and writing.,4,0,It values peaceful communication over violence as a norm.,4,0,It concludes ideas achieve more lasting results than force logically.,3,0,It is a general principle about influence rather than a specific event.,4,This suggests writing is more powerful than violence.,"['fact', 'social', 'figure of speech', 'normative', 'reasoning', 'abstract']",inception/mercury-2.5
People should sleep eight hours because rest restores biological function.,0,"It expresses a subjective health belief, not an objectively provable fact.",3,1,"It references biological function, a natural rule, not social convention.",3,1,It uses plain words without metaphors or idioms.,4,0,"It uses 'should' to prescribe behavior, contrasting with purely descriptive statements.",4,0,It connects sleep to biological restoration using causal logic.,4,0,It states a general rule rather than a specific daily event.,4,This reflects common advice linking sleep to health based on general knowledge.,"['opinion', 'physical', 'literal language', 'normative', 'reasoning', 'abstract']",inception/mercury-2.5
Eating vegetables is better than candy since nutrients aid growth.,0,"Quality judgments like 'better' are subjective preferences, not facts.",3,1,"Growth is a biological process, grounded in physical reality.",3,1,Language is direct and literal without figurative expression.,4,0,"It claims 'better', implying a value judgment on food choices.",4,0,It links nutrients to growth to justify the preference.,4,0,"It applies to all vegetables and candy generally, not specific items.",4,This is a common dietary belief based on nutritional science.,"['opinion', 'physical', 'literal language', 'normative', 'reasoning', 'abstract']",inception/mercury-2.5
Drivers ought to stop at red lights to prevent accidents.,0,"Safety priorities are value-based, not empirically demonstrable truths.",3,1,"Accidents involve physical collisions, a natural consequence of motion.",3,1,Terms like 'stop' and 'accidents' are literal and clear.,4,0,"'Ought' prescribes action, differing from descriptive traffic observations.",4,0,It infers accident prevention as a logical outcome of stopping.,4,0,"It refers to general driving behavior, not a single incident.",4,This is a standard safety rule derived from traffic physics.,"['opinion', 'physical', 'literal language', 'normative', 'reasoning', 'abstract']",inception/mercury-2.5
Children need vaccines because immunity protects against viral infections.,0,"Public health necessity is judged by experts, not proven universally.",3,1,"Immunity and viruses are biological, physical phenomena.",4,1,"Words are used in their standard, literal meanings.",4,0,"'Need' implies necessity, a normative claim rather than neutral fact.",4,0,It argues immunity causes protection against viruses logically.,4,0,"It addresses all children and vaccines, not specific cases.",4,This is widely accepted public health guidance.,"['opinion', 'physical', 'literal language', 'normative', 'reasoning', 'abstract']",inception/mercury-2.5
Smokers should quit because tobacco damages lung tissue over time.,0,Prioritizing long-term health over smoking is a value choice.,3,1,Tissue damage is a physical biological change.,4,1,"Statement uses straightforward, literal scientific terms.",4,0,"'Should' recommends behavior change, which is prescriptive.",4,0,It uses tissue damage as a reason to quit.,4,0,"It refers to smokers generally, not a specific person.",4,This advice is common due to known health risks.,"['opinion', 'physical', 'literal language', 'normative', 'reasoning', 'abstract']",inception/mercury-2.5
Walking is healthier than driving since exercise strengthens the heart.,0,Health superiority is subjective compared to convenience or cost.,3,1,Heart strength is a measurable biological feature.,4,1,No metaphors are used; terms are precise.,4,0,'Healthier' implies a value judgment on activity types.,4,0,It deduces heart health from exercise benefits.,4,0,"It covers the activities broadly, not a single walk.",4,People often believe exercise is superior to sedentary activity.,"['opinion', 'physical', 'literal language', 'normative', 'reasoning', 'abstract']",inception/mercury-2.5
People ought to wash hands to stop germ transmission effectively.,0,Moral duty to others is a subjective social judgment.,3,1,Germ transmission is a physical biological process.,4,1,Wording is direct without figurative language.,4,0,"'Ought' suggests a moral duty, contrasting with mere description.",4,0,It connects hand washing logically to stopping transmission.,4,0,"It applies to all people generally, not just one.",4,Hygiene is a common social norm backed by science.,"['opinion', 'physical', 'literal language', 'normative', 'reasoning', 'abstract']",inception/mercury-2.5
Sunscreen protects skin because UV rays cause cellular DNA damage.,0,Value on protection is a preference over risk.,2,1,DNA damage and UV rays are physical realities.,4,1,"Language is scientific and literal, not poetic.",4,0,Implies a protective value judgment through the word 'protects'.,2,0,It argues protection via UV damage causality.,4,0,"General rule for skin, not specific sun events.",4,Common knowledge about sun safety and biological effects.,"['opinion', 'physical', 'literal language', 'normative', 'reasoning', 'abstract']",inception/mercury-2.5
Students should study hard because knowledge improves future opportunities.,0,Belief in knowledge improving opportunities is subjective.,3,1,"Knowledge is abstract, but opportunities depend on physical labor.",2,1,Words are straightforward and without figurative use.,4,0,"'Should' prescribes effort, differing from descriptive observation.",4,0,It links study effort to future opportunities logically.,4,0,"Refers to all students and generally, not one case.",4,Educational advice based on the belief in meritocracy.,"['opinion', 'physical', 'literal language', 'normative', 'reasoning', 'abstract']",inception/mercury-2.5
Drinking water daily is vital since dehydration harms organ function.,0,Judgment of necessity can vary by cultural priorities.,3,1,Organ function and dehydration are physical biological states.,4,1,Statement is literal without metaphor or hyperbole.,4,0,"'Vital' implies necessity, a value judgment on action.",4,0,It connects daily intake to organ function causality.,4,0,"Applies to any human generally, not a specific day.",4,Common advice for basic bodily maintenance.,"['opinion', 'physical', 'literal language', 'normative', 'reasoning', 'abstract']",inception/mercury-2.5
Seatbelts save lives because inertia throws passengers forward during crashes.,0,Prioritizing life preservation is a human value preference.,3,1,Inertia is a core physical natural law.,4,1,Terms are used precisely without figurative meaning.,4,0,'Save lives' implies a value judgment on seatbelt use.,3,0,It uses physical inertia to logically justify seatbelt necessity.,4,0,"General rule for all crashes, not specific accidents.",4,Safety advice grounded in laws of physics.,"['opinion', 'physical', 'literal language', 'normative', 'reasoning', 'abstract']",inception/mercury-2.5
Recycling reduces waste because materials decompose slower than natural elements.,0,"Environmental value is a subjective judgment, not fact.",3,1,Decomposition is a chemical physical process.,4,1,Language is scientific and literal without metaphor.,4,0,'Reduces waste' implies environmental value over accumulation.,3,0,It links decomposition rates to waste reduction logically.,4,0,"General rule for all materials, not specific trash.",4,Environmental common sense regarding material permanence.,"['opinion', 'physical', 'literal language', 'normative', 'reasoning', 'abstract']",inception/mercury-2.5
People should wear coats when cold since bodies lose heat rapidly.,0,Valuing warmth over other factors is subjective.,3,1,Heat loss is a measurable physical thermodynamic process.,4,1,Terms are plain and literal without slang.,4,0,"'Should' prescribes behavior, contrasting with neutral description.",4,0,It argues for coats based on heat loss logic.,4,0,"Applies to people generally when cold, not one person.",4,Advice about dressing to match weather conditions.,"['opinion', 'physical', 'literal language', 'normative', 'reasoning', 'abstract']",inception/mercury-2.5
Eating sugar often is bad because it spikes insulin levels dangerously.,0,Value of dietary restriction is subjective by health goals.,3,1,Insulin levels are physical physiological markers.,4,1,Words are direct and literal without imagery.,4,0,'Bad' is a negative value judgment on consumption.,4,0,It connects sugar to insulin spike as a reason.,4,0,General advice for all who eat sugar frequently.,4,Dietary caution based on biological responses.,"['opinion', 'physical', 'literal language', 'normative', 'reasoning', 'abstract']",inception/mercury-2.5
Exercise helps mood because endorphins release naturally after physical activity.,0,Mood enhancement is subjective compared to objective metrics.,3,1,Endorphins are physical biochemical substances.,4,1,Terms are used without idioms or metaphors.,4,0,'Helps' implies positive value on activity choice.,3,0,It links mood to biochemical release logically.,4,0,"Refers to exercise generally, not a single session.",4,Common knowledge about the benefits of workout.,"['opinion', 'physical', 'literal language', 'normative', 'reasoning', 'abstract']",inception/mercury-2.5
Fire exits must stay clear since smoke blocks vision in emergencies.,0,Compliance priority depends on subjective safety values.,3,1,Smoke blocking vision is a physical reality.,4,1,Language is direct without figurative expression.,4,0,"'Must' prescribes compliance, contrasting with factual description.",4,0,It reasons vision blockage justifies keeping exits clear.,4,0,"General rule for buildings, not a single exit.",4,Safety regulation grounded in physics of smoke.,"['opinion', 'physical', 'literal language', 'normative', 'reasoning', 'abstract']",inception/mercury-2.5
Sleep aids memory because the brain consolidates learning during rest.,0,Valuing memory enhancement is a subjective preference.,3,1,Brain consolidation is a physiological physical process.,4,1,Statement uses scientific terms literally.,4,0,"'Aids' implies value in obtaining sleep, subjective to goals.",3,0,It uses consolidation to logically explain memory aid.,4,0,"General rule for sleep, not specific instances of sleep.",4,Common science fact about cognitive function.,"['opinion', 'physical', 'literal language', 'normative', 'reasoning', 'abstract']",inception/mercury-2.5
People should avoid drugs because chemicals disrupt brain chemistry permanently.,0,Avoidance priorities vary by cultural or legal norms.,3,1,Chemistry is a physical natural rule.,4,1,Terms are plain and literal in meaning.,4,0,"'Avoid' prescribes behavior, which is value-laden.",4,0,It connects chemical disruption to avoidance logically.,4,0,"General rule for all drugs, not one substance.",4,Advice based on biological risks of substances.,"['opinion', 'physical', 'literal language', 'normative', 'reasoning', 'abstract']",inception/mercury-2.5
Breathing fresh air is good since pollution irritates lung tissue.,0,Valuing air quality over other factors is subjective.,3,1,Tissue irritation is a physical biological response.,4,1,Words are literal without metaphorical usage.,4,0,'Good' expresses a positive value judgment.,4,0,It links pollution to tissue irritation to argue good air.,4,0,"Applies to air quality generally, not a specific day.",4,Health belief about air quality and biology.,"['opinion', 'physical', 'literal language', 'normative', 'reasoning', 'abstract']",inception/mercury-2.5
Wearing helmets prevents injury because impacts cause skull fractures easily.,0,Prioritizing injury prevention is a subjective human preference.,3,1,Fractures and impacts are physical structural events.,4,1,Language is clear and without figurative meaning.,4,0,'Prevents injury' implies a protective value judgment.,3,0,It uses impact mechanics to justify helmet wearing.,4,0,"General rule for impacts, not one crash.",4,Safety advice based on material physics.,"['opinion', 'physical', 'literal language', 'normative', 'reasoning', 'abstract']",inception/mercury-2.5
Honesty is the best policy.,0,It is a subjective ethical belief rather than an objective fact.,4,0,It reflects shared cultural values regarding integrity and trust.,4,0,It uses metaphorical language to describe abstract values.,4,0,It prescribes ethical behavior rather than describing natural laws.,4,1,It summarizes shared human observation about social results.,4,0,It generalizes a principle beyond specific individual experiences.,4,This proverb expresses a common belief about ethical behavior and its social outcomes.,"['opinion', 'social', 'figure of speech', 'normative', 'knowledge', 'abstract']",inception/mercury-2.5
A stitch in time saves nine.,0,It implies subjective prudence rather than proven causality.,3,0,It reflects work ethics and responsibility norms.,4,0,It uses metaphorical sewing imagery for general planning.,4,0,It prescribes taking immediate action over delay.,4,1,It summarizes experience about efficiency and maintenance.,4,0,"It is a general rule, not a specific case.",4,This saying emphasizes proactive work to prevent future complications.,"['opinion', 'social', 'figure of speech', 'normative', 'knowledge', 'abstract']",inception/mercury-2.5
Actions speak louder than words.,0,It expresses a value judgment rather than a verified fact.,4,0,It reflects cultural expectations in interpersonal trust.,4,0,It uses a metaphor comparing speech to sound.,4,0,"It implies people should demonstrate commitment, not just speak.",4,1,It summarizes human observation about relationship dynamics.,4,0,It generalizes social dynamics beyond one situation.,4,This common belief prioritizes deeds over verbal promises in trust.,"['opinion', 'social', 'figure of speech', 'normative', 'knowledge', 'abstract']",inception/mercury-2.5
Rome wasn't built in a day.,0,It implies a value on patience rather than proving speed.,3,0,It reflects cultural expectations regarding diligence and endurance.,4,0,It uses historical metaphor to illustrate time.,4,0,It advises patience rather than stating how time works.,4,1,It draws from observation that big projects take time.,4,0,It generalizes effort requirements across contexts.,4,This idiom encourages patience when facing long-term tasks.,"['opinion', 'social', 'figure of speech', 'normative', 'knowledge', 'abstract']",inception/mercury-2.5
The early bird catches the worm.,0,It expresses a value judgment on initiative and timing.,3,0,It reflects competitive cultural values on punctuality.,4,0,It uses animal behavior as a metaphor for people.,4,0,It implies one should act early to succeed.,4,1,It summarizes observation that early movers often gain first.,4,0,It applies generally to opportunities beyond birds.,4,This proverb rewards those who act promptly over others.,"['opinion', 'social', 'figure of speech', 'normative', 'knowledge', 'abstract']",inception/mercury-2.5
Don't count your chickens before they hatch.,0,It conveys subjective wisdom on risk management.,3,0,It reflects cultural emphasis on modesty and caution.,4,0,It uses agricultural imagery to discuss general planning.,4,0,It prescribes caution rather than describing probability.,4,1,It captures shared experience about uncertainty and failure.,4,0,It generalizes risk assessment beyond farming contexts.,4,This advice warns against assuming outcomes prematurely.,"['opinion', 'social', 'figure of speech', 'normative', 'knowledge', 'abstract']",inception/mercury-2.5
Beauty is in the eye of the beholder.,0,It claims aesthetics are subjective rather than universal.,4,0,It reflects how society interprets individual taste.,4,0,It uses metaphorical eye reference for perception.,4,0,It implies tolerance for diverse preferences over rules.,4,1,It summarizes human observation about aesthetic diversity.,4,0,It generalizes perception dynamics beyond specific objects.,4,This statement acknowledges subjective appreciation in aesthetics.,"['opinion', 'social', 'figure of speech', 'normative', 'knowledge', 'abstract']",inception/mercury-2.5
Charity begins at home.,0,It asserts a moral preference for closeness.,3,0,It reflects family and community responsibility norms.,4,0,It uses location metaphor to prioritize obligations.,4,0,It implies where help should be directed first.,4,1,It summarizes social observation about resource allocation.,4,0,It generalizes duty beyond specific household situations.,4,This norm prioritizes local obligation over distant aid.,"['opinion', 'social', 'figure of speech', 'normative', 'knowledge', 'abstract']",inception/mercury-2.5
Fools rush in where angels fear to tread.,0,It expresses a judgment on wisdom versus impulsivity.,3,0,It reflects cultural value on prudence and caution.,4,0,It uses metaphorical angels for cautious people.,4,0,It implies one should avoid rash actions.,4,1,It summarizes observation that haste leads to mistakes.,4,0,It generalizes caution to complex situations broadly.,4,This saying warns against reckless haste without wisdom.,"['opinion', 'social', 'figure of speech', 'normative', 'knowledge', 'abstract']",inception/mercury-2.5
Better safe than sorry.,0,It asserts preference for safety over risk.,3,0,It reflects cultural norms on risk management.,4,0,It uses elliptical phrasing as a common expression.,4,0,It advises caution over adventurous choices.,4,1,It summarizes shared observation about consequences of risk.,4,0,It generalizes a rule for many decisions.,4,This phrase prioritizes prevention over potential regret.,"['opinion', 'social', 'figure of speech', 'normative', 'knowledge', 'abstract']",inception/mercury-2.5
The grass is always greener on the other side.,0,It expresses subjective perception rather than physical reality.,4,0,It reflects envy dynamics in social groups.,4,0,It uses color metaphor for satisfaction.,4,0,It implies valuing what one has over seeking elsewhere.,4,1,It summarizes human observation about dissatisfaction.,4,0,It generalizes desire dynamics beyond gardens.,4,This idiom notes how desire magnifies perceived options.,"['opinion', 'social', 'figure of speech', 'normative', 'knowledge', 'abstract']",inception/mercury-2.5
Still waters run deep.,0,It asserts subjective personality assessment criteria.,3,0,It reflects cultural perceptions of demeanor and depth.,4,0,It uses water metaphor to describe human traits.,4,0,It implies respecting quiet people over loud ones.,4,1,It summarizes observation that quietness does not mean simple.,4,0,It generalizes personality types beyond physical water.,4,This proverb suggests quiet people often have great intellect.,"['opinion', 'social', 'figure of speech', 'normative', 'knowledge', 'abstract']",inception/mercury-2.5
Absence makes the heart grow fonder.,0,It claims emotional impact of distance subjectively.,3,0,It reflects social observations about separation and bonds.,4,0,It uses metaphorical growth for attachment.,4,0,It implies distance should be tolerated for love.,4,1,It summarizes common relationship experiences.,4,0,It generalizes affection across contexts.,4,This belief suggests distance strengthens relationships over time.,"['opinion', 'social', 'figure of speech', 'normative', 'knowledge', 'abstract']",inception/mercury-2.5
Don't judge a book by its cover.,0,It claims fair judgment requires effort beyond look.,3,0,It reflects ethics about stereotyping others.,4,0,It uses metaphorical objects for people.,4,0,It implies one should look deeper before judging.,4,1,It summarizes observation that looks deceive.,4,0,It generalizes fairness beyond books.,4,This norm advises looking beyond appearance to understand.,"['opinion', 'social', 'figure of speech', 'normative', 'knowledge', 'abstract']",inception/mercury-2.5
Two wrongs don't make a right.,0,It asserts a moral stance rather than physical law.,4,0,It reflects justice and ethics norms.,4,0,It uses arithmetic metaphor for moral logic.,4,0,It prescribes avoiding retaliation over seeking revenge.,4,1,It summarizes observation that conflict often escalates.,4,0,It generalizes ethics to all scenarios.,4,This principle states that retaliation does not justify harm.,"['opinion', 'social', 'figure of speech', 'normative', 'knowledge', 'abstract']",inception/mercury-2.5
Necessity is the mother of invention.,0,It asserts subjective causality between demand and design.,3,0,It reflects cultural values on innovation and drive.,4,0,It uses personification for causal relationships.,4,0,It implies solving problems is more valuable than comfort.,4,1,It summarizes observation about problem-solving origins.,4,0,It generalizes motivation beyond specific products.,4,This belief suggests urgent needs drive new solutions.,"['opinion', 'social', 'figure of speech', 'normative', 'knowledge', 'abstract']",inception/mercury-2.5
"Out of sight, out of mind.",0,It asserts subjective psychological dynamics as rules.,3,0,It reflects observations about relationships and memory.,4,0,It uses spatial metaphor for attention.,4,0,It implies maintaining relationships requires regular contact.,4,1,It summarizes human behavior about memory and proximity.,4,0,It generalizes attention dynamics beyond physical space.,4,This idiom suggests attention fades when things are hidden.,"['opinion', 'social', 'figure of speech', 'normative', 'knowledge', 'abstract']",inception/mercury-2.5
"When in Rome, do as the Romans do.",0,It expresses cultural respect over personal preference.,3,0,It reflects norms regarding tradition and adaptation.,4,0,It uses historical reference as a metaphor for adaptation.,4,0,It implies one should conform to local customs.,4,1,It summarizes observation about social friction abroad.,4,0,It generalizes etiquette across contexts.,4,This advice suggests adapting to local customs when visiting.,"['opinion', 'social', 'figure of speech', 'normative', 'knowledge', 'abstract']",inception/mercury-2.5
Practice makes perfect.,0,It asserts a value on effort over natural talent.,3,0,It reflects cultural ideals on achievement and grit.,4,0,It uses concise phrasing as an idiom.,4,0,It implies one should keep repeating to succeed.,4,1,It summarizes experience regarding learning curves.,4,0,It generalizes skill acquisition beyond one task.,4,This belief suggests that repetition leads to mastery.,"['opinion', 'social', 'figure of speech', 'normative', 'knowledge', 'abstract']",inception/mercury-2.5
Honesty is the best policy.,1,Social studies show honesty builds long-term relationships. It is objectively measurable via trust surveys. Confidence 3/4.,3,0,It governs human expectations in communication. It arises from human culture. Confidence 4/4.,4,0,It uses policy as a metaphor for strategy. It is not literal language but implies intent. Confidence 4/4.,4,0,It implies one should be honest. It values honesty over deceit. Confidence 4/4.,4,1,It is an observation about social outcomes. It is not a logical derivation. Confidence 4/4.,4,0,It refers to moral principles rather than specific events. It captures a general regularity in human behavior. Confidence 4/4.,4,It reflects a widely shared belief about social interactions.,"['fact', 'social', 'figure of speech', 'normative', 'knowledge', 'abstract']",inception/mercury-2.5
Birds of a feather flock together.,1,People with similar traits often associate. This is empirically verifiable in sociology. Confidence 3/4.,3,0,It concerns human social dynamics. It is constructed by social norms. Confidence 4/4.,4,0,"It uses bird behavior as a metaphor. It is idiomatic, not literal. Confidence 4/4.",4,0,It implies association patterns should be expected. It is descriptive more than prescriptive. Confidence 2/4.,2,1,It is a common observation about groups. It is not abstract reasoning. Confidence 4/4.,4,0,It generalizes group dynamics beyond specific cases. It is a social conclusion. Confidence 4/4.,4,It describes social clustering observed in human groups.,"['fact', 'social', 'figure of speech', 'normative', 'knowledge', 'abstract']",inception/mercury-2.5
Don't count chickens before they hatch.,1,Many projects fail before completion. This is observable reality. Confidence 3/4.,3,0,It guides human decision making. It arises from social experience. Confidence 4/4.,4,0,It uses farming imagery to mean planning. It is a standard idiom. Confidence 4/4.,4,0,It tells you what not to do. It conveys advice. Confidence 4/4.,4,1,It reflects understanding of uncertainty. It is not logic. Confidence 4/4.,4,0,It refers to planning principles generally. It is not a daily fact. Confidence 4/4.,4,It advises against premature planning based on uncertainty.,"['fact', 'social', 'figure of speech', 'normative', 'knowledge', 'abstract']",inception/mercury-2.5
Actions speak louder than words.,1,People judge others by deeds. This is measurable via trust metrics. Confidence 3/4.,3,0,It relates to trust and reputation. It is culturally constructed. Confidence 4/4.,4,0,It uses a metaphor for communication. It is not literal speaking. Confidence 4/4.,4,0,It implies deeds are superior. It values action over talk. Confidence 4/4.,4,1,It is a social observation. It is not formal reasoning. Confidence 4/4.,4,0,It summarizes human evaluation methods. It generalizes social interaction. Confidence 4/4.,4,It highlights behavior over verbal claims.,"['fact', 'social', 'figure of speech', 'normative', 'knowledge', 'abstract']",inception/mercury-2.5
Early to bed and early to rise.,1,Sleep patterns affect health outcomes. This is biologically measurable. Confidence 3/4.,3,0,It reflects cultural work ethics. It is socially shared. Confidence 4/4.,4,0,It rhymes for easy recall. It is poetic advice. Confidence 3/4.,3,0,It advises when to sleep. It is prescriptive behavior. Confidence 4/4.,4,1,It observes lifestyle benefits. It is not logical proof. Confidence 4/4.,4,0,It implies health and wealth outcomes. It is a life conclusion. Confidence 4/4.,4,It promotes a specific daily routine.,"['fact', 'social', 'figure of speech', 'normative', 'knowledge', 'abstract']",inception/mercury-2.5
Don't judge a book by cover.,1,Appearances often differ from reality. This is psychologically observable. Confidence 3/4.,3,0,It governs interpersonal interactions. It comes from social norms. Confidence 4/4.,4,0,It is a metaphor metaphor evaluation. It is not literally about books. Confidence 4/4.,4,0,It says how one should judge. It advises fairness. Confidence 4/4.,4,1,It captures social wisdom. It is not a scientific deduction. Confidence 4/4.,4,0,It summarizes a judgment principle. It is a generalized rule. Confidence 4/4.,4,It warns against superficial assessment.,"['fact', 'social', 'figure of speech', 'normative', 'knowledge', 'abstract']",inception/mercury-2.5
A stitch in time saves nine.,1,Early fixes prevent bigger problems. This is empirically true in mechanics. Confidence 3/4.,3,0,It relates to shared resource care. It is socially useful. Confidence 4/4.,4,0,It uses needlework to represent fixing. It is idiomatic advice. Confidence 4/4.,4,0,It tells you when to act. It advises efficiency. Confidence 4/4.,4,1,It reflects practical wisdom. It is not reasoning. Confidence 4/4.,4,0,It states a maintenance principle. It is a general conclusion. Confidence 4/4.,4,It advises timely repairs.,"['fact', 'social', 'figure of speech', 'normative', 'knowledge', 'abstract']",inception/mercury-2.5
Two heads are better than one.,1,Groups often solve more accurately. This is measurable in studies. Confidence 3/4.,3,0,It promotes collective work. It is socially accepted. Confidence 4/4.,4,0,It uses heads to mean minds. It is metaphorical language. Confidence 4/4.,4,0,It implies collaboration is best. It values cooperation. Confidence 4/4.,4,1,It is an observation on teamwork. It is not logic. Confidence 4/4.,4,0,It summarizes teamwork benefits. It is a social regularity. Confidence 4/4.,4,It praises collaborative problem solving.,"['fact', 'social', 'figure of speech', 'normative', 'knowledge', 'abstract']",inception/mercury-2.5
Better safe than sorry.,1,Safety measures reduce accidents. This is objectively measurable. Confidence 3/4.,3,0,It concerns societal safety norms. It arises from rules. Confidence 4/4.,4,0,It contrasts safe with sorry. It is an idiomatic phrase. Confidence 4/4.,4,0,It advises caution. It values safety over risk. Confidence 4/4.,4,1,It reflects common sense safety. It is not reasoning. Confidence 4/4.,4,0,It generalizes risk management. It is a life principle. Confidence 4/4.,4,It prioritizes risk avoidance.,"['fact', 'social', 'figure of speech', 'normative', 'knowledge', 'abstract']",inception/mercury-2.5
"Where there is smoke, there is fire.",1,Many rumors come from truth. This is statistically common. Confidence 3/4.,3,0,It addresses gossip dynamics. It is culturally common. Confidence 4/4.,4,0,It uses fire as metaphor for truth. It is a visual metaphor. Confidence 4/4.,4,0,It advises taking rumors seriously. It implies belief. Confidence 4/4.,4,1,It is a pattern observation. It is not logic. Confidence 4/4.,4,0,It implies evidence existence. It is a general rule. Confidence 4/4.,4,It suggests rumor often indicates reality.,"['fact', 'social', 'figure of speech', 'normative', 'knowledge', 'abstract']",inception/mercury-2.5
Do unto others as you wish done.,1,Most cultures have similar rules. This is anthropologically verifiable. Confidence 3/4.,3,0,It governs human interaction. It is socially enforced. Confidence 4/4.,4,0,It uses reciprocal language. It is a proverb. Confidence 4/4.,4,0,It prescribes right behavior. It is value-driven. Confidence 4/4.,4,1,It captures ethical knowledge. It is not reasoning. Confidence 4/4.,4,0,It states a moral maxim. It is an abstract principle. Confidence 4/4.,4,It defines moral reciprocity.,"['fact', 'social', 'figure of speech', 'normative', 'knowledge', 'abstract']",inception/mercury-2.5
Absence makes heart grow fonder.,1,Some relationships grow stronger over distance. This is psychological. Confidence 2/4.,2,0,It concerns human bonds. It is social observation. Confidence 4/4.,4,0,It uses heart to mean emotions. It is metaphorical. Confidence 4/4.,4,0,It implies waiting builds love. It is prescriptive. Confidence 2/4.,2,1,It is an observation. It is not logic. Confidence 3/4.,3,0,It describes love dynamics. It is a regularity. Confidence 4/4.,4,It claims time increases affection.,"['fact', 'social', 'figure of speech', 'normative', 'knowledge', 'abstract']",inception/mercury-2.5
Early bird catches the worm.,1,Early action can bring results. This is objectively measurable. Confidence 3/4.,3,0,It addresses competitive dynamics. It is socially valued. Confidence 4/4.,4,0,It uses bird metaphor for people. It is idiomatic. Confidence 4/4.,4,0,It advises early start. It values industriousness. Confidence 4/4.,4,1,It is common knowledge. It is not reasoning. Confidence 4/4.,4,0,It implies productivity principles. It is a general rule. Confidence 4/4.,4,It associates early effort with reward.,"['fact', 'social', 'figure of speech', 'normative', 'knowledge', 'abstract']",inception/mercury-2.5
Don't put all eggs in one basket.,1,Diversification reduces risk. This is empirically true in finance. Confidence 3/4.,3,0,It guides economic behavior. It is socially shared. Confidence 4/4.,4,0,It uses eggs to mean resources. It is metaphorical. Confidence 4/4.,4,0,It tells you what not to do. It is advice. Confidence 4/4.,4,1,It reflects risk management. It is not reasoning. Confidence 4/4.,4,0,It states a principle of investment. It is a general conclusion. Confidence 4/4.,4,It advises diversifying risk.,"['fact', 'social', 'figure of speech', 'normative', 'knowledge', 'abstract']",inception/mercury-2.5
Necessity is mother of invention.,1,Needs lead to innovation. This is historically observable. Confidence 3/4.,3,0,It concerns cultural development. It is socially constructed. Confidence 4/4.,4,0,It uses personification. It is metaphorical language. Confidence 4/4.,4,0,It implies value of necessity. It is explanatory more than prescriptive. Confidence 2/4.,2,1,It is a historical observation. It is not reasoning. Confidence 4/4.,4,0,It describes innovation regularity. It is a conclusion. Confidence 4/4.,4,It states problem drives solution.,"['fact', 'social', 'figure of speech', 'normative', 'knowledge', 'abstract']",inception/mercury-2.5
Too many cooks spoil the broth.,1,Too many managers slow projects. This is observable in workplaces. Confidence 3/4.,3,0,It governs work groups. It is socially relevant. Confidence 4/4.,4,0,It uses cooking as metaphor. It is idiomatic. Confidence 4/4.,4,0,It advises limiting decision makers. It is prescriptive. Confidence 4/4.,4,1,It captures management wisdom. It is not logic. Confidence 4/4.,4,0,It describes team dynamics. It is a regularity. Confidence 4/4.,4,It warns against too many managers.,"['fact', 'social', 'figure of speech', 'normative', 'knowledge', 'abstract']",inception/mercury-2.5
Give fish and feed a day.,1,Teaching skills creates independence. This is observable. Confidence 3/4.,3,0,It addresses human assistance norms. It is social. Confidence 4/4.,4,0,It contrasts giving food to teaching. It is metaphorical. Confidence 4/4.,4,0,It advises sustainable helping. It is prescriptive. Confidence 4/4.,4,1,It reflects wisdom on aid. It is not reasoning. Confidence 4/4.,4,0,It describes aid effectiveness. It is a general principle. Confidence 4/4.,4,It promotes long-term solutions.,"['fact', 'social', 'figure of speech', 'normative', 'knowledge', 'abstract']",inception/mercury-2.5
Keep friends close and enemies closer.,1,Intelligence often tracks rivals. This is observable in strategy. Confidence 3/4.,3,0,It addresses human conflict. It is social. Confidence 4/4.,4,0,It uses proximity as metaphor for info. It is idiomatic. Confidence 4/4.,4,0,It advises on interaction style. It is prescriptive. Confidence 4/4.,4,1,It is tactical wisdom. It is not reasoning. Confidence 4/4.,4,0,It summarizes power dynamics. It is a conclusion. Confidence 4/4.,4,It advises surveillance of opponents.,"['fact', 'social', 'figure of speech', 'normative', 'knowledge', 'abstract']",inception/mercury-2.5
Pride comes before a fall.,1,Arrogance often leads to errors. This is psychologically observable. Confidence 3/4.,3,0,It governs reputation and behavior. It is social. Confidence 4/4.,4,0,It uses fall as metaphor for failure. It is idiomatic. Confidence 4/4.,4,0,It advises against pride. It is value-driven. Confidence 4/4.,4,1,It captures moral observation. It is not reasoning. Confidence 4/4.,4,0,It describes causal relation. It is a regularity. Confidence 4/4.,4,It links hubris to failure.,"['fact', 'social', 'figure of speech', 'normative', 'knowledge', 'abstract']",inception/mercury-2.5
Patience is a virtuous reward.,1,Waiting often produces better results. This is observable. Confidence 2/4.,2,0,It addresses human conduct. It is social. Confidence 4/4.,4,0,It calls patience virtuous. It is poetic metaphor. Confidence 4/4.,4,0,It advises patience. It is prescriptive. Confidence 4/4.,4,1,It is social knowledge. It is not reasoning. Confidence 4/4.,4,0,It states a value conclusion. It is general. Confidence 4/4.,4,It values waiting for good.,"['fact', 'social', 'figure of speech', 'normative', 'knowledge', 'abstract']",inception/mercury-2.5
People often trust those who make direct eye contact.,0,Trust is subjective; eye contact does not guarantee trust. It is a belief rather than an objective fact.,4,0,It refers to interpersonal beliefs and rules governing human interaction. It does not describe objective physical laws.,4,1,It uses plain language without metaphors or idioms. The meaning is taken literally.,4,1,"It describes what happens in the world, not what should happen. It asserts a descriptive claim about human behavior.",4,0,It combines knowledge of human psychology with a conclusion about trust. It infers intent from a physical action.,4,0,It describes a general behavioral regularity rather than a specific observed event. It relies on social patterns not visible to one individual alone.,4,This statement reflects a common belief about social behavior and non-verbal cues.,"['opinion', 'social', 'literal language', 'positive', 'reasoning', 'abstract']",inception/mercury-2.5
Voting is the most effective way for citizens to change laws.,0,Effectiveness is debatable; protests may work better for some. It is a subjective political judgment.,4,0,It refers to civic rules and human political systems. It does not describe natural physical phenomena.,4,1,It uses standard terms without metaphorical exaggeration. The text means exactly what it says.,4,1,"It claims what is effective, not what is moral or best. It describes a descriptive social regularity.",4,0,It combines knowledge of democracy with a conclusion about efficacy. It infers the best method from social principles.,4,0,"It describes a system-wide effectiveness, not a specific election result. It relies on abstract societal structures.",4,This statement reflects a common political belief about civic engagement.,"['opinion', 'social', 'literal language', 'positive', 'reasoning', 'abstract']",inception/mercury-2.5
Wealthier communities typically experience better public health outcomes overall.,0,"Public outcomes depend on many variables; causality is debatable. It is a generalized belief, not proven fact.",3,0,It refers to human societal structures and resource distribution. It does not describe biological laws alone.,4,1,It uses clear descriptive language. There are no idioms or metaphors.,4,1,"It describes observed states, not moral values. It claims what is, not what ought to be.",4,0,It combines economic knowledge with health outcomes. It infers social impact from wealth status.,4,0,"It describes a general correlation across groups, not one instance. It relies on broad social patterns.",4,This statement reflects a common economic view on social welfare.,"['opinion', 'social', 'literal language', 'positive', 'reasoning', 'abstract']",inception/mercury-2.5
Children tend to learn faster when praised by teachers.,0,Learning speed varies per child; praise effects are subjective. It is a generalized view of human learning.,4,0,It refers to human social structures in education. It is not a physical law like gravity.,4,1,It uses standard descriptive terms. The meaning is direct and not figurative.,4,1,"It claims what happens, not what should happen. It is descriptive of classroom behavior.",4,0,It combines pedagogical knowledge with a causal conclusion. It infers outcomes from social encouragement.,4,0,"It describes a general trend in learning, not a specific child. It relies on educational theory.",4,This statement reflects a common educational belief about motivation.,"['opinion', 'social', 'literal language', 'positive', 'reasoning', 'abstract']",inception/mercury-2.5
Smiling usually signals that you want to be friendly.,0,Smiles can be forced; intent is internal and debatable. It is a belief about others' mental states.,4,0,"It refers to human conventions of interpretation. It is constructed by society, not nature.",4,1,It uses plain English without metaphors. The text is literal and direct.,4,1,"It describes signal meaning, not moral correctness. It states a descriptive regularity of behavior.",4,0,It combines knowledge of facial cues with intent. It infers desire from physical expression.,4,0,"It describes a general communication rule, not a specific smile. It relies on social consensus.",4,This statement reflects a common social interpretation of facial expressions.,"['opinion', 'social', 'literal language', 'positive', 'reasoning', 'abstract']",inception/mercury-2.5
Competition among businesses drives innovation faster than monopolies do.,0,Speed of innovation is debatable; monopolies can fund research. It is a subjective economic viewpoint.,4,0,It refers to human economic structures and rules. It does not describe natural physical laws.,4,1,It uses standard economic terminology. The meaning is straightforward and literal.,4,1,"It claims what drives innovation, not what should. It describes observed market tendencies.",4,0,It combines market knowledge with a causal conclusion. It infers innovation rates from structure.,4,0,"It describes system-level dynamics, not one company's behavior. It relies on abstract economic theory.",4,This statement reflects a common economic belief about market dynamics.,"['opinion', 'social', 'literal language', 'positive', 'reasoning', 'abstract']",inception/mercury-2.5
Most people value honesty more than they value politeness.,0,Values vary per culture; this is a generalized belief. It is subjective and hard to prove universally.,4,0,It refers to human constructed values. It is not a physical or biological fact.,4,1,It uses direct terms about values. The text is not figurative.,4,1,"It describes what people do value, not what they should. It is a descriptive claim.",4,0,It combines cultural knowledge with a conclusion about values. It infers priority from social observation.,3,0,"It describes a general value hierarchy, not one person's choice. It relies on social norms.",4,This statement reflects a common belief about moral priorities.,"['opinion', 'social', 'literal language', 'positive', 'reasoning', 'abstract']",inception/mercury-2.5
Free markets create more jobs than centralized governments do.,0,Job count depends on many policy choices. It is a debatable economic viewpoint.,4,0,It refers to human labor systems and policy. It does not describe natural facts.,4,1,It uses plain language. The meaning is exact without exaggeration.,4,1,"It claims what creates jobs, not what is better. It describes a factual comparison.",4,0,It combines market knowledge with employment conclusions. It infers job numbers from structure.,4,0,"It describes broad economic outcomes, not specific hires. It relies on theoretical systems.",4,This statement reflects a common economic belief about employment.,"['opinion', 'social', 'literal language', 'positive', 'reasoning', 'abstract']",inception/mercury-2.5
Respect for elders is stronger in traditional than in modern societies.,0,Definitions of traditional vary; strength is subjective. It is a generalized belief about culture.,3,0,It refers to societal norms and human customs. It is not a physical property.,4,1,It uses direct descriptive words. There are no metaphors used.,4,1,"It claims what is, not what ought to be. It is a descriptive cultural claim.",4,0,It combines anthropological knowledge with a comparison. It infers norms from societal labels.,4,0,"It describes general cultural traits, not individuals. It relies on broad social definitions.",4,This statement reflects a common social view on cultural differences.,"['opinion', 'social', 'literal language', 'positive', 'reasoning', 'abstract']",inception/mercury-2.5
Listening carefully helps you understand other people's intentions better.,0,Understanding is subjective; listening helps but varies. It is a generalized belief about interaction.,4,0,It refers to human interaction dynamics. It is not a biological or physical rule.,4,1,It uses standard English terms. The meaning is literal and clear.,4,1,"It claims what results from listening, not what is right. It is a descriptive statement.",4,0,It combines psychology knowledge with a conclusion. It infers outcomes from social actions.,4,0,"It describes a general communication benefit, not one chat. It relies on interaction patterns.",4,This statement reflects a common social belief about communication.,"['opinion', 'social', 'literal language', 'positive', 'reasoning', 'abstract']",inception/mercury-2.5
Trust is easier to lose than it is to gain.,0,"Loss and gain are subjective experiences. It is a generalized belief, not an objective fact.",4,0,It refers to human relationships and social constructs. It is not a physical law.,4,1,It uses direct descriptive language. There are no metaphors used.,4,1,"It claims what is harder, not what should be. It describes a relational reality.",4,0,It combines social experience with a comparative conclusion. It infers difficulty from behavior.,4,0,"It describes a general relational regularity, not a specific incident. It relies on psychological patterns.",4,This statement reflects a common belief about relationship dynamics.,"['opinion', 'social', 'literal language', 'positive', 'reasoning', 'abstract']",inception/mercury-2.5
Higher education levels usually reduce crime rates in neighborhoods.,0,Causality is debatable; other factors exist. It is a generalized belief about society.,3,0,It refers to societal outcomes. It does not describe natural physical laws.,4,1,It uses clear terms. The text is literal and not figurative.,4,1,"It claims what impacts crime, not what is just. It describes a social regularity.",4,0,It combines sociological knowledge with a causal conclusion. It infers outcomes from education levels.,4,0,"It describes a broad social trend, not a specific neighborhood. It relies on generalized data.",4,This statement reflects a common social belief about education's effects.,"['opinion', 'social', 'literal language', 'positive', 'reasoning', 'abstract']",inception/mercury-2.5
Kindness often spreads through social networks more than hate does.,0,Spreading is hard to quantify; this is generalized. It is a subjective belief.,3,0,It refers to human network behavior. It is not a biological rule.,4,1,It uses direct descriptive words. There are no idioms used.,4,1,"It claims what spreads more, not what should. It describes a social phenomenon.",4,0,It combines network knowledge with a causal conclusion. It infers spread from emotion type.,4,0,"It describes a general viral trend, not a specific post. It relies on social behavior patterns.",4,This statement reflects a common social belief about influence.,"['opinion', 'social', 'literal language', 'positive', 'reasoning', 'abstract']",inception/mercury-2.5
Humans generally prefer stable routines over constant unpredictable changes.,0,Preferences vary; this is a generalized belief. It is subjective and debatable.,4,0,It refers to human preferences and habits. It is not a physical law.,4,1,It uses standard English. The meaning is literal and direct.,4,1,"It claims what humans prefer, not what is best. It is descriptive.",4,0,It combines psychology knowledge with a conclusion. It infers preference from habit.,4,0,"It describes a general psychological regularity, not one person. It relies on behavioral patterns.",4,This statement reflects a common belief about human behavior.,"['opinion', 'social', 'literal language', 'positive', 'reasoning', 'abstract']",inception/mercury-2.5
Cooperation usually produces better outcomes than working alone does.,0,Better is subjective; solo work can be better. It is a generalized belief.,4,0,It refers to human collaboration. It is not a natural law.,4,1,It uses clear terms. The text is literal and straightforward.,4,1,"It claims what produces outcomes, not what is right. It describes a social tendency.",4,0,It combines work knowledge with a conclusion. It infers results from effort type.,4,0,It describes a general productivity trend. It relies on social dynamics.,4,This statement reflects a common belief about collective work.,"['opinion', 'social', 'literal language', 'positive', 'reasoning', 'abstract']",inception/mercury-2.5
News media strongly influences how voters perceive political candidates.,0,Influence strength is subjective; this is generalized. It is a political view.,4,0,It refers to human political structures. It is not a physical law.,4,1,It uses standard English. The meaning is direct and literal.,4,1,"It claims what influences, not what should. It describes a political reality.",4,0,It combines communication knowledge with a conclusion. It infers perception from source.,4,0,It describes a broad media effect. It relies on social patterns.,4,This statement reflects a common political view on information.,"['opinion', 'social', 'literal language', 'positive', 'reasoning', 'abstract']",inception/mercury-2.5
Loneliness damages mental health more than physical health.,0,Damage is subjective; this is a generalized view. It is debatable.,3,0,It refers to human well-being. It is not solely a physical fact.,4,1,It uses direct descriptive terms. The text is literal.,4,1,"It claims what damages health, not what is right. It describes a human regularity.",4,0,It combines medical knowledge with a conclusion. It infers damage from social state.,4,0,It describes a general health regularity. It relies on psychological patterns.,4,This statement reflects a common social belief about well-being.,"['opinion', 'social', 'literal language', 'positive', 'reasoning', 'abstract']",inception/mercury-2.5
Social norms dictate how strangers interact in public.,0,Dictate is subjective; this is a generalized belief. It varies by region.,4,0,It refers to human rules. It is not a natural fact.,4,1,It uses clear terms. The meaning is literal.,4,1,"It claims what dictates, not what should. It describes a social regularity.",4,0,It combines knowledge of society with a conclusion. It infers behavior from rules.,4,0,It describes a general behavioral regularity. It relies on social patterns.,4,This statement reflects a common belief about social rules.,"['opinion', 'social', 'literal language', 'positive', 'reasoning', 'abstract']",inception/mercury-2.5
People generally judge others more quickly than they know them.,0,Quickly is subjective; this is a generalized view. It is debatable.,4,0,It refers to human perception. It is not a physical law.,4,1,It uses standard English. The meaning is literal and direct.,4,1,"It claims how people judge, not what is right. It describes a cognitive reality.",4,0,It combines psychology knowledge with a conclusion. It infers judgment from behavior.,4,0,It describes a general cognitive regularity. It relies on psychological patterns.,4,This statement reflects a common belief about perception.,"['opinion', 'social', 'literal language', 'positive', 'reasoning', 'abstract']",inception/mercury-2.5
Most businesses must keep good customer relationships to survive.,0,Survival depends on many factors; this is a view. It is generalized.,4,0,It refers to human transactions. It is not a physical law.,4,1,It uses clear terms. The meaning is literal.,4,1,"It claims what helps survive, not what is right. It describes a market reality.",4,0,It combines market knowledge with a conclusion. It infers success from relationships.,4,0,It describes a general business rule. It relies on economic patterns.,4,This statement reflects a common economic belief about success.,"['opinion', 'social', 'literal language', 'positive', 'reasoning', 'abstract']",inception/mercury-2.5
People think ice melts when exposed to warmth.,0,"It frames a fact as a belief, which is subjective. I am confident.",3,1,"Refers to matter states and temperature, a natural rule. I am very confident.",4,1,Words mean exactly what they describe. I am very confident.,4,1,"It describes a physical regularity, not a social rule. I am confident.",4,0,"Links exposure to melting, requiring causal inference. I am confident.",4,0,"Generalizes about ice behavior, beyond specific instance. I am confident.",3,This links temperature to state change as a widely shared belief.,"['opinion', 'physical', 'literal language', 'positive', 'reasoning', 'abstract']",inception/mercury-2.5
Most believe heavy objects fall to the ground.,0,Using 'believe' makes it a shared opinion. I am confident.,3,1,"Relates to gravity and mass, physical properties. I am very confident.",4,1,Direct statement with no metaphors. I am very confident.,4,1,It states a natural regularity about falling. I am confident.,4,0,Implies a conclusion about motion based on weight. I am confident.,3,0,"Refers to heavy objects generally, not specific items. I am confident.",3,Gravity is commonly understood as heavy things falling down.,"['opinion', 'physical', 'literal language', 'positive', 'reasoning', 'abstract']",inception/mercury-2.5
It seems loud sounds can damage one's hearing.,0, 'It seems' makes it subjective and uncertain. I am confident.,4,1,Refers to auditory systems and sound waves. I am very confident.,4,1,Plain language describing effects. I am very confident.,4,1,Refers to a regularity about noise harm. I am confident.,4,0,Infers damage from sound intensity. I am confident.,4,0,"Generalizes about sounds, not a specific noise. I am confident.",3,A common belief linking noise to physical harm.,"['opinion', 'physical', 'literal language', 'positive', 'reasoning', 'abstract']",inception/mercury-2.5
Many feel cold winds chill them more than rain.,0,Feelings are subjective judgments. I am very confident.,4,1,Refers to temperature and physical sensation. I am confident.,4,1,Words mean exactly what they say. I am very confident.,4,1,Describes regularity of wind chill. I am confident.,4,0,Comparing chill levels requires judgment. I am confident.,3,0,"Generalizes about weather, not specific events. I am confident.",3,Comparative feeling about weather effects on bodies.,"['opinion', 'physical', 'literal language', 'positive', 'reasoning', 'abstract']",inception/mercury-2.5
Fire is usually believed to cause heat in air.,0,Belief frames it as subjective. I am confident.,3,1,Refers to combustion and heat energy. I am very confident.,4,1,Direct description with no idioms. I am very confident.,4,1,Describes regularity of heat production. I am confident.,4,0,Infers heat from fire. I am confident.,4,0,Talks about fire generally. I am confident.,3,Common belief linking flame to warmth.,"['opinion', 'physical', 'literal language', 'positive', 'reasoning', 'abstract']",inception/mercury-2.5
Shadows seem to stretch when the sun sets.,0,Seem introduces subjective observation. I am confident.,4,1,Describes light and geometry. I am very confident.,4,1,Straightforward language describing sight. I am very confident.,4,1,Describes regular light behavior. I am confident.,4,0,Connects sun to shadow length. I am confident.,4,0,Generalizes about shadows. I am confident.,3,Observation of light and shadow behavior.,"['opinion', 'physical', 'literal language', 'positive', 'reasoning', 'abstract']",inception/mercury-2.5
Water typically looks clearer when it is fresh.,0,Typically allows for subjective assessment. I am confident.,3,1,Refers to optical properties. I am very confident.,4,1,Plain text without metaphors. I am very confident.,4,1,Describes physical appearance regularity. I am confident.,4,0,Infers clarity from freshness. I am confident.,4,0,Generalizes about water. I am confident.,3,Common sense regarding water quality.,"['opinion', 'physical', 'literal language', 'positive', 'reasoning', 'abstract']",inception/mercury-2.5
People think fresh air feels cleaner than old air.,0,Feel is subjective. I am very confident.,4,1,Refers to atmosphere. I am confident.,3,1,Direct statement. I am very confident.,4,1,Refers to perceived air quality regularity. I am confident.,4,0,Infers clean from fresh. I am confident.,4,0,Generalizes about air. I am confident.,3,Subjective perception of air quality.,"['opinion', 'physical', 'literal language', 'positive', 'reasoning', 'abstract']",inception/mercury-2.5
Glass shatters when dropped on stone.,0,Framed as a belief. I am confident.,3,1,Describes material property and impact. I am very confident.,4,1,Literal terms used. I am very confident.,4,1,Describes a physical break regularity. I am confident.,4,0,Infer break from drop. I am confident.,4,0,Generalizes about glass. I am confident.,3,Common physics intuition about breaking.,"['opinion', 'physical', 'literal language', 'positive', 'reasoning', 'abstract']",inception/mercury-2.5
Most people feel hungry without food for hours.,0,Feel is subjective. I am very confident.,4,1,Relates to human biology. I am confident.,4,1,No metaphors used. I am very confident.,4,1,Describes biological regularity. I am confident.,4,0,Links hours to hunger. I am confident.,4,0,Generalizes about people. I am confident.,3,Shared biological response to not eating.,"['opinion', 'physical', 'literal language', 'positive', 'reasoning', 'abstract']",inception/mercury-2.5
Rain clouds usually turn the sky gray.,0,Usually implies subjective observation. I am confident.,3,1,Relates to light and clouds. I am very confident.,4,1,Direct observation language. I am very confident.,4,1,Describes natural phenomenon regularity. I am confident.,4,0,Infers rain from gray. I am confident.,4,0,Generalizes about clouds. I am confident.,3,Weather observation about cloud color.,"['opinion', 'physical', 'literal language', 'positive', 'reasoning', 'abstract']",inception/mercury-2.5
Most people prefer soft seats to hard ones.,0,Prefer is subjective choice. I am very confident.,4,1,Relates to tactile sensation. I am confident.,4,1,Plain descriptive terms. I am very confident.,4,1,Describes human regularity. I am confident.,4,0,Infers comfort from soft. I am confident.,4,0,Generalizes about seats. I am confident.,3,General preference regarding comfort.,"['opinion', 'physical', 'literal language', 'positive', 'reasoning', 'abstract']",inception/mercury-2.5
Most say warm food tastes better than cold food.,0,Better is subjective value. I am very confident.,4,1,Relates to temperature on taste. I am confident.,4,1,Simple terms used. I am very confident.,4,1,Regular taste perception. I am confident.,4,0,Infers taste from warm. I am confident.,4,0,Generalizes about food. I am confident.,3,Taste preference linked to temperature.,"['opinion', 'physical', 'literal language', 'positive', 'reasoning', 'abstract']",inception/mercury-2.5
Dark clothes feel warmer in direct sunlight outside.,0,Feel is subjective. I am very confident.,4,1,Relates to physics of light. I am very confident.,4,1,Clear description. I am very confident.,4,1,Describes heat absorption regularity. I am confident.,4,0,Infers heat from color. I am confident.,4,0,Generalizes about clothes. I am confident.,3,Color and heat absorption intuition.,"['opinion', 'physical', 'literal language', 'positive', 'reasoning', 'abstract']",inception/mercury-2.5
People say loud noises scare cats during storms.,0,Say implies belief. I am confident.,3,1,Refers to sound and reaction. I am very confident.,4,1,Straightforward language. I am very confident.,4,1,Describes biological regularity. I am confident.,4,0,Infers scare from noise. I am confident.,4,0,Generalizes about animals. I am confident.,3,Animal behavior observation.,"['opinion', 'physical', 'literal language', 'positive', 'reasoning', 'abstract']",inception/mercury-2.5
Most think tires wear out if driven over time.,0,Think implies belief. I am confident.,3,1,Relates to mechanics. I am very confident.,4,1,Direct statement. I am very confident.,4,1,Describes physical wear regularity. I am confident.,4,0,Infers wear from driving. I am confident.,4,0,Generalizes about tires. I am confident.,3,Wear and tear intuition.,"['opinion', 'physical', 'literal language', 'positive', 'reasoning', 'abstract']",inception/mercury-2.5
Many say hot soup heals a sore throat.,0,Heals is subjective. I am very confident.,4,1,Refers to bodily feeling. I am confident.,4,1,Plain description. I am very confident.,4,1,Describes biological feeling regularity. I am confident.,4,0,Infers relief from heat. I am confident.,4,0,Generalizes about soup. I am confident.,3,Remedy intuition about soothing.,"['opinion', 'physical', 'literal language', 'positive', 'reasoning', 'abstract']",inception/mercury-2.5
One thinks tires lose air when punctured.,0,Thinks implies belief. I am confident.,3,1,Refers to pressure loss. I am very confident.,4,1,Direct terms. I am very confident.,4,1,Describes gas loss regularity. I am confident.,4,0,Infers air loss from puncture. I am confident.,4,0,Generalizes about air. I am confident.,3,Air loss intuition in rubber.,"['opinion', 'physical', 'literal language', 'positive', 'reasoning', 'abstract']",inception/mercury-2.5
Strong smells seem to travel far in the wind.,0,Seem makes it subjective. I am confident.,4,1,Refers to air and movement. I am very confident.,4,1,Clear terms. I am very confident.,4,1,Describes diffusion regularity. I am confident.,4,0,Infers distance from wind. I am confident.,4,0,Generalizes about smells. I am confident.,3,Airborne perception intuition.,"['opinion', 'physical', 'literal language', 'positive', 'reasoning', 'abstract']",inception/mercury-2.5
People expect smoke to smell bad in homes.,0,Bad is subjective. I am very confident.,4,1,Relates to scent. I am confident.,4,1,Literal terms. I am very confident.,4,1,Describes reaction regularity. I am confident.,4,0,Infers smell from smoke. I am confident.,4,0,Generalizes about homes. I am confident.,3,Reaction to combustion odor.,"['opinion', 'physical', 'literal language', 'positive', 'reasoning', 'abstract']",inception/mercury-2.5
Actions speak louder than words.,0,Expresses subjective view on communication. Confidence 4 as it is debatable across cultures.,4,1,References tangible human actions and vocal sounds instead of social rules. Confidence 3 as it relies on physical manifestations of intent.,3,0,Uses personification of actions. Confidence 4 as it is a metaphorical idiom not literal description.,4,0,Implies action should be valued over speech. Confidence 4 as it dictates a preference rather than describing a measurable phenomenon.,4,1,Reflects an observation about human interaction patterns. Confidence 4 as it is a widely shared practical observation not a logical deduction.,4,0,Generalizes behavior beyond specific events. Confidence 4 as it offers a life principle.,4,This proverb suggests behavior reveals true intent more than language.,"['opinion', 'physical', 'figure of speech', 'normative', 'knowledge', 'abstract']",inception/mercury-2.5
Don't count your chickens before they hatch.,0,States a preferred mindset. Confidence 4 as it reflects subjective judgment.,4,1,References biological process of hatching eggs. Confidence 3 as it relies on real life biology not social constructs.,3,0,Uses metaphor for future planning. Confidence 4 as it is idiomatic not literal.,4,0,Implies prudence is better than optimism. Confidence 4 as it recommends conduct not fact.,4,1,Observes that assumptions often prove wrong. Confidence 4 as it is an empirical observation not derived via logic.,4,0,Applies to life broadly. Confidence 4 as it abstracts beyond daily occurrences.,4,Advise against assuming future events before they occur.,"['opinion', 'physical', 'figure of speech', 'normative', 'knowledge', 'abstract']",inception/mercury-2.5
The early bird catches the worm.,0,Reflects belief in merit. Confidence 4 as it is debatable.,4,1,References bird behavior and prey. Confidence 3 as it is biological not social.,3,0,Uses metaphor for diligence. Confidence 4 as it is idiomatic.,4,0,Suggests effort should be prioritized. Confidence 4 as it is prescriptive.,4,1,Observes advantage of timing. Confidence 4 as it is a common observation.,4,0,Generalizes effort principles. Confidence 4 as it is abstract.,4,Those who act quickly succeed.,"['opinion', 'physical', 'figure of speech', 'normative', 'knowledge', 'abstract']",inception/mercury-2.5
Better late than never.,0,Reflects preference for effort. Confidence 4 as it is subjective.,4,1,References time passage. Confidence 3 as time is a physical concept.,3,0,Uses idiomatic phrase. Confidence 4 as it is not literal.,4,0,Values tardiness over abandonment. Confidence 4 as it offers moral guidance.,4,1,Observes that completion is valuable. Confidence 4 as it is a common fact.,4,0,Generalizes time value. Confidence 4 as it is abstract.,4,Doing something late is better than never doing it.,"['opinion', 'physical', 'figure of speech', 'normative', 'knowledge', 'abstract']",inception/mercury-2.5
"Out of sight, out of mind.",0,Reflects subjective memory experience. Confidence 4 as it is not objective.,4,1,References vision absence. Confidence 3 as it relies on physical senses.,3,0,Uses metaphorical structure. Confidence 4 as it is idiomatic.,4,0,Suggests attention matters. Confidence 4 as it offers a view.,4,1,Observes human memory limits. Confidence 4 as it is a common fact.,4,0,Generalizes attentional habits. Confidence 4 as it is abstract.,4,People forget things they cannot see.,"['opinion', 'physical', 'figure of speech', 'normative', 'knowledge', 'abstract']",inception/mercury-2.5
A stitch in time saves nine.,0,Reflects preference for diligence. Confidence 4 as it is subjective.,4,1,References fabric repair. Confidence 3 as it relies on physical objects.,3,0,Uses hyperbole. Confidence 4 as it is idiomatic.,4,0,Encourages proactive behavior. Confidence 4 as it is a rule.,4,1,Observes efficiency of early action. Confidence 4 as it is practical wisdom.,4,0,Generalizes problem solving. Confidence 4 as it is abstract.,4,Fixing issues early prevents larger work.,"['opinion', 'physical', 'figure of speech', 'normative', 'knowledge', 'abstract']",inception/mercury-2.5
Birds of a feather flock together.,0,Reflects cultural belief. Confidence 4 as it is debatable.,4,1,References bird social behavior. Confidence 3 as it is biological.,3,0,Uses metaphor for people. Confidence 4 as it is idiomatic.,4,0,Implies similarity is natural. Confidence 4 as it guides view.,4,1,Observes social patterns. Confidence 4 as it is an observation.,4,0,Generalizes relationships. Confidence 4 as it is abstract.,4,Similar people associate with each other.,"['opinion', 'physical', 'figure of speech', 'normative', 'knowledge', 'abstract']",inception/mercury-2.5
Too many cooks spoil the broth.,0,Reflects view on group work. Confidence 4 as it is subjective.,4,1,References cooking and broth. Confidence 3 as it is physical chemistry.,3,0,Uses metaphor for team. Confidence 4 as it is idiomatic.,4,0,Suggests fewer leaders are better. Confidence 4 as it offers advice.,4,1,Observes management problems. Confidence 4 as it is practical fact.,4,0,Generalizes teamwork issues. Confidence 4 as it is abstract.,4,Too many people ruin a task.,"['opinion', 'physical', 'figure of speech', 'normative', 'knowledge', 'abstract']",inception/mercury-2.5
Don't judge a book by its cover.,0,Reflects view on fairness. Confidence 4 as it is subjective.,4,1,References physical book and cover. Confidence 3 as it is a physical object.,3,0,Uses metaphor for people. Confidence 4 as it is idiomatic.,4,0,Advises against snap judgment. Confidence 4 as it offers a norm.,4,1,Observes that looks deceive. Confidence 4 as it is an observation.,4,0,Generalizes perception. Confidence 4 as it is abstract.,4,Appearances can be misleading.,"['opinion', 'physical', 'figure of speech', 'normative', 'knowledge', 'abstract']",inception/mercury-2.5
Haste makes waste.,0,Reflects subjective preference. Confidence 4 as it is debatable.,4,1,References speed and material loss. Confidence 3 as it involves physical motion.,3,0,Uses alliteration and rhyme. Confidence 4 as it is idiomatic.,4,0,Values deliberation over speed. Confidence 4 as it is a value.,4,1,Observes consequences of rushing. Confidence 4 as it is common experience.,4,0,Generalizes efficiency. Confidence 4 as it is abstract.,4,Rushing causes mistakes.,"['opinion', 'physical', 'figure of speech', 'normative', 'knowledge', 'abstract']",inception/mercury-2.5
Absence makes the heart grow fonder.,0,Reflects subjective romantic belief. Confidence 4 as it is subjective.,4,1,References heart and distance. Confidence 3 as it uses bodily metaphors.,3,0,Uses metaphor for emotion. Confidence 4 as it is idiomatic.,4,0,Suggests separation is valuable. Confidence 4 as it is a view.,4,1,Observes relationship dynamics. Confidence 4 as it is an observation.,4,0,Generalizes love dynamics. Confidence 4 as it is abstract.,4,Distance strengthens affection.,"['opinion', 'physical', 'figure of speech', 'normative', 'knowledge', 'abstract']",inception/mercury-2.5
You can't have your cake and eat it too.,0,Reflects subjective trade-off. Confidence 4 as it is debatable.,4,1,References cake consumption. Confidence 3 as it involves physical matter.,3,0,Uses metaphor for choices. Confidence 4 as it is idiomatic.,4,0,Suggests choosing options. Confidence 4 as it guides behavior.,4,1,Observes resource limits. Confidence 4 as it is an observation.,4,0,Generalizes choices. Confidence 4 as it is abstract.,4,You cannot enjoy two conflicting things.,"['opinion', 'physical', 'figure of speech', 'normative', 'knowledge', 'abstract']",inception/mercury-2.5
The pen is mightier than the sword.,0,Reflects subjective cultural view. Confidence 4 as it is debatable.,4,1,References pen and weapon. Confidence 3 as it uses physical objects.,3,0,Uses metaphor for power. Confidence 4 as it is idiomatic.,4,0,Values intellect over violence. Confidence 4 as it offers value.,4,1,Observes influence of ideas. Confidence 4 as it is an observation.,4,0,Generalizes societal influence. Confidence 4 as it is abstract.,4,Writing has more power than force.,"['opinion', 'physical', 'figure of speech', 'normative', 'knowledge', 'abstract']",inception/mercury-2.5
"If it ain't broke, don't fix it.",0,Reflects subjective risk view. Confidence 4 as it is subjective.,4,1,References repair and broken state. Confidence 3 as it involves physical machines.,3,0,Uses idiom for change. Confidence 4 as it is idiomatic.,4,0,Suggests conserving status quo. Confidence 4 as it is a rule.,4,1,Observes that changes can harm. Confidence 4 as it is practical wisdom.,4,0,Generalizes decision making. Confidence 4 as it is abstract.,4,Do not change functioning things.,"['opinion', 'physical', 'figure of speech', 'normative', 'knowledge', 'abstract']",inception/mercury-2.5
Necessity is the mother of invention.,0,Reflects subjective view on progress. Confidence 4 as it is debatable.,4,1,References human need and creation. Confidence 3 as it relies on human biology.,3,0,Uses metaphor for cause. Confidence 4 as it is idiomatic.,4,0,Values innovation as goal. Confidence 4 as it guides view.,4,1,Observes cause of innovation. Confidence 4 as it is a common fact.,4,0,Generalizes innovation. Confidence 4 as it is abstract.,4,Needs drive new ideas.,"['opinion', 'physical', 'figure of speech', 'normative', 'knowledge', 'abstract']",inception/mercury-2.5
"When it rains, it pours.",0,Reflects subjective view on luck. Confidence 4 as it is debatable.,4,1,References weather patterns. Confidence 3 as it relies on physical rain.,3,0,Uses hyperbole for stress. Confidence 4 as it is idiomatic.,4,0,Implies patience during hardship. Confidence 4 as it offers guidance.,4,1,Observes clustering of events. Confidence 4 as it is an observation.,4,0,Generalizes adversity. Confidence 4 as it is abstract.,4,Bad things happen in clusters.,"['opinion', 'physical', 'figure of speech', 'normative', 'knowledge', 'abstract']",inception/mercury-2.5
Don't put all your eggs in one basket.,0,Reflects subjective risk view. Confidence 4 as it is debatable.,4,1,References eggs and container. Confidence 3 as it uses physical objects.,3,0,Uses metaphor for assets. Confidence 4 as it is idiomatic.,4,0,Advocates prudent planning. Confidence 4 as it is a rule.,4,1,Observes risk factors. Confidence 4 as it is practical wisdom.,4,0,Generalizes risk management. Confidence 4 as it is abstract.,4,Diversify to avoid total loss.,"['opinion', 'physical', 'figure of speech', 'normative', 'knowledge', 'abstract']",inception/mercury-2.5
Two heads are better than one.,0,Reflects view on group work. Confidence 4 as it is debatable.,4,1,References human heads. Confidence 3 as it uses biological reality.,3,0,Uses metaphor for people. Confidence 4 as it is idiomatic.,4,0,Suggests collaboration is better. Confidence 4 as it offers guidance.,4,1,Observes benefits of teamwork. Confidence 4 as it is a fact.,4,0,Generalizes social benefits. Confidence 4 as it is abstract.,4,Collaboration improves decisions.,"['opinion', 'physical', 'figure of speech', 'normative', 'knowledge', 'abstract']",inception/mercury-2.5
What goes around comes around.,0,Reflects subjective belief. Confidence 4 as it is not objective.,4,1,References physical cycles. Confidence 3 as it relies on circular paths.,3,0,Uses metaphor for justice. Confidence 4 as it is idiomatic.,4,0,Suggests karma exists. Confidence 4 as it offers a norm.,4,1,Observes cause and effect. Confidence 4 as it is a common fact.,4,0,Generalizes moral laws. Confidence 4 as it is abstract.,4,Actions have consequences eventually.,"['opinion', 'physical', 'figure of speech', 'normative', 'knowledge', 'abstract']",inception/mercury-2.5
Time heals all wounds.,0,Reflects subjective view on pain. Confidence 4 as it is debatable.,4,1,References time and injury. Confidence 3 as it uses physical concepts.,3,0,Uses metaphor for recovery. Confidence 4 as it is idiomatic.,4,0,Suggests patience is good. Confidence 4 as it offers guidance.,4,1,Observes emotional recovery. Confidence 4 as it is a common fact.,4,0,Generalizes healing process. Confidence 4 as it is abstract.,4,Emotional pain fades over time.,"['opinion', 'physical', 'figure of speech', 'normative', 'knowledge', 'abstract']",inception/mercury-2.5
People should always tell the truth.,0,Truth-telling frequency is debatable across cultures and situations.,3,0,It describes human social rules rather than physical laws.,4,1,The words mean exactly what they say without metaphors.,4,0,It uses should to imply a value judgment on behavior.,4,1,It claims an observation about human interaction norms.,4,0,It generalizes behavior rather than describing a specific event.,4,This reflects a common social expectation about honesty in interactions.,"['opinion', 'social', 'literal language', 'normative', 'knowledge', 'abstract']",inception/mercury-2.5
Honesty builds trust in relationships.,0,Some may argue other traits build trust better.,3,0,It refers to interpersonal dynamics specific to humans.,4,1,No metaphors or idioms are used in the phrase.,4,0,It implies trust is a positive goal to achieve.,3,1,It asserts a connection between honesty and trust.,4,0,It summarizes a general pattern not seen in one event.,4,People generally believe open communication fosters reliability.,"['opinion', 'social', 'literal language', 'normative', 'knowledge', 'abstract']",inception/mercury-2.5
It is rude to interrupt others.,0,Cultural norms on interruption vary by region.,3,0,It governs human communication etiquette rather than physical laws.,4,1,The statement is straightforward with no figure of speech.,4,0,It labels the action as negative using the word rude.,4,1,It states a belief about social behavior.,4,0,It applies to all interruptions not just a specific one.,4,This is a widely accepted social norm about conversation.,"['opinion', 'social', 'literal language', 'normative', 'knowledge', 'abstract']",inception/mercury-2.5
Sharing food shows friendship and care.,0,Not everyone views food sharing as a sign of care.,3,0,It interprets food sharing as a social signal.,4,1,The terms are used literally without metaphorical meaning.,4,0,It values food sharing as a positive gesture.,3,1,It asserts a link between an action and meaning.,4,0,It is a general claim about food sharing meaning.,4,Communal eating is often a symbol of social bonds.,"['opinion', 'social', 'literal language', 'normative', 'knowledge', 'abstract']",inception/mercury-2.5
Respect for elders is a virtue.,0,Views on elder respect vary by culture and person.,3,0,It involves human social hierarchies and family dynamics.,4,1,It uses standard terms without figurative language.,4,0,It classifies respect as a moral good or virtue.,4,1,It claims a moral fact about social behavior.,4,0,It describes a general value not a specific situation.,4,Many cultures value honoring older family members highly.,"['opinion', 'social', 'literal language', 'normative', 'knowledge', 'abstract']",inception/mercury-2.5
Helping neighbors strengthens the community.,0,Impact on community strength is subjective to measure.,3,0,It concerns group dynamics and community structure.,4,1,The statement is literal and clear in meaning.,4,0,It values community strength as a positive outcome.,3,1,It states a belief about cause and effect.,4,0,It generalizes the effect of helping rather than a case.,4,Mutual aid fosters stronger local social ties.,"['opinion', 'social', 'literal language', 'normative', 'knowledge', 'abstract']",inception/mercury-2.5
Privacy is a right people value.,0,Values on privacy vary widely across individuals.,3,0,It deals with human beliefs about personal rights.,4,1,It uses words directly without metaphor or idiom.,4,0,It implies having privacy is a good to protect.,3,1,It asserts an observation about human priorities.,4,0,It discusses a concept rather than a specific event.,4,Most individuals prefer control over personal information.,"['opinion', 'social', 'literal language', 'normative', 'knowledge', 'abstract']",inception/mercury-2.5
Being late shows disrespect for time.,0,Intentions behind lateness are often debatable.,3,0,It interprets behavior within social norms.,4,1,The words are used in their standard sense.,4,0,It judges lateness as a negative sign.,4,1,It claims a link between action and meaning.,4,0,It generalizes the meaning of being late.,4,Punctuality is often viewed as a sign of respect.,"['opinion', 'social', 'literal language', 'normative', 'knowledge', 'abstract']",inception/mercury-2.5
Smiling often makes people feel welcome.,0,Smiles do not always lead to positive feelings.,3,0,It involves human emotional signaling between people.,4,1,The description is literal and straightforward.,4,0,It implies feeling welcome is a desirable state.,3,1,It states a belief about social reactions.,4,0,It is a general claim about smiling effects.,4,Nonverbal cues like smiles signal friendliness.,"['opinion', 'social', 'literal language', 'normative', 'knowledge', 'abstract']",inception/mercury-2.5
Kindness costs nothing but means much.,0,Value of kindness is subjective to the giver.,3,0,It evaluates social behavior based on its value.,4,1,It avoids metaphors and states meaning plainly.,4,0,It asserts kindness is valuable and should be done.,4,1,It claims a cost value assessment about kindness.,4,0,It is a broad claim about kindness in general.,4,Acts of kindness are low cost but high impact.,"['opinion', 'social', 'literal language', 'normative', 'knowledge', 'abstract']",inception/mercury-2.5
Children learn best from patient adults.,0,Best methods for learning are debated.,3,0,It addresses human educational dynamics and roles.,4,1,The terms are used in their ordinary sense.,4,0,It implies patience is a desirable trait for learning.,3,1,It asserts an observation about learning outcomes.,4,0,It is a general statement about learning contexts.,4,Patience is commonly valued in education and parenting.,"['opinion', 'social', 'literal language', 'normative', 'knowledge', 'abstract']",inception/mercury-2.5
Trust takes time to build properly.,0,Trust timelines vary by relationship and person.,3,0,It concerns human interpersonal relationship development.,4,1,The statement is literal with no idioms.,4,0,It implies a proper way to build trust.,3,1,It claims a fact about how trust develops.,4,0,It describes a process rather than a single act.,4,Trust is viewed as requiring long-term consistency.,"['opinion', 'social', 'literal language', 'normative', 'knowledge', 'abstract']",inception/mercury-2.5
Promises made should be kept always.,0,Exceptions might be made for keeping promises.,3,0,It sets a standard for human commitments.,4,1,It uses standard words without metaphor.,4,0,It uses should to indicate obligation.,4,1,It asserts a value about promise keeping.,4,0,It is a general rule not a specific case.,4,Keeping one's word is a moral social norm.,"['opinion', 'social', 'literal language', 'normative', 'knowledge', 'abstract']",inception/mercury-2.5
Silence can show agreement or disagreement.,0,Interpretations of silence can vary widely.,3,0,It interprets behavior within communication norms.,4,1,The statement is literal and clear.,4,0,It assumes meaning is intended or assigned.,3,1,It claims an observation about nonverbal cues.,4,0,It discusses a general capacity of silence.,4,Nonverbal communication conveys meaning alongside spoken words.,"['opinion', 'social', 'literal language', 'normative', 'knowledge', 'abstract']",inception/mercury-2.5
Dressing well shows respect for others.,0,What counts as well can differ.,3,0,It deals with appearance and social interaction.,4,1,It uses words in their common sense.,4,0,It implies dressing well is a positive behavior.,3,1,It claims a link between clothes and social meaning.,4,0,It generalizes the meaning of attire choice.,4,Attire choices are often viewed as social signals.,"['opinion', 'social', 'literal language', 'normative', 'knowledge', 'abstract']",inception/mercury-2.5
Listening carefully shows you care deeply.,0,People may listen for other reasons.,3,0,It concerns human interpersonal communication norms.,4,1,The statement is literal and direct.,4,0,It values showing care as positive.,3,1,It states a belief about listening behavior.,4,0,It generalizes behavior across people.,4,Active listening is often interpreted as personal interest.,"['opinion', 'social', 'literal language', 'normative', 'knowledge', 'abstract']",inception/mercury-2.5
Apologies are needed after hurting someone.,0,What counts as hurt is subjective.,3,0,It sets rules for handling interpersonal harm.,4,1,The language is plain and direct.,4,0,It uses needed to suggest obligation.,4,1,It asserts a view on necessary social behavior.,4,0,It is a general rule for behavior.,4,Acknowledging harm is a standard social repair step.,"['opinion', 'social', 'literal language', 'normative', 'knowledge', 'abstract']",inception/mercury-2.5
Gifts symbolize thoughtfulness and appreciation.,0,Gifts might not always be sincere.,3,0,It relates to human social exchange traditions.,4,1,It uses words literally without idioms.,4,0,It values thoughtfulness as positive.,3,1,It claims a link between gifts and meaning.,4,0,It generalizes the meaning of gift giving.,4,Exchanging presents often expresses gratitude or care.,"['opinion', 'social', 'literal language', 'normative', 'knowledge', 'abstract']",inception/mercury-2.5
Public spaces should remain clean always.,0,Expectations on cleanliness vary by culture.,3,0,It addresses human rules for shared areas.,4,1,The statement is plain and literal.,4,0,It uses should to suggest a moral duty.,4,1,It claims a value about public behavior.,4,0,It is a general rule not a specific event.,4,Hygiene standards for public areas are expected.,"['opinion', 'social', 'literal language', 'normative', 'knowledge', 'abstract']",inception/mercury-2.5
Voting is a civic duty for many.,0,Whether voting is a duty is debated.,3,0,It relates to human political engagement.,4,1,It uses standard language with no metaphor.,4,0,It labels voting a duty implying obligation.,4,1,It states an observation about civic norms.,4,0,It generalizes political participation rather than specifics.,4,Participating in elections is viewed as a responsibility.,"['opinion', 'social', 'literal language', 'normative', 'knowledge', 'abstract']",inception/mercury-2.5
Humans breathe oxygen to stay alive.,1,It is demonstrable through medical science and observation. It is not opinion as it is objective and verifiable.,4,1,It refers to the biological mechanism of respiration which is empirically measurable. It is not social as it applies universally across humanity.,4,1,It uses plain language with no metaphors or idioms. It is not a figure of speech as it is direct.,4,0,It implies a necessity or value for life continuity. It is not positive as it suggests humans must do this to survive.,3,1,It describes an observation about human biology known to exist. It is not reasoning as it does not combine premises to reach a conclusion.,4,0,It states a general regularity not derived from a single experience. It is not everyday as it implies a broad biological rule.,3,This is a basic biological truth shared by all humans.,"['fact', 'physical', 'literal language', 'normative', 'knowledge', 'abstract']",inception/mercury-2.5
People generally avoid touching hot objects.,1,It can be demonstrated through observation of behavior. It is not opinion as it aligns with general physical responses.,4,1,It refers to the physical property of heat damaging skin. It is not social as the reaction is biological.,4,1,The words mean exactly what is written. It is not a figure of speech as there is no metaphor.,4,0,It suggests one ought to avoid danger for safety. It is not positive as it implies a rule of conduct.,3,1,It presents an observation about human reactions to heat. It is not reasoning as it relies on established knowledge of pain.,4,0,It describes a generalized pattern of behavior not specific to one event. It is not everyday as it summarizes many individual encounters.,3,This reflects a standard survival behavior understood by most.,"['fact', 'physical', 'literal language', 'normative', 'knowledge', 'abstract']",inception/mercury-2.5
Sharing food is a common human practice.,1,Anthropological evidence can verify this practice exists. It is not opinion as it is observable reality.,4,1,It relates to the physical distribution of edible matter. It is not social as it involves tangible resources.,3,1,It uses standard words without metaphor. It is not a figure of speech.,4,0,It implies a moral expectation to support others. It is not positive as it involves a social value.,3,1,It asserts a fact about observed human behavior. It is not reasoning as it is a direct claim.,4,0,It summarizes a broad regularity across many instances. It is not everyday as it is a general conclusion.,3,Most societies recognize providing food to others as standard.,"['fact', 'physical', 'literal language', 'normative', 'knowledge', 'abstract']",inception/mercury-2.5
Sleeping allows the body to rest.,1,Scientific studies demonstrate physiological benefits of sleep. It is not opinion as it is measurable.,4,1,It concerns physiological processes in living organisms. It is not social as it is biological.,4,1,The text is literal. It is not a figure of speech.,4,0,It implies a recommendation for health maintenance. It is not positive as it suggests a health rule.,3,1,It states an observation regarding rest and recovery. It is not reasoning as it is known knowledge.,4,0,It expresses a general rule of biology not specific to one sleep. It is not everyday as it is a regularity.,3,This is a widely understood biological function.,"['fact', 'physical', 'literal language', 'normative', 'knowledge', 'abstract']",inception/mercury-2.5
Children need adult protection for safety.,1,Child endangerment rates support this need. It is not opinion as it can be verified.,4,1,It relates to physical vulnerability of children. It is not social as it is based on biology.,4,1,The meaning is explicit. It is not a figure of speech.,4,0,It suggests adults have a duty to guard children. It is not positive as it implies a moral obligation.,3,1,It is an observation about vulnerability and safety. It is not reasoning as it is a fact.,4,0,It generalizes the needs of children broadly. It is not everyday as it is a general conclusion.,3,This is a shared understanding of child development.,"['fact', 'physical', 'literal language', 'normative', 'knowledge', 'abstract']",inception/mercury-2.5
Honesty is valued in most societies.,1,Social surveys can confirm this valuation. It is not opinion as it is verifiable.,3,1,It relates to tangible social structures and laws. It is not social as it refers to social reality.,2,1,Words are used directly. It is not a figure of speech.,4,0,It asserts a value held by communities. It is not positive as it describes a preference.,4,1,It claims an observable trend in social norms. It is not reasoning as it relies on social knowledge.,4,0,It states a general cultural regularity across groups. It is not everyday as it summarizes many cultures.,3,Truthfulness is generally regarded as a social virtue.,"['fact', 'physical', 'literal language', 'normative', 'knowledge', 'abstract']",inception/mercury-2.5
Fire produces heat when burning.,1,Temperature measurements demonstrate heat emission. It is not opinion as it is objectively true.,4,1,It describes the thermodynamic process of combustion. It is not social as it is governed by physics.,4,1,It is stated plainly. It is not a figure of speech.,4,0,It suggests one should expect heat near fire. It is not positive as it implies expectation of reality.,2,1,It conveys information about a combustion effect. It is not reasoning as it is known knowledge.,4,0,It generalizes a natural regularity across all fire. It is not everyday as it is a broad rule.,3,This is a fundamental physical truth people learn.,"['fact', 'physical', 'literal language', 'normative', 'knowledge', 'abstract']",inception/mercury-2.5
Gravity makes unsupported objects fall.,1,Experiments demonstrate objects dropping consistently. It is not opinion as it is objective.,4,1,It refers to a natural law of motion. It is not social as it is a physical rule.,4,1,The language is literal. It is not a figure of speech.,4,0,It implies a constraint humans should respect. It is not positive as it suggests expectation of nature.,2,1,It states an observation about object movement. It is not reasoning as it is known science.,4,0,It summarizes a universal regularity across contexts. It is not everyday as it generalizes behavior.,3,Everyone expects objects to drop when released.,"['fact', 'physical', 'literal language', 'normative', 'knowledge', 'abstract']",inception/mercury-2.5
Pain signals potential physical damage.,1,Medical research confirms pain correlates with injury. It is not opinion as it is verifiable.,4,1,It relates to the biological signaling system. It is not social as it is biological.,4,1,It means exactly what it says. It is not a figure of speech.,4,0,It suggests one should heed pain warnings. It is not positive as it implies a health guideline.,3,1,It presents an observation about sensory input. It is not reasoning as it is known biology.,4,0,It generalizes a physiological mechanism broadly. It is not everyday as it is a general conclusion.,3,Humans know pain indicates something is wrong.,"['fact', 'physical', 'literal language', 'normative', 'knowledge', 'abstract']",inception/mercury-2.5
Food provides essential energy for life.,1,Scientific studies prove energy yield from food. It is not opinion as it is objective.,4,1,It describes biochemical energy conversion in organisms. It is not social as it is biological.,4,1,Plain language is used. It is not a figure of speech.,4,0,It implies a standard should eat to live. It is not positive as it suggests a life requirement.,3,1,It states an observation about metabolism. It is not reasoning as it is known science.,4,0,It summarizes a biological regularity universally. It is not everyday as it is a general rule.,3,Eating is universally understood as a necessity.,"['fact', 'physical', 'literal language', 'normative', 'knowledge', 'abstract']",inception/mercury-2.5
People tend to form social groups.,1,Sociological studies verify group formation. It is not opinion as it is measurable.,4,1,It relates to tangible gatherings of individuals. It is not social as it refers to real social action.,3,1,The text is literal. It is not a figure of speech.,4,0,It suggests one belongs to groups. It is not positive as it implies a human need.,3,1,It claims a regularity in human behavior. It is not reasoning as it is a known fact.,4,0,It generalizes behavior across large populations. It is not everyday as it summarizes human interaction.,3,Most individuals seek connection with others.,"['fact', 'physical', 'literal language', 'normative', 'knowledge', 'abstract']",inception/mercury-2.5
Sharp objects can cause injuries.,1,Injury records demonstrate the causal link. It is not opinion as it is verifiable.,4,1,It refers to physical mechanics cutting into material. It is not social as it is physical.,4,1,Words are used clearly. It is not a figure of speech.,4,0,It suggests one should handle sharp objects carefully. It is not positive as it implies a safety rule.,3,1,It describes a consequence of contact. It is not reasoning as it is known science.,4,0,It summarizes a physical regularity across objects. It is not everyday as it is a general conclusion.,3,Most people know sharpness causes harm.,"['fact', 'physical', 'literal language', 'normative', 'knowledge', 'abstract']",inception/mercury-2.5
Most cultures respect elders.,1,Anthropology confirms this is widespread. It is not opinion as it is verifiable.,4,1,It relates to tangible interactions between humans. It is not social as it refers to social structures.,3,1,The meaning is literal. It is not a figure of speech.,4,0,It asserts a moral standard of behavior. It is not positive as it implies duty.,4,1,It presents an observation about customs. It is not reasoning as it is known knowledge.,4,0,It generalizes a cultural pattern broadly. It is not everyday as it covers many cultures.,3,Treating older people with deference is common.,"['fact', 'physical', 'literal language', 'normative', 'knowledge', 'abstract']",inception/mercury-2.5
Water sustains plant and animal life.,1,Scientific observation confirms hydration necessity. It is not opinion as it is objective.,4,1,It refers to biological hydration processes. It is not social as it is biological.,4,1,Language is plain. It is not a figure of speech.,4,0,It implies a rule of hydration necessity. It is not positive as it suggests a life constraint.,3,1,It states a known biological fact. It is not reasoning as it is established knowledge.,4,0,It summarizes a biological regularity generally. It is not everyday as it is a broad rule.,3,Hydration is known to be essential for biology.,"['fact', 'physical', 'literal language', 'normative', 'knowledge', 'abstract']",inception/mercury-2.5
Loud sounds may disturb human listeners.,1,Research verifies noise affects listeners. It is not opinion as it is verifiable.,4,1,It refers to acoustic energy and sensory reaction. It is not social as it is biological.,4,1,The meaning is clear. It is not a figure of speech.,4,0,It implies one should avoid noise. It is not positive as it suggests a courtesy norm.,3,1,It asserts an observation about hearing. It is not reasoning as it is known biology.,4,0,It generalizes a behavioral pattern broadly. It is not everyday as it is a generalization.,3,Most people know noise can be disruptive.,"['fact', 'physical', 'literal language', 'normative', 'knowledge', 'abstract']",inception/mercury-2.5
Parents teach children how to speak.,1,Linguistics confirms this is typical. It is not opinion as it is verifiable.,4,1,It involves observable social interactions. It is not social as it describes real behavior.,3,1,Words mean what they say. It is not a figure of speech.,4,0,It implies a role expectation for parents. It is not positive as it describes a responsibility.,3,1,It presents an observation about parenting. It is not reasoning as it is known reality.,4,0,It summarizes a developmental regularity across families. It is not everyday as it is a generalization.,3,Language learning is generally associated with adults.,"['fact', 'physical', 'literal language', 'normative', 'knowledge', 'abstract']",inception/mercury-2.5
Illness often reduces physical energy.,1,Medical data confirms fatigue symptoms. It is not opinion as it is verifiable.,4,1,It refers to physiological responses to disease. It is not social as it is biological.,4,1,The text is literal. It is not a figure of speech.,4,0,It suggests one should rest when sick. It is not positive as it implies a health rule.,3,1,It states a common medical observation. It is not reasoning as it is known knowledge.,4,0,It generalizes a health pattern broadly. It is not everyday as it is a generalization.,3,Being sick usually means feeling tired.,"['fact', 'physical', 'literal language', 'normative', 'knowledge', 'abstract']",inception/mercury-2.5
People communicate to share information.,1,Linguistics supports this purpose. It is not opinion as it is verifiable.,4,1,It refers to physical sounds or gestures. It is not social as it involves real signals.,3,1,Language is plain. It is not a figure of speech.,4,0,It implies a value on transparency. It is not positive as it suggests a social standard.,3,1,It claims an observation about communication. It is not reasoning as it is known fact.,4,0,It generalizes the purpose of language broadly. It is not everyday as it is a conclusion.,3,Communication is generally understood as information transfer.,"['fact', 'physical', 'literal language', 'normative', 'knowledge', 'abstract']",inception/mercury-2.5
Shadows appear when light is blocked.,1,Physics proves this phenomenon. It is not opinion as it is objective.,4,1,It refers to light optics and matter interaction. It is not social as it is a physical rule.,4,1,It is stated plainly. It is not a figure of speech.,4,0,It suggests one should expect shadows in dim light. It is not positive as it implies an observation expectation.,2,1,It conveys information about optics. It is not reasoning as it is known science.,4,0,It summarizes a natural regularity across all light. It is not everyday as it is a general rule.,3,This is a basic physical phenomenon everyone sees.,"['fact', 'physical', 'literal language', 'normative', 'knowledge', 'abstract']",inception/mercury-2.5
Humans age over time.,1,Medical records verify this over time. It is not opinion as it is verifiable.,4,1,It refers to biological changes in organisms. It is not social as it is biological.,4,1,The words mean exactly what they say. It is not a figure of speech.,4,0,It implies one must live through aging. It is not positive as it suggests a natural constraint.,3,1,It states an observation about life. It is not reasoning as it is known reality.,4,0,It generalizes this process broadly. It is not everyday as it is a general conclusion.,3,Aging is a universal natural process.,"['fact', 'physical', 'literal language', 'normative', 'knowledge', 'abstract']",inception/mercury-2.5
Objects dropped from height therefore fall toward the ground due to gravity.,1,"This describes gravity verified by experiment, not opinion.",4,1,It concerns physical gravity forces.,4,1,It means exactly what it says.,4,1,It describes a natural behavior rather than prescribing one.,4,0,It links falling to gravity using therefore.,4,0,It states a general law beyond single experiences.,4,It reflects basic physical intuition about objects falling.,"['fact', 'physical', 'literal language', 'positive', 'reasoning', 'abstract']",inception/mercury-2.5
Water cools below zero Celsius therefore it turns to ice.,1,Freezing is empirically testable.,4,1,It describes thermodynamics.,4,1,It states the process literally.,4,1,It observes water states without judgment.,4,0,It uses therefore to connect cause and effect.,4,0,It is a universal physical rule.,4,It connects temperature and phase changes.,"['fact', 'physical', 'literal language', 'positive', 'reasoning', 'abstract']",inception/mercury-2.5
Organisms stop functioning without energy intake therefore they require food.,1,Biology confirms metabolism.,4,1,It concerns biological energy.,4,1,It means what it says.,4,1,It describes necessity not norms.,4,0,It infers necessity from cessation.,4,0,It applies generally beyond personal experience.,4,It links biology to food.,"['fact', 'physical', 'literal language', 'positive', 'reasoning', 'abstract']",inception/mercury-2.5
Metals heat up therefore they expand and contract when they cool down.,1,Thermal expansion is measurable.,4,1,It describes material physics.,4,1,It uses plain language.,4,1,It reports physical change.,4,0,It links temperature change to size.,4,0,It generalizes a material property.,4,It describes thermal expansion.,"['fact', 'physical', 'literal language', 'positive', 'reasoning', 'abstract']",inception/mercury-2.5
Fire consumes combustible material therefore it produces heat and light.,1,Combustion is verified chemically.,4,1,It describes chemical physics.,4,1,It states the effects literally.,4,1,It states a physical output.,4,0,It deduces output from inputs.,4,0,It generalizes combustion behavior.,4,It links combustion to output.,"['fact', 'physical', 'literal language', 'positive', 'reasoning', 'abstract']",inception/mercury-2.5
Humans cannot breathe underwater therefore they need artificial equipment assistance.,1,Human lungs lack gills.,4,1,It concerns biology.,4,1,It is clear.,4,1,It describes necessity.,4,0,It infers tool need from limitation.,4,0,It applies generally to humans.,4,It links biology to tools.,"['fact', 'physical', 'literal language', 'positive', 'reasoning', 'abstract']",inception/mercury-2.5
Sound travels faster through solid materials therefore it moves faster than air.,1,Physics measures wave speeds.,4,1,It concerns wave physics.,4,1,It uses plain language.,4,1,It reports observation.,4,0,It uses data to derive inequality.,4,0,It is a general law.,4,It compares sound speed.,"['fact', 'physical', 'literal language', 'positive', 'reasoning', 'abstract']",inception/mercury-2.5
Plants absorb sunlight therefore they convert carbon dioxide into food.,1,Photosynthesis is verified.,4,1,It concerns biology.,4,1,It is plain.,4,1,It describes a process.,4,0,It infers chemical process from input.,4,0,It generalizes plant behavior.,4,It links light to energy.,"['fact', 'physical', 'literal language', 'positive', 'reasoning', 'abstract']",inception/mercury-2.5
Sharp objects apply force to skin therefore they cut it.,1,Pressure cuts are verified.,4,1,It concerns mechanics.,4,1,It is literal.,4,1,It describes a physical effect.,4,0,It infers damage from pressure.,4,0,It generalizes physics.,4,It links pressure to damage.,"['fact', 'physical', 'literal language', 'positive', 'reasoning', 'abstract']",inception/mercury-2.5
Electricity flows through conductors therefore it does not pass insulators.,1,Resistance is measurable.,4,1,It concerns physics.,4,1,It uses plain terms.,4,1,It reports behavior.,4,0,It infers blocking from type.,4,0,It is a general law.,4,It links materials to flow.,"['fact', 'physical', 'literal language', 'positive', 'reasoning', 'abstract']",inception/mercury-2.5
Exposure to direct sunlight therefore makes bodies get hotter.,1,Radiation warms are.,4,1,It concerns physics.,4,1,It is plain.,4,1,It describes an effect.,4,0,It infers warming from sun.,4,0,It generalizes physical effects.,4,It links sun to warmth.,"['fact', 'physical', 'literal language', 'positive', 'reasoning', 'abstract']",inception/mercury-2.5
Ice warms above freezing therefore it melts into liquid water.,1,Phase change is observable.,4,1,It concerns physics.,4,1,It is literal.,4,1,It states a physical change.,4,0,It infers melting from warmth.,4,0,It states a general rule.,4,It links heat to state change.,"['fact', 'physical', 'literal language', 'positive', 'reasoning', 'abstract']",inception/mercury-2.5
Air temperature drops significantly therefore people feel cold.,1,Thermal receptors are verified.,4,1,It concerns biology.,4,1,It is plain.,4,1,It states biological response.,4,0,It infers feeling from temp.,4,0,It generalizes biological response.,4,It links air to feeling.,"['fact', 'physical', 'literal language', 'positive', 'reasoning', 'abstract']",inception/mercury-2.5
Hard surfaces impact fragile items therefore they break the items.,1,Fragility is physical.,4,1,It concerns mechanics.,4,1,It is plain.,4,1,It describes physical damage.,4,0,It infers breakage from impact.,4,0,It generalizes material behavior.,4,It links impact to breakage.,"['fact', 'physical', 'literal language', 'positive', 'reasoning', 'abstract']",inception/mercury-2.5
Air cools vapor condenses therefore rain falls from clouds.,1,Rain cycle is verified.,4,1,It concerns physics.,4,1,It is literal.,4,1,It describes natural behavior.,4,0,It infers rain from cooling.,4,0,It is a general law.,4,It links condensation to rain.,"['fact', 'physical', 'literal language', 'positive', 'reasoning', 'abstract']",inception/mercury-2.5
Hot air is less dense therefore smoke rises into cold air.,1,Buoyancy is verified.,4,1,It concerns physics.,4,1,It is plain.,4,1,It describes motion.,4,0,It infers rising from density.,4,0,It generalizes physics.,4,It links density to buoyancy.,"['fact', 'physical', 'literal language', 'positive', 'reasoning', 'abstract']",inception/mercury-2.5
Seeds receive water and soil and therefore light grow into plants.,1,Growth is observable.,4,1,It concerns biology.,4,1,It is plain.,4,1,It states a biological process.,4,0,It infers growth from inputs.,4,0,It is a general law.,4,It links nutrients to growth.,"['fact', 'physical', 'literal language', 'positive', 'reasoning', 'abstract']",inception/mercury-2.5
Tides change due to gravitational pull therefore the moon shifts.,1,Gravity tides are verified.,4,1,It concerns physics.,4,1,It is literal.,4,1,It states behavior.,4,0,It infers change from gravity.,4,0,It generalizes physics.,4,It links gravity to water.,"['fact', 'physical', 'literal language', 'positive', 'reasoning', 'abstract']",inception/mercury-2.5
Breathing stops if airway obstruction occurs therefore air does not enter.,1,Airway function is verified.,4,1,It concerns biology.,4,1,It is plain.,4,1,It describes biological process.,4,0,It infers stopping from blockage.,4,0,It generalizes biology.,4,It links airway to breath.,"['fact', 'physical', 'literal language', 'positive', 'reasoning', 'abstract']",inception/mercury-2.5
Time moves forward therefore events always proceed sequentially.,1,Time flow is constant.,4,1,It concerns physics.,4,1,It is literal.,4,1,It describes natural order.,4,0,It infers sequence from flow.,4,0,It generalizes time.,4,It links time to sequence.,"['fact', 'physical', 'literal language', 'positive', 'reasoning', 'abstract']",inception/mercury-2.5
You can't get something for nothing.,1,It is objectively true per the laws of thermodynamics.,4,1,It describes a physical law governing energy conservation.,4,0,It uses an aphorism to imply impossibility.,4,1,It is an empirical regularity rather than a social norm.,4,1,It presents an observation about the world without deductive logic.,4,0,"It is a general law, not a specific personal experience.",4,Reflects universal conservation of energy.,"['fact', 'physical', 'figure of speech', 'positive', 'knowledge', 'abstract']",inception/mercury-2.5
What goes up must come down.,1,It is scientifically verifiable under normal conditions.,4,1,It describes gravitational effects on objects.,4,0,It uses parallel structure common to sayings.,4,1,"It is a physical rule, not a moral value.",4,1,It refers to a physical observation of motion.,4,0,"It is a universal principle, not a specific event.",4,Summarizes the basic effect of gravity.,"['fact', 'physical', 'figure of speech', 'positive', 'knowledge', 'abstract']",inception/mercury-2.5
The apple doesn't fall far from the tree.,1,It is demonstrably true for genetic inheritance.,4,1,It refers to biological genetics determining traits.,4,0,It is a metaphor for inheritance patterns.,4,1,"It is an empirical rule, not a judgment.",4,1,It refers to biological observations about traits.,4,0,It describes a general biological trend.,4,Implies genetics determine physical similarity.,"['fact', 'physical', 'figure of speech', 'positive', 'knowledge', 'abstract']",inception/mercury-2.5
Where there is smoke there is fire.,1,It is physically demonstrable in combustion.,4,1,It describes a chemical reaction of combustion.,4,0,It is an idiomatic metaphor for evidence.,4,1,"It describes physical causality, not norms.",4,1,It is a general observation of combustion.,4,0,"It is a general rule, not a specific incident.",4,Suggests combustion always produces smoke.,"['fact', 'physical', 'figure of speech', 'positive', 'knowledge', 'abstract']",inception/mercury-2.5
One rotten apple spoils the whole barrel.,1,It is objectively true about ethylene gas.,4,1,It describes biological chemistry affecting fruit.,4,0,It is a proverb used metaphorically.,4,1,"It describes a material regularity, not a value.",4,1,It is an observation about biological decay.,4,0,It is a general law of spoilage.,4,Notes how ethylene gas accelerates ripening.,"['fact', 'physical', 'figure of speech', 'positive', 'knowledge', 'abstract']",inception/mercury-2.5
A chain is only as strong as its weakest link.,1,It is demonstrably true for tensile strength.,4,1,It refers to engineering and physics.,4,0,It is an analogy for structural limits.,4,1,It describes structural integrity rules.,4,1,It refers to mechanical behavior of materials.,4,0,It is a general engineering principle.,4,Notes physical failure points in systems.,"['fact', 'physical', 'figure of speech', 'positive', 'knowledge', 'abstract']",inception/mercury-2.5
Time waits for no man.,1,It is objectively true regarding aging.,3,1,It refers to thermodynamics and entropy.,3,0,It is a personification of abstract time.,4,1,It describes a physical law rather than a norm.,4,1,It is an observation about aging processes.,4,0,It refers to a general law of time.,4,Notes entropy affects all objects equally.,"['fact', 'physical', 'figure of speech', 'positive', 'knowledge', 'abstract']",inception/mercury-2.5
Iron sharpens iron.,1,It is physically true regarding friction.,3,1,It refers to mechanical hardening.,4,0,It is a metaphorical proverb.,4,1,"It is an empirical observation, not a value.",4,1,It refers to physical wear and properties.,4,0,It is a general material observation.,4,Notes friction hardens material edges.,"['fact', 'physical', 'figure of speech', 'positive', 'knowledge', 'abstract']",inception/mercury-2.5
Don't count your chickens before they hatch.,1,It is objectively true regarding hatching rates.,4,1,It refers to biological reproduction.,4,0,It is an idiomatic metaphor.,4,1,"It is a regularity about biology, not a norm.",4,1,It is an observation about probability and nature.,4,0,It is a general rule of uncertainty.,4,Notes eggs often fail to hatch.,"['fact', 'physical', 'figure of speech', 'positive', 'knowledge', 'abstract']",inception/mercury-2.5
You can't have your cake and eat it too.,1,It is objectively true per matter conservation.,3,1,It refers to physical matter properties.,3,0,It is an idiomatic metaphor.,4,1,"It is a physical limitation, not a moral.",4,1,It refers to material consumption limits.,4,0,It is a general principle of conservation.,4,Notes conservation of matter requires sacrifice.,"['fact', 'physical', 'figure of speech', 'positive', 'knowledge', 'abstract']",inception/mercury-2.5
Early to bed and early to rise.,1,It is objectively true for circadian rhythms.,3,1,It refers to biological cycles.,4,0,It is a rhythmic aphorism.,4,1,It describes a biological regularity.,4,1,It refers to human sleep patterns.,4,0,It is a general health rule.,4,Notes circadian rhythms align with sun.,"['fact', 'physical', 'figure of speech', 'positive', 'knowledge', 'abstract']",inception/mercury-2.5
Blood is thicker than water.,1,It is partially true regarding kinship.,3,1,It refers to biological kinship.,3,0,It uses a metaphor for bonds.,4,1,It describes a biological tendency.,3,1,It refers to family dynamics.,4,0,It is a general relationship rule.,4,Notes genetic bonds influence behavior.,"['fact', 'physical', 'figure of speech', 'positive', 'knowledge', 'abstract']",inception/mercury-2.5
Water seeks its own level.,1,It is objectively true for fluids.,4,1,It refers to physics and gravity.,4,0,It is an idiomatic metaphor.,4,1,It describes a physical property.,4,1,It refers to hydrostatic behavior.,4,0,It is a general physical rule.,4,Notes gravity equalizes fluids.,"['fact', 'physical', 'figure of speech', 'positive', 'knowledge', 'abstract']",inception/mercury-2.5
The early bird gets the worm.,1,It is objectively true for feeding times.,3,1,It refers to biological activity.,4,0,It is a metaphorical proverb.,4,1,It describes a biological regularity.,4,1,It refers to foraging behavior.,4,0,It is a general behavioral trend.,4,Notes predators hunt at dawn.,"['fact', 'physical', 'figure of speech', 'positive', 'knowledge', 'abstract']",inception/mercury-2.5
Birds of a feather flock together.,1,It is demonstrable in animal groups.,4,1,It refers to biological grouping behavior.,3,0,It is a metaphorical idiom.,4,1,It describes a regularity.,3,1,It refers to animal behavior.,4,0,It is a general behavioral trend.,4,Notes species cluster for survival.,"['fact', 'physical', 'figure of speech', 'positive', 'knowledge', 'abstract']",inception/mercury-2.5
A rolling stone gathers no moss.,1,It is objectively true for surface growth.,3,1,It refers to physics of movement.,4,0,It is a metaphorical aphorism.,4,1,It describes a physical process.,4,1,It refers to surface interactions.,4,0,It is a general physical rule.,4,Notes movement prevents accumulation.,"['fact', 'physical', 'figure of speech', 'positive', 'knowledge', 'abstract']",inception/mercury-2.5
You can't make an omelet without breaking eggs.,1,It is objectively true for physical preparation.,4,1,It refers to physical state change.,4,0,It is an idiomatic metaphor.,4,1,It describes a physical necessity.,4,1,It refers to material transformation.,4,0,It is a general principle.,4,Notes inputs must be altered for output.,"['fact', 'physical', 'figure of speech', 'positive', 'knowledge', 'abstract']",inception/mercury-2.5
Still waters run deep.,1,It is objectively true for water flow.,3,1,It refers to physics of liquids.,3,0,It is a metaphorical proverb.,4,1,It describes a physical observation.,3,1,It refers to hydrological patterns.,4,0,It is a general rule.,4,Notes surface flow doesn't imply depth.,"['fact', 'physical', 'figure of speech', 'positive', 'knowledge', 'abstract']",inception/mercury-2.5
The grass is always greener on the other side.,1,It is objectively true regarding perception.,3,1,It refers to optics and perception.,3,0,It is a metaphorical saying.,4,1,It describes a regularity in perception.,3,1,It refers to psychological perception.,4,0,It is a general human tendency.,4,Notes perception biases visual assessment.,"['fact', 'physical', 'figure of speech', 'positive', 'knowledge', 'abstract']",inception/mercury-2.5
Rust eats iron.,1,It is objectively true by chemistry.,4,1,It refers to chemistry and biology.,4,0,It uses personification for chemical processes.,4,1,It is an empirical regularity.,4,1,It refers to a chemical observation.,4,0,It is a general chemical rule.,4,Notes chemical oxidation degrades metal.,"['fact', 'physical', 'figure of speech', 'positive', 'knowledge', 'abstract']",inception/mercury-2.5
A stitch in time saves nine.,1,It describes a verifiable empirical truth in engineering and physical labor. It contrasts with purely subjective opinions.,3,1,It relies on physical mechanics of materials failing under neglect. It is not socially constructed.,3,0,It uses a metaphor from sewing to illustrate general repair. It is not literal language about stitching.,4,0,"It prescribes a correct action to avoid worse outcomes, acting as a norm. It differs from positive descriptions.",4,1,It claims a general observation about cause and effect in maintenance. It is not a logical derivation.,3,0,It generalizes beyond immediate repair to any life timing choice. It is not limited to everyday encounters.,4,It advises quick repair to prevent larger effort.,"['fact', 'physical', 'figure of speech', 'normative', 'knowledge', 'abstract']",inception/mercury-2.5
Don't count your chickens before they hatch.,1,It describes a verifiable psychological reality about premature celebration. It contrasts with subjective whims.,3,1,It refers to biological reality of hatching cycles. It is not a social custom.,2,0,It uses animal husbandry as a metaphor for unearned assumptions. It is not literal counting of poultry.,4,0,"It instructs on proper behavior regarding planning and expectations. It is a prescription, not an observation.",4,1,It reflects observation on human psychology regarding expectations. It is not derived from logic.,3,0,It generalizes life planning beyond specific animal contexts. It is not specific to everyday tasks.,4,It warns against assuming outcomes before they occur.,"['fact', 'physical', 'figure of speech', 'normative', 'knowledge', 'abstract']",inception/mercury-2.5
Honesty is the best policy.,1,It is testable as a hypothesis about social success. It is not purely subjective opinion.,2,1,It relates to biological trust and social survival mechanisms. It is not a constructed rule.,2,0,It treats morality as a strategy or policy choice. It is not plain literal truth.,3,0,It judges honesty as the morally superior choice. It contrasts with descriptive scientific statements.,4,1,It asserts a causal claim about social interactions. It is not a logical proof.,3,0,It implies broad societal regularities beyond immediate experience. It is not about specific daily interactions.,4,It claims truth-telling yields better long-term outcomes.,"['fact', 'physical', 'figure of speech', 'normative', 'knowledge', 'abstract']",inception/mercury-2.5
Actions speak louder than words.,1,It describes a psychological tendency in human judgment. It is not merely an opinion.,3,1,It relies on observable physical behaviors. It is not a social construct.,3,0,It uses personification to describe behavioral evidence. It is not literal audio volume.,4,0,It values behavior over speech as a standard for judgment. It is not a neutral description.,4,1,It reflects observation on human interpretation of signals. It is not a reasoning conclusion.,3,0,It generalizes how humans assess intent broadly. It is not about specific daily talks.,4,It claims behaviors show truth more clearly than speech.,"['fact', 'physical', 'figure of speech', 'normative', 'knowledge', 'abstract']",inception/mercury-2.5
Better late than never.,1,It describes a verifiable psychological benefit of completion. It is not subjective whim.,3,1,It relates to the physical reality of task completion. It is not a social construct.,3,0,It uses a concise idiom for timing preferences. It is not ordinary language.,3,0,It judges a timing preference as better. It contrasts with positive observations.,4,1,It implies observation about value satisfaction from completion. It is not a logical derivation.,3,0,It generalizes life timing principles broadly. It is not limited to specific instances.,4,It values delayed completion over total failure.,"['fact', 'physical', 'figure of speech', 'normative', 'knowledge', 'abstract']",inception/mercury-2.5
Birds of a feather flock together.,1,It reflects a testable psychological homophily principle. It is not an opinion.,4,1,It references natural biological group behavior. It is not purely a human rule.,3,0,It uses animal behavior as a metaphor for human sociality. It is not literal bird observation.,4,0,It implies a social convention about belonging. It is not strictly a descriptive rule.,3,1,It claims a general observation about social clustering. It is not logical deduction.,3,0,It generalizes social dynamics across contexts. It is not about a single encounter.,4,It observes people associate with similar individuals.,"['fact', 'physical', 'figure of speech', 'normative', 'knowledge', 'abstract']",inception/mercury-2.5
Fools rush in where angels fear to tread.,1,It describes a verifiable psychological pattern. It is not a subjective wish.,3,1,It refers to consequences of physical action. It is not a social construct.,2,0,It uses contrast to describe risk assessment. It is not literal angel interaction.,4,0,It prescribes cautious behavior for wise people. It is not a scientific law.,4,1,It claims observation about human risk-taking. It is not a logical conclusion.,3,0,It generalizes wisdom principles beyond specific cases. It is not limited to everyday choices.,4,It warns against ignorant risk-taking.,"['fact', 'physical', 'figure of speech', 'normative', 'knowledge', 'abstract']",inception/mercury-2.5
You reap what you sow.,1,It describes a testable agricultural causal principle. It is not an opinion.,4,1,It relates to plant biology principles. It is not a social rule.,3,0,It uses farming to describe life consequences. It is not literal planting.,4,0,It implies moral judgment on cause-effect justice. It is not neutral observation.,4,1,It claims observation of causality in nature. It is not logical inference.,3,0,It generalizes life causality beyond farms. It is not about specific daily labor.,4,It claims actions have proportional consequences.,"['fact', 'physical', 'figure of speech', 'normative', 'knowledge', 'abstract']",inception/mercury-2.5
Time heals all wounds.,1,It claims a verifiable neurobiological trend. It is not a subjective feeling.,3,1,It refers to biological tissue regeneration. It is not a social construct.,2,0,It personifies time as a healer. It is not literal medical treatment.,4,0,It prescribes patience as a coping virtue. It is not a physical law.,3,1,It reflects observation on recovery psychology. It is not logical reasoning.,3,0,It generalizes across pain types broadly. It is not limited to daily hurts.,4,It claims pain eventually diminishes.,"['fact', 'physical', 'figure of speech', 'normative', 'knowledge', 'abstract']",inception/mercury-2.5
Don't cry over spilt milk.,1,It describes a verifiable psychological tendency. It is not subjective whim.,3,1,It refers to a physical impossibility of reversal. It is not a social rule.,3,0,It uses a domestic metaphor for irreversible losses. It is not literal dairy loss.,4,0,It prescribes emotional self-control regarding past events. It is not a factual statement.,4,1,It reflects observation on human emotional responses. It is not a logical proof.,3,0,It generalizes life resilience principles. It is not specific to household chores.,4,It advises against regret for irreversible past events.,"['fact', 'physical', 'figure of speech', 'normative', 'knowledge', 'abstract']",inception/mercury-2.5
Rome wasn't built in a day.,1,It is a testable claim about complexity. It is not an opinion.,3,1,It relies on material labor constraints. It is not a social construct.,3,0,It uses a historical fact metaphorically for any task. It is not literal architecture.,4,0,It advises patience as the correct behavior. It is not a description of history.,4,1,It claims observation about project timelines. It is not a logical deduction.,3,0,It generalizes time scales to all projects. It is not limited to buildings.,4,It warns against expecting instant complex results.,"['fact', 'physical', 'figure of speech', 'normative', 'knowledge', 'abstract']",inception/mercury-2.5
Still waters run deep.,1,It describes a verifiable psychological correlation. It is not a subjective guess.,3,1,It references physical fluid dynamics principles. It is not a social construct.,3,0,It uses hydrodynamics as a metaphor. It is not literal water study.,4,0,It implies value on internal substance. It is not a scientific observation.,3,1,It reflects observation on human demeanor. It is not logical reasoning.,3,0,It generalizes human depth broadly. It is not limited to specific people.,4,It suggests calm people hide depth.,"['fact', 'physical', 'figure of speech', 'normative', 'knowledge', 'abstract']",inception/mercury-2.5
Good things come to those who wait.,1,It describes a testable behavioral pattern. It is not an opinion.,3,1,It relies on natural timing principles. It is not a social rule.,2,0,It personifies outcomes rewarding waiters. It is not literal commerce.,3,0,It prescribes patience as the correct virtue. It is not an empirical claim.,4,1,It claims observation of cause-effect in life. It is not a logical proof.,3,0,It generalizes life success conditions. It is not limited to daily waiting.,4,It claims patience leads to rewards.,"['fact', 'physical', 'figure of speech', 'normative', 'knowledge', 'abstract']",inception/mercury-2.5
Blood is thicker than water.,1,It claims a verifiable social norm. It is not purely subjective whim.,3,1,It uses biological fluid as metaphor. It is not primarily about physical properties.,2,0,It uses fluid comparison as a metaphor. It is not literal fluid density.,4,0,It prescribes familial loyalty as priority. It is not a scientific law.,4,1,It claims observation on social bond strength. It is not a logical proof.,3,0,It generalizes kinship principles broadly. It is not limited to daily encounters.,4,It claims family ties bind stronger than others.,"['fact', 'physical', 'figure of speech', 'normative', 'knowledge', 'abstract']",inception/mercury-2.5
Every cloud has a silver lining.,1,It describes a testable psychological phenomenon. It is not an opinion.,3,1,It references physical optics metaphorically. It is not a social construct.,2,0,It uses meteorological imagery for hope. It is not literal weather analysis.,4,0,It prescribes optimism as the correct view. It is not a descriptive statement.,4,1,It claims observation of human experience. It is not logical inference.,3,0,It generalizes life optimism broadly. It is not limited to specific incidents.,4,It asserts every bad situation has a good aspect.,"['fact', 'physical', 'figure of speech', 'normative', 'knowledge', 'abstract']",inception/mercury-2.5
"Out of sight, out of mind.",1,It describes a verifiable psychological principle. It is not a subjective wish.,4,1,It refers to biological memory retention. It is not a social rule.,4,0,It uses spatial metaphor for memory. It is not literal vision.,4,0,It implies how we should value distant things. It is not strictly a rule.,3,1,It reflects observation on memory decay. It is not logical proof.,4,0,It generalizes forgetting principles broadly. It is not limited to specific people.,4,It claims distant things are forgotten.,"['fact', 'physical', 'figure of speech', 'normative', 'knowledge', 'abstract']",inception/mercury-2.5
The pen is mightier than the sword.,1,It describes a testable historical pattern. It is not an opinion.,3,1,It references physical object strength. It is not a social construct.,2,0,It uses tools as metaphor for ideas. It is not literal weapon comparison.,4,0,It prescribes peaceful communication as superior. It is not a description of wars.,4,1,It claims observation on societal change. It is not logical reasoning.,3,0,It generalizes power dynamics broadly. It is not limited to daily conflicts.,4,It claims words change things more than force.,"['fact', 'physical', 'figure of speech', 'normative', 'knowledge', 'abstract']",inception/mercury-2.5
Practice makes perfect.,1,It describes a testable neurological principle. It is not an opinion.,4,1,It relies on physical motor memory. It is not a social construct.,4,0,It uses concise idiom for learning. It is not ordinary language.,3,0,It prescribes repetition as the correct path. It is not a scientific law.,4,1,It claims observation of learning processes. It is not logical deduction.,3,0,It generalizes skill acquisition broadly. It is not limited to daily tasks.,4,It claims repetition improves performance.,"['fact', 'physical', 'figure of speech', 'normative', 'knowledge', 'abstract']",inception/mercury-2.5
Haste makes waste.,1,It describes a verifiable productivity principle. It is not an opinion.,4,1,It refers to physical work efficiency. It is not a social rule.,3,0,It uses concise alliteration for effect. It is not literal language.,3,0,It advises caution as proper behavior. It is not a description of speed.,4,1,It claims observation on efficiency. It is not logical proof.,3,0,It generalizes quality-time tradeoffs. It is not limited to specific work.,4,It claims rushing causes errors.,"['fact', 'physical', 'figure of speech', 'normative', 'knowledge', 'abstract']",inception/mercury-2.5
Don't bite the hand that feeds you.,1,It describes a verifiable social pattern. It is not subjective whim.,3,1,It references physical bodily action. It is not a social construct.,2,0,It uses animal imagery metaphorically. It is not literal feeding.,4,0,It prescribes gratitude as proper behavior. It is not a scientific description.,4,1,It claims observation on human reciprocity. It is not logical derivation.,3,0,It generalizes dependency principles broadly. It is not limited to daily acts.,4,It warns against harming your supporters.,"['fact', 'physical', 'figure of speech', 'normative', 'knowledge', 'abstract']",inception/mercury-2.5
Water freezes at zero degrees Celsius under standard pressure.,1,It can be demonstrated true or false independently of opinion.,4,1,It refers to objective natural laws measurable by science.,4,1,It uses plain words without metaphor or idioms.,4,1,It describes an empirical regularity without prescribing values or norms.,4,1,It states an observation about the world rather than a logical conclusion.,4,0,It describes a general regularity beyond specific individual daily experiences.,4,This reflects a basic physical property of water known generally.,"['fact', 'physical', 'literal language', 'positive', 'knowledge', 'abstract']",inception/mercury-2.5
Gravity pulls all objects toward the center of Earth.,1,This claim can be tested and verified scientifically.,4,1,It refers to objective physical mechanics of the world.,4,1,The language is straightforward and literal.,4,1,It describes a natural force without suggesting what should happen.,4,1,It is a direct observation about how matter behaves.,4,0,It states a universal rule rather than a specific event.,4,This is a fundamental physical law understood by most people.,"['fact', 'physical', 'literal language', 'positive', 'knowledge', 'abstract']",inception/mercury-2.5
Humans require oxygen to sustain biological life processes.,1,This is objectively verifiable through biological testing.,4,1,It refers to objective biological and chemical rules.,4,1,Words are used in their standard literal meaning.,4,1,It states a biological requirement without making value judgments.,4,1,It reflects an observation about human physiology.,4,0,It describes a general biological rule for all humans.,4,This is basic biological knowledge about human survival needs.,"['fact', 'physical', 'literal language', 'positive', 'knowledge', 'abstract']",inception/mercury-2.5
Fire produces heat and light when it burns.,1,One can measure heat and light output from fire.,4,1,It refers to objective thermodynamic and optical properties.,4,1,The statement is literal with no figurative language.,4,1,It describes an effect without implying it is good or bad.,4,1,It is an observation of combustion properties.,4,0,It applies generally to fire rather than a specific instance.,4,This describes a common physical reaction observed everywhere.,"['fact', 'physical', 'literal language', 'positive', 'knowledge', 'abstract']",inception/mercury-2.5
Metals expand when heated and contract when cooled.,1,This can be demonstrated experimentally and measured.,4,1,It refers to objective thermal expansion laws.,4,1,The text is plain and literal.,4,1,It describes thermal behavior without prescribing actions.,4,1,It is an observation about material behavior.,4,0,It states a general principle applicable to all metals.,4,This is a known physical property of metallic materials.,"['fact', 'physical', 'literal language', 'positive', 'knowledge', 'abstract']",inception/mercury-2.5
Sound travels faster through solids than through air.,1,Speed of sound can be measured in different media.,4,1,It refers to objective wave propagation rules.,4,1,No metaphors are used in this sentence.,4,1,It states a physical comparison without value judgments.,4,1,It is an observation about sound properties.,4,0,It expresses a general law rather than a specific event.,4,This is a basic acoustic fact known in physics.,"['fact', 'physical', 'literal language', 'positive', 'knowledge', 'abstract']",inception/mercury-2.5
Plants require sunlight to perform photosynthesis effectively.,1,This process is scientifically documented and measurable.,4,1,It refers to objective biological energy processes.,4,1,Words mean exactly what they say.,4,1,It describes a need without suggesting moral obligation.,4,1,It reflects observation of plant physiology.,4,0,It states a general rule for plant life.,4,This is a biological rule understood from school science.,"['fact', 'physical', 'literal language', 'positive', 'knowledge', 'abstract']",inception/mercury-2.5
Ice melts into liquid water when temperatures rise.,1,Melting point is measurable and objective.,4,1,It refers to objective thermodynamic phase rules.,4,1,Language is literal and straightforward.,4,1,It describes a physical transition without normative claims.,4,1,It is an observation about water states.,4,0,It describes a general phase change principle.,4,This reflects a standard phase change property of water.,"['fact', 'physical', 'literal language', 'positive', 'knowledge', 'abstract']",inception/mercury-2.5
Electricity flows through conductors like copper wires easily.,1,Electrical conductivity is objective and testable.,4,1,It refers to objective electromagnetic laws.,4,1,The text is literal without metaphors.,4,1,It describes electrical properties without moral judgment.,4,1,It is an observation of how circuits work.,4,0,It states a general property of electricity.,4,This is a standard electrical principle taught in physics.,"['fact', 'physical', 'literal language', 'positive', 'knowledge', 'abstract']",inception/mercury-2.5
All living organisms need water to survive.,1,This can be verified by examining living species.,4,1,It refers to objective biological requirements.,4,1,The language is direct and literal.,4,1,It states a biological need without prescribing behavior.,4,1,It is an observation of life requirements.,4,0,It generalizes across all living things universally.,4,This is a biological necessity known generally in science.,"['fact', 'physical', 'literal language', 'positive', 'knowledge', 'abstract']",inception/mercury-2.5
The moon orbits around the Earth periodically.,1,Orbital mechanics can be measured precisely.,4,1,It refers to objective gravitational motion rules.,4,1,It uses literal descriptive terms.,4,1,It describes a celestial motion without opinion.,4,1,It is an observation of celestial mechanics.,4,0,It states a general astronomical rule rather than a specific instance.,4,This is a basic astronomical fact known by many.,"['fact', 'physical', 'literal language', 'positive', 'knowledge', 'abstract']",inception/mercury-2.5
Light travels faster than sound in the atmosphere.,1,Speed differences are measurable scientifically.,4,1,It refers to objective physics laws regarding propagation.,4,1,No figures of speech are used here.,4,1,It compares physical speeds without value judgments.,4,1,It is an observation of wave speeds.,4,0,It expresses a general law of physics.,4,This explains why lightning is seen before thunder is heard.,"['fact', 'physical', 'literal language', 'positive', 'knowledge', 'abstract']",inception/mercury-2.5
Blood flows through veins and arteries in the body.,1,Circulation is objectively verified through medical observation.,4,1,It refers to objective physical movement in biology.,4,1,The text is literal and direct.,4,1,It describes a biological process without prescription.,4,1,It is an observation of human anatomy.,4,0,It states a general rule of human physiology.,4,This is a basic anatomical fact about human circulation.,"['fact', 'physical', 'literal language', 'positive', 'knowledge', 'abstract']",inception/mercury-2.5
Rain falls from clouds when water droplets grow heavy.,1,Precipitation is measurable and observable physically.,4,1,It refers to objective gravitational and atmospheric rules.,4,1,Language is literal and clear.,4,1,It describes a weather process objectively.,4,1,It is an observation of weather systems.,4,0,It describes a general meteorological principle.,4,This explains the physical process of precipitation.,"['fact', 'physical', 'literal language', 'positive', 'knowledge', 'abstract']",inception/mercury-2.5
Rocks sink in water because they are denser.,1,Density and buoyancy are objectively measurable.,4,1,It refers to objective density and buoyancy rules.,4,1,The words are used literally.,4,1,It states a physical cause objectively.,4,1,It is an observation of material properties.,4,0,It generalizes about material behavior in fluids.,4,This describes a physical rule regarding buoyancy.,"['fact', 'physical', 'literal language', 'positive', 'knowledge', 'abstract']",inception/mercury-2.5
Stars emit light and heat due to nuclear fusion.,1,Stellar physics is scientifically verifiable.,4,1,It refers to objective nuclear and electromagnetic rules.,4,1,It uses plain scientific terms.,4,1,It describes stellar processes without normative claims.,4,1,It is an observation of stellar properties.,4,0,It states a general law applicable to stars.,4,This is a basic astronomical fact about star energy.,"['fact', 'physical', 'literal language', 'positive', 'knowledge', 'abstract']",inception/mercury-2.5
Digestion breaks down food into nutrients for the body.,1,Digestion processes are medically verifiable.,4,1,It refers to objective biological chemical rules.,4,1,The text is literal and plain.,4,1,It describes a bodily function without judgment.,4,1,It is an observation of human physiology.,4,0,It states a general rule of digestion for the body.,4,This is a biological process understood in health contexts.,"['fact', 'physical', 'literal language', 'positive', 'knowledge', 'abstract']",inception/mercury-2.5
Tides rise and fall due to lunar gravitational pull.,1,Tides and gravity are objectively measurable.,4,1,It refers to objective gravitational and fluid rules.,4,1,No metaphors are used here.,4,1,It states a natural phenomenon objectively.,4,1,It is an observation of ocean dynamics.,4,0,It expresses a general physical law.,4,This describes the physical cause of ocean tides.,"['fact', 'physical', 'literal language', 'positive', 'knowledge', 'abstract']",inception/mercury-2.5
Bacteria multiply rapidly in warm and moist environments.,1,Microbial growth rates are scientifically verifiable.,4,1,It refers to objective biological growth conditions.,4,1,Language is clear and literal.,4,1,It describes growth patterns without moral judgment.,4,1,It is an observation of bacterial behavior.,4,0,It states a general rule for bacterial growth.,4,This is a biological principle taught in microbiology.,"['fact', 'physical', 'literal language', 'positive', 'knowledge', 'abstract']",inception/mercury-2.5
Shadows form when an object blocks a light source.,1,Shadows are observable and explainable by physics.,4,1,It refers to objective optics and light rules.,4,1,Words are used without idioms.,4,1,It describes a causal relationship objectively.,4,1,It is an observation of visual phenomena.,4,0,It states a general optical principle.,4,This is a common physical phenomenon explained in science.,"['fact', 'physical', 'literal language', 'positive', 'knowledge', 'abstract']",inception/mercury-2.5
Hurting others physically causes pain and is generally considered bad.,0,It reflects a subjective belief about badness. I am confident as this cannot be scientifically proven.,3,1,"It mentions pain, a physiological response. I am confident as this relies on biology.",3,1,"It uses plain words without metaphors, so it is literal. I am confident because it contains no idioms.",4,0,It judges hurting others as bad. I am confident because it expresses a value.,4,1,It references an observation about bodily effects. I am confident as this describes world facts.,4,0,"It generalizes beyond specific events. I am confident as it describes a rule, not an event.",3,It links physical harm to a moral judgment.,"['opinion', 'physical', 'literal language', 'normative', 'knowledge', 'abstract']",inception/mercury-2.5
Stealing property hurts owners and is socially condemned as wrong.,0,Wrongness is a matter of moral view. I am confident this is not an objective fact.,3,1,It implies loss of physical property. I am confident it relates to tangible goods.,2,1,It states facts plainly without figures of speech. I am confident there are no metaphors.,4,0,It judges stealing as wrong. I am confident as it states a value judgment.,4,1,It describes a causal social observation. I am confident it refers to world dynamics.,4,0,It generalizes a social norm rather than a case. I am confident it applies universally.,3,It connects an action to social and physical consequences.,"['opinion', 'physical', 'literal language', 'normative', 'knowledge', 'abstract']",inception/mercury-2.5
Most humans prefer being treated kindly rather than harshly.,0,Preferences are subjective experiences. I am confident this cannot be strictly proven for all.,3,1,It mentions human physiology via behavior. I am confident it relies on biology.,2,1,It uses direct language to describe preferences. I am confident there is no symbolism.,4,0,It implies a value on kind treatment. I am confident it suggests a preferred social state.,2,1,It states an observation about human behavior. I am confident it reflects empirical trends.,4,0,It refers to a general human regularity. I am confident it is not about one person.,4,It generalizes about human nature and social preferences.,"['opinion', 'physical', 'literal language', 'normative', 'knowledge', 'abstract']",inception/mercury-2.5
Lying to friends can break trust and hurts relationships.,0,Value on trust is subjective. I am confident this is not universally agreed.,3,1,It mentions relationships as tangible entities. I am confident it treats them as concrete.,2,1,It uses ordinary words to describe cause and effect. I am confident it is not figurative.,4,0,It implies lying is negative for bonds. I am confident it values trust.,2,1,It describes social outcomes. I am confident it reflects common observations.,4,0,It refers to a recurring social pattern. I am confident it is a regularity.,3,It links a social action to tangible consequences.,"['opinion', 'physical', 'literal language', 'normative', 'knowledge', 'abstract']",inception/mercury-2.5
Children need food and water to survive and grow healthily.,0,Growing healthily is a value. I am confident 'healthily' introduces a subjective standard.,2,1,It cites biological needs. I am confident this is objectively physical.,4,1,It uses direct terms for needs. I am confident there are no metaphors.,4,0,It implies a duty to provide needs. I am confident it suggests a normative requirement.,2,1,It refers to biological requirements. I am confident it is based on facts.,4,0,It generalizes across all children. I am confident it describes a universal regularity.,4,It states a biological necessity with general applicability.,"['opinion', 'physical', 'literal language', 'normative', 'knowledge', 'abstract']",inception/mercury-2.5
Killing someone ends their life and is morally prohibited everywhere.,0,Morality is subjective. I am confident the claim is not objectively provable.,3,1,It references ending life. I am confident this relates to biological function.,3,1,It describes an action and outcome directly. I am confident it is not a metaphor.,4,0,It states prohibition based on morals. I am confident it is a value judgment.,4,1,It states biological and social outcomes. I am confident it reflects world observations.,4,0,It claims universal prohibition. I am confident this generalizes beyond individual experience.,3,It links a physical act to a universal moral norm.,"['opinion', 'physical', 'literal language', 'normative', 'knowledge', 'abstract']",inception/mercury-2.5
People feel better when they are respected by others.,0,Feelings are subjective. I am confident this is not an objective fact.,3,1,"It mentions feeling, a physical state. I am confident it relates to physiology.",2,1,It states a feeling plainly. I am confident there are no idioms.,4,0,It implies respect is good. I am confident it values a certain interaction.,2,1,It describes common human responses. I am confident it reflects social reality.,4,0,It refers to a general tendency. I am confident it is not about a specific case.,3,It describes a subjective state linked to social interaction.,"['opinion', 'physical', 'literal language', 'normative', 'knowledge', 'abstract']",inception/mercury-2.5
Breaking promises often leads to disappointment and lost trust.,0,Disappointment is subjective. I am confident this depends on personal feelings.,3,1,It mentions trust as something tangible. I am confident it treats it as a resource.,2,1,It describes outcomes directly. I am confident it uses plain language.,4,0,It suggests breaking promises is negative. I am confident it implies a value judgment.,2,1,It observes social patterns. I am confident this describes empirical regularities.,4,0,It refers to general consequences. I am confident it is not a single event.,3,It connects an action to emotional consequences.,"['opinion', 'physical', 'literal language', 'normative', 'knowledge', 'abstract']",inception/mercury-2.5
Violence typically solves problems less effectively than talking does.,0,Effectiveness is judged by values. I am confident this is not objectively measurable.,3,1,It mentions problems as tangible. I am confident it relates to real world outcomes.,2,1,It states a comparison directly. I am confident there are no metaphors.,4,0,It judges violence less effective. I am confident it implies preference for talking.,2,1,It refers to problem-solving outcomes. I am confident it reflects observations.,4,0,It refers to typical problem-solving. I am confident it generalizes beyond cases.,3,It judges methods of solving problems.,"['opinion', 'physical', 'literal language', 'normative', 'knowledge', 'abstract']",inception/mercury-2.5
Helping those in need is seen as virtuous by many.,0,Virtue is subjective. I am confident this cannot be objectively proven.,3,1,It refers to physical need. I am confident it relies on physical needs.,3,1,It uses direct descriptive terms. I am confident it is literal.,4,0,It calls helping virtuous. I am confident it is a value judgment.,4,1,It observes social opinion. I am confident it reflects cultural patterns.,4,0,It refers to general perception. I am confident this is not about one person.,3,It states a social perception of an action.,"['opinion', 'physical', 'literal language', 'normative', 'knowledge', 'abstract']",inception/mercury-2.5
Physical pain is usually something people try to avoid.,0,Avoidance is a subjective preference. I am confident this is not a fact for everyone.,2,1,It describes physiological pain. I am confident this is an objective physical feature.,4,1,It names sensation and action plainly. I am confident it is not symbolic.,4,0,It implies avoidance is preferred. I am confident it suggests a norm.,2,1,It states a behavior observation. I am confident it reflects reality.,4,0,It refers to general human action. I am confident it is a regularity.,4,It links a physical sensation to behavior.,"['opinion', 'physical', 'literal language', 'normative', 'knowledge', 'abstract']",inception/mercury-2.5
Trust is valuable but easily damaged by dishonest actions.,0,Value is subjective. I am confident this cannot be objectively proven.,3,1,It mentions actions as physical. I am confident it treats them as real.,2,1,It describes a state directly. I am confident there are no metaphors.,4,0,It calls trust valuable. I am confident it expresses a judgment.,4,1,It refers to relationship dynamics. I am confident it reflects social facts.,4,0,It refers to general dynamics. I am confident this is not about one pair.,3,It assigns value to a social state.,"['opinion', 'physical', 'literal language', 'normative', 'knowledge', 'abstract']",inception/mercury-2.5
Humans naturally seek social connection to feel complete.,0,Feelings are subjective. I am confident completeness is a matter of view.,3,1,It mentions human behavior. I am confident this relates to physical nature.,2,1,It uses direct terms for needs. I am confident it is literal.,4,0,It implies connection is good. I am confident it values social bonds.,2,1,It states a human drive. I am confident it reflects biological reality.,4,0,It refers to all humans. I am confident it is a general regularity.,4,It generalizes human nature and needs.,"['opinion', 'physical', 'literal language', 'normative', 'knowledge', 'abstract']",inception/mercury-2.5
Excessive noise can disturb sleep and harm mental health.,0,Health judgments are subjective. I am confident harm level varies.,2,1,It mentions sound and body. I am confident this is an objective feature.,4,1,It describes effects directly. I am confident there are no metaphors.,4,0,It implies noise is bad. I am confident it suggests a preference for quiet.,2,1,It states environmental facts. I am confident it is scientifically true.,4,0,It refers to general consequences. I am confident it is not specific to one room.,3,It connects a physical stimulus to a consequence.,"['opinion', 'physical', 'literal language', 'normative', 'knowledge', 'abstract']",inception/mercury-2.5
Sharing resources among friends strengthens bonds and reduces conflict.,0,Bonds are subjective. I am confident this depends on individual feeling.,3,1,It mentions resources and conflict. I am confident it relates to physical reality.,3,1,It uses direct terms for relations. I am confident it is literal.,4,0,It implies sharing is positive. I am confident it suggests a value.,2,1,It refers to social patterns. I am confident it reflects common facts.,4,0,It refers to general outcomes. I am confident this is not about one case.,3,It links an action to social outcomes.,"['opinion', 'physical', 'literal language', 'normative', 'knowledge', 'abstract']",inception/mercury-2.5
Public speaking causes anxiety for many but not all people.,0,Anxiety is subjective. I am confident this is not objectively measurable.,3,1,It mentions bodily responses. I am confident this relates to physiology.,3,1,It describes effects directly. I am confident there are no metaphors.,4,0,It implies anxiety is negative. I am confident it suggests a judgment.,2,1,It states psychological facts. I am confident it reflects observations.,4,0,It refers to many people. I am confident this is a general regularity.,4,It links an activity to subjective feelings.,"['opinion', 'physical', 'literal language', 'normative', 'knowledge', 'abstract']",inception/mercury-2.5
Respecting elders is a common norm in many cultures.,0,Norms are subjective. I am confident this is not universal.,3,1,It mentions people and elders. I am confident this relates to humans.,2,1,It uses direct terms for norms. I am confident it is literal.,4,0,It states it is a norm. I am confident it expresses a value.,4,1,It refers to social facts. I am confident it reflects real cultures.,4,0,It refers to general norms. I am confident it is not one person's view.,4,It states a social rule with physical grounding.,"['opinion', 'physical', 'literal language', 'normative', 'knowledge', 'abstract']",inception/mercury-2.5
Clean water is essential for health and should be shared.,0,Should implies a subjective judgment. I am confident this is not a physical law.,3,1,It refers to biological needs. I am confident this is objective.,4,1,It describes water directly. I am confident there are no metaphors.,4,0,It states water should be shared. I am confident it expresses a judgment.,4,1,It refers to health facts. I am confident it reflects biology.,4,0,It refers to general health. I am confident this is a universal regularity.,4,It links a physical need to a value.,"['opinion', 'physical', 'literal language', 'normative', 'knowledge', 'abstract']",inception/mercury-2.5
Ignoring emergencies often leads to worse outcomes than acting.,0,Outcomes are judged by values. I am confident this is not objective.,2,1,It mentions outcomes in real world. I am confident this relates to physical events.,3,1,It uses direct terms for actions. I am confident it is literal.,4,0,It implies acting is preferred. I am confident it suggests a value.,2,1,It states causal observation. I am confident it reflects reality.,4,0,It refers to general outcomes. I am confident this is not a specific case.,3,It generalizes a behavioral consequence.,"['opinion', 'physical', 'literal language', 'normative', 'knowledge', 'abstract']",inception/mercury-2.5
Kindness can change a mood and costs very little.,0,Kindness is subjective. I am confident this is not objective.,3,1,It mentions cost as physical. I am confident it relates to resources.,2,1,It uses direct terms. I am confident there are no metaphors.,4,0,It implies kindness is good. I am confident it suggests a value.,2,1,It states an observation. I am confident it reflects facts.,4,0,It refers to general moods. I am confident this is a regularity.,3,It links a social action to an emotional consequence.,"['opinion', 'physical', 'literal language', 'normative', 'knowledge', 'abstract']",inception/mercury-2.5
Birds of a feather flock together.,0,It is a subjective view not objectively provable as fact.,4,0,It describes human relationships rather than natural physical laws.,4,0,It uses a metaphor about birds to describe people.,4,1,It states a behavioral regularity rather than a moral rule.,3,1,It presents an observation about human grouping rather than logic.,4,0,It generalizes social patterns beyond specific individual encounters.,4,This common proverb reflects the social intuition that similar people associate.,"['opinion', 'social', 'figure of speech', 'positive', 'knowledge', 'abstract']",inception/mercury-2.5
A friend to all is a friend to none.,0,It reflects a debatable belief about social value.,4,0,It governs human social roles rather than biological laws.,4,0,It uses parallelism and contrast to make an aphorism.,4,1,It states a social regularity rather than a normative duty.,3,1,It claims an observation about loyalty rather than logical deduction.,4,0,It draws a general conclusion about friendship dynamics beyond experience.,4,This saying captures the belief that universal friendships dilute quality.,"['opinion', 'social', 'figure of speech', 'positive', 'knowledge', 'abstract']",inception/mercury-2.5
Money cannot buy happiness.,0,It is subjective and varies by individual perspective.,4,0,It concerns human values and emotions rather than physics.,4,0,It uses personification of money acquiring abstract feelings.,3,1,It asserts an empirical claim about cause and effect.,3,1,It states an observation about life rather than pure reasoning.,4,0,It generalizes the link between wealth and emotion broadly.,4,This phrase expresses the common belief wealth does not ensure joy.,"['opinion', 'social', 'figure of speech', 'positive', 'knowledge', 'abstract']",inception/mercury-2.5
"Power corrupts, absolute power corrupts absolutely.",0,It is a debated political belief not universally provable.,4,0,It describes human governance and behavior rather than nature.,4,0,It uses repetition and hyperbole for emphasis.,4,1,It posits a causal regularity in leadership behaviors.,3,1,It presents a claim about psychology rather than logical inference.,4,0,It generalizes a psychological trend beyond specific cases.,4,This aphorism suggests authority negatively affects human behavior inevitably.,"['opinion', 'social', 'figure of speech', 'positive', 'knowledge', 'abstract']",inception/mercury-2.5
Opposites attract in relationships.,0,It is a subjective preference not objectively verified.,4,0,It deals with human connection rather than physical forces.,4,0,It uses a physical term for a social dynamic.,4,1,It states a behavioral pattern rather than a social norm.,3,1,It offers an observation about love rather than logical proof.,4,0,It abstracts attraction principles beyond specific individual experiences.,4,This belief suggests contrasting personalities often pair together romantically.,"['opinion', 'social', 'figure of speech', 'positive', 'knowledge', 'abstract']",inception/mercury-2.5
What goes around comes around.,0,It is a belief in justice not empirically guaranteed.,4,0,It relies on social norms rather than natural laws.,4,0,It uses circular imagery as a metaphor for karma.,4,1,It claims a universal reciprocity rather than a moral rule.,3,1,It asserts a social truth rather than deductive reasoning.,4,0,It generalizes consequences over long timeframes beyond daily life.,4,This idiom implies karma or reciprocal justice in social behavior.,"['opinion', 'social', 'figure of speech', 'positive', 'knowledge', 'abstract']",inception/mercury-2.5
Silence is golden when words hurt.,0,It is a subjective valuation of silence.,4,0,It regulates human interaction rather than physical phenomena.,4,0,It uses color metaphor to denote high value.,4,1,It states a regularity about communication impact rather than duty.,3,1,It asserts an observation about human emotion and speech.,4,0,It generalizes about value of silence beyond specific moments.,4,This statement values quietness over harmful speech in conflict.,"['opinion', 'social', 'figure of speech', 'positive', 'knowledge', 'abstract']",inception/mercury-2.5
Beauty is only skin deep.,0,It is a subjective preference about what matters.,4,0,It discusses human perception and values rather than biology.,4,0,It uses spatial metaphor to describe abstract value.,4,1,It states a fact about appearance rather than a value judgment.,3,1,It asserts an observation about nature rather than reasoning.,4,0,It generalizes about depth of character beyond surface looks.,4,This proverb teaches that looks are superficial to real value.,"['opinion', 'social', 'figure of speech', 'positive', 'knowledge', 'abstract']",inception/mercury-2.5
Actions speak louder than words.,0,It is a subjective belief about trustworthiness.,4,0,It concerns human interaction norms rather than physics.,4,0,It gives voice to inanimate actions via metaphor.,4,1,It states a behavioral regularity rather than a moral command.,3,1,It claims an observation about human reliability rather than logic.,4,0,It generalizes about communication reliability beyond specific instances.,4,This idiom suggests deeds demonstrate truth better than speech.,"['opinion', 'social', 'figure of speech', 'positive', 'knowledge', 'abstract']",inception/mercury-2.5
Better late than never.,0,It is subjective and varies by context or culture.,4,0,It reflects human expectations of punctuality and completion.,4,0,It uses comparative phrasing for a proverb.,4,1,It claims a preference regularity rather than a moral rule.,3,1,It asserts a practical conclusion about productivity.,4,0,It generalizes about time management beyond specific daily encounters.,4,This saying values eventual completion over delay in tasks.,"['opinion', 'social', 'figure of speech', 'positive', 'knowledge', 'abstract']",inception/mercury-2.5
Too many cooks spoil the broth.,0,It is debatable and varies by team context.,4,0,It concerns human teamwork rather than chemical reactions.,4,0,It uses cooking as a metaphor for cooperation.,4,1,It claims a regularity about group dynamics rather than duty.,3,1,It states an observation about work outcomes not logic.,4,0,It generalizes management principles beyond specific kitchens.,4,This idiom warns that excess collaboration harms group projects.,"['opinion', 'social', 'figure of speech', 'positive', 'knowledge', 'abstract']",inception/mercury-2.5
The early bird catches the worm.,0,It is a subjective belief on effort and reward.,4,0,It guides human behavior rather than natural law.,4,0,It uses animal imagery as a metaphor.,4,1,It posits a regularity about timing success.,3,1,It offers an observation about competition rather than logic.,4,0,It generalizes timing advantages beyond daily routines.,4,This proverb states early action leads to better results.,"['opinion', 'social', 'figure of speech', 'positive', 'knowledge', 'abstract']",inception/mercury-2.5
Pride comes before a fall.,0,It is subjective and varies by context.,4,0,It discusses human traits rather than physical mechanics.,4,0,It uses physical fall to describe metaphorical failure.,4,1,It asserts a causal regularity in behavior outcomes.,3,1,It claims an observation about psychology rather than deduction.,4,0,It generalizes consequences of emotions beyond specific cases.,4,This proverb suggests arrogance leads to eventual failure.,"['opinion', 'social', 'figure of speech', 'positive', 'knowledge', 'abstract']",inception/mercury-2.5
A rolling stone gathers no moss.,0,It is a subjective view on stability vs mobility.,4,0,It concerns human living patterns rather than botany.,4,0,It uses nature metaphor to describe social choices.,4,1,It states a regularity about activity consequences rather than norms.,3,1,It offers a conclusion about life patterns not logic.,4,0,It generalizes lifestyle outcomes beyond specific personal experiences.,4,This proverb implies constant movement prevents stability or growth.,"['opinion', 'social', 'figure of speech', 'positive', 'knowledge', 'abstract']",inception/mercury-2.5
Don't count your chickens before they hatch.,0,It is a debatable advice on optimism levels.,4,0,It guides human planning rather than agricultural biology.,4,0,It uses agricultural scenario to illustrate abstract planning.,4,1,It states a practical regularity rather than a moral command.,3,1,It claims an observation about expectations rather than deduction.,4,0,It generalizes risk management beyond specific farming events.,4,This idiom warns against assuming success before it happens.,"['opinion', 'social', 'figure of speech', 'positive', 'knowledge', 'abstract']",inception/mercury-2.5
The pen is mightier than the sword.,0,It is a subjective valuation of communication impact.,4,0,It concerns political power and rhetoric rather than physics.,4,0,It uses personification and comparison for abstract concepts.,4,1,It states a causal regularity about influence rather than norm.,3,1,It asserts an observation about influence rather than logic.,4,0,It generalizes about power dynamics beyond physical violence.,4,This saying claims words have more power than force.,"['opinion', 'social', 'figure of speech', 'positive', 'knowledge', 'abstract']",inception/mercury-2.5
Love is blind to human flaws.,0,It is a subjective description of affectionate bias.,4,0,It addresses human connection rather than biological vision.,4,0,It uses literal blindness to describe metaphorical perception.,4,1,It states a regularity about perception rather than a norm.,3,1,It offers an observation about psychology rather than reasoning.,4,0,It generalizes emotional states beyond specific relationships.,4,This metaphor suggests affection obscures critical perception.,"['opinion', 'social', 'figure of speech', 'positive', 'knowledge', 'abstract']",inception/mercury-2.5
Still waters run deep.,0,It is a subjective stereotype rather than fact.,4,0,It concerns human perception rather than hydrology.,4,0,It uses water metaphor to describe personality depth.,4,1,It posits a behavioral regularity rather than a moral rule.,3,1,It asserts an observation about character rather than logic.,4,0,It generalizes personality types beyond everyday specific instances.,4,This phrase suggests quiet people have complex inner lives.,"['opinion', 'social', 'figure of speech', 'positive', 'knowledge', 'abstract']",inception/mercury-2.5
Honesty is the best policy.,0,It is a debatable ethical belief.,4,0,It concerns social norms rather than natural rules.,4,0,It uses superlative phrasing for an aphorism.,4,1,It states an empirical claim about outcomes rather than duty.,3,1,It asserts an observation about trust rather than pure reasoning.,4,0,It generalizes moral utility beyond everyday honest interactions.,4,This aphorism suggests truthfulness yields better long-term results.,"['opinion', 'social', 'figure of speech', 'positive', 'knowledge', 'abstract']",inception/mercury-2.5
The grass is always greener elsewhere.,0,It is subjective and varies by personal view.,4,0,It concerns human comparison rather than botany.,4,0,It uses color metaphor to describe desire for alternatives.,4,1,It posits a regularity about perception rather than a value.,3,1,It offers an observation about desire rather than logic.,4,0,It generalizes about dissatisfaction beyond specific places.,4,This proverb states others' situations seem better than our own.,"['opinion', 'social', 'figure of speech', 'positive', 'knowledge', 'abstract']",inception/mercury-2.5
Boiling water usually hurts skin on contact.,0,Usually implies a subjective generalization that could vary by person or context.,3,1,It describes a biological and thermodynamic phenomenon measurable in the real world.,4,1,It uses plain words without metaphor or idiomatic expression.,4,1,It describes a physical regularity without judging if it is good.,4,1,It states an observation about physical interactions rather than a logical conclusion.,4,0,It generalizes across many instances rather than describing one specific event.,4,People generally know hot water causes pain from daily experience.,"['opinion', 'physical', 'literal language', 'positive', 'knowledge', 'abstract']",inception/mercury-2.5
Dark clouds often mean rain is coming soon.,0,Often suggests a probabilistic judgment that cannot be guaranteed in every case.,3,1,It refers to atmospheric physics and meteorological events.,4,1,It states the observation directly without metaphor or embellishment.,4,1,It describes an empirical correlation between cloud appearance and weather.,4,1,It reflects a learned observation about the world rather than reasoning.,4,0,It infers a future regularity from a single visual cue.,4,People associate dark clouds with rain based on past weather observations.,"['opinion', 'physical', 'literal language', 'positive', 'knowledge', 'abstract']",inception/mercury-2.5
Sleeping enough makes people feel refreshed next day.,0,Makes feel introduces subjective perception which might not be true for everyone.,3,1,It relates to human biology and physiological recovery processes.,4,1,It uses ordinary words to state the effect plainly.,4,1,It states a cause-effect relationship about biological states.,4,1,It summarizes a common biological observation rather than a deduction.,4,0,It generalizes across different people rather than a specific individual.,4,Everyone knows rest restores energy levels for daily activities.,"['opinion', 'physical', 'literal language', 'positive', 'knowledge', 'abstract']",inception/mercury-2.5
Heavy cars take longer to stop quickly.,0,Quickly is relative and subjective to how fast the driver expects to stop.,2,1,It refers to mechanics and inertia which are objective physical properties.,4,1,It says exactly what happens using standard terms.,4,1,It describes a physical law without suggesting one action over another.,4,1,It is an observed fact about vehicle dynamics not derived by pure logic.,4,0,It generalizes a physics principle to all heavy cars generally.,4,Heavier vehicles have more momentum and need more distance to stop.,"['opinion', 'physical', 'literal language', 'positive', 'knowledge', 'abstract']",inception/mercury-2.5
Eating too much candy can cause tooth decay.,0,Can cause introduces a probabilistic judgment open to debate on specifics.,3,1,It relates to chemistry and human biology.,4,1,It uses ordinary medical language without metaphors.,4,1,It states a biological consequence rather than a moral rule.,4,1,It reflects a common medical observation rather than abstract reasoning.,4,0,It generalizes across dietary habits to a medical outcome.,4,Many people believe sugar damages teeth based on health advice.,"['opinion', 'physical', 'literal language', 'positive', 'knowledge', 'abstract']",inception/mercury-2.5
Sunlight warms metal surfaces in the afternoon.,0,In the afternoon is a generalization that might vary by latitude.,2,1,It refers to thermodynamics and material properties.,4,1,It plainly states the warming effect.,4,1,It describes a physical state change descriptively.,4,1,It states an observation about heat transfer directly.,4,0,It generalizes a regularity rather than a single instance.,4,Metal feels hot in sun due to heat absorption.,"['opinion', 'physical', 'literal language', 'positive', 'knowledge', 'abstract']",inception/mercury-2.5
Most people find cold showers uncomfortable initially.,0,Uncomfortable is a subjective feeling that varies between individuals.,3,1,It relates to thermal sensation and biology.,4,1,It uses plain terms to describe the sensation.,4,1,It states an empirical observation about human reaction.,4,1,It is based on collective human observation of sensation.,4,0,It summarizes a widespread reaction rather than a specific event.,4,Cold temperatures often feel unpleasant on human skin at first.,"['opinion', 'physical', 'literal language', 'positive', 'knowledge', 'abstract']",inception/mercury-2.5
Loud noises often startle nearby sleeping animals.,0,Often implies generalization that might not hold for all species.,3,1,It refers to auditory physics and biology.,4,1,It speaks plainly of noise and sleep.,4,1,It describes a biological reaction without judging the noise.,4,1,It captures an observed response in animals.,4,0,It generalizes behavior across animals generally.,4,Sudden loud sounds typically disturb sleeping creatures.,"['opinion', 'physical', 'literal language', 'positive', 'knowledge', 'abstract']",inception/mercury-2.5
Waking early helps some people stay productive.,0,Helps stay productive is subjective and varies by person.,3,1,It relates to human physiology and time.,3,1,It states the idea directly without metaphor.,4,1,It states a claimed effect rather than a command.,4,1,It claims a causal link based on experience.,3,0,It generalizes about routines and outcomes.,4,Some believe rising with the sun improves daily efficiency.,"['opinion', 'physical', 'literal language', 'positive', 'knowledge', 'abstract']",inception/mercury-2.5
Running on pavement feels harder than on grass.,0,Feels harder is subjective and may vary by person.,3,1,It relates to friction and biomechanics.,4,1,It uses ordinary terms to compare effort.,4,1,It compares physical exertion descriptively.,4,1,It reflects common experience of physical activity.,4,0,It generalizes across surfaces and runners.,4,People know hard surfaces require more effort to run on.,"['opinion', 'physical', 'literal language', 'positive', 'knowledge', 'abstract']",inception/mercury-2.5
Dry weather helps wood burn easier in fires.,0,Easier is relative and subjective to experience.,3,1,It refers to thermodynamics and chemistry.,4,1,It uses standard terms for fire and weather.,4,1,It describes a combustion condition descriptively.,4,1,It is an observation about combustion chemistry.,4,0,It generalizes a chemical regularity about weather.,4,Moisture prevents burning so dry wood ignites fast.,"['opinion', 'physical', 'literal language', 'positive', 'knowledge', 'abstract']",inception/mercury-2.5
Strong winds can make walking outside difficult.,0,Difficult is subjective depending on individual balance.,3,1,It relates to aerodynamics and biomechanics.,4,1,It uses normal language to describe motion.,4,1,It states a physical effect descriptively.,4,1,It reflects experience with external physical force.,4,0,It generalizes across windy conditions.,4,Many have felt resistance when walking in storms.,"['opinion', 'physical', 'literal language', 'positive', 'knowledge', 'abstract']",inception/mercury-2.5
Drinking warm liquids usually soothes sore throats.,0,Soothes is a subjective experience that varies.,3,1,It relates to physiology and thermodynamics.,4,1,It uses plain words for remedy and pain.,4,1,It describes a physical effect descriptively.,4,1,It states a common medicinal observation.,4,0,It generalizes a symptom relief pattern.,4,People often claim warm water relieves throat pain.,"['opinion', 'physical', 'literal language', 'positive', 'knowledge', 'abstract']",inception/mercury-2.5
Bright lights tend to make pupils shrink quickly.,0,Tend to implies generalization that might vary.,3,1,It relates to optics and anatomy.,4,1,It uses direct scientific terms plainly.,4,1,It describes a biological reflex descriptively.,4,1,It states an observed physiological response.,4,0,It generalizes across eyes and light intensity.,4,The eyes react instinctively to sudden light.,"['opinion', 'physical', 'literal language', 'positive', 'knowledge', 'abstract']",inception/mercury-2.5
Worn shoes lose grip on wet floors.,0,Worn is subjective to how much wear has happened.,3,1,It relates to friction and material science.,4,1,It uses normal terms for shoes and floor.,4,1,It describes a physical change descriptively.,4,1,It states an observation about friction.,4,0,It generalizes a wear effect regularly.,4,Old soles get slippery when water is present.,"['opinion', 'physical', 'literal language', 'positive', 'knowledge', 'abstract']",inception/mercury-2.5
Sleeping in dark rooms helps people fall asleep faster.,0,Helps is a subjective claim varying by person.,3,1,It relates to biology and environment.,4,1,It uses plain terms for conditions.,4,1,It describes a physical influence descriptively.,4,1,It states a common sleep observation.,4,0,It generalizes about environmental conditions.,4,Many believe darkness signals the body to sleep.,"['opinion', 'physical', 'literal language', 'positive', 'knowledge', 'abstract']",inception/mercury-2.5
High altitude air feels thinner for most lungs.,0,Feels thinner is subjective sensory experience.,3,1,It relates to physics and biology.,4,1,It uses ordinary words for sensation.,4,1,It describes a physical condition descriptively.,4,1,It states a known respiratory observation.,4,0,It generalizes a physiological reaction to location.,4,People notice breathing is harder up high.,"['opinion', 'physical', 'literal language', 'positive', 'knowledge', 'abstract']",inception/mercury-2.5
Hot soup can scald tongues if eaten fast.,0,If eaten fast is subjective timing choice.,3,1,It relates to thermodynamics and biology.,4,1,It uses direct terms for food.,4,1,It describes a physical consequence descriptively.,4,1,It reflects common food safety observation.,4,0,It generalizes heat transfer patterns.,4,Liquids transfer heat to skin on contact.,"['opinion', 'physical', 'literal language', 'positive', 'knowledge', 'abstract']",inception/mercury-2.5
Exercise increases heart rate in most healthy adults.,0,Most allows for exceptions making it a generalization.,3,1,It relates to biology and chemistry.,4,1,It uses plain medical terms.,4,1,It describes a biological change descriptively.,4,1,It states a standard physiological observation.,4,0,It generalizes across healthy human population.,4,Physical activity makes hearts beat faster temporarily.,"['opinion', 'physical', 'literal language', 'positive', 'knowledge', 'abstract']",inception/mercury-2.5
Frost forms on surfaces when air is freezing.,0,Freezing is subjective to thermometer definition.,2,1,It relates to thermodynamics and matter.,4,1,It uses plain terms for weather.,4,1,It describes a weather phenomenon descriptively.,4,1,It states an observation about precipitation.,4,0,It generalizes a chemical pattern.,4,Cold air leaves ice on objects outdoors.,"['opinion', 'physical', 'literal language', 'positive', 'knowledge', 'abstract']",inception/mercury-2.5
Driving on the right side of the road is required in many countries.,1,Country specific laws can be verified independently as true or false. It is confident 4.,4,0,Traffic laws are created by human governments to organize transport. It is confident 4.,4,1,It states a rule directly without using metaphor or symbolic language. It is confident 4.,4,0,"It describes a requirement, which is a social rule or norm. It is confident 3.",3,1,It provides an observation about how transportation systems generally operate. It is confident 4.,4,0,"It applies to many countries generally, not just a specific trip. It is confident 4.",4,This reflects a universal traffic norm known through travel or news.,"['fact', 'social', 'literal language', 'normative', 'knowledge', 'abstract']",inception/mercury-2.5
People usually wait in line to buy tickets at a store.,1,It describes an observable regularity in retail transactions that is checkable. It is confident 3.,3,0,Queuing is a social convention for fairness in shared spaces. It is confident 4.,4,1,It states the behavior plainly without metaphor or embellishment. It is confident 4.,4,0,The word usually implies a customary expectation or norm for behavior. It is confident 3.,3,1,It describes a common behavior in consumer contexts observed in the world. It is confident 4.,4,0,It refers to a general habit rather than a specific event. It is confident 4.,4,This socializes a shared expectation of order in public queues.,"['fact', 'social', 'literal language', 'normative', 'knowledge', 'abstract']",inception/mercury-2.5
Stealing property is generally considered wrong by most societies.,1,Societal beliefs are measurable through surveys and historical records. It is confident 3.,3,0,Societies define theft and morality through shared cultural agreement. It is confident 4.,4,1,It means exactly what it says without metaphor. It is confident 4.,4,0,Wrong is a value judgment implying a moral prohibition or norm. It is confident 4.,4,1,It describes a widespread social belief about property and ethics. It is confident 4.,4,0,"It applies to societies globally, not just personal feelings. It is confident 4.",4,This reflects a shared moral judgment across different cultural groups.,"['fact', 'social', 'literal language', 'normative', 'knowledge', 'abstract']",inception/mercury-2.5
It is customary to say thank you when receiving a gift.,1,Cultural norms are observable through repeated behavior in communities. It is confident 3.,3,0,Gifting rituals and politeness rules are constructed by humans. It is confident 4.,4,1,The text describes a direct action without symbolic language. It is confident 4.,4,0,Customary implies a standard expected behavior in social situations. It is confident 4.,4,1,It provides an observation about social interaction standards. It is confident 4.,4,0,"It refers to a general social rule, not one instance. It is confident 4.",4,This norm ensures polite interactions in daily interpersonal exchanges.,"['fact', 'social', 'literal language', 'normative', 'knowledge', 'abstract']",inception/mercury-2.5
Violating a serious contract can lead to legal consequences.,1,Legal outcomes for breaches are documented in laws. It is confident 4.,4,0,Contracts are human-made agreements governed by legal systems. It is confident 4.,4,1,It uses standard terms to describe the situation. It is confident 4.,4,0,It highlights the enforcement of rules binding parties together. It is confident 3.,3,1,It states a known result of failing legal commitments. It is confident 4.,4,0,"It generalizes about contracts, not a single specific one. It is confident 4.",4,This explains the typical outcome of breaking business agreements.,"['fact', 'social', 'literal language', 'normative', 'knowledge', 'abstract']",inception/mercury-2.5
Children are expected to attend school until a certain age.,1,Compulsory attendance laws can be verified through government records. It is confident 4.,4,0,Schooling rules are created by communities for child development. It is confident 4.,4,1,It clearly states the rule for children without metaphor. It is confident 4.,4,0,Expected indicates a social obligation or legal duty here. It is confident 4.,4,1,It describes a common social expectation regarding child education. It is confident 4.,4,0,"It refers to a general law, not one child. It is confident 4.",4,This reflects the compulsory education rules in many regions.,"['fact', 'social', 'literal language', 'normative', 'knowledge', 'abstract']",inception/mercury-2.5
Public spaces generally prohibit smoking due to health norms.,1,No smoking signs and ordinances are observable in public spaces. It is confident 4.,4,0,Health norms and public regulations are human social constructs. It is confident 4.,4,1,It states the restriction plainly without metaphor. It is confident 4.,4,0,Prohibit signals a formal restriction or rule on conduct. It is confident 4.,4,1,It notes a common regulation found in many cities. It is confident 4.,4,0,It describes a general rule applying to many spaces. It is confident 4.,4,This norm protects others in shared indoor environments.,"['fact', 'social', 'literal language', 'normative', 'knowledge', 'abstract']",inception/mercury-2.5
Respecting elders is a valued tradition in many cultures.,1,Cultural traditions can be identified and verified by anthropologists. It is confident 3.,3,0,Traditions and values are constructed within social groups. It is confident 4.,4,1,It uses plain language to describe a custom. It is confident 4.,4,0,Valued implies a cultural norm regarding how to treat others. It is confident 4.,4,1,It describes a widespread pattern of social behavior. It is confident 4.,4,0,"It refers to cultures broadly, not a specific individual. It is confident 4.",4,This highlights a shared social value regarding seniority.,"['fact', 'social', 'literal language', 'normative', 'knowledge', 'abstract']",inception/mercury-2.5
Falsifying official documents is punishable by legal authorities.,1,Laws on document fraud are public and verifiable. It is confident 4.,4,0,Official documents and legal authorities are human creations. It is confident 4.,4,1,It states the legal consequence directly. It is confident 4.,4,0,Punishable implies an enforcement mechanism for social rules. It is confident 4.,4,1,It states a known consequence of forging papers. It is confident 4.,4,0,"It applies generally to documents, not just one. It is confident 4.",4,This norm maintains integrity in bureaucratic and legal systems.,"['fact', 'social', 'literal language', 'normative', 'knowledge', 'abstract']",inception/mercury-2.5
Shaking hands is a common greeting in Western business settings.,1,Business practices are observable in professional environments. It is confident 4.,4,0,Greeting customs are constructed by cultural and business groups. It is confident 4.,4,1,It describes an action literally without metaphor. It is confident 4.,4,0,Common implies a social standard for appropriate behavior. It is confident 4.,4,1,It identifies a typical interaction pattern in business. It is confident 4.,4,0,"It applies to Western settings generally, not a single meeting. It is confident 4.",4,This reflects a widely accepted custom for introductions.,"['fact', 'social', 'literal language', 'normative', 'knowledge', 'abstract']",inception/mercury-2.5
Employers typically require employees to follow workplace safety rules.,1,Company policies and labor laws are verifiable public records. It is confident 4.,4,0,Workplace rules and safety standards are established by organizations. It is confident 4.,4,1,It states the requirement clearly without symbolic words. It is confident 4.,4,0,Require implies a mandatory condition of employment. It is confident 4.,4,1,It states a general requirement in professional environments. It is confident 4.,4,0,"It refers to employers generally, not a specific company. It is confident 4.",4,This norm ensures protection for workers in daily tasks.,"['fact', 'social', 'literal language', 'normative', 'knowledge', 'abstract']",inception/mercury-2.5
It is standard protocol to introduce yourself when meeting new people.,1,Social behaviors are observable through interpersonal interactions. It is confident 3.,3,0,Meeting norms are established through socialization over time. It is confident 4.,4,1,It describes a straightforward action without metaphor. It is confident 4.,4,0,Standard protocol implies an expected social conduct. It is confident 4.,4,1,It describes a typical expectation in social encounters. It is confident 4.,4,0,"It applies to new people generally, not specific names. It is confident 4.",4,This rule facilitates social connection in unfamiliar contexts.,"['fact', 'social', 'literal language', 'normative', 'knowledge', 'abstract']",inception/mercury-2.5
Tax evasion is prohibited under most national laws.,1,National laws can be verified through official government publications. It is confident 4.,4,0,Laws and taxes are human-created economic systems. It is confident 4.,4,1,It states the legal status directly. It is confident 4.,4,0,Prohibited shows a legal judgment against the behavior. It is confident 4.,4,1,It provides a general observation about national legal systems. It is confident 4.,4,0,"It applies to most nations generally, not one country. It is confident 4.",4,This reflects a widespread legal norm against unpaid taxes.,"['fact', 'social', 'literal language', 'normative', 'knowledge', 'abstract']",inception/mercury-2.5
Communities expect members to respect private property rights.,1,Expectations are evident in community behavior and rules. It is confident 3.,3,0,Property rights and community expectations are human constructs. It is confident 4.,4,1,It uses plain terms to describe an expectation. It is confident 4.,4,0,Expect indicates a social norm or rule for members. It is confident 4.,4,1,It states a general understanding of social boundaries. It is confident 4.,4,0,"It refers to communities generally, not one instance. It is confident 4.",4,This expectation defines social boundaries in shared environments.,"['fact', 'social', 'literal language', 'normative', 'knowledge', 'abstract']",inception/mercury-2.5
Medical professionals maintain patient confidentiality as a standard practice.,1,Professional ethics codes are public and verifiable. It is confident 4.,4,0,Professional codes and practices are created by institutions. It is confident 4.,4,1,It describes the practice clearly without metaphor. It is confident 4.,4,0,Standard practice implies a professional rule for doctors. It is confident 4.,4,1,It states a known obligation for medical providers. It is confident 4.,4,0,"It applies to professionals broadly, not one doctor. It is confident 4.",4,This norm ensures trust between healthcare providers and clients.,"['fact', 'social', 'literal language', 'normative', 'knowledge', 'abstract']",inception/mercury-2.5
Selling alcohol to minors is legally restricted in many places.,1,Regulations are written laws verifiable in public codes. It is confident 4.,4,0,"Regulations on minors are human laws, not biological. It is confident 4.",4,1,It describes the restriction directly. It is confident 4.,4,0,Restricted implies legal and social limits on behavior. It is confident 4.,4,1,It describes a known limitation in alcohol sales. It is confident 4.,4,0,"It applies to places generally, not a specific shop. It is confident 4.",4,This reflects legal rules regarding age and consumption.,"['fact', 'social', 'literal language', 'normative', 'knowledge', 'abstract']",inception/mercury-2.5
It is common courtesy to knock before entering a private room.,1,Common customs are observable in household interactions. It is confident 3.,3,0,Politeness rules are conventions for coexisting peacefully. It is confident 4.,4,1,It states the expected action without metaphor. It is confident 4.,4,0,Courtesy implies a social expectation for polite conduct. It is confident 4.,4,1,It describes a typical social expectation for entering rooms. It is confident 4.,4,0,"It refers to private rooms generally, not one room. It is confident 4.",4,This norm respects individual privacy in shared living.,"['fact', 'social', 'literal language', 'normative', 'knowledge', 'abstract']",inception/mercury-2.5
Universities require students to submit original work for grades.,1,University policies can be verified through official student handbooks. It is confident 4.,4,0,Academic policies are created by educational institutions. It is confident 4.,4,1,It states the condition clearly without metaphor. It is confident 4.,4,0,Require establishes an academic standard for student submissions. It is confident 4.,4,1,It describes a general requirement in higher education. It is confident 4.,4,0,It applies to students at universities generally. It is confident 4.,4,This norm ensures integrity in academic assessment systems.,"['fact', 'social', 'literal language', 'normative', 'knowledge', 'abstract']",inception/mercury-2.5
Political leaders are elected to represent citizens in government.,1,Governance structures can be observed through government records. It is confident 4.,4,0,Governance and elections are constructed political systems. It is confident 4.,4,1,It states the purpose clearly without metaphor. It is confident 4.,4,0,Represent indicates a function or obligation of office. It is confident 3.,3,1,It describes a general structure in modern politics. It is confident 4.,4,0,"It applies to governments generally, not a single election. It is confident 4.",4,This reflects a democratic norm regarding governance structures.,"['fact', 'social', 'literal language', 'normative', 'knowledge', 'abstract']",inception/mercury-2.5
Actions speak louder than words.,1,"While treated as truth, it cannot be scientifically tested; it is not a hard fact.",2,0,It reflects human communication norms; it is not a law of physics.,4,0,It uses a metaphor comparing speech to sound; it is not literal language.,4,1,It describes a behavioral regularity; it does not prescribe moral rules.,4,1,It observes human behavior regarding integrity; I am confident it contrasts with pure reasoning.,4,0,It generalizes across many situations; it is not derived from a single immediate experience.,4,This common idiom reflects the understanding that deeds reveal true intent more than promises.,"['fact', 'social', 'figure of speech', 'positive', 'knowledge', 'abstract']",inception/mercury-2.5
Blood is thicker than water.,1,It is a generalization subject to debate; it is not an objective fact.,2,0,It concerns human family structures; it is not a natural phenomenon.,4,0,It uses a metaphor for biological relation; it is not literal language.,4,1,It describes a common belief about bonds; it is not a value judgment.,4,1,It observes human relationship prioritization; it is an observation rather than logic.,4,0,It summarizes social trends over time; it is not purely experiential.,4,This phrase suggests family bonds are stronger than other relationships in life.,"['fact', 'social', 'figure of speech', 'positive', 'knowledge', 'abstract']",inception/mercury-2.5
Time heals all wounds.,1,"It is a generalization, not empirically provable; it is not a strict fact.",2,0,It relates to human emotional coping; it is not physical biology.,4,0,It uses a metaphor regarding healing; it is not literal language.,4,1,It states a perceived natural regularity; it is not a moral rule.,4,1,It observes a psychological process; it is distinct from formal logic.,4,0,It abstracts many recovery stories; it is not about a single instance.,4,This proverb asserts that emotional pain lessens as time passes for most people.,"['fact', 'social', 'figure of speech', 'positive', 'knowledge', 'abstract']",inception/mercury-2.5
Birds of a feather flock together.,1,It is a general rule of thumb; it is not a scientifically verified fact.,2,0,It concerns human group formation; it is not a physical law.,4,0,It uses a metaphor of birds; it is not literal language.,4,1,It describes how groups form; it is not a norm about who to choose.,4,1,It observes human social patterns; it is descriptive knowledge rather than reason.,4,0,It identifies broad social tendencies; it is not limited to specific daily events.,4,This idiom explains that people often seek relationships with others like themselves.,"['fact', 'social', 'figure of speech', 'positive', 'knowledge', 'abstract']",inception/mercury-2.5
The early bird catches the worm.,1,It is a proverb not a law; it is not demonstrable like a physical fact.,2,0,It concerns human effort and reward; it is not biological fact.,4,0,It uses a metaphor of animals; it is not literal language.,4,1,It describes a common outcome; it is not a duty or obligation.,4,1,It observes success dynamics; it is knowledge not derived from abstract logic.,4,0,It generalizes success strategy; it is not about a single morning event.,4,This phrase suggests that acting early increases chances of success.,"['fact', 'social', 'figure of speech', 'positive', 'knowledge', 'abstract']",inception/mercury-2.5
Money doesn't grow on trees.,1,It is literally true but metaphorically used; it remains factual in spirit.,3,0,It concerns human economic behavior; it is not physical science.,4,0,It uses a hyperbole about nature; it is not literal language.,4,1,It describes a factual state of economy; it is not moral advice.,4,1,It observes economic reality; it is empirical knowledge not logic.,4,0,It conveys a general economic principle; it is not just personal experience.,4,This idiom reminds that resources are finite and must be earned.,"['fact', 'social', 'figure of speech', 'positive', 'knowledge', 'abstract']",inception/mercury-2.5
Every cloud has a silver lining.,1,It is not a verifiable claim; it is an opinionated generalization.,2,0,It reflects cultural attitudes; it is not a physical feature.,4,0,It uses a metaphor for hope; it is not literal language.,4,1,It describes a common outlook; it is not a rule of conduct.,4,1,It observes human optimism patterns; it is knowledge about mindset.,4,0,It generalizes across all hardships; it is not about a specific event.,4,This metaphor claims even difficult situations have some positive aspect.,"['fact', 'social', 'figure of speech', 'positive', 'knowledge', 'abstract']",inception/mercury-2.5
Rome wasn't built in a day.,1,It references historical reality; it is factual rather than opinionated.,4,0,It applies to human work; it is not purely natural.,4,0,It uses historical metaphor; it is not literal language about buildings.,4,1,It describes a regularity of effort; it is not a requirement.,4,1,It observes historical facts regarding time; it is empirical knowledge.,4,0,It applies to all projects; it is not about construction alone.,4,This phrase teaches that complex tasks take time and patience.,"['fact', 'social', 'figure of speech', 'positive', 'knowledge', 'abstract']",inception/mercury-2.5
You catch more flies with honey than vinegar.,1,"It is a generalization, not a scientific law; it lacks strict verification.",2,0,It concerns human relations; it is not a biological fact.,4,0,It uses a metaphor of insects; it is not literal language.,4,1,It describes behavioral outcomes; it is not a command.,4,1,It observes persuasion strategies; it is knowledge of influence.,4,0,It summarizes social interactions; it is not limited to literal flies.,4,This idiom states kindness persuades others better than anger does.,"['fact', 'social', 'figure of speech', 'positive', 'knowledge', 'abstract']",inception/mercury-2.5
It takes a village to raise a child.,1,It is widely accepted but subjective; it is not an objective fact.,2,0,It reflects community dynamics; it is not natural science.,4,0,It uses a metaphor of place; it is not literal language.,4,1,It describes common practice; it is not a moral obligation.,4,1,It observes social dependency; it is knowledge not derived from deduction.,4,0,It generalizes parenting needs; it is not about one family.,4,This statement emphasizes the need for community support in parenting.,"['fact', 'social', 'figure of speech', 'positive', 'knowledge', 'abstract']",inception/mercury-2.5
Necessity is the mother of invention.,1,It is a generalization; it is not strictly proven for all cases.,2,0,It concerns human behavior; it is not purely physical.,4,0,It uses a metaphor of parentage; it is not literal language.,4,1,It describes a real pattern; it is not a rule.,4,1,It observes cause-effect in innovation; it is knowledge not logic.,4,0,It explains trends across history; it is not specific daily events.,4,This phrase suggests that need drives creativity and innovation.,"['fact', 'social', 'figure of speech', 'positive', 'knowledge', 'abstract']",inception/mercury-2.5
What goes around comes around.,1,It is subjective; it is not an objective fact.,2,0,It concerns social behavior; it is not physical physics.,4,0,It uses metaphor of movement; it is not literal language.,4,1,It describes a perceived regularity; it is not a prescription.,4,1,It observes karma or justice; it is knowledge not formal reasoning.,4,0,It summarizes moral cause and effect; it is not specific to one act.,4,This idiom implies that actions eventually lead to consequences.,"['fact', 'social', 'figure of speech', 'positive', 'knowledge', 'abstract']",inception/mercury-2.5
Too many cooks spoil the broth.,1,It is a general truth but not scientifically verified.,2,0,It concerns human group work; it is not physical.,4,0,It uses cooking as metaphor; it is not literal language.,4,1,It describes common social issues; it is not a rule.,4,1,It observes collaboration dynamics; it is practical knowledge.,4,0,It generalizes about group work; it is not specific to soup.,4,This idiom warns that too many people working together can ruin a task.,"['fact', 'social', 'figure of speech', 'positive', 'knowledge', 'abstract']",inception/mercury-2.5
Better late than never.,1,It is a subjective value; it is not an objective fact.,2,0,It concerns social interaction timing; it is not physical.,4,0,It is an idiom not a literal statement.,3,1,It describes a preference; it is not a strict norm.,4,1,It assesses value of time; it is knowledge not pure logic.,4,0,It generalizes timing values; it is not about one event.,4,This phrase suggests arriving late is preferable to not arriving at all.,"['fact', 'social', 'figure of speech', 'positive', 'knowledge', 'abstract']",inception/mercury-2.5
Absence makes the heart grow fonder.,1,It is an emotional generalization; it is not an objective fact.,2,0,It concerns human bonds; it is not physical science.,4,0,It uses a metaphor of growth; it is not literal language.,4,1,It states a common belief; it is not a command.,4,1,It observes psychological effects; it is knowledge not reasoning.,4,0,It summarizes emotional trends; it is not about a specific person.,4,This saying suggests distance increases affection between people.,"['fact', 'social', 'figure of speech', 'positive', 'knowledge', 'abstract']",inception/mercury-2.5
Pride goes before a fall.,1,It is not a law of nature; it is not strictly verifiable.,2,0,It concerns human behavior; it is not physical mechanics.,4,0,It uses a metaphor of height; it is not literal language.,4,1,It describes a regularity; it is not a moral rule.,4,1,It observes cause-effect of ego; it is empirical knowledge.,4,0,It applies to many scenarios; it is not about one fall.,4,This proverb warns that overconfidence often leads to failure.,"['fact', 'social', 'figure of speech', 'positive', 'knowledge', 'abstract']",inception/mercury-2.5
Don't count your chickens before they hatch.,1,It is a general caution; it is not strictly verifiable.,2,0,It concerns decision making; it is not natural science.,4,0,It uses metaphor of animals; it is not literal language.,4,1,It describes common human tendencies; it is not a rule.,4,1,It observes planning realities; it is knowledge not abstract reasoning.,4,0,It applies to all expectations; it is not about livestock.,4,This warning suggests not assuming success until it is secured.,"['fact', 'social', 'figure of speech', 'positive', 'knowledge', 'abstract']",inception/mercury-2.5
The pen is mightier than the sword.,1,It is historically debatable; it is not a strict objective fact.,2,0,It concerns human politics; it is not a natural feature.,4,0,It uses metaphor of objects; it is not literal language.,4,1,It states a perceived regularity; it is not a value judgment.,4,1,It observes power dynamics; it is knowledge not logic.,4,0,It generalizes about influence; it is not a physical comparison.,4,This idiom suggests that words influence society more than weapons.,"['fact', 'social', 'figure of speech', 'positive', 'knowledge', 'abstract']",inception/mercury-2.5
Still waters run deep.,1,It is a generalization; it is not an objective fact.,2,0,It concerns human psychology; it is not physical science.,4,0,It uses water metaphor; it is not literal language.,4,1,It describes observed behavior; it is not a rule.,4,1,It observes personality patterns; it is knowledge not deduction.,4,0,It applies generally to humans; it is not a physical water fact.,4,This metaphor means quiet people often have complex thoughts.,"['fact', 'social', 'figure of speech', 'positive', 'knowledge', 'abstract']",inception/mercury-2.5
A friend to all is a friend to none.,1,It is a social generalization; it is not objectively verifiable.,2,0,It concerns social bonds; it is not physical.,4,0,It uses parallelism; it is not plain literal language.,4,1,It describes human social dynamics; it is not a norm.,4,1,It observes relationship limits; it is knowledge not reasoning.,4,0,It generalizes about friendship; it is not a specific case.,4,This proverb means you cannot be truly close to everyone.,"['fact', 'social', 'figure of speech', 'positive', 'knowledge', 'abstract']",inception/mercury-2.5
Don't count your chickens before they hatch.,0,"It reflects subjective wisdom about risk, not objective fact. I am confident 3 because this advice varies by personal tolerance.",3,0,"It is a culturally constructed rule for behavior. I am confident 4 because it originates from human traditions, not nature.",4,0,"It uses metaphorical chickens for unguaranteed outcomes. I am confident 4 because it is an idiom, not literal language.",4,0,It advises behavior regarding expectations and risk. I am confident 4 because it prescribes what one should do.,4,0,It concludes to delay expectation logically before risk passes. I am confident 3 because it infers risk rather than stating facts.,3,1,It applies to common planning situations in life. I am confident 4 because everyone encounters planning uncertainties in daily routines.,4,This proverb advises against premature optimism based on typical human outcomes.,"['opinion', 'social', 'figure of speech', 'normative', 'reasoning', 'everyday']",inception/mercury-2.5
A stitch in time saves nine.,0,It reflects subjective prioritization of maintenance over facts. I am confident 3 because some might prefer deferred maintenance strategies.,3,0,"It is a societal norm for responsibility and maintenance. I am confident 4 because it governs human behavior, not mechanical physics.",4,0,"It uses metaphorical stitching for repair tasks. I am confident 4 because it is an idiom, not literal language.",4,0,It advises on how one should manage time. I am confident 4 because it prescribes a moral duty to fix things.,4,0,It concludes early effort prevents greater work logically. I am confident 3 because it infers causality rather than stating physical facts.,3,1,It applies to common repairs and maintenance tasks. I am confident 4 because people often encounter small fixes daily.,4,This advice suggests immediate minor action prevents larger future effort.,"['opinion', 'social', 'figure of speech', 'normative', 'reasoning', 'everyday']",inception/mercury-2.5
Better safe than sorry.,0,It reflects subjective preference for risk aversion. I am confident 3 because risk tolerance varies across individuals objectively.,3,0,"It represents a social norm regarding safety behavior. I am confident 4 because it reflects human values, not biological laws.",4,0,"It uses hyperbolic comparison of outcomes. I am confident 3 because it is an idiom, not literal precise measurement.",3,0,It judges that caution is the right choice. I am confident 4 because it expresses a value judgment on behavior.,4,0,It concludes caution prevents negative outcomes logically. I am confident 3 because it infers a risk calculation rather than stating facts.,3,1,It applies to common decisions involving risk. I am confident 4 because people encounter safety choices in daily life.,4,This phrase prioritizes caution to avoid future regret.,"['opinion', 'social', 'figure of speech', 'normative', 'reasoning', 'everyday']",inception/mercury-2.5
Don't judge a book by its cover.,0,It reflects subjective values on fairness. I am confident 3 because judging appearance is debated across cultures.,3,0,It is a social rule against prejudice. I am confident 4 because it governs interpersonal human interactions.,4,0,"It uses metaphorical covers for superficial traits. I am confident 4 because it is an idiom, not literal text.",4,0,It judges that judging by appearance is wrong. I am confident 4 because it prescribes how to treat others.,4,0,"It concludes appearance is unreliable logically. I am confident 3 because it infers a generalization, not empirical measurement.",3,1,It applies to common encounters with strangers. I am confident 4 because people often meet new individuals daily.,4,This advises evaluating substance rather than superficial appearance.,"['opinion', 'social', 'figure of speech', 'normative', 'reasoning', 'everyday']",inception/mercury-2.5
Too many cooks spoil the broth.,0,It reflects subjective views on group dynamics. I am confident 3 because some groups work better with more people.,3,0,"It is a human rule about teamwork limits. I am confident 4 because it addresses social coordination, not chemistry.",4,0,"It uses metaphorical cooking for group work. I am confident 4 because it is an idiom, not literal cooking.",4,0,It judges that too many helpers are bad. I am confident 4 because it advises on how to organize tasks.,4,0,"It concludes excess interference causes failure logically. I am confident 3 because it infers causality, not observable measurement.",3,1,It applies to common team projects. I am confident 4 because people encounter teamwork in daily work.,4,This warns that excessive collaboration ruins a task.,"['opinion', 'social', 'figure of speech', 'normative', 'reasoning', 'everyday']",inception/mercury-2.5
Actions speak louder than words.,0,It reflects subjective preference for deeds. I am confident 3 because some contexts rely heavily on verbal trust.,3,0,It is a social norm for reliability. I am confident 4 because it governs trust between people.,4,0,"It uses metaphorical speaking for actions. I am confident 4 because it is an idiom, not literal sound.",4,0,It judges deeds as more important than words. I am confident 4 because it prescribes a moral priority.,4,0,"It concludes behavior shows truth logically. I am confident 3 because it infers intent, not verified data.",3,1,It applies to common promises and promises. I am confident 4 because people deal with words and deeds daily.,4,This values deeds over verbal promises.,"['opinion', 'social', 'figure of speech', 'normative', 'reasoning', 'everyday']",inception/mercury-2.5
The early bird catches the worm.,0,It reflects subjective preference for early risers. I am confident 3 because being early does not guarantee success.,3,0,It is a cultural norm valuing punctuality. I am confident 4 because it is a human belief about productivity.,4,0,"It uses metaphorical birds for ambitious people. I am confident 4 because it is an idiom, not literal biology.",4,0,It judges early start as the right choice. I am confident 4 because it advises behavior for success.,4,0,"It concludes timing affects success logically. I am confident 3 because it infers advantage from early movement, not laws.",3,1,It applies to common work and tasks. I am confident 4 because people face daily tasks requiring timing.,4,This praises early action for getting better results.,"['opinion', 'social', 'figure of speech', 'normative', 'reasoning', 'everyday']",inception/mercury-2.5
Don't put all your eggs in one basket.,0,It reflects subjective risk tolerance. I am confident 3 because some prefer concentrated investment for higher returns.,3,0,It is a social norm for financial safety. I am confident 4 because it is a human construct about planning.,4,0,"It uses metaphorical eggs for investments. I am confident 4 because it is an idiom, not literal groceries.",4,0,It advises behavior on how to distribute assets. I am confident 4 because it prescribes a value judgment.,4,0,"It concludes risk concentration causes loss logically. I am confident 3 because it infers strategy, not empirical math.",3,1,It applies to common resource management. I am confident 4 because people manage daily assets and risks.,4,This advises diversifying investments to avoid total loss.,"['opinion', 'social', 'figure of speech', 'normative', 'reasoning', 'everyday']",inception/mercury-2.5
Absence makes the heart grow fonder.,0,It reflects subjective experience on attachment. I am confident 3 because distance sometimes weakens relationships objectively.,3,0,It is a human belief about relationships. I am confident 4 because it describes social dynamics rather than physics.,4,0,"It uses metaphorical growth for feelings. I am confident 4 because it is an idiom, not literal anatomy.",4,0,It implies separation can be beneficial. I am confident 3 because it expresses a value on relationships.,3,0,"It concludes distance strengthens emotion logically. I am confident 3 because it infers psychological causality, not biological fact.",3,1,It applies to common separations and reunions. I am confident 4 because people experience distance in daily life.,4,This suggests distance increases emotional attachment.,"['opinion', 'social', 'figure of speech', 'normative', 'reasoning', 'everyday']",inception/mercury-2.5
Honesty is the best policy.,0,It reflects subjective value judgment on truth. I am confident 3 because some prioritize expediency over honesty.,3,0,It is a cultural norm about trust. I am confident 4 because it governs human interaction rules.,4,0,"It uses metaphorical policy for behavior. I am confident 4 because it is an idiom, not literal law.",4,0,It judges honesty as morally superior. I am confident 4 because it prescribes a moral right action.,4,0,"It concludes truth leads to better outcomes logically. I am confident 3 because it infers benefits, not verified stats.",3,1,It applies to common social interactions. I am confident 4 because people encounter choices to lie or tell truth daily.,4,This advocates truth telling over deception.,"['opinion', 'social', 'figure of speech', 'normative', 'reasoning', 'everyday']",inception/mercury-2.5
"If it ain't broke, don't fix it.",0,It reflects subjective value on stability. I am confident 3 because some improvement is always desirable.,3,0,It is a societal rule for work. I am confident 4 because it is a human convention for decision making.,4,0,"It uses metaphorical breaking for issues. I am confident 4 because it is an idiom, not literal mechanics.",4,0,It judges that intervention should be minimal. I am confident 4 because it prescribes a norm for action.,4,0,"It concludes fixing good systems is waste logically. I am confident 3 because it infers resource allocation, not physical necessity.",3,1,It applies to common maintenance decisions. I am confident 4 because people fix things frequently.,4,This advises avoiding unnecessary intervention.,"['opinion', 'social', 'figure of speech', 'normative', 'reasoning', 'everyday']",inception/mercury-2.5
Practice makes perfect.,0,It reflects belief that hard work pays off. I am confident 3 because perfect is subjective and relative.,3,0,It is a cultural value for work. I am confident 4 because it is a human construct on effort.,4,0,"It uses hyperbolic perfection for improvement. I am confident 4 because it is an idiom, not literal absolute.",4,0,It judges repetition as necessary for skill. I am confident 4 because it prescribes how to learn.,4,0,"It concludes repetition improves mastery logically. I am confident 3 because it infers improvement, not guaranteed results.",3,1,It applies to common skill learning. I am confident 4 because people learn skills in daily life.,4,This claims repetition improves skill.,"['opinion', 'social', 'figure of speech', 'normative', 'reasoning', 'everyday']",inception/mercury-2.5
You reap what you sow.,0,It reflects subjective belief on karma. I am confident 3 because some outcomes occur without prior actions.,3,0,It is a social rule on responsibility. I am confident 4 because it governs human accountability.,4,0,"It uses metaphorical farming for consequences. I am confident 4 because it is an idiom, not literal agriculture.",4,0,It judges actions as cause of outcomes. I am confident 4 because it prescribes responsibility for actions.,4,0,"It concludes past actions determine current results logically. I am confident 3 because it infers karma, not physics.",3,1,It applies to common life experiences. I am confident 4 because people face outcomes of daily actions.,4,This claims consequences match prior actions.,"['opinion', 'social', 'figure of speech', 'normative', 'reasoning', 'everyday']",inception/mercury-2.5
A friend in need is a friend indeed.,0,It reflects subjective view on loyalty. I am confident 3 because friendships vary beyond utility.,3,0,It is a human norm about relationships. I am confident 4 because it defines social connection,4,0,"It uses metaphorical naming for trust. I am confident 4 because it is an idiom, not literal identity.",4,0,It judges aid as the standard for friends. I am confident 4 because it prescribes how to be a friend.,4,0,"It concludes aid defines loyalty logically. I am confident 3 because it infers character, not objective truth.",3,1,It applies to common social bonds. I am confident 4 because people meet friends in daily life.,4,This defines loyalty as true friendship.,"['opinion', 'social', 'figure of speech', 'normative', 'reasoning', 'everyday']",inception/mercury-2.5
Don't look a gift horse in the mouth.,0,It reflects subjective view on politeness. I am confident 3 because checking value can be acceptable.,3,0,It is a rule for social etiquette. I am confident 4 because it is human constructed courtesy.,4,0,"It uses metaphorical horse for gifts. I am confident 4 because it is an idiom, not literal animal.",4,0,It judges that acceptance is right. I am confident 4 because it prescribes how to behave socially.,4,0,"It concludes questioning generosity is rude logically. I am confident 3 because it infers social dynamics, not biology.",3,1,It applies to common gift giving. I am confident 4 because people exchange gifts daily.,4,This advises accepting gifts without checking value.,"['opinion', 'social', 'figure of speech', 'normative', 'reasoning', 'everyday']",inception/mercury-2.5
Slow and steady wins the race.,0,It reflects subjective view on speed. I am confident 3 because speed sometimes matters more than steadiness.,3,0,It is a cultural value on diligence. I am confident 4 because it is a human work ethic rule.,4,0,"It uses metaphorical race for competition. I am confident 4 because it is an idiom, not literal sport.",4,0,It judges patience as the winning way. I am confident 4 because it prescribes values on effort.,4,0,"It concludes consistency achieves goals logically. I am confident 3 because it infers long term advantage, not physics.",3,1,It applies to common work tasks. I am confident 4 because people face tasks in daily life.,4,This praises consistency over speed.,"['opinion', 'social', 'figure of speech', 'normative', 'reasoning', 'everyday']",inception/mercury-2.5
"When in Rome, do as the Romans do.",0,It reflects subjective view on cultural assimilation. I am confident 3 because independence is also a valid choice.,3,0,It is a rule for travel etiquette. I am confident 4 because it is a human convention of social norms.,4,0,"It uses metaphorical Rome for foreign places. I am confident 4 because it is an idiom, not literal geography.",4,0,It judges that conformity is polite. I am confident 4 because it prescribes social behavior.,4,0,"It concludes adapting prevents conflict logically. I am confident 3 because it infers social harmony, not physical law.",3,1,It applies to common travel. I am confident 4 because people visit new places often.,4,This advises following local customs.,"['opinion', 'social', 'figure of speech', 'normative', 'reasoning', 'everyday']",inception/mercury-2.5
Two heads are better than one.,0,It reflects subjective value on teamwork. I am confident 3 because some problems require singular focus.,3,0,It is a social norm for cooperation. I am confident 4 because it is human rule on group dynamics.,4,0,"It uses metaphorical heads for minds. I am confident 4 because it is an idiom, not literal anatomy.",4,0,It judges collaboration as the right way. I am confident 4 because it prescribes a preferred approach.,4,0,"It concludes collaboration improves solutions logically. I am confident 3 because it infers collective intelligence, not facts.",3,1,It applies to common decisions and tasks. I am confident 4 because people work together daily.,4,This claims cooperation improves problem solving.,"['opinion', 'social', 'figure of speech', 'normative', 'reasoning', 'everyday']",inception/mercury-2.5
The grass is always greener on the other side.,0,It reflects subjective belief on desire. I am confident 3 because some contentment is genuine.,3,0,It is a human observation on envy. I am confident 4 because it addresses human social feeling.,4,0,"It uses metaphorical grass for status. I am confident 4 because it is an idiom, not literal plants.",4,0,It advises valuing what you have. I am confident 4 because it prescribes a value judgment.,4,0,"It concludes perception biases satisfaction logically. I am confident 3 because it infers psychology, not measurable reality.",3,1,It applies to common life comparisons. I am confident 4 because people compare lives daily.,4,This claims people desire what they lack.,"['opinion', 'social', 'figure of speech', 'normative', 'reasoning', 'everyday']",inception/mercury-2.5
Don't cry over spilled milk.,0,It reflects subjective view on grief. I am confident 3 because processing loss is also a valid choice.,3,0,It is a social rule for resilience. I am confident 4 because it is a human expectation on behavior.,4,0,"It uses metaphorical milk for small losses. I am confident 4 because it is an idiom, not literal dairy.",4,0,It judges that emotional acceptance is right. I am confident 4 because it prescribes how to handle errors.,4,0,"It concludes regretting past is useless logically. I am confident 3 because it infers emotion management, not facts.",3,1,It applies to common minor mistakes. I am confident 4 because people make small mistakes daily.,4,This advises accepting past mistakes.,"['opinion', 'social', 'figure of speech', 'normative', 'reasoning', 'everyday']",inception/mercury-2.5
Fear freezes muscles like ice freezes liquid water.,0,Subjective interpretation that emotional fear truly causes freezing.,3,1,Describes objective bodily mechanics compared to material physics.,4,0,Uses a simile to compare emotional state to physical phenomenon.,4,1,Describes a descriptive correlation not a moral judgment.,4,1,Describes an observed physiological reaction not a logical deduction.,3,0,Generalizes a physiological regularity beyond specific instances.,3,Common human experience links physical stress to stiffness.,"['opinion', 'physical', 'figure of speech', 'positive', 'knowledge', 'abstract']",inception/mercury-2.5
Heat expands materials like breath warms cold air.,0,Subjective generalization about typical behavior of materials.,3,1,Refers to measurable physical laws of thermodynamics.,4,0,Uses a simile to illustrate thermal effects.,3,1,Describes a regularity rather than a social norm.,4,1,Refers to a common thermal observation not inference.,4,0,Refers to regularities not tied to a single event.,3,General understanding of thermal expansion principles.,"['opinion', 'physical', 'figure of speech', 'positive', 'knowledge', 'abstract']",inception/mercury-2.5
Pain signals danger like smoke warns of fire.,0,Interprets biological signal as universal warning mechanism.,3,1,Relates to physical nerve and chemical signaling.,4,0,Uses simile to connect biological signal to environmental cue.,4,1,States what happens not what should happen.,4,1,Observes purpose of pain not logically deduced.,3,0,Describes a general principle of biology.,3,Biological function of pain is to warn.,"['opinion', 'physical', 'figure of speech', 'positive', 'knowledge', 'abstract']",inception/mercury-2.5
Gravity pulls objects down just like magnets attract metal.,0,Subjective comparison of physical forces.,2,1,Describes objective mechanics and physical forces.,4,0,Uses simile to explain gravitational force.,3,1,States a descriptive rule of nature.,4,1,States observed force phenomenon not logical conclusion.,4,0,Refers to general force not specific fall.,3,Basic understanding of force of attraction.,"['opinion', 'physical', 'figure of speech', 'positive', 'knowledge', 'abstract']",inception/mercury-2.5
Time heals like water erodes hard rock.,0,Subjective belief that time actually heals.,3,1,Links to physical erosion process.,3,0,Uses simile to illustrate abstract recovery.,4,1,Describes a process not a value.,4,1,Observes gradual change over time.,3,0,Refers to regularities beyond immediate experience.,3,Metaphorical understanding of recovery over duration.,"['opinion', 'physical', 'figure of speech', 'positive', 'knowledge', 'abstract']",inception/mercury-2.5
"Light travels faster than sound, like lightning before thunder.",0,Generalized understanding rather than strict data.,2,1,Describes objective feature of natural physics.,4,0,Uses simile to clarify speed difference.,3,1,Describes physical phenomenon not a norm.,4,1,States observed regularity about propagation.,4,0,States general rule not specific event.,4,Physical law observation of propagation speed.,"['opinion', 'physical', 'figure of speech', 'positive', 'knowledge', 'abstract']",inception/mercury-2.5
Shadows lengthen as day turns toward night.,0,Subjective framing of astronomical motion.,2,1,Relates to objective light properties.,4,0,Uses metaphorical turning for rotation.,2,1,States physical change not a moral.,4,1,Observes regular pattern in daily cycle.,4,0,Describes regularity not a single shadow.,3,Observation of light changes over time.,"['opinion', 'physical', 'figure of speech', 'positive', 'knowledge', 'abstract']",inception/mercury-2.5
Sleep restores strength like rain restores dry soil.,0,Subjective generalization about rest value.,3,1,Refers to objective physiological recovery.,4,0,Uses simile to describe biological recovery.,4,1,Describes biological restoration not duty.,4,1,Observes benefit of sleeping.,3,0,Refers to general principle not specific night.,3,Biological understanding of rest and recharge.,"['opinion', 'physical', 'figure of speech', 'positive', 'knowledge', 'abstract']",inception/mercury-2.5
Noise hurts ears like sharp stones bruise skin.,0,Subjective interpretation of pain cause.,3,1,Relates to biological and physical sensory input.,4,0,Uses simile to compare sounds to physical injury.,4,1,Describes regular cause-effect not norm.,4,1,Observes sensory reaction to intensity.,3,0,States general regularity not specific event.,3,Observation of sensory overload damage.,"['opinion', 'physical', 'figure of speech', 'positive', 'knowledge', 'abstract']",inception/mercury-2.5
Heat rises like bubbles rise in warm water.,0,Generalization about typical heat behavior.,3,1,Relates to objective fluid physics.,4,0,Uses simile to explain movement.,3,1,States natural tendency not moral value.,4,1,States observed thermal regularity.,4,0,Refers to general fluid property.,3,Physical observation of convection currents.,"['opinion', 'physical', 'figure of speech', 'positive', 'knowledge', 'abstract']",inception/mercury-2.5
Cold numbs like anesthesia deadens nerve pathways.,0,Subjective characterization of numbness.,3,1,Relates to objective nerve physics.,4,0,Uses simile to describe sensation loss.,4,1,Describes physiological process not norm.,4,1,Observes sensory reduction.,3,0,States general biological regularity.,3,Biological reaction to low temperature.,"['opinion', 'physical', 'figure of speech', 'positive', 'knowledge', 'abstract']",inception/mercury-2.5
Heavy objects fall down because gravity pulls them.,0,Generalized understanding rather than strict law.,2,1,Relates to objective physics.,4,0,Uses metaphor of pulling to explain force.,2,1,States physical rule not social norm.,4,1,Describes causal observation not deduction.,4,0,Refers to universal constant not event.,3,Physics principle of object attraction.,"['opinion', 'physical', 'figure of speech', 'positive', 'knowledge', 'abstract']",inception/mercury-2.5
Friction slows motion like brakes slow rolling wheels.,0,Subjective generalization about slowing forces.,3,1,Relates to objective mechanical physics.,4,0,Uses simile to explain frictional resistance.,4,1,Describes mechanical process not moral.,4,1,Observes physical regularity about slowing.,4,0,States general rule not specific fall.,3,Mechanical observation of resisting force.,"['opinion', 'physical', 'figure of speech', 'positive', 'knowledge', 'abstract']",inception/mercury-2.5
Water flows downhill due to force of gravity.,0,Generalization about water rather than fact.,3,1,Relates to objective fluid physics.,4,0,Uses metaphorical force to explain natural action.,3,1,Describes physical event not value.,4,1,Observes physical regularity of water flow.,4,0,States general principle not single stream.,3,Physical observation of liquid movement.,"['opinion', 'physical', 'figure of speech', 'positive', 'knowledge', 'abstract']",inception/mercury-2.5
Sound travels through air like waves through water.,0,Generalized understanding of sound transmission.,3,1,Relates to objective wave phenomena.,4,0,Uses simile to clarify wave mechanism.,4,1,States physical behavior not social rule.,4,1,Observes transmission regularity.,4,0,Refers to regularities of physics.,3,Physics principle of wave propagation.,"['opinion', 'physical', 'figure of speech', 'positive', 'knowledge', 'abstract']",inception/mercury-2.5
Bright lights cause pain when staring directly into them.,0,Subjective experience of brightness discomfort.,3,1,Relates to objective physical stimuli.,4,0,Uses direct metaphor for damage.,2,1,Describes physical cause not social norm.,4,1,Observes sensory reaction regularity.,4,0,States general rule not specific event.,3,Biological reaction to intense photons.,"['opinion', 'physical', 'figure of speech', 'positive', 'knowledge', 'abstract']",inception/mercury-2.5
Cold winds chill skin as ice blocks warm breath.,0,Subjective interpretation of cold sensation.,3,1,Relates to objective heat transfer.,4,0,Uses simile to describe cooling effect.,4,1,Describes physical change not value.,4,1,Observes thermal sensation regularity.,4,0,Refers to regularities not single event.,3,Biological experience of thermal loss.,"['opinion', 'physical', 'figure of speech', 'positive', 'knowledge', 'abstract']",inception/mercury-2.5
Electricity flows through wire like water flows through pipes.,0,Generalized conceptual model of flow.,3,1,Relates to objective electric physics.,4,0,Uses analogy to explain electric current.,4,1,Describes regular behavior not moral.,4,1,States electrical observation regularity.,4,0,States general law not specific spark.,3,Mechanical analogy of electron movement.,"['opinion', 'physical', 'figure of speech', 'positive', 'knowledge', 'abstract']",inception/mercury-2.5
Wind pushes against skin just like water pushes boat.,0,Generalization about wind experience.,3,1,Relates to objective fluid physics.,4,0,Uses simile to describe wind force.,4,1,Describes physical push not duty.,4,1,Observes regular force effect.,4,0,States general regularity not single gust.,3,Physical observation of fluid force.,"['opinion', 'physical', 'figure of speech', 'positive', 'knowledge', 'abstract']",inception/mercury-2.5
Mud sticks to shoe like glue sticks to wood.,0,Subjective interpretation of sticking process.,3,1,Relates to objective material physics.,4,0,Uses simile to explain sticking.,4,1,Describes physical attachment not norm.,4,1,Observes adhesion regularity.,4,0,States general regularity not single pair.,3,Adhesion observation in everyday context.,"['opinion', 'physical', 'figure of speech', 'positive', 'knowledge', 'abstract']",inception/mercury-2.5
People usually sleep at night.,1,"This is verifiable through observation of sleep patterns, not personal preference. I am very confident it is factual.",4,0,Sleep schedules are influenced by human societal norms. I am very confident it is social.,4,1,The words mean exactly what they say without metaphor. I am very confident it is literal.,4,1,"It describes what people do, not what they should do. I am very confident it is descriptive.",4,1,"It is an observation about human habits, not a logical conclusion. I am very confident it is knowledge.",4,0,It generalizes across humanity rather than describing a single event. I am very confident it is abstract.,4,This reflects a common human biological and social rhythm.,"['fact', 'social', 'literal language', 'positive', 'knowledge', 'abstract']",inception/mercury-2.5
Money is used to buy things.,1,"It can be verified by observing transactions, not just opinion. I am very confident it is factual.",4,0,Money value is constructed by human agreement. I am very confident it is social.,4,1,The language is plain and direct without idioms. I am very confident it is literal.,4,1,"It states how money is used, not how it ought to be. I am very confident it is positive.",4,1,"It is a statement about world systems, not reasoning. I am very confident it is knowledge.",4,0,"It refers to a general economic regularity, not a specific purchase. I am very confident it is abstract.",4,This describes the fundamental function of currency in society.,"['fact', 'social', 'literal language', 'positive', 'knowledge', 'abstract']",inception/mercury-2.5
Children attend school to learn.,1,School enrollment and curriculum can be verified objectively. I am very confident it is factual.,4,0,Schools are human-created institutions for learning. I am very confident it is social.,4,1,Words are straightforward and mean what they say. I am very confident it is literal.,4,1,"It describes typical attendance and purpose, not a rule. I am very confident it is positive.",4,1,It is a known fact about education systems. I am very confident it is knowledge.,4,0,"It generalizes about children broadly, not one student. I am very confident it is abstract.",4,This captures a standard educational institution function.,"['fact', 'social', 'literal language', 'positive', 'knowledge', 'abstract']",inception/mercury-2.5
People shake hands when meeting.,1,Handshake occurrences can be counted and observed by I am very confident it is factual.,4,0,Greeting customs are culturally developed norms. I am very confident it is social.,4,1,There are no metaphors in the description. I am very confident it is literal.,4,1,It describes behavior rather than a moral duty. I am very confident it is positive.,4,1,It is an observation of social practice. I am very confident it is knowledge.,4,0,"It applies to many people generally, not a specific meeting. I am very confident it is abstract.",4,This describes a common social greeting ritual.,"['fact', 'social', 'literal language', 'positive', 'knowledge', 'abstract']",inception/mercury-2.5
Red lights mean stop for drivers.,1,"Traffic laws define this meaning, making it verifiable. I am very confident it is factual.",4,0,Traffic signals are created by human authorities. I am very confident it is social.,4,1,The meaning is explicit and not figurative. I am very confident it is literal.,4,1,"It describes the rule's definition, not its value. I am very confident it is positive.",4,1,It is a known traffic regulation fact. I am very confident it is knowledge.,4,0,"It covers all drivers generally, not a specific car. I am very confident it is abstract.",4,This states a widely recognized traffic rule.,"['fact', 'social', 'literal language', 'positive', 'knowledge', 'abstract']",inception/mercury-2.5
Most adults have jobs.,1,Employment rates are tracked by census data. I am very confident it is factual.,4,0,Employment is a human social construct. I am very confident it is social.,4,1,"No idioms are used, just plain meaning. I am very confident it is literal.",4,1,"It reports current status, not moral expectation. I am very confident it is positive.",4,1,It is an observation of economic structure. I am very confident it is knowledge.,4,0,It generalizes about adults as a group. I am very confident it is abstract.,4,This reflects common workforce participation statistics.,"['fact', 'social', 'literal language', 'positive', 'knowledge', 'abstract']",inception/mercury-2.5
People speak to communicate with others.,1,Speech patterns and communication can be observed scientifically. I am very confident it is factual.,4,0,Communication is essential for social life. I am very confident it is social.,4,1,Words are used with standard meanings. I am very confident it is literal.,4,1,"It describes utility, not ethical obligation. I am very confident it is positive.",4,1,It is a known linguistic fact. I am very confident it is knowledge.,4,0,"It refers to humans generally, not a specific talk. I am very confident it is abstract.",4,This describes the primary function of speech.,"['fact', 'social', 'literal language', 'positive', 'knowledge', 'abstract']",inception/mercury-2.5
Families often eat dinner together.,1,Dining habits are observable and measurable. I am very confident it is factual.,4,0,Meal routines are socially organized behaviors. I am very confident it is social.,4,1,The text is straightforward and clear. I am very confident it is literal.,4,1,"It states common practice, not a requirement. I am very confident it is positive.",4,1,It is an observation about family life. I am very confident it is knowledge.,4,0,"It generalizes over families, not one specific meal. I am very confident it is abstract.",4,This describes a common household routine.,"['fact', 'social', 'literal language', 'positive', 'knowledge', 'abstract']",inception/mercury-2.5
Hospitals treat sick people.,1,Hospital functions are recorded in medical data. I am very confident it is factual.,4,0,Healthcare institutions are human social constructs. I am very confident it is social.,4,1,There are no metaphors or figures of speech. I am very confident it is literal.,4,1,"It describes function, not moral duty. I am very confident it is positive.",4,1,It is an observation about healthcare systems. I am very confident it is knowledge.,4,0,"It refers to hospitals broadly, not a single patient. I am very confident it is abstract.",4,This states the core purpose of hospitals.,"['fact', 'social', 'literal language', 'positive', 'knowledge', 'abstract']",inception/mercury-2.5
Citizens vote in elections.,1,Voting records can be verified and audited. I am very confident it is factual.,4,0,Elections are human political institutions. I am very confident it is social.,4,1,The words are plain and direct. I am very confident it is literal.,4,1,"It describes behavior, not a moral rule. I am very confident it is positive.",4,1,It is a known fact about governance. I am very confident it is knowledge.,4,0,"It covers all citizens, not one voter. I am very confident it is abstract.",4,This describes a basic democratic process.,"['fact', 'social', 'literal language', 'positive', 'knowledge', 'abstract']",inception/mercury-2.5
Doctors wear white coats.,1,Attire can be observed in workplaces. I am very confident it is factual.,4,0,Coats are symbols within social professions. I am very confident it is social.,4,1,The language is descriptive and literal. I am very confident it is literal.,4,1,"It reports appearance, not professional ethics. I am very confident it is positive.",4,1,It is an observation of professional norms. I am very confident it is knowledge.,4,0,"It refers to doctors generally, not one person. I am very confident it is abstract.",4,This notes a common professional attire choice.,"['fact', 'social', 'literal language', 'positive', 'knowledge', 'abstract']",inception/mercury-2.5
People wait their turn in lines.,1,Queueing behavior can be observed and measured. I am very confident it is factual.,4,0,Queuing is a human social agreement. I am very confident it is social.,4,1,The sentence is straightforward and clear. I am very confident it is literal.,4,1,"It states common behavior, not an obligation. I am very confident it is positive.",4,1,It is an observation of social order. I am very confident it is knowledge.,4,0,It applies to many people generally. I am very confident it is abstract.,4,This describes a standard queueing norm.,"['fact', 'social', 'literal language', 'positive', 'knowledge', 'abstract']",inception/mercury-2.5
Libraries lend books to users.,1,Library lending logs confirm this activity. I am very confident it is factual.,4,0,Libraries are human institutions for knowledge. I am very confident it is social.,4,1,The language is plain and literal. I am very confident it is literal.,4,1,"It describes service provided, not moral advice. I am very confident it is positive.",4,1,It is an observation of library operations. I am very confident it is knowledge.,4,0,"It generalizes about libraries, not one building. I am very confident it is abstract.",4,This states a main function of libraries.,"['fact', 'social', 'literal language', 'positive', 'knowledge', 'abstract']",inception/mercury-2.5
Parents raise their own children.,1,Family structure can be verified by records. I am very confident it is factual.,4,0,Family roles are defined socially. I am very confident it is social.,4,1,No metaphors are used in the sentence. I am very confident it is literal.,4,1,"It describes common practice, not a mandate. I am very confident it is positive.",4,1,It is a general fact about childrearing. I am very confident it is knowledge.,4,0,"It covers parents broadly, not a specific pair. I am very confident it is abstract.",4,This reflects a standard family structure.,"['fact', 'social', 'literal language', 'positive', 'knowledge', 'abstract']",inception/mercury-2.5
Weddings celebrate unions between people.,1,Wedding ceremonies are documented and observable. I am very confident it is factual.,4,0,Weddings are socially defined rituals. I am very confident it is social.,4,1,The sentence is literally descriptive. I am very confident it is literal.,4,1,"It describes purpose, not what must happen. I am very confident it is positive.",4,1,It is an observation about ceremonies. I am very confident it is knowledge.,4,0,"It generalizes about weddings, not one event. I am very confident it is abstract.",4,This describes the purpose of weddings.,"['fact', 'social', 'literal language', 'positive', 'knowledge', 'abstract']",inception/mercury-2.5
People use language to share ideas.,1,Language use is observable and measurable. I am very confident it is factual.,4,0,Language exists for social interaction. I am very confident it is social.,4,1,Words mean exactly what they say. I am very confident it is literal.,4,1,"It describes usage, not obligation. I am very confident it is positive.",4,1,It is a known linguistic fact. I am very confident it is knowledge.,4,0,"It refers to people generally, not one user. I am very confident it is abstract.",4,This explains the social function of language.,"['fact', 'social', 'literal language', 'positive', 'knowledge', 'abstract']",inception/mercury-2.5
Courts decide legal disputes.,1,Court rulings are public records. I am very confident it is factual.,4,0,Courts are human social institutions. I am very confident it is social.,4,1,The language is plain and literal. I am very confident it is literal.,4,1,"It describes function, not moral advice. I am very confident it is positive.",4,1,It is a known fact about law. I am very confident it is knowledge.,4,0,It covers all courts generally. I am very confident it is abstract.,4,This states the purpose of legal courts.,"['fact', 'social', 'literal language', 'positive', 'knowledge', 'abstract']",inception/mercury-2.5
Soldiers serve in military organizations.,1,Military roles are documented by governments. I am very confident it is factual.,4,0,Military is a social institution. I am very confident it is social.,4,1,The text uses literal meaning. I am very confident it is literal.,4,1,"It states roles, not obligations. I am very confident it is positive.",4,1,It is a known fact about work. I am very confident it is knowledge.,4,0,It refers to soldiers generally. I am very confident it is abstract.,4,This describes professional military roles.,"['fact', 'social', 'literal language', 'positive', 'knowledge', 'abstract']",inception/mercury-2.5
Politicians make laws for states.,1,Legislative records confirm this activity. I am very confident it is factual.,4,0,Lawmaking is a social function. I am very confident it is social.,4,1,The language is direct and plain. I am very confident it is literal.,4,1,"It describes activity, not ethics. I am very confident it is positive.",4,1,It is an observation of governance. I am very confident it is knowledge.,4,0,It generalizes about politicians. I am very confident it is abstract.,4,This states a core role of politicians.,"['fact', 'social', 'literal language', 'positive', 'knowledge', 'abstract']",inception/mercury-2.5
Friends trust each other.,1,Trust can be observed and surveyed. I am very confident it is factual.,4,0,Trust is defined in social contexts. I am very confident it is social.,4,1,The sentence is literal. I am very confident it is literal.,4,1,"It describes behavior, not moral duty. I am very confident it is positive.",4,1,It is a known social fact. I am very confident it is knowledge.,4,0,It refers to friendship generally. I am very confident it is abstract.,4,This describes a common relational trait.,"['fact', 'social', 'literal language', 'positive', 'knowledge', 'abstract']",inception/mercury-2.5
Don't burn bridges you may need to cross later.,1,"This is advice, not an objective truth demonstrable independently. I am somewhat unconfident it is a fact.",2,1,It uses a physical metaphor but refers to social ties. I am somewhat unconfident it is physical.,2,0,It uses a metaphor about burning bridges. I am very confident it is a figure of speech.,4,0,"It suggests a value about maintaining relationships, not an observation. I am very confident it is normative.",4,0,It concludes consequences of actions based on logic. I am very confident it involves reasoning.,4,1,People encounter relationship conflicts daily. I am very confident this is everyday experience.,4,This advises preserving relationships for future needs.,"['fact', 'physical', 'figure of speech', 'normative', 'reasoning', 'everyday']",inception/mercury-2.5
A stitch in time saves nine.,1,"It is a generalization, not a scientific law. I am somewhat unconfident it is a fact.",2,1,Sewing is physical but the lesson is abstract. I am somewhat unconfident it is physical.,2,0,It is a proverbial aphorism. I am very confident it is a figure of speech.,4,0,It implies a value for efficiency and prudence. I am confident it is normative.,3,0,It deduces future savings from present action. I am very confident it uses reasoning.,4,1,Repairing items is a common experience. I am very confident this is everyday.,4,Fixing problems early prevents more work later.,"['fact', 'physical', 'figure of speech', 'normative', 'reasoning', 'everyday']",inception/mercury-2.5
Don't cry over spilt milk.,1,"It is advice, not an objective truth. I am somewhat unconfident it is a fact.",2,1,Milk spilling is physical but the advice is social. I am somewhat unconfident it is physical.,2,0,It uses milk as a metaphor for past events. I am very confident it is a figure of speech.,4,0,It advises emotional behavior norms. I am confident it is normative.,3,0,It concludes sadness is useless. I am confident it uses reasoning.,3,1,Spilling food is a common accident. I am very confident this is everyday.,4,Do not waste emotion on irreversible past events.,"['fact', 'physical', 'figure of speech', 'normative', 'reasoning', 'everyday']",inception/mercury-2.5
Better late than never.,1,"It is subjective preference, not objective fact. I am somewhat unconfident it is a fact.",2,1,Timing is physical but the value is social. I am somewhat unconfident it is physical.,2,0,It is a common aphorism. I am very confident it is a figure of speech.,4,0,It values action over timing. I am confident it is normative.,3,0,It concludes value based on comparison. I am confident it uses reasoning.,3,1,People often face timing issues daily. I am very confident this is everyday.,4,Doing something late is better than not doing it.,"['fact', 'physical', 'figure of speech', 'normative', 'reasoning', 'everyday']",inception/mercury-2.5
You can't get blood from a stone.,1,"Physically true, but the meaning is metaphorical. I am confident it is a fact.",4,1,Blood and stone are physical substances. I am very confident it is physical.,4,0,It uses metaphor for impossible tasks. I am very confident it is a figure of speech.,4,0,It advises against futile demands. I am confident it is normative.,3,0,It draws conclusions about impossibility. I am confident it uses reasoning.,3,1,People face futile requests often. I am very confident this is everyday.,4,Some things are impossible to extract or demand.,"['fact', 'physical', 'figure of speech', 'normative', 'reasoning', 'everyday']",inception/mercury-2.5
Too many cooks spoil the broth.,1,"It is a generalization, not a strict law. I am somewhat unconfident it is a fact.",2,1,"Cooking is physical, but the lesson is social. I am somewhat unconfident it is physical.",2,0,It uses a cooking metaphor for projects. I am very confident it is a figure of speech.,4,0,It advises on how many to involve. I am confident it is normative.,3,0,It infers causes for bad results. I am confident it uses reasoning.,3,1,Cooking or projects are daily tasks. I am very confident this is everyday.,4,Too much involvement worsens a result.,"['fact', 'physical', 'figure of speech', 'normative', 'reasoning', 'everyday']",inception/mercury-2.5
Look before you leap.,1,"It is advice, not an objective fact. I am somewhat unconfident it is a fact.",2,1,"Leaping is physical, but the warning is general. I am somewhat unconfident it is physical.",2,0,It is a classic aphorism. I am very confident it is a figure of speech.,4,0,It advises prudent behavior. I am confident it is normative.,3,0,It concludes safety from caution. I am confident it uses reasoning.,3,1,Jumping or acting happens daily. I am very confident this is everyday.,4,Check conditions before taking action.,"['fact', 'physical', 'figure of speech', 'normative', 'reasoning', 'everyday']",inception/mercury-2.5
"When the cat's away, the mice will play.",1,"It is a tendency, not absolute fact. I am somewhat unconfident it is a fact.",2,1,Animals are physical but the meaning is social. I am somewhat unconfident it is physical.,2,0,It uses animals as metaphors for people. I am very confident it is a figure of speech.,4,0,It implies judgment on behavior under rules. I am confident it is normative.,3,0,It connects absence to action logically. I am confident it uses reasoning.,3,1,Supervision absence is common. I am very confident this is everyday.,4,People misbehave when supervisors are absent.,"['fact', 'physical', 'figure of speech', 'normative', 'reasoning', 'everyday']",inception/mercury-2.5
Don't put all eggs in one basket.,1,"It is a strategy, not an objective fact. I am somewhat unconfident it is a fact.",2,1,"Eggs are physical, the lesson is abstract. I am somewhat unconfident it is physical.",2,0,It uses a market metaphor. I am very confident it is a figure of speech.,4,0,It advises risk management behavior. I am confident it is normative.,3,0,It infers risk from concentration. I am confident it uses reasoning.,3,1,People manage risks daily. I am very confident this is everyday.,4,Diversify resources to minimize risk.,"['fact', 'physical', 'figure of speech', 'normative', 'reasoning', 'everyday']",inception/mercury-2.5
Practice makes perfect.,1,It is generally true empirically. I am confident it is a fact.,3,1,Muscle learning is physical. I am confident it is physical.,3,0,It is an aphorism. I am confident it is a figure of speech.,3,0,It encourages a value on repetition. I am confident it is normative.,3,0,It concludes improvement from repetition. I am confident it uses reasoning.,3,1,Practicing skills is daily. I am very confident this is everyday.,4,Repetition improves skills.,"['fact', 'physical', 'figure of speech', 'normative', 'reasoning', 'everyday']",inception/mercury-2.5
The early bird catches the worm.,1,"It is a tendency, not always true. I am somewhat unconfident it is a fact.",2,1,Birds and worms are physical entities. I am very confident it is physical.,4,0,It is a metaphor for humans. I am very confident it is a figure of speech.,4,0,It values early action. I am confident it is normative.,3,0,It connects early effort to reward. I am confident it uses reasoning.,3,1,Daily competition is common. I am very confident this is everyday.,4,Those who act early gain more.,"['fact', 'physical', 'figure of speech', 'normative', 'reasoning', 'everyday']",inception/mercury-2.5
Every cloud has a silver lining.,1,"It is subjective, not objectively demonstrable. I am somewhat unconfident it is a fact.",2,1,Clouds are physical but the lesson is abstract. I am somewhat unconfident it is physical.,2,0,It is a visual metaphor. I am very confident it is a figure of speech.,4,0,It promotes optimism as a value. I am confident it is normative.,3,0,It concludes hope from darkness. I am confident it uses reasoning.,3,1,People face bad situations daily. I am very confident this is everyday.,4,There is good in bad situations.,"['fact', 'physical', 'figure of speech', 'normative', 'reasoning', 'everyday']",inception/mercury-2.5
Necessity is the mother of invention.,1,"It is a historical trend, not a law. I am somewhat unconfident it is a fact.",2,1,Invention builds physical things. I am confident it is physical.,3,0,It personifies necessity as a mother. I am very confident it is a figure of speech.,4,0,It suggests innovation follows needs. I am confident it is normative.,3,0,It infers cause and effect. I am confident it uses reasoning.,3,1,Innovation happens regularly. I am very confident this is everyday.,4,Need drives innovation.,"['fact', 'physical', 'figure of speech', 'normative', 'reasoning', 'everyday']",inception/mercury-2.5
A rolling stone gathers no moss.,1,"Physically true for stones, metaphorically debatable. I am confident it is a fact.",4,1,Stones and moss are physical objects. I am very confident it is physical.,4,0,It uses a stone as metaphor for person. I am very confident it is a figure of speech.,4,0,It implies a value judgment on movement. I am confident it is normative.,3,0,It reasons about movement and accumulation. I am confident it uses reasoning.,3,1,Mobility is common. I am very confident this is everyday.,4,Constant change prevents accumulation of responsibility or stability.,"['fact', 'physical', 'figure of speech', 'normative', 'reasoning', 'everyday']",inception/mercury-2.5
Don't judge a book by its cover.,1,"It is subjective, not objectively proven. I am somewhat unconfident it is a fact.",2,1,"Books have covers, but the lesson is social. I am somewhat unconfident it is physical.",2,0,It is a metaphor for assumptions. I am very confident it is a figure of speech.,4,0,It advises fair behavior. I am confident it is normative.,3,0,It infers value from depth. I am confident it uses reasoning.,3,1,Judgments happen daily. I am very confident this is everyday.,4,Appearances may not reflect value.,"['fact', 'physical', 'figure of speech', 'normative', 'reasoning', 'everyday']",inception/mercury-2.5
Absence makes the heart grow fonder.,1,"It is psychological, not physical fact. I am somewhat unconfident it is a fact.",2,1,Emotion is not strictly physical in this context. I am somewhat unconfident it is physical.,2,0,It is a metaphor for feelings. I am very confident it is a figure of speech.,4,0,It reflects a value on relationships. I am confident it is normative.,3,0,It reasons feelings from absence. I am confident it uses reasoning.,3,1,People experience separation often. I am very confident this is everyday.,4,Distance increases appreciation.,"['fact', 'physical', 'figure of speech', 'normative', 'reasoning', 'everyday']",inception/mercury-2.5
Actions speak louder than words.,1,"It is social preference, not scientific law. I am somewhat unconfident it is a fact.",2,1,"Actions involve physical effort, speech is sound. I am somewhat unconfident it is physical.",2,0,It personifies actions as speakers. I am very confident it is a figure of speech.,4,0,It values deeds over speech. I am confident it is normative.,3,0,It concludes weight from behavior. I am confident it uses reasoning.,3,1,Interactions involve speech daily. I am very confident this is everyday.,4,What you do matters more than what you say.,"['fact', 'physical', 'figure of speech', 'normative', 'reasoning', 'everyday']",inception/mercury-2.5
Birds of a feather flock together.,1,"It is a common observation, empirically true. I am confident it is a fact.",4,1,Birds are animals with physical behavior. I am very confident it is physical.,4,0,It is a metaphor for humans. I am very confident it is a figure of speech.,4,0,It reflects patterns in social values. I am confident it is normative.,3,0,It draws conclusions from behavior. I am confident it uses reasoning.,3,1,Socialization is daily. I am very confident this is everyday.,4,Similar people associate with each other.,"['fact', 'physical', 'figure of speech', 'normative', 'reasoning', 'everyday']",inception/mercury-2.5
Don't bite the hand that feeds you.,1,"It is advice, not objective fact. I am somewhat unconfident it is a fact.",2,1,Hands and feeding are physical acts. I am confident it is physical.,3,0,It is a metaphorical warning. I am very confident it is a figure of speech.,4,0,It advises gratitude norms. I am confident it is normative.,3,0,It reasons consequences of ungratefulness. I am confident it uses reasoning.,3,1,Dependency and food are common. I am very confident this is everyday.,4,Do not harm your supporters.,"['fact', 'physical', 'figure of speech', 'normative', 'reasoning', 'everyday']",inception/mercury-2.5
Give a man a fish and you feed him for a day.,1,Fish nutrition is factual. I am confident it is a fact.,3,1,Fish and feeding are physical. I am confident it is physical.,4,0,It uses fish to mean temporary help. I am very confident it is a figure of speech.,4,0,It implies values on sustainability. I am confident it is normative.,3,0,It connects food to time. I am confident it uses reasoning.,3,1,Giving food happens daily. I am very confident this is everyday.,4,Direct aid is temporary.,"['fact', 'physical', 'figure of speech', 'normative', 'reasoning', 'everyday']",inception/mercury-2.5
People generally believe honesty is better than lying.,0,This is a subjective view and not objectively proven.,4,0,"It refers to a human belief system, not a physical law.",4,1,It uses plain language without metaphors.,4,1,"It describes a perceived regularity, not a normative duty.",4,1,It is a general observation about people.,4,0,"It is a general claim, not a specific incident.",4,This captures a common social belief used in ethical reasoning.,"['opinion', 'social', 'literal language', 'positive', 'knowledge', 'abstract']",inception/mercury-2.5
Most cultures value family bonds over individual goals.,0,It generalizes human values and can be disputed.,3,0,It is about human social values and constructs.,4,1,The words mean exactly what they say literally.,4,1,It states a cultural observation without prescribing norms.,3,1,It is an observation about societal trends.,4,0,"It covers general human relations, not one case.",4,This summarizes a wide cultural tendency observed in society.,"['opinion', 'social', 'literal language', 'positive', 'knowledge', 'abstract']",inception/mercury-2.5
Success often requires hard work according to many.,0,The definition of success is subjective here.,3,0,It reflects a shared societal view on success.,4,1,The language is plain and non-figurative.,4,1,It describes a general relationship rather than an obligation.,3,1,It summarizes a broad observation about the world.,4,0,"It is a general rule about success, not a specific event.",4,This expresses a common causal belief about achievement.,"['opinion', 'social', 'literal language', 'positive', 'knowledge', 'abstract']",inception/mercury-2.5
Money usually brings more comfort than poverty does.,0,Comfort is subjective so this remains an opinion.,3,0,It concerns economic status which is a social construct.,4,1,It uses direct words without metaphors.,4,1,It describes a perceived outcome not a norm.,4,1,It is an empirical observation about economics.,4,0,It is a general economic principle not a specific case.,4,This reflects a common observation about economic well-being.,"['opinion', 'social', 'literal language', 'positive', 'knowledge', 'abstract']",inception/mercury-2.5
Respect is typically given to elders in society.,0,Generalizations vary culturally so it remains subjective.,3,0,It refers to human social interaction norms.,4,1,The meaning is literal without idioms.,4,1,It describes a common practice rather than a rule.,4,1,It summarizes an observable social pattern.,4,0,It is a general rule not a specific event.,4,This describes a common social dynamic regarding age.,"['opinion', 'social', 'literal language', 'positive', 'knowledge', 'abstract']",inception/mercury-2.5
Children are expected to learn from their parents.,0,Expectations differ by culture so it is subjective.,3,0,It is about human family structure expectations.,4,1,The words mean exactly what is written.,4,1,It describes a common expectation rather than a command.,3,1,It is a known fact about human development.,4,0,It is a general rule not a single situation.,4,This states a common expectation found in families.,"['opinion', 'social', 'literal language', 'positive', 'knowledge', 'abstract']",inception/mercury-2.5
Education is viewed as the key to freedom.,0,The value of freedom is subjective here.,4,0,It discusses a social institution and its meaning.,4,1,The language is direct and literal.,4,1,It describes a perception rather than a duty.,3,1,It reflects a known societal belief.,4,0,It is a broad conceptual claim.,4,This expresses a common belief about schooling benefits.,"['opinion', 'social', 'literal language', 'positive', 'knowledge', 'abstract']",inception/mercury-2.5
Many think health is more important than wealth.,0,It is subjective and not universally true.,4,0,It involves human values and societal priorities.,4,1,The sentence uses plain literal language.,4,1,It describes what people think not what they should do.,4,1,It reflects an observable social consensus.,4,0,It generalizes across people and situations.,4,This summarizes a common preference seen in survey data.,"['opinion', 'social', 'literal language', 'positive', 'knowledge', 'abstract']",inception/mercury-2.5
Trust takes time to build in relationships.,0,Time frames vary so it is subjective.,3,0,It concerns human interaction and social bonds.,4,1,It uses plain words to describe a process.,4,1,It describes a process not a moral obligation.,4,1,It is an observation about human behavior.,4,0,It is a general rule about social bonds.,4,This is a widely held belief about interpersonal dynamics.,"['opinion', 'social', 'literal language', 'positive', 'knowledge', 'abstract']",inception/mercury-2.5
Societies tend to punish wrongdoers publicly.,0,Generalizations about justice can be debated.,3,0,It refers to collective human governance systems.,4,1,The language is direct and unambiguous.,4,1,It describes an observed practice not a duty.,4,1,It summarizes a known societal pattern.,4,0,It is a general statement about societies.,4,This describes a general pattern in human governance.,"['opinion', 'social', 'literal language', 'positive', 'knowledge', 'abstract']",inception/mercury-2.5
Holidays are times when people gather together.,0,Generalizations about holidays vary by region.,3,0,Holidays are social constructs governing gatherings.,4,1,It means exactly what it says literally.,4,1,It describes a common event not a rule.,4,1,It is an observation about human behavior.,4,0,It describes a general pattern not a specific holiday.,4,This captures a common social pattern observed in calendars.,"['opinion', 'social', 'literal language', 'positive', 'knowledge', 'abstract']",inception/mercury-2.5
Public speaking often causes significant anxiety in people.,0,Not everyone feels this way so it is subjective.,3,0,It concerns human interaction and social contexts.,4,1,The words are literal and clear.,4,1,It describes an observed reaction not a norm.,4,1,It reflects a known psychological observation.,4,0,It is a general human trait not a specific event.,4,This is a well-documented general belief about human behavior.,"['opinion', 'social', 'literal language', 'positive', 'knowledge', 'abstract']",inception/mercury-2.5
Clothes can influence how others perceive a person.,0,Perception varies so this is a belief.,3,0,It is about social perception and human interaction.,4,1,It uses plain language without metaphors.,4,1,It describes a general social effect not a norm.,4,1,It is an observation about human judgment.,4,0,It is a general rule about human interaction.,4,This reflects a common social dynamic about appearance.,"['opinion', 'social', 'literal language', 'positive', 'knowledge', 'abstract']",inception/mercury-2.5
Being polite usually helps people get what they want.,0,This is a generalization not a guaranteed fact.,3,0,It refers to social norms and etiquette.,4,1,It uses straightforward and literal words.,4,1,It states a causal result not a moral rule.,4,1,It reflects a known social dynamic.,4,0,It is a general principle not a specific event.,4,This summarizes a common practical strategy in society.,"['opinion', 'social', 'literal language', 'positive', 'knowledge', 'abstract']",inception/mercury-2.5
Older generations often view traditions as important.,0,Generalizations vary so it remains subjective.,3,0,It involves generational beliefs about culture.,4,1,The words mean exactly what they say.,4,1,It describes a common attitude not a duty.,4,1,It reflects a known social pattern.,4,0,It generalizes about people not a specific case.,4,This describes a common social tendency regarding age.,"['opinion', 'social', 'literal language', 'positive', 'knowledge', 'abstract']",inception/mercury-2.5
Leaders are expected to act on behalf of others.,0,Leadership views are subjective and culturally defined.,3,0,It refers to social roles and obligations.,4,1,It is literal and unambiguous language.,4,1,It states an observed expectation not a rule.,3,1,It reflects a known social structure.,4,0,It is a general definition of a role.,4,This states a common social requirement about leadership.,"['opinion', 'social', 'literal language', 'positive', 'knowledge', 'abstract']",inception/mercury-2.5
Friends offer support during difficult times generally.,0,Friendship expectations vary culturally so it is subjective.,3,0,It involves social bonds and interpersonal roles.,4,1,The language is literal and straightforward.,4,1,It describes a typical action not a rule.,4,1,It reflects a common social observation.,4,0,It is a general statement not a specific instance.,4,This summarizes a typical human relationship pattern.,"['opinion', 'social', 'literal language', 'positive', 'knowledge', 'abstract']",inception/mercury-2.5
Social media affects how young people feel.,0,Impact varies so this is a generalization.,3,0,It involves human technology and social interaction.,4,1,It uses direct and plain language.,4,1,It describes an observed effect not a duty.,4,1,It reflects an observation about youth society.,4,0,It is a general claim about a group.,4,This captures a recognized modern social influence.,"['opinion', 'social', 'literal language', 'positive', 'knowledge', 'abstract']",inception/mercury-2.5
People feel better when sharing secrets together.,0,Feelings vary so it remains a subjective belief.,3,0,It concerns interpersonal trust and social bonds.,4,1,The words mean exactly what they state.,4,1,It describes a perceived psychological outcome not a norm.,4,1,It reflects a known social observation.,4,0,It is a general rule about human psychology.,4,This states a common psychological observation about intimacy.,"['opinion', 'social', 'literal language', 'positive', 'knowledge', 'abstract']",inception/mercury-2.5
Most people prefer stability over uncertainty daily.,0,Preferences vary by person so it is subjective.,3,0,It concerns human psychological states and values.,4,1,It uses literal language without metaphors.,4,1,It describes a preference not a rule.,4,1,It reflects a known psychological observation.,4,0,It generalizes about human nature not specific events.,4,This summarizes a common psychological preference in humans.,"['opinion', 'social', 'literal language', 'positive', 'knowledge', 'abstract']",inception/mercury-2.5
"If it rains, you should take an umbrella.",1,Normative 'should' limits objective verification; low confidence.,2,1,Rain is a physical weather event.,4,1,Uses standard words without metaphors or idioms.,4,0,"Includes 'should', expressing a recommendation.",4,0,Connects rain to protection via logic.,4,1,Rain and umbrellas are common daily occurrences.,4,People use umbrellas to stay dry when it rains.,"['fact', 'physical', 'literal language', 'normative', 'reasoning', 'everyday']",inception/mercury-2.5
"Touching a hot pan burns skin, so avoid it.",1,Heat burns are objectively verifiable facts.,4,1,Heat transfer is a physics process.,4,1,Plain language with no figure of speech.,4,0,Implies 'avoid' as a recommendation.,3,0,Concludes to avoid based on injury knowledge.,4,1,Cooking pans are everyday objects.,4,Hot objects cause thermal injury to human skin.,"['fact', 'physical', 'literal language', 'normative', 'reasoning', 'everyday']",inception/mercury-2.5
"Since you sleep, rest restores your energy levels.",1,Restoration of energy is empirically true.,4,1,Physiological restoration is biological.,4,1,Direct phrasing with no metaphors.,4,0,Lacks explicit normative judgment.,2,0,Concludes rest restores energy.,4,1,Sleep is a daily human experience.,4,Sleep is required to replenish bodily energy.,"['fact', 'physical', 'literal language', 'normative', 'reasoning', 'everyday']",inception/mercury-2.5
"Heavy things fall down, so do not drop them.",1,Falling is physically verifiable.,4,1,Refers to gravity and mass.,4,1,Straightforward wording.,4,0,Uses 'do not' as a rule.,3,0,Implies not dropping to prevent drops.,3,1,Handling objects is common.,4,Gravity pulls heavy objects downward.,"['fact', 'physical', 'literal language', 'normative', 'reasoning', 'everyday']",inception/mercury-2.5
"Eating uncooked meat can cause sickness, so cook it.",1,Pathogens in meat are scientifically proven.,4,1,Biology and food safety are physical.,4,1,Plain language used.,4,0,'Cook it' is a directive.,3,0,Concludes to cook to avoid sickness.,4,1,Cooking is an everyday activity.,4,Raw meat may contain bacteria that make people sick.,"['fact', 'physical', 'literal language', 'normative', 'reasoning', 'everyday']",inception/mercury-2.5
"If you run, your heart beats faster than rest.",1,Heart rate changes are measurable.,4,1,Heart rate is biological.,4,1,No metaphors used.,4,0,Lacks value judgments.,1,0,Observes cause and effect.,3,1,Running is a common activity.,4,Physical exertion increases heart rate.,"['fact', 'physical', 'literal language', 'normative', 'reasoning', 'everyday']",inception/mercury-2.5
"Breathing air is required to stay alive, so do it.",1,Biological necessity is a fact.,4,1,Respiration is a biological process.,4,1,Direct statement.,4,0,'Do it' implies imperative.,3,0,Concludes to do it to survive.,3,1,Breathing happens constantly.,4,Humans need oxygen to survive.,"['fact', 'physical', 'literal language', 'normative', 'reasoning', 'everyday']",inception/mercury-2.5
"Sharp objects hurt, so handle them carefully at home.",1,Injury from sharp objects is true.,4,1,Physical interaction with objects.,4,1,Straightforward language.,4,0,Implies 'handle carefully' as a norm.,3,0,Connects sharp to careful handling.,4,1,Tools are common at home.,4,Sharp edges cause injury if mishandled.,"['fact', 'physical', 'literal language', 'normative', 'reasoning', 'everyday']",inception/mercury-2.5
"Water boils when heated, creating steam to dry clothes.",1,Boiling point and steam are verifiable.,4,1,Phase change physics.,4,1,Plain descriptive language.,4,0,"Describes a process, not a rule.",2,0,Connects heat to steam to drying.,3,1,Clothes drying is everyday.,4,Boiling water produces vapor that evaporates.,"['fact', 'physical', 'literal language', 'normative', 'reasoning', 'everyday']",inception/mercury-2.5
"Darkness prevents seeing, so turn on a light source.",1,"Vision requires light, verified physically.",4,1,Optics and light physics.,4,1,No idioms used.,4,0,'Turn on' is a directive.,3,0,Implies turning on light to see.,4,1,Turning on lights is common.,4,Light is needed for human vision.,"['fact', 'physical', 'literal language', 'normative', 'reasoning', 'everyday']",inception/mercury-2.5
"If you shout, sound waves travel through the air.",1,Sound travel is physical fact.,4,1,Acoustics physics.,4,1,Literal phrasing.,4,0,No normative value present.,1,0,States consequence of shouting.,3,1,Shouting occurs daily.,4,Voices transmit through air as sound.,"['fact', 'physical', 'literal language', 'normative', 'reasoning', 'everyday']",inception/mercury-2.5
"Too much sun hurts skin, so wear protective clothing.",1,Sunburn and skin damage are facts.,4,1,UV radiation physics.,4,1,Direct wording.,4,0,'Wear clothing' is normative.,3,0,Implies wearing clothes for protection.,4,1,Sun exposure is common.,4,UV radiation damages skin; clothing protects.,"['fact', 'physical', 'literal language', 'normative', 'reasoning', 'everyday']",inception/mercury-2.5
"Cars are heavier than bicycles, so they need more brake.",1,Mass differences are objectively true.,4,1,Mass and physics.,4,1,Plain description.,4,0,Implicit 'need' implies value.,3,0,Concludes brake size based on mass.,4,1,Vehicles are daily tools.,4,Greater mass requires more stopping force.,"['fact', 'physical', 'literal language', 'normative', 'reasoning', 'everyday']",inception/mercury-2.5
Sleeping at night matches natural light cycles for rest.,1,Sleep cycles are biological facts.,4,1,Biology and light physics.,4,1,Straightforward phrasing.,4,0,No 'should' statement.,2,0,Implies sleeping aligns with light.,3,1,Sleep is daily.,4,Circadian rhythms align sleep with darkness.,"['fact', 'physical', 'literal language', 'normative', 'reasoning', 'everyday']",inception/mercury-2.5
"Loud noises disturb sleep, so avoid them at night.",1,Noise disturbance is observable.,4,1,Sound physics.,4,1,Plain language.,4,0,'Avoid them' is a value.,3,0,Implies avoidance for rest.,4,1,Sleeping at night is common.,4,Noise prevents resting.,"['fact', 'physical', 'literal language', 'normative', 'reasoning', 'everyday']",inception/mercury-2.5
"Plants need sunlight, so keep them near a window.",1,Sunlight need is biological fact.,4,1,Photosynthesis physics.,4,1,Direct statement.,4,0,'Keep them' is a directive.,3,0,Implies keeping near window.,4,1,Plants are common.,4,Photosynthesis requires light exposure.,"['fact', 'physical', 'literal language', 'normative', 'reasoning', 'everyday']",inception/mercury-2.5
"If you walk, your body uses energy from food.",1,Energy usage is verifiable fact.,4,1,Metabolic energy physics.,4,1,Literal statement.,4,0,No value judgment.,1,0,Links walking to energy source.,3,1,Walking is daily.,4,Walking requires caloric energy.,"['fact', 'physical', 'literal language', 'normative', 'reasoning', 'everyday']",inception/mercury-2.5
"Ice melts into water, so keep drinks cold inside.",1,Phase change is physical fact.,4,1,Thermodynamics.,4,1,Simple terms.,4,0,'Keep drinks' is directive.,3,0,Implies cold drinks for cooling.,3,1,Drinks are everyday items.,4,Ice cools liquids as it melts.,"['fact', 'physical', 'literal language', 'normative', 'reasoning', 'everyday']",inception/mercury-2.5
"Air fills balloons, making them expand when inflated.",1,Expansion is observable fact.,4,1,Gas physics.,4,1,Literal description.,4,0,No normative value.,1,0,Concludes expansion when inflated.,3,1,Balloons are common.,4,Balloons expand when filled with air.,"['fact', 'physical', 'literal language', 'normative', 'reasoning', 'everyday']",inception/mercury-2.5
"Smoke smells bad, so you should not inhale it.",1,Smoke effects are objectively true.,4,1,Airborne particles are physical.,4,1,Plain words used.,4,0,'Should not' is a judgment.,4,0,Implies not inhaling based on harm.,4,1,Smoke exposure is common.,4,Smoke is unhealthy and unpleasant to smell.,"['fact', 'physical', 'literal language', 'normative', 'reasoning', 'everyday']",inception/mercury-2.5
"If you drive, you must have a license.",1,Laws requiring licenses are verifiable records independent of personal opinion.,4,0,Licensing is a human-constructed system for regulating driving.,4,1,The words mean exactly what they say without metaphors.,4,0,It expresses a legal obligation (must) that acts as a social norm.,4,0,It combines knowledge of laws with a conditional inference about driving.,4,1,Driving is a common activity encountered in ordinary daily life.,4,This reflects a legal requirement and safety norm people know.,"['fact', 'social', 'literal language', 'normative', 'reasoning', 'everyday']",inception/mercury-2.5
You should wait for your turn when in line.,1,It is observable that waiting is required in queuing customs.,3,0,Waiting in line is a culturally constructed rule for order.,4,1,It states the behavior plainly without idioms or metaphors.,4,0,It uses 'should' to indicate a social moral obligation.,4,0,It connects presence in line to the logical need to wait.,4,1,Queuing happens frequently in ordinary shopping or service contexts.,4,This describes a basic social norm for fair public order.,"['fact', 'social', 'literal language', 'normative', 'reasoning', 'everyday']",inception/mercury-2.5
"If you borrow items, you must return them.",1,Ownership and borrowing terms are legally and socially verifiable.,4,0,The norm relies on social constructs of ownership and trust.,4,1,The terms borrow and return are used literally and directly.,4,0,It uses 'must' to express an obligation of duty.,4,0,It infers obligation from the condition of borrowing.,4,1,Lending and borrowing occur often in daily social interactions.,4,This is a standard rule of trust and property ownership.,"['fact', 'social', 'literal language', 'normative', 'reasoning', 'everyday']",inception/mercury-2.5
People should say thank you when receiving help.,1,This expectation is observable across many documented social interactions.,3,0,Gratitude is a socially constructed way to acknowledge others.,4,1,The phrase thank you is used literally to express gratitude.,4,0,It uses 'should' to state a moral or social expectation.,4,0,It concludes that gratitude follows the act of receiving help.,4,1,Receiving help is a frequent occurrence in everyday life.,4,This captures a common politeness norm expected in society.,"['fact', 'social', 'literal language', 'normative', 'reasoning', 'everyday']",inception/mercury-2.5
Stealing other people's property is generally forbidden.,1,Legal codes forbidding theft are documented and verifiable.,4,0,Property rights are human constructs governed by social laws.,4,1,The terms property and stealing are used in their literal sense.,4,0,Forbidden implies a strong normative judgment and prohibition.,4,0,It derives a general rule from specific laws about property.,4,1,Property and ownership are common concepts in daily life.,4,This reflects a legal and moral standard about ownership.,"['fact', 'social', 'literal language', 'normative', 'reasoning', 'everyday']",inception/mercury-2.5
Money can be used to purchase most goods.,1,Currency acceptance is an observable economic fact.,4,0,Money is a socially constructed medium of exchange.,4,1,It uses standard terms without metaphor or irony.,4,0,It implies a functional norm about economic exchange.,3,0,It connects the object money to the action of purchasing.,4,1,Buying goods is a common daily economic activity.,4,This describes the standard function of currency in society.,"['fact', 'social', 'literal language', 'normative', 'reasoning', 'everyday']",inception/mercury-2.5
Wearing clothes in public spaces is expected.,1,This norm is visible and verifiable in public settings.,4,0,Dress codes are human customs regulating public behavior.,4,1,The terms clothes and public are used literally.,4,0,Expected implies a social rule of behavior.,4,0,It infers expectation from the context of public presence.,4,1,People encounter public spaces and dressing norms daily.,4,This is a widely accepted norm of decency and order.,"['fact', 'social', 'literal language', 'normative', 'reasoning', 'everyday']",inception/mercury-2.5
"If you break a promise, you risk losing trust.",1,Broken promises often lead to observable loss of trust.,3,0,Trust is a relational construct governed by social norms.,4,1,It uses words in their direct social meaning.,4,0,It implies a value that trust should be maintained.,3,0,It concludes a specific social consequence from a specific action.,4,1,Making promises and building trust are common daily acts.,4,This reflects a logical consequence regarding relationships.,"['fact', 'social', 'literal language', 'normative', 'reasoning', 'everyday']",inception/mercury-2.5
Voting allows citizens to choose their leaders.,1,Voting mechanics and outcomes are documented and verifiable.,4,0,Democracy is a human-created social system.,4,1,Terms like voting and leaders are used literally.,4,0,It supports the civic norm of political participation.,3,0,It connects the act of voting to the outcome of choice.,4,1,Governance and elections are relevant to daily society.,3,This describes a basic civic function in democracies.,"['fact', 'social', 'literal language', 'normative', 'reasoning', 'everyday']",inception/mercury-2.5
Schools are places where children go to learn.,1,School attendance is a recordable social reality.,4,0,Education is a culturally constructed social institution.,4,1,It uses plain words without figurative meaning.,4,0,It implies the norm that children attend school.,3,0,It derives purpose from the institution's defined role.,4,1,Schools are a standard part of daily child life.,4,This defines the core social function of education.,"['fact', 'social', 'literal language', 'normative', 'reasoning', 'everyday']",inception/mercury-2.5
"If you see an emergency, call for help.",1,Helping behavior in emergencies is observable and documented.,4,0,Calling emergency services is a socially organized system.,4,1,The instructions are stated plainly and literally.,4,0,It instructs a duty to help in crises.,4,0,It concludes action based on a specific situational premise.,4,1,"Emergencies, though rare, are a known part of life.",4,This is a standard rule for safety in daily life.,"['fact', 'social', 'literal language', 'normative', 'reasoning', 'everyday']",inception/mercury-2.5
People usually eat dinner in the evening.,1,Dinner times are observable regularities in human societies.,4,0,Meal schedules are social customs that vary by culture.,4,1,Terms like dinner and evening are used literally.,4,0,It describes a customary social pattern.,3,0,It infers general patterns from typical daily habits.,4,1,Meals are a universal part of everyday life.,4,This reflects a common daily routine in many cultures.,"['fact', 'social', 'literal language', 'normative', 'reasoning', 'everyday']",inception/mercury-2.5
Lying often damages relationships over time.,1,Trust breakdown is observable after repeated lies.,4,0,Relationships are human constructs governed by trust norms.,4,1,It states a consequence without metaphor.,4,0,It implies honesty is the better value.,3,0,It concludes a social outcome based on specific behavior.,4,1,Relationships are part of everyday personal life.,4,This is a logical cause-and-effect social dynamic.,"['fact', 'social', 'literal language', 'normative', 'reasoning', 'everyday']",inception/mercury-2.5
Doctors usually try to treat sick people.,1,Medical treatments are observable professional acts.,4,0,Healthcare is a socially organized system.,4,1,Terms like doctors and treat are used literally.,4,0,It sets an expected standard for doctors.,3,0,It infers purpose from professional role definition.,4,1,Getting treatment is a common life experience.,4,This describes a standard professional social role.,"['fact', 'social', 'literal language', 'normative', 'reasoning', 'everyday']",inception/mercury-2.5
Respecting elders is common in many families.,1,This value is observable in various cultures.,3,0,Respect norms are culturally constructed rules.,4,1,It uses plain terms to describe respect.,4,0,It indicates a social value regarding age.,4,0,It generalizes a value from family structures.,4,1,Families are a central part of daily life.,4,This is a traditional social value in households.,"['fact', 'social', 'literal language', 'normative', 'reasoning', 'everyday']",inception/mercury-2.5
"If you walk, you should look both ways.",1,Pedestrian safety is an observable concern.,4,0,Traffic safety is a social agreement on order.,4,1,Directions are literal physical actions.,4,0,It gives a 'should' instruction about safety.,4,0,It concludes action based on risk assessment.,4,1,Walking is an everyday activity for most people.,4,This states a safety norm for pedestrians.,"['fact', 'social', 'literal language', 'normative', 'reasoning', 'everyday']",inception/mercury-2.5
Gifts are exchanged on birthdays usually.,1,Birthday celebrations are observable regular events.,4,0,Celebrations are culturally constructed human events.,4,1,It uses words literally without metaphor.,4,0,It describes a social custom and expectation.,4,0,It connects the event to typical social behavior.,4,1,Birthdays happen annually in ordinary life.,4,This is a common tradition in social celebrations.,"['fact', 'social', 'literal language', 'normative', 'reasoning', 'everyday']",inception/mercury-2.5
Quiet behavior is preferred in libraries.,1,Library rules are documented and observable.,4,0,Noise norms are social rules.,4,1,Quiet is a literal description of sound.,4,0,Preferred indicates a social expectation.,4,0,It infers behavior from the setting.,4,1,Libraries are public spaces people visit.,4,This is a social rule for public places.,"['fact', 'social', 'literal language', 'normative', 'reasoning', 'everyday']",inception/mercury-2.5
Work is often expected to be paid.,1,Employment contracts document payment obligations.,4,0,Labor is a social and economic institution.,4,1,Terms like work and paid are literal.,4,0,Expected implies a norm for labor.,4,0,It connects work labor to the concept of wage.,4,1,Jobs are a common part of daily life.,4,This reflects the standard labor-economic agreement.,"['fact', 'social', 'literal language', 'normative', 'reasoning', 'everyday']",inception/mercury-2.5
Children often follow rules to avoid trouble.,1,Behavioral outcomes in child development are observable.,4,0,Discipline and rules are social constructs in families.,4,1,Rules and trouble are used literally.,4,0,It implies a norm about rules and behavior.,3,0,It connects behavior to a typical consequence.,4,1,Child rearing is a part of everyday life.,4,This reflects a typical learning outcome in families.,"['fact', 'social', 'literal language', 'normative', 'reasoning', 'everyday']",inception/mercury-2.5
You should sleep eight hours to feel rested tomorrow.,0,Feeling rested is subjective; restfulness varies per person.,3,1,Sleep and bodily rest are biological processes.,4,1,"The language is plain with no metaphors, describing sleep directly.",4,0,The word should imposes a health norm on readers.,4,0,It concludes that sleep duration causes restfulness through biological logic.,3,1,Everyone encounters sleep and fatigue in daily life.,4,This blends health norms with physical biological needs.,"['opinion', 'physical', 'literal language', 'normative', 'reasoning', 'everyday']",inception/mercury-2.5
Hot soup is comforting when it is raining outside.,0,Comfort is subjective; not everyone finds soup comforting.,3,1,Soup temperature and rain are physical phenomena.,4,1,It names objects and conditions plainly without metaphors.,4,0,There is no explicit moral duty or value judgment.,2,0,It infers comfort from the state of food and weather.,3,1,People frequently drink soup and observe rain.,4,Temperature and weather combine to create subjective comfort.,"['opinion', 'physical', 'literal language', 'normative', 'reasoning', 'everyday']",inception/mercury-2.5
Walking barefoot on grass feels nice in summer.,0,Nice is subjective; some might feel pain or dirt.,3,1,"Grass, walking, and heat are physical realities.",4,1,It describes actions and sensory input directly.,4,0,It lacks an explicit suggestion or rule.,2,0,It links walking on grass to a specific sensory judgment.,3,1,Walking on grass is a common everyday activity.,4,Physical sensation meets subjective preference about comfort.,"['opinion', 'physical', 'literal language', 'normative', 'reasoning', 'everyday']",inception/mercury-2.5
Wearing shoes protects your feet from sharp stones.,0,Protection is objectively observable rather than subjective opinion.,2,1,"Shoes, feet, and stones are physical objects.",4,1,It plainly states an object's function and risk.,4,0,"Safety advice implies you should wear them, a norm.",3,0,It reasons that shoes shield feet from harm.,3,1,Walking on rocks and wearing shoes are common.,4,It connects gear to physical safety and health.,"['opinion', 'physical', 'literal language', 'normative', 'reasoning', 'everyday']",inception/mercury-2.5
Water is good to drink when you are thirsty.,0,Good is subjective here as some drink juice.,2,1,Hydration and water intake are biological facts.,4,1,The words are plain with no figurative speech.,4,0,It implies you should choose water over other fluids.,3,0,It infers that water addresses the physical need for hydration.,3,1,Everyone drinks water and experiences thirst.,4,Basic physiological needs match common everyday habits.,"['opinion', 'physical', 'literal language', 'normative', 'reasoning', 'everyday']",inception/mercury-2.5
Reading a book before sleep helps you relax.,0,Relaxation is subjective; some people get stressed.,3,1,Books and sleep are physical and biological acts.,4,1,"It names reading, sleep, and relaxation plainly.",4,0,Helps suggests a recommended path for better sleep.,3,0,It suggests one activity causes another physical state.,3,1,Sleep and reading are standard daily routines.,4,It links an action to a mental state.,"['opinion', 'physical', 'literal language', 'normative', 'reasoning', 'everyday']",inception/mercury-2.5
Fresh bread smells better than frozen dough.,0,Better taste or smell is inherently subjective.,4,1,Smell and bread are physical stimuli and materials.,4,1,It describes scent directly without metaphor or rhyme.,4,0,It does not explicitly suggest a right or wrong.,2,0,It infers a preference based on state of food.,3,1,Bread and dough are everyday food items.,4,Comparing scents relies on physical senses and preference.,"['opinion', 'physical', 'literal language', 'normative', 'reasoning', 'everyday']",inception/mercury-2.5
Holding someone's hand feels safer in crowds.,0,Safety is subjective; some feel unsafe regardless.,3,1,Hand holding and crowds involve physical bodies.,4,1,It uses simple words to describe touch and context.,4,0,It implies a social norm of support and bonding.,3,0,It concludes contact creates safety through psychological logic.,3,1,People hold hands and visit crowded spaces often.,4,Physical contact links to subjective feelings of security.,"['opinion', 'physical', 'literal language', 'normative', 'reasoning', 'everyday']",inception/mercury-2.5
You should wear warm clothes when the wind blows.,0,Warmth is valued subjectively by most people.,3,1,Wind and temperature are objective physical forces.,4,1,It is plain language describing weather and clothing.,4,0,Should expresses a clear social expectation or rule.,4,0,It infers that wind justifies a dress choice.,3,1,Wind and clothing are daily physical experiences.,4,It combines weather facts with advice on comfort.,"['opinion', 'physical', 'literal language', 'normative', 'reasoning', 'everyday']",inception/mercury-2.5
Eating vegetables keeps your body strong and healthy.,0,Healthy is subjective; different diets suit different bodies.,2,1,Vegetables and bodies are biological and material.,4,1,It plainly states diet and physical outcomes.,4,0,It implies a duty to eat vegetables for health.,3,0,It concludes nutrition causes physical strength and health.,3,1,Eating is a daily necessity for everyone.,4,Diet is linked to physical well-being norms.,"['opinion', 'physical', 'literal language', 'normative', 'reasoning', 'everyday']",inception/mercury-2.5
A quiet room is better for studying than noise.,0,Better is subjective; some study well in noise.,3,1,Sound and rooms are physical realities.,4,1,It uses plain words to describe environments and tasks.,4,0,It suggests a standard for good study habits.,3,0,It reasons that quiet supports focus and learning.,3,1,Studying and noise levels are part of life.,4,Sound levels affect subjective study conditions.,"['opinion', 'physical', 'literal language', 'normative', 'reasoning', 'everyday']",inception/mercury-2.5
Smelling flowers can improve your mood quickly.,0,Mood improvement is subjective and variable.,3,1,"Flowers, scents, and brains are biological.",4,1,It describes scent and mood without metaphors.,4,0,It lacks a prescriptive norm or moral judgment.,2,0,It infers a causal link between scent and emotion.,3,1,Flowers and mood changes are common experiences.,4,Sensory input links to emotional states.,"['opinion', 'physical', 'literal language', 'normative', 'reasoning', 'everyday']",inception/mercury-2.5
It is nicer to sit outside than inside.,0,Nicer is purely subjective and preference-based.,4,1,Inside and outside environments have physical differences.,4,1,It states a simple comparison with plain terms.,4,0,It implies a general rule for leisure preference.,3,0,It judges one location as superior via common sense.,3,1,Sitting inside and outside are everyday choices.,4,Preference about location relies on physical comfort.,"['opinion', 'physical', 'literal language', 'normative', 'reasoning', 'everyday']",inception/mercury-2.5
Drinking coffee wakes you up better than tea.,0,Better is subjective; effects vary by body.,3,1,Beverages and sleep states are biological.,4,1,It names beverages and effects plainly and directly.,4,0,It implies a choice for alertness over others.,2,0,It infers stronger caffeine effects from experience.,3,1,Drinking drinks and waking up are routine.,4,Caffeine effects are compared through common experience.,"['opinion', 'physical', 'literal language', 'normative', 'reasoning', 'everyday']",inception/mercury-2.5
Wearing a hat helps keep your head warm.,0,Warmth needs vary by personal feeling.,2,1,"Hats, bodies, and heat are physical.",4,1,It is plain language describing protection from elements.,4,0,It suggests a helpful choice for comfort.,2,0,It concludes that hats reduce heat loss logically.,3,1,People wear hats and feel cold daily.,4,Clothing function protects the body from cold.,"['opinion', 'physical', 'literal language', 'normative', 'reasoning', 'everyday']",inception/mercury-2.5
Sharing food makes meals taste better for everyone.,0,Better is subjective based on personal feelings.,3,1,Food and bodies are physical entities.,4,1,It plainly states sharing and eating without metaphor.,4,0,It implies sharing is the social right choice.,3,0,It reasons that social context changes taste perception.,3,1,Sharing and eating are universal daily actions.,4,Social acts influence subjective eating experience.,"['opinion', 'physical', 'literal language', 'normative', 'reasoning', 'everyday']",inception/mercury-2.5
Walking to work clears your mind better than driving.,0,Better is subjective based on personal experience.,3,1,"Walking, driving, and brains are physical.",4,1,It uses clear words to describe modes and effects.,4,0,It implies you should choose walking for health.,2,0,It concludes exercise improves mental clarity through logic.,3,1,Commuting is a common everyday experience.,4,Physical exercise impacts mental state subjectively.,"['opinion', 'physical', 'literal language', 'normative', 'reasoning', 'everyday']",inception/mercury-2.5
A soft bed feels better than a hard floor.,0,Better is subjective based on individual tolerance.,4,1,Beds and floors are physical objects.,4,1,It states surface hardness and feeling plainly.,4,0,It implies a standard for comfort and safety.,3,0,It infers comfort from physical material properties.,3,1,Sleeping surfaces are part of daily life.,4,Physical comfort preferences guide sleep choices.,"['opinion', 'physical', 'literal language', 'normative', 'reasoning', 'everyday']",inception/mercury-2.5
Listening to music can make exercise feel easier.,0,Easier is subjective depending on the song.,3,1,Music and exercise involve physical bodies.,4,1,It names music and effort in plain terms.,4,0,It suggests a recommendation for workout quality.,2,0,It reasons that sound reduces perceived physical strain.,3,1,Exercise and music are common daily habits.,4,Sound alters subjective perception of physical effort.,"['opinion', 'physical', 'literal language', 'normative', 'reasoning', 'everyday']",inception/mercury-2.5
Watching a sunset feels more peaceful than sunrise.,0,Peaceful is subjective and culturally determined.,3,1,Sunsets and sunrise are physical light changes.,4,1,It describes events and feelings directly.,4,0,It implies a preference choice over time.,2,0,It concludes one time causes more calm than other.,3,1,Sunrise and sunset are everyday natural phenomena.,4,Nature's timing changes subjective emotional states.,"['opinion', 'physical', 'literal language', 'normative', 'reasoning', 'everyday']",inception/mercury-2.5
Kindness returns like an echo.,0,It is a subjective generalization that cannot be proven objectively as truth or falsehood.,4,0,It refers to interpersonal dynamics and shared human expectations.,4,0,It uses a metaphor comparing reciprocity to an echo.,4,1,It describes a perceived pattern in human interaction rather than a command.,3,0,It implies a causal logic where kind acts lead to kind returns.,4,1,It concerns routine interactions people encounter in daily social life.,4,This reflects a common human belief about how social behavior reciprocates over time.,"['opinion', 'social', 'figure of speech', 'positive', 'reasoning', 'everyday']",inception/mercury-2.5
Haste often leads to messy outcomes.,0,It is a generalization that may not hold in every specific case.,4,0,It relates to human behavior and task management norms.,4,0,It uses hyperbole with messy outcomes to emphasize errors.,3,1,It describes an observed tendency rather than prescribing how to act.,3,0,It draws a conclusion linking speed to quality of results.,4,1,It applies to common tasks like work or cooking where speed is involved.,4,This captures the common experience that rushing usually causes errors.,"['opinion', 'social', 'figure of speech', 'positive', 'reasoning', 'everyday']",inception/mercury-2.5
A calm mind holds sharp swords.,0,It expresses a subjective view on what makes one effective.,3,0,It pertains to human conflict and personal judgment.,4,0,It uses metaphor to compare mental state to weapons.,4,1,It presents a claim about mental efficacy rather than a rule.,3,0,It infers that internal state determines external capability.,3,1,It applies to everyday situations requiring decision-making or negotiation.,4,This metaphor suggests tranquility provides better strategic strength than rage.,"['opinion', 'social', 'figure of speech', 'positive', 'reasoning', 'everyday']",inception/mercury-2.5
"People forget deeds, not gifts given.",0,It is a generalization about human memory that lacks universal proof.,3,0,It addresses human social interactions and gift-giving norms.,4,0,It uses parallel structure to emphasize the contrast between deeds and gifts.,3,1,It describes social memory dynamics instead of moral obligations.,3,0,It concludes that physical items outweigh abstract actions in recall.,4,1,It relates to daily exchanges of favor and thanks.,4,This reflects how material gifts often overshadow past actions in memory.,"['opinion', 'social', 'figure of speech', 'positive', 'reasoning', 'everyday']",inception/mercury-2.5
Trust builds bridges that fear burns.,0,It is a subjective observation about how emotions affect relationships.,4,0,It deals with human emotions and social bonding.,4,0,It uses metaphors to describe trust and fear as physical forces.,4,1,It presents a claim about social dynamics rather than a directive.,3,0,It logically contrasts two forces in their effect on connection.,4,1,It applies to daily interpersonal trust decisions.,4,This illustrates how trust connects people while distrust isolates them.,"['opinion', 'social', 'figure of speech', 'positive', 'reasoning', 'everyday']",inception/mercury-2.5
Wealth rarely buys inner peace.,0,It is a debatable generalization about the limits of financial wealth.,4,0,It deals with societal value and individual well-being.,4,0,It uses personification where wealth buys peace metaphorically.,4,1,It describes a perceived outcome rather than telling people to stop buying.,3,0,It suggests a logical boundary between material goods and mental state.,4,1,It relates to ordinary life where people seek happiness.,4,This reflects the common experience that money does not solve emotional struggles.,"['opinion', 'social', 'figure of speech', 'positive', 'reasoning', 'everyday']",inception/mercury-2.5
Silence can speak as loud as screams.,0,It is a subjective claim about how communication is interpreted.,4,0,It addresses human interaction and perception of signals.,4,0,It uses hyperbole to compare silence to screaming volume.,4,1,It describes perceived social dynamics instead of stating rules.,3,0,It infers that non-verbal cues carry equal or greater weight than words.,4,1,It applies to daily conflicts or conversations where words are withheld.,4,This suggests quiet behavior often communicates more than shouting.,"['opinion', 'social', 'figure of speech', 'positive', 'reasoning', 'everyday']",inception/mercury-2.5
Good seeds grow in hard soil.,0,It is a hopeful generalization that cannot be scientifically verified as absolute.,4,0,It pertains to human experience and shared cultural beliefs.,4,0,It uses metaphor to represent people and conditions as plants.,4,1,It describes a perceived pattern in life rather than a command.,3,0,It concludes that resilience leads to growth despite adversity.,4,1,It relates to common challenges people face in daily life.,4,This metaphor suggests positive outcomes often arise from difficult conditions.,"['opinion', 'social', 'figure of speech', 'positive', 'reasoning', 'everyday']",inception/mercury-2.5
Truth often walks naked before lies.,0,It is a subjective observation about the nature of truth and deception.,4,0,It deals with communication norms and human perception.,4,0,It uses personification to describe abstract concepts as walking figures.,4,1,It describes social behavior patterns rather than prescribing ethics.,3,0,It implies a logical distinction in how truth and lies are presented.,4,1,It applies to daily situations involving honesty and lying.,4,This suggests honesty is plain while deception uses elaborate disguises.,"['opinion', 'social', 'figure of speech', 'positive', 'reasoning', 'everyday']",inception/mercury-2.5
Power corrupts good men deeply.,0,It is a subjective claim about human nature that cannot be fully proven.,4,0,It deals with social hierarchy and human behavior.,4,0,It uses personification where power is an active agent.,4,1,It describes an observed trend rather than stating a rule.,3,0,It draws a conclusion about the causal effect of power on character.,4,1,It applies to routine encounters with authority figures.,4,This reflects the common belief that authority can degrade morals.,"['opinion', 'social', 'figure of speech', 'positive', 'reasoning', 'everyday']",inception/mercury-2.5
Hope floats in even the dark.,0,It is a subjective belief that may not be true for everyone.,4,0,It refers to shared emotional experiences and collective belief.,4,0,It uses metaphor to compare hope to a physical object.,4,1,It describes human behavior patterns instead of prescribing feelings.,3,0,It logically implies optimism survives adverse conditions.,4,1,It relates to common daily struggles where people seek optimism.,4,This suggests optimism persists despite difficult circumstances.,"['opinion', 'social', 'figure of speech', 'positive', 'reasoning', 'everyday']",inception/mercury-2.5
Love hides in small daily gestures.,0,It is a subjective preference about how love is defined and shown.,4,0,It deals with interpersonal relationships and social norms.,4,0,It uses personification where love actively hides.,4,1,It describes how love is typically expressed rather than what should happen.,3,0,It concludes that ordinary actions signal affection more than extraordinary ones.,4,1,It applies to ordinary moments like making coffee or texting.,4,This suggests affection is shown through common habits not grand acts.,"['opinion', 'social', 'figure of speech', 'positive', 'reasoning', 'everyday']",inception/mercury-2.5
Anger is a fire that burns the burner.,0,It is a subjective claim about the nature of anger's effects.,4,0,It refers to human emotional dynamics and interactions.,4,0,It uses metaphor to compare anger to fire and people to burners.,4,1,It describes a perceived pattern of emotion rather than a rule.,3,0,It infers that negative emotions lead to self-destruction.,4,1,It applies to daily arguments or moments of frustration.,4,This suggests rage harms the person feeling it more than the target.,"['opinion', 'social', 'figure of speech', 'positive', 'reasoning', 'everyday']",inception/mercury-2.5
The sun sets after every storm.,0,It is a hopeful generalization that may not hold in all cases.,3,0,It relates to how humans interpret difficult times.,4,0,It uses metaphor to compare hardship to weather patterns.,4,1,It describes a perceived social regularity instead of a directive.,3,0,It concludes that bad events have natural endings.,4,1,It applies to common personal crises and resolutions.,4,This implies difficulties pass and normal life returns eventually.,"['opinion', 'social', 'figure of speech', 'positive', 'reasoning', 'everyday']",inception/mercury-2.5
Friends reveal themselves in hard times.,0,It is a subjective generalization that friendship is tested in crisis.,4,0,It deals with interpersonal relationships and loyalty norms.,4,0,It uses personification where friends actively reveal themselves.,4,1,It describes social dynamics rather than prescribing how to treat friends.,3,0,It logically infers behavior under pressure reveals character.,4,1,It applies to daily social choices regarding loyalty.,4,This suggests true bonds show during challenges not just leisure.,"['opinion', 'social', 'figure of speech', 'positive', 'reasoning', 'everyday']",inception/mercury-2.5
Greed eats the hand that feeds it.,0,It is a subjective claim about the consequences of desire.,4,0,It relates to human behavior and societal resource distribution.,4,0,It uses personification to compare greed to a consumer.,4,1,It describes a perceived economic behavior pattern rather than a command.,3,0,It implies a causal link between insatiability and self-harm.,4,1,It applies to common choices about spending and saving.,4,This suggests excessive desire destroys the source of prosperity.,"['opinion', 'social', 'figure of speech', 'positive', 'reasoning', 'everyday']",inception/mercury-2.5
Words often hurt more than sticks.,0,It is a subjective assessment of emotional impact versus physical pain.,4,0,It deals with human interaction and social consequences.,4,0,It uses a common idiom to compare abstract and physical pain.,4,1,It describes social consequences rather than telling people not to speak.,3,0,It draws a conclusion comparing two types of harm.,4,1,It applies to ordinary conflicts or disagreements.,4,This suggests verbal criticism causes deeper pain than physical acts.,"['opinion', 'social', 'figure of speech', 'positive', 'reasoning', 'everyday']",inception/mercury-2.5
Old habits die hard in everyone.,0,It is a subjective generalization about human persistence.,4,0,It relates to shared human social tendencies.,4,0,It uses personification to treat habits like living beings.,4,1,It describes observed behavioral patterns rather than rules.,3,0,It implies that past patterns have resistance to change.,4,1,It applies to daily routines and personal improvements.,4,This reflects the difficulty people face changing behaviors.,"['opinion', 'social', 'figure of speech', 'positive', 'reasoning', 'everyday']",inception/mercury-2.5
Patience grows flowers faster than haste.,0,It is a debatable claim about timing effectiveness.,4,0,It pertains to shared human values and behaviors.,4,0,It uses metaphor to compare patience to gardening.,4,1,It describes a perceived outcome rather than a command.,3,0,It infers that slow work yields better outcomes than speed.,4,1,It applies to everyday work or relationship management.,4,This suggests waiting leads to better long-term results.,"['opinion', 'social', 'figure of speech', 'positive', 'reasoning', 'everyday']",inception/mercury-2.5
Silence speaks where words cannot.,0,It is a subjective claim about the limits of language.,4,0,It deals with human interaction and meaning.,4,0,It uses personification where silence actively speaks.,4,1,It describes communication dynamics rather than prescribing silence.,3,0,It concludes that silence conveys meaning when speech fails.,4,1,It applies to daily conversations where emotions are complex.,4,This suggests non-verbal communication fills gaps left by talking.,"['opinion', 'social', 'figure of speech', 'positive', 'reasoning', 'everyday']",inception/mercury-2.5
Don't count your chickens before they hatch.,1,It is a social fact agreed upon by cultures as wisdom. It is not opinion because societies treat it as objective truth.,2,0,It reflects human social conventions about planning and expectation. It is not physical since it governs human interaction.,4,0,It uses a metaphor about farm animals to represent general expectations. It is not literal language because chickens are not involved.,4,0,It advises a behavior (patience) as a social value. It is not positive because it prescribes how to act.,4,0,It concludes that premature counting is risky based on experience. It uses logic rather than simple observation of the world.,4,1,"People encounter planning uncertainties daily, so this applies to ordinary life. It is not abstract since it relates to practical decisions.",4,This proverb warns against assuming future success prematurely.,"['fact', 'social', 'figure of speech', 'normative', 'reasoning', 'everyday']",inception/mercury-2.5
Honesty is the best policy.,1,It acts as an institutional fact in moral communities. It is not opinion because it is socially verified as truth.,2,0,It stems from human ethical norms and trust. It is not physical as it governs social cohesion.,4,0,It uses policy metaphor for moral strategy. It is not literal because honesty is not a formal policy.,4,0,It judges honesty as superior to deception. It is not positive as it implies a value judgment.,4,0,It deduces that truth leads to optimal outcomes logically. It involves reasoning beyond mere observation of honest acts.,3,1,People face daily choices about truth-telling in social life. It is not abstract because it applies to regular interactions.,4,This suggests truthfulness yields better long-term results.,"['fact', 'social', 'figure of speech', 'normative', 'reasoning', 'everyday']",inception/mercury-2.5
A bird in hand is worth two in the bush.,1,It is treated as a social fact in finance and advice. It is not opinion because it is widely accepted as valid.,2,0,It reflects shared economic and cultural values. It is not physical as it deals with human preferences.,4,0,It uses metaphorical hunting imagery to illustrate value. It is not literal since birds are irrelevant to the point.,4,0,It recommends prudence as a preferred value. It is not positive because it advises a specific stance.,4,0,It concludes risk aversion is logical based on value. It is not mere observation of nature but a calculation.,3,1,Individuals often weigh certain gains versus risks daily. It is not abstract because it fits common trade-off scenarios.,4,This means sure gains are better than uncertain potential.,"['fact', 'social', 'figure of speech', 'normative', 'reasoning', 'everyday']",inception/mercury-2.5
Time heals all wounds.,1,It is a social fact observed in cultural coping. It is not opinion because it is empirically seen across societies.,2,0,It expresses a human psychological norm. It is not physical since it addresses mental states.,4,0,It uses personification to describe recovery. It is not literal language because time does not physically heal.,4,0,It implies patience is a correct approach to pain. It is not positive as it suggests how to endure.,3,0,It infers that duration correlates with relief logically. It is not mere observation of time passing.,3,1,Everyone experiences recovery over time naturally. It is not abstract because it relates to common emotional life.,4,This metaphor suggests duration eases emotional pain.,"['fact', 'social', 'figure of speech', 'normative', 'reasoning', 'everyday']",inception/mercury-2.5
Two heads are better than one.,1,It serves as a social fact in business logic. It is not opinion because it holds under objective testing.,2,0,It stems from collaborative human social rules. It is not physical as it relies on interaction.,4,0,It uses metonymy for people to imply collective effort. It is not literal because heads are not the agents.,4,0,It suggests working together is preferred socially. It is not positive because it prescribes behavior.,4,0,It concludes cooperation improves outcomes logically. It is not observation of biological heads but reasoning about groups.,4,1,People frequently decide between working alone or together. It is not abstract as it fits routine decisions.,4,Collaboration is often more effective than solo work.,"['fact', 'social', 'figure of speech', 'normative', 'reasoning', 'everyday']",inception/mercury-2.5
Cleanliness is next to godliness.,1,It is a social fact in religious communities. It is not opinion because it is dogma for believers.,2,0,It reflects cultural conventions on purity. It is not physical as it links hygiene to virtue.,4,0,It uses hyperbole to link hygiene with divinity. It is not literal because hygiene is not religion.,4,0,It judges cleanliness as a moral duty. It is not positive as it enforces a standard.,4,0,It equates physical state with moral state logically. It is not mere observation of dirt but a judgment.,3,1,People encounter daily hygiene routines and norms. It is not abstract because it relates to physical reality.,4,Hygiene is tied to moral or spiritual value.,"['fact', 'social', 'figure of speech', 'normative', 'reasoning', 'everyday']",inception/mercury-2.5
Actions speak louder than words.,1,It is a social fact in legal and trust contexts. It is not opinion because evidence laws support it.,2,0,It stems from social expectations of trust. It is not physical as it concerns communication.,4,0,It uses metaphor for sound to describe value. It is not literal because actions do not make noise.,4,0,It suggests trust should be placed in deeds. It is not positive because it sets a priority.,4,0,It concludes deeds are stronger evidence logically. It is not observation of noise but reasoning on proof.,4,1,People evaluate reliability daily in social interactions. It is not abstract because it fits daily conflicts.,4,Behavior proves intent more than verbal claims.,"['fact', 'social', 'figure of speech', 'normative', 'reasoning', 'everyday']",inception/mercury-2.5
Better safe than sorry.,1,It is a social fact in risk management. It is not opinion because it reduces actual injury rates.,2,0,It reflects cultural safety norms. It is not physical as it addresses human fear.,4,0,It uses ellipsis to state a value clearly. It is not literal grammar but a compressed idiom.,3,0,It judges safety as morally preferred. It is not positive since it prescribes caution.,4,0,It concludes precaution avoids negative outcomes logically. It is not observation of regret but prediction.,4,1,People weigh risks versus safety constantly. It is not abstract because it applies to travel and health.,4,Precaution prevents future regrets.,"['fact', 'social', 'figure of speech', 'normative', 'reasoning', 'everyday']",inception/mercury-2.5
Haste makes waste.,1,It is a social fact in manufacturing contexts. It is not opinion because error rates rise with speed.,2,0,It stems from labor norms. It is not physical as it relies on human behavior.,4,0,It uses alliteration and metaphor for error. It is not literal since haste itself has no value.,4,0,It judges slow work as virtuous. It is not positive because it dictates work pace.,4,0,It infers speed causes mistakes causally. It is not observation of waste but a logical link.,4,1,People work fast and make mistakes daily. It is not abstract as it fits work life.,4,Speed often leads to errors.,"['fact', 'social', 'figure of speech', 'normative', 'reasoning', 'everyday']",inception/mercury-2.5
Don't cry over spilt milk.,1,It is a social fact in emotional regulation. It is not opinion because it reduces distress.,2,0,It reflects cultural stoicism. It is not physical as it concerns feelings.,4,0,It uses metaphor for minor accidents. It is not literal as crying over milk is rare.,4,0,It advises moving forward as right. It is not positive because it prescribes emotion.,4,0,It concludes regret is useless logically. It is not observation of milk but reasoning on emotion.,3,1,Everyone faces daily regrets and accidents. It is not abstract because it relates to household tasks.,4,Don't regret what cannot be changed.,"['fact', 'social', 'figure of speech', 'normative', 'reasoning', 'everyday']",inception/mercury-2.5
The early bird catches the worm.,1,It is a social fact in business logic. It is not opinion because early movers win often.,2,0,It stems from competition norms. It is not physical as it relies on human systems.,4,0,It uses allegory for effort and reward. It is not literal as people do not catch worms.,4,0,It judges punctuality as virtuous. It is not positive because it sets a moral rule.,4,0,It deduces timing leads to success logically. It is not observation of birds but a strategy.,3,1,People compete for resources early in the day. It is not abstract as it fits work and sports.,4,Early action leads to reward.,"['fact', 'social', 'figure of speech', 'normative', 'reasoning', 'everyday']",inception/mercury-2.5
Silence is golden.,1,It is a social fact in negotiation. It is not opinion because silence often yields deals.,2,0,It reflects norms of respect. It is not physical as it governs speech.,4,0,It uses metaphor for value (gold). It is not literal because silence has no physical price.,4,0,It judges silence as superior. It is not positive as it recommends quiet behavior.,4,0,It concludes quiet prevents harm logically. It is not observation of silence but a value.,3,1,People choose to talk or stay quiet daily. It is not abstract because it fits social situations.,4,Staying quiet is often better than speaking.,"['fact', 'social', 'figure of speech', 'normative', 'reasoning', 'everyday']",inception/mercury-2.5
Money can't buy happiness.,1,It is a social fact in psychology. It is not opinion because studies show income limits joy.,3,0,It stems from material value norms. It is not physical as it concerns happiness.,4,0,It uses personification for purchasing power. It is not literal since money is not a buyer.,4,0,It values non-material things higher. It is not positive because it judges spending.,4,0,It infers money lacks causal power on joy logically. It is not observation of money but a causal claim.,3,1,People encounter wealth and mood differences daily. It is not abstract since it fits life choices.,4,Wealth doesn't guarantee well-being.,"['fact', 'social', 'figure of speech', 'normative', 'reasoning', 'everyday']",inception/mercury-2.5
"Out of sight, out of mind.",1,It is a social fact in cognitive science. It is not opinion because recall drops with time.,2,0,It reflects social maintenance norms. It is not physical as it concerns memory.,4,0,It uses spatial metaphor for mental state. It is not literal since the mind is not physical.,4,0,It implies connection requires effort. It is not positive because it judges forgetfulness.,4,0,It concludes perception drives memory logically. It is not observation of vision but a link.,4,1,People encounter friends and objects leaving daily. It is not abstract as it fits relationships.,4,We forget what isn't visible.,"['fact', 'social', 'figure of speech', 'normative', 'reasoning', 'everyday']",inception/mercury-2.5
"If it ain't broke, don't fix it.",1,It is a social fact in engineering. It is not opinion because stability often costs less.,2,0,It reflects norms of efficiency. It is not physical as it relies on human intent.,4,0,It uses broken metaphor for problems. It is not literal as objects are not broken emotionally.,4,0,It judges tradition as preferable. It is not positive because it prescribes inaction.,4,0,It concludes inaction preserves stability logically. It is not observation of tools but a strategy.,3,1,People fix items or leave them daily. It is not abstract because it fits repair scenarios.,4,Change is often unnecessary.,"['fact', 'social', 'figure of speech', 'normative', 'reasoning', 'everyday']",inception/mercury-2.5
You reap what you sow.,1,It is a social fact in legal systems. It is not opinion because consequences align with actions.,2,0,It stems from justice norms. It is not physical as it concerns karma.,4,0,It uses agricultural metaphor for life. It is not literal as humans do not sow seeds.,4,0,It judges deeds as just. It is not positive because it prescribes behavior.,4,0,It concludes cause matches effect logically. It is not observation of farming but a moral rule.,4,1,People face consequences of their actions daily. It is not abstract as it fits work results.,4,Actions return to you.,"['fact', 'social', 'figure of speech', 'normative', 'reasoning', 'everyday']",inception/mercury-2.5
Practice makes perfect.,1,It is a social fact in education. It is not opinion because skills improve with practice.,3,0,It stems from learning norms. It is not physical as it concerns human ability.,4,0,It uses personification of practice as an actor. It is not literal because practice has no agency.,4,0,It judges effort as virtuous. It is not positive as it prescribes work habits.,4,0,It concludes repetition improves quality logically. It is not observation of practice but a promise.,3,1,People learn skills through repetition daily. It is not abstract as it fits hobbies and jobs.,4,Repetition improves skill.,"['fact', 'social', 'figure of speech', 'normative', 'reasoning', 'everyday']",inception/mercury-2.5
Necessity is the mother of invention.,1,It is a social fact in economic history. It is not opinion because innovation follows demand.,2,0,It reflects societal progress norms. It is not physical as it concerns human solutions.,4,0,It uses personification and metaphor for cause. It is not literal as necessity has no gender.,4,0,It judges innovation as necessary. It is not positive because it frames invention as a duty.,4,0,It concludes demand drives innovation logically. It is not observation of birth but a causal link.,3,1,People solve problems when needed daily. It is not abstract since it fits survival.,4,Need sparks creation.,"['fact', 'social', 'figure of speech', 'normative', 'reasoning', 'everyday']",inception/mercury-2.5
Look before you leap.,1,It is a social fact in safety. It is not opinion because planning reduces accidents.,2,0,It reflects social caution norms. It is not physical as it governs decisions.,4,0,It uses physical leap to imply action. It is not literal as life is not a physical gap.,4,0,It judges prudence as right. It is not positive because it prescribes planning.,4,0,It concludes planning prevents error logically. It is not observation of leaping but a strategy.,4,1,People face decisions constantly. It is not abstract as it fits risk assessment.,4,Consider before acting.,"['fact', 'social', 'figure of speech', 'normative', 'reasoning', 'everyday']",inception/mercury-2.5
Every cloud has a silver lining.,1,It is a social fact in resilience. It is not opinion because coping improves with positivity.,2,0,It stems from mental health norms. It is not physical as it concerns hope.,4,0,It uses metaphorical weather for mood. It is not literal because clouds are not people.,4,0,It judges optimism as virtuous. It is not positive as it prescribes attitude.,4,0,It infers positivity exists logically. It is not observation of clouds but a hopeful conclusion.,3,1,People face setbacks but find hope. It is not abstract as it fits personal hardships.,4,There is a positive in bad times.,"['fact', 'social', 'figure of speech', 'normative', 'reasoning', 'everyday']",inception/mercury-2.5
"If someone helps you, you should thank them.",0,It is a subjective belief about etiquette rather than an objective fact that can be proven.,4,0,"It relies on human social norms rather than natural laws, confidence is high as it defines interaction.",4,1,"The words mean exactly what they say without metaphors or idioms, making the meaning plain.",4,0,The word should establishes a moral judgment or norm rather than describing a physical reality.,4,0,It concludes a necessary action from a prior event using logic about gratitude and social exchange.,4,1,"People encounter help often in daily life, so this is not an abstract theoretical concept.",4,This reflects a basic social rule of reciprocity found in many cultures.,"['opinion', 'social', 'literal language', 'normative', 'reasoning', 'everyday']",inception/mercury-2.5
Waiting in line shows respect for others.,0,"Whether it shows respect is subjective and varies by culture, not an objective universal truth.",3,0,It describes a socially constructed rule for behavior rather than a physical property of the world.,4,1,The statement uses standard vocabulary with no figurative meaning or hidden metaphors.,4,0,It implies a value judgment about proper conduct rather than stating an empirical fact.,4,0,It infers a quality of respect from a specific action based on social understanding.,4,1,Waiting in queues is a routine experience for most people in everyday life.,4,This captures a common social expectation regarding fairness and order in public spaces.,"['opinion', 'social', 'literal language', 'normative', 'reasoning', 'everyday']",inception/mercury-2.5
Loud noises are often considered rude.,0,"Being considered rude is a collective opinion, not a scientifically measurable constant.",4,0,"Rudeness is a social concept defined by people, not by physics or biology directly.",4,1,The terms are used in their standard dictionary sense without artistic embellishment.,4,0,It conveys a judgment about appropriate behavior in society rather than a neutral observation.,4,0,It links noise volume to a social conclusion of rudeness based on common knowledge.,3,1,Encountering noise in daily settings is a common ordinary experience.,4,This reflects shared cultural views on acceptable behavior in shared spaces.,"['opinion', 'social', 'literal language', 'normative', 'reasoning', 'everyday']",inception/mercury-2.5
Sharing food makes people feel welcomed.,0,The feeling of being welcomed is subjective and depends on individual perception.,3,0,Food sharing is a human cultural practice tied to relationships and feelings.,4,1,The sentence states a direct cause and effect without using symbols or figures.,4,0,It suggests a positive value associated with the action rather than a neutral fact.,3,0,It connects an action to a psychological outcome based on social understanding.,4,1,Eating and sharing meals occur regularly in ordinary daily routines.,4,This describes a common social signal used to express hospitality.,"['opinion', 'social', 'literal language', 'normative', 'reasoning', 'everyday']",inception/mercury-2.5
Keeping promises builds trust between friends.,0,Building trust is a belief about outcomes that cannot be objectively guaranteed.,3,0,Trust and friendship are human social constructs governed by mutual expectations.,4,1,Words are used directly without metaphor to describe the relationship dynamic.,4,0,It implies that keeping promises is a valued behavior worth endorsing.,4,0,It reasons that adherence to words leads to reliability and trust.,4,1,"Friends interact regularly in ordinary life, making this a common situation.",4,This outlines a basic social principle governing relationships.,"['opinion', 'social', 'literal language', 'normative', 'reasoning', 'everyday']",inception/mercury-2.5
Interrupting others is considered rude usually.,0,Rudeness is a subjective label that varies across contexts.,4,0,Conversational rules are socially constructed guidelines for human interaction.,4,1,The phrasing is plain English without idiomatic or metaphorical language.,4,0,"It judges the behavior as inappropriate, reflecting a social value.",4,0,It draws a conclusion about quality based on an observed social action.,3,1,People talk daily and face interruptions in regular conversations.,4,This expresses a widespread social norm about conversational turn-taking.,"['opinion', 'social', 'literal language', 'normative', 'reasoning', 'everyday']",inception/mercury-2.5
Smiling at strangers feels friendly often.,0,Feeling friendly is a subjective emotional response to the expression.,3,0,"Friendliness is a perception of human interaction, not a physical object.",4,1,"Smiling is described literally as an action, not metaphorically.",4,0,It suggests smiling is a positive or desirable social signal.,3,0,It links a visual cue to a social impression based on typical patterns.,3,1,Strangers encounter each other routinely in public spaces.,4,This interprets a common facial expression within social contexts.,"['opinion', 'social', 'literal language', 'normative', 'reasoning', 'everyday']",inception/mercury-2.5
Paying for items is expected at stores.,0,"Expectedness is a shared belief, not a scientifically provable fact.",4,0,Expectations of payment are human rules rather than biological or physical necessities.,4,1,The statement conveys a direct expectation without rhetorical devices.,4,0,It defines a correct behavior within a commercial context.,4,0,It reasons that ownership transfer implies a financial transaction.,3,1,Buying items at stores is a routine activity for most people.,4,This states a standard economic and social contract in daily life.,"['opinion', 'social', 'literal language', 'normative', 'reasoning', 'everyday']",inception/mercury-2.5
Leaving early avoids missing important meetings.,0,"Meeting importance is subjective, and timing success is not guaranteed.",3,0,Meetings are social constructs requiring coordination and shared time.,4,1,The terms describe time and action directly without metaphor.,4,0,It implicitly advises a good behavior to avoid negative consequences.,3,0,It combines knowledge of travel time to conclude a positive outcome.,4,1,People attend meetings regularly in their daily professional or personal lives.,4,This uses logic to advise planning for common social events.,"['opinion', 'social', 'literal language', 'normative', 'reasoning', 'everyday']",inception/mercury-2.5
Asking permission respects someone's personal space.,0,Whether it respects is a judgment that depends on subjective norms.,3,0,"Personal space is a socially defined boundary, not a physical object.",4,1,It uses standard language to describe the boundary and action.,4,0,It affirms a value related to consent and boundaries.,4,0,It concludes that a specific action honors a social concept.,4,1,People encounter boundaries with others in typical daily interactions.,4,This connects an action to a social value regarding boundaries.,"['opinion', 'social', 'literal language', 'normative', 'reasoning', 'everyday']",inception/mercury-2.5
Wearing clean clothes shows self-respect generally.,0,Self-respect is internal and judged by others subjectively.,3,0,Self-respect is a social perception tied to cultural norms of appearance.,4,1,The words are straightforward and describe physical and abstract states directly.,4,0,It implies cleanliness is a positive value to strive for.,3,0,It links visual cues to an inferred character trait logically.,3,1,Getting dressed is a daily routine for everyone.,4,This infers internal feeling from external appearance in social views.,"['opinion', 'social', 'literal language', 'normative', 'reasoning', 'everyday']",inception/mercury-2.5
Knocking before entering respects privacy norms.,0,Respecting norms is a subjective judgment of appropriateness.,4,0,Privacy norms are social agreements about access and territory.,4,1,The terms denote the action and rule clearly without embellishment.,4,0,It reinforces a rule about how people ought to behave.,4,0,It reasons that a sound signal honors the concept of privacy.,4,1,Accessing others' rooms happens regularly in daily life.,4,This identifies a specific action supporting a standard social rule.,"['opinion', 'social', 'literal language', 'normative', 'reasoning', 'everyday']",inception/mercury-2.5
Holding doors helps people behind you.,0,Helpfulness is a subjective interpretation of the gesture.,3,0,Public courtesy is a social behavior governing community interactions.,4,1,The statement describes a physical action and its direct consequence.,4,0,It suggests helpfulness is a desirable trait in society.,3,0,It infers assistance from the mechanical effect on the door.,4,1,Passing through doors is a common daily occurrence.,4,This explains a simple gesture of assistance in public spaces.,"['opinion', 'social', 'literal language', 'normative', 'reasoning', 'everyday']",inception/mercury-2.5
Saying sorry helps fix broken relationships.,0,Whether it fixes relationships is subjective and not always true.,3,0,Relationships are human connections managed through verbal and emotional rules.,4,1,Apologizing is described literally without using metaphors for reconciliation.,4,0,It advocates for apology as a good way to resolve conflict.,4,0,It reasons that acknowledging fault leads to repairing social bonds.,4,1,People have conflicts and reconciliations as part of normal life.,4,This proposes a solution for conflict based on social understanding.,"['opinion', 'social', 'literal language', 'normative', 'reasoning', 'everyday']",inception/mercury-2.5
Being on time shows you value others.,0,The value is inferred from action and is open to interpretation.,3,0,Valuing others is a social attitude expressed through punctuality.,4,1,The phrasing uses standard terms to describe timing and regard.,4,0,It establishes a norm that respecting time shows respect for people.,4,0,It connects punctual action to an inferred internal attitude logically.,3,1,Scheduling and arrival times are part of daily interactions.,4,This interprets a scheduling behavior as a reflection of respect.,"['opinion', 'social', 'literal language', 'normative', 'reasoning', 'everyday']",inception/mercury-2.5
Greeting neighbors builds a friendly community.,0,A friendly community is a subjective state of shared feeling.,3,0,Community cohesion is a group dynamic created by human interactions.,4,1,Greeting and building are used literally to describe social growth.,4,0,It presents greeting as a positive action for social health.,4,0,It reasons that local interactions accumulate to create broader community feeling.,3,1,Meeting neighbors is a standard daily interaction for residents.,4,This suggests small actions lead to collective social cohesion.,"['opinion', 'social', 'literal language', 'normative', 'reasoning', 'everyday']",inception/mercury-2.5
Not talking loudly keeps public places calm.,0,Calmness is a subjective perception of the environment.,3,0,Calmness is a state of shared human experience and expectation.,4,1,The terms describe sound levels and ambiance directly and clearly.,4,0,It advocates for quietness as a good condition for public spaces.,3,0,It reasons that reduced noise causes reduced stress or agitation.,4,1,Public places like cafes or buses are common everyday contexts.,4,This relates volume to atmosphere in shared public spaces.,"['opinion', 'social', 'literal language', 'normative', 'reasoning', 'everyday']",inception/mercury-2.5
Offering seats to elders is kind.,0,"Kindness is a subjective judgment, not a measurable physical fact.",4,0,Deference to elders is a specific cultural social rule.,4,1,The statement uses plain language to describe the offering.,4,0,It expresses a positive value regarding how to treat elders.,4,0,It concludes the act possesses moral value based on care logic.,4,1,Public transport often involves seating and encounters with elders.,4,This affirms a common norm of deference and care for senior citizens.,"['opinion', 'social', 'literal language', 'normative', 'reasoning', 'everyday']",inception/mercury-2.5
Tipping servers acknowledges good service received.,0,Acknowledgment and service quality are subjective interpretations of the meal.,3,0,Tipping is a social custom tied to service and compensation.,4,1,The sentence uses direct terms for actions and their intended meaning.,4,0,It reinforces the norm that service should be rewarded.,3,0,It connects financial giving to the inference of good service.,4,1,Visiting restaurants is a regular daily or weekly activity.,4,This describes a social economic transaction that recognizes effort.,"['opinion', 'social', 'literal language', 'normative', 'reasoning', 'everyday']",inception/mercury-2.5
Listening carefully shows you care about speakers.,0,Showing care is a subjective interpretation of a person's actions.,3,0,Caring is a social emotional construct demonstrated in interaction.,4,1,The terms describe attention and regard without using metaphors.,4,0,It affirms listening as a valuable and commendable behavior.,4,0,It reasons that focused listening implies positive emotional concern.,4,1,Conversations happen constantly in regular daily life.,4,This interprets behavior to infer a caring attitude toward others.,"['opinion', 'social', 'literal language', 'normative', 'reasoning', 'everyday']",inception/mercury-2.5
Honesty is the best policy.,0,"This is a subjective belief about value, not an objective fact about reality.",4,0,It refers to social rules governing how people treat each other.,4,0,It uses a metaphor comparing honesty to a strategic policy.,4,0,It prescribes a value judgment on how one should behave.,4,1,It reflects an observation about how relationships typically function.,4,1,It applies to common daily situations involving communication.,4,People generally value truthfulness in daily interactions.,"['opinion', 'social', 'figure of speech', 'normative', 'knowledge', 'everyday']",inception/mercury-2.5
Don't count your chickens before they hatch.,0,It expresses a subjective view on risk and assumption.,4,0,It guides social behavior regarding expectations and planning.,4,0,It uses a metaphorical scenario about agriculture to warn against premature optimism.,4,0,It advises a specific course of action based on value judgments.,4,1,It summarizes a practical observation about uncertainty in outcomes.,4,1,It relates to common planning and expectation scenarios.,4,People advise against assuming success before it happens.,"['opinion', 'social', 'figure of speech', 'normative', 'knowledge', 'everyday']",inception/mercury-2.5
A stitch in time saves nine.,0,"It is a belief about efficiency, not a measurable law.",4,0,It promotes social values around responsibility and foresight.,4,0,It uses a sewing metaphor to illustrate preventive maintenance.,4,0,It suggests one should act quickly to avoid future trouble.,4,1,It conveys observed wisdom about cause and effect in tasks.,4,1,It applies to routine tasks like repairs or organization.,4,People believe fixing small problems early prevents bigger ones.,"['opinion', 'social', 'figure of speech', 'normative', 'knowledge', 'everyday']",inception/mercury-2.5
Laughter is the best medicine.,0,This is a subjective preference for joy over clinical treatment.,4,0,It relates to emotional well-being and social bonding.,4,0,It metaphorically equates laughter with medical relief.,4,0,It implies a value on prioritizing happiness in tough times.,4,1,It reflects observations about mood improvement in daily life.,4,1,It addresses common human experiences of stress and healing.,4,Many believe humor helps people cope with difficulties.,"['opinion', 'social', 'figure of speech', 'normative', 'knowledge', 'everyday']",inception/mercury-2.5
Two heads are better than one.,0,It expresses a subjective assessment of teamwork efficiency.,4,0,It governs social cooperation and collaborative expectations.,4,0,It uses hyperbole to compare individual and group intellect.,4,0,It suggests one should seek others when facing difficulty.,4,1,It summarizes a general observation about group problem-solving.,4,1,It applies to common work and social situations.,4,Collaboration is widely considered more effective than working alone.,"['opinion', 'social', 'figure of speech', 'normative', 'knowledge', 'everyday']",inception/mercury-2.5
Don't judge a book by its cover.,0,It is a belief about perception versus reality.,4,0,It dictates social norms about fairness and assumption.,4,0,It uses a metaphor comparing books to human appearances.,4,0,It advises against a specific social behavior like stereotyping.,4,1,It reflects observations on superficial versus deep truths.,4,1,It applies to meeting new people frequently.,4,People think appearances often hide true character.,"['opinion', 'social', 'figure of speech', 'normative', 'knowledge', 'everyday']",inception/mercury-2.5
Silence is golden when words hurt.,0,It is a subjective preference for silence over speech.,4,0,It addresses social norms about communication and conflict.,4,0,It uses a metaphor equating silence to valuable metal.,4,0,It suggests silence is the right choice in specific cases.,4,1,It reflects observations about emotional impact of talk.,4,1,It applies to common situations involving arguments or pain.,4,People often choose silence to avoid conflict or pain.,"['opinion', 'social', 'figure of speech', 'normative', 'knowledge', 'everyday']",inception/mercury-2.5
Time is money in business.,0,It is a subjective valuation of time in economic terms.,4,0,It reflects professional social rules about productivity.,4,0,It uses a metaphor to compare time to currency.,4,0,It prescribes a value on wasting resources.,4,1,It summarizes a common observation about market dynamics.,4,1,It relates to routine workplace experiences.,4,Many view efficiency and punctuality as valuable assets.,"['opinion', 'social', 'figure of speech', 'normative', 'knowledge', 'everyday']",inception/mercury-2.5
Better late than never.,0,It expresses a subjective view on timeliness versus completion.,4,0,It deals with social expectations regarding deadlines.,4,0,It is an idiom expressing a comparative preference.,4,0,It suggests that acting late is better than inaction.,4,1,It reflects an observation on progress and finality.,4,1,It applies to common delays in daily tasks.,4,People accept completed actions even if delayed.,"['opinion', 'social', 'figure of speech', 'normative', 'knowledge', 'everyday']",inception/mercury-2.5
The early bird gets the worm.,0,It is a subjective assessment of reward allocation.,4,0,It reinforces social values on diligence and initiative.,4,0,It uses a metaphor comparing people to hungry birds.,4,0,It implies one should wake or act early to succeed.,4,1,It reflects general observations about opportunity and timing.,4,1,It applies to daily schedules and competition.,4,Many believe early action brings rewards.,"['opinion', 'social', 'figure of speech', 'normative', 'knowledge', 'everyday']",inception/mercury-2.5
Actions speak louder than words.,0,It is a belief regarding the power of behavior over speech.,4,0,It addresses social trust and expectations of behavior.,4,0,It uses personification and a comparative metaphor.,4,0,It suggests prioritizing deeds over verbal promises.,4,1,It reflects common observations about credibility.,4,1,It applies to regular interpersonal interactions.,4,People judge others more by what they do than say.,"['opinion', 'social', 'figure of speech', 'normative', 'knowledge', 'everyday']",inception/mercury-2.5
Birds of a feather flock together.,0,It is a generalized belief about social patterns.,4,0,It refers to social grouping and affinity.,4,0,It uses a metaphor comparing people to birds.,4,0,It implies a natural social rule to expect grouping.,3,1,It summarizes an observation about human clustering.,4,1,It relates to common observations of friendship groups.,4,People with similar traits tend to form groups.,"['opinion', 'social', 'figure of speech', 'normative', 'knowledge', 'everyday']",inception/mercury-2.5
Don't bite the hand that feeds you.,0,It is a subjective moral judgment about loyalty.,4,0,It defines social ethics regarding power and support.,4,0,It uses a vivid metaphor for ingratitude.,4,0,It advises a specific behavior toward support sources.,4,1,It reflects observations about reciprocal social benefits.,4,1,It applies to daily workplace or family relationships.,4,People believe one should not harm a benefactor.,"['opinion', 'social', 'figure of speech', 'normative', 'knowledge', 'everyday']",inception/mercury-2.5
Keep your friends close and enemies closer.,0,It is a subjective strategy about trust and power.,4,0,It deals with social alliances and caution.,4,0,It uses a contrasting metaphor for social distance.,4,0,It suggests how one should manage social dynamics.,4,1,It reflects observation on risk management in relationships.,4,1,It relates to common interpersonal management.,4,Strategic relationships are seen as safer than distant ones.,"['opinion', 'social', 'figure of speech', 'normative', 'knowledge', 'everyday']",inception/mercury-2.5
Money can't buy happiness.,0,It is a subjective value judgment on wealth.,4,0,It addresses societal values on wealth and well-being.,4,0,It uses hyperbole regarding the limits of money.,4,0,It prescribes that life value is not solely material.,4,1,It reflects observed limits of material satisfaction.,4,1,It applies to common struggles with money and mood.,4,Many believe emotional satisfaction exceeds material wealth.,"['opinion', 'social', 'figure of speech', 'normative', 'knowledge', 'everyday']",inception/mercury-2.5
Pride comes before a fall.,0,It is a belief about causality in character flaws.,4,0,It reinforces humility in social interactions.,4,0,It uses a metaphor comparing status to height.,4,0,It advises against arrogant social behavior.,4,1,It summarizes observations on hubris and consequences.,4,1,It applies to typical failures after overconfidence.,4,People believe arrogance leads to failure.,"['opinion', 'social', 'figure of speech', 'normative', 'knowledge', 'everyday']",inception/mercury-2.5
"When in Rome, do as Romans do.",0,It is a subjective norm on behavior adaptation.,4,0,It defines social rules about integration and norms.,4,0,It uses a metaphor about travelers and locals.,4,0,It prescribes adopting local social habits.,4,1,It reflects observations on cultural adaptation.,4,1,It applies to common travel or new environment situations.,4,People usually follow local customs when traveling.,"['opinion', 'social', 'figure of speech', 'normative', 'knowledge', 'everyday']",inception/mercury-2.5
Too many cooks spoil the broth.,0,It is a belief on efficiency versus interference.,4,0,It addresses group dynamics and leadership.,4,0,It uses a metaphor comparing tasks to cooking.,4,0,It implies one should limit decision-makers.,4,1,It reflects observations about team efficiency.,4,1,It applies to typical team or household projects.,4,Many believe collaboration causes problems if overdone.,"['opinion', 'social', 'figure of speech', 'normative', 'knowledge', 'everyday']",inception/mercury-2.5
Absence makes the heart grow fonder.,0,It is a subjective view on emotional dynamics.,4,0,It relates to human bonding and relationships.,4,0,It uses a metaphor describing heart growth.,4,0,It suggests a value on patience and separation.,4,1,It summarizes observations about longing and love.,4,1,It applies to typical relationship separations.,4,People think distance strengthens emotional attachment.,"['opinion', 'social', 'figure of speech', 'normative', 'knowledge', 'everyday']",inception/mercury-2.5
A friend to all is a friend to none.,0,It is a subjective value judgment on social commitment.,4,0,It defines social norms about close versus loose ties.,4,0,It uses a paradoxical phrase about universal friendship.,4,0,It implies one should prioritize specific relationships.,4,1,It reflects observations on social energy limits.,4,1,It applies to common social and friendship choices.,4,People often value selectivity in friendship.,"['opinion', 'social', 'figure of speech', 'normative', 'knowledge', 'everyday']",inception/mercury-2.5
Blood is thicker than water.,0,Loyalty hierarchy is subjective; not everyone agrees on family over others. It cannot be objectively proven true universally.,3,1,It refers to physical substances blood and water to describe ties. It relies on physical properties to imply connection strength.,2,0,"It uses a metaphor comparing liquids to relationships, contrasting literal meaning. Confidence is high for this linguistic device.",4,0,It suggests a value judgment favoring family ties over others. It prescribes behavior rather than describing facts.,4,0,It infers biological ties imply stronger bonds than chosen ones. This conclusion combines shared biological knowledge and logic.,3,1,People often choose between family and non-family obligations daily. It stems from common social interaction experiences.,4,This idiom asserts family loyalty overrides other social obligations.,"['opinion', 'physical', 'figure of speech', 'normative', 'reasoning', 'everyday']",inception/mercury-2.5
Don't bite off more than you can chew.,0,Capacity limits are subjective and vary by person. It is not an objective fact everyone accepts universally.,3,1,It references the physical jaw capacity as an analogy. It draws on biology to illustrate a physical constraint.,3,0,It uses hyperbole about eating to mean managing obligations. This contrasts with literal advice about food intake.,4,0,It implies one should avoid overcommitment to succeed. It judges overcommitment as undesirable action to avoid.,4,0,It concludes overcommitment leads to failure based on limits. This combines knowledge of human limits with logical deduction.,4,1,Taking on too much work is a common experience. People encounter this when managing personal tasks or jobs.,4,Advise against taking on tasks exceeding one's capacity.,"['opinion', 'physical', 'figure of speech', 'normative', 'reasoning', 'everyday']",inception/mercury-2.5
A stitch in time saves nine.,0,Value of proactive repair depends on context and person. Not everyone views immediate fixes as always necessary.,3,1,It refers to physical tearing and sewing actions. Material stress and force mechanics underlie the statement.,3,0,It employs alliteration and numeric contrast metaphorically. It is not literal advice about sewing numbers.,4,0,It advises taking early action as good practice. This prescribes a preferred approach to handling issues.,4,0,It concludes early maintenance reduces total work volume. This combines physics of wear with logical cost-benefit reasoning.,4,1,Small repairs are common in daily life. People face tasks requiring timely maintenance often.,4,Fixing problems early prevents larger efforts later.,"['opinion', 'physical', 'figure of speech', 'normative', 'reasoning', 'everyday']",inception/mercury-2.5
Better safe than sorry.,0,Risk tolerance varies by person and situation. Safety preferences are subjective and not universally agreed.,3,1,It implies physical danger exists to avoid injury. The consequences of unsafe actions are often physical.,3,0,It uses a comparative idiomatic phrase to warn. This contrasts with plain statements like be careful.,4,0,It judges safety as preferable to regretting inaction. It sets a moral preference for prudent behavior.,4,0,It infers avoiding risk prevents future pain. This combines risk knowledge with logical consequence evaluation.,4,1,"People decide on caution in daily risks. This occurs in crosswalks, cooking, or financial decisions.",4,Prioritize caution to avoid negative outcomes.,"['opinion', 'physical', 'figure of speech', 'normative', 'reasoning', 'everyday']",inception/mercury-2.5
Birds of a feather flock together.,0,Similarity attraction is psychological interpretation. Not all relationships follow this pattern universally.,3,1,It references physical birds and biological behavior patterns. Animal migration is a physical phenomenon referenced here.,2,0,It uses a simile comparing birds to humans. This is not literal zoology but social observation.,4,0,It suggests social behavior is normative. It implies grouping patterns should or will follow similarity.,3,0,It concludes shared traits cause social clustering. This combines observation of groups with human nature logic.,3,1,Observing friend groups with shared interests is common. People see this in schools and workplaces daily.,4,People with similar traits associate with each other.,"['opinion', 'physical', 'figure of speech', 'normative', 'reasoning', 'everyday']",inception/mercury-2.5
Actions speak louder than words.,0,Trustworthiness is subjective and context dependent. Not everyone weighs words and deeds equally.,3,1,It references physical movements versus sound waves. Material reality of movement is objectively verifiable here.,3,0,It uses metaphor comparing volume of actions to words. It is not about actual sound levels.,4,0,It values deeds over speech as more important. It prescribes judging reliability by what is done.,4,0,It infers physical evidence proves truth more than speech. This combines observation logic with trust logic.,4,1,People observe broken promises often in life. Trust is built through actions in daily interactions.,4,Deeds matter more than verbal promises.,"['opinion', 'physical', 'figure of speech', 'normative', 'reasoning', 'everyday']",inception/mercury-2.5
Too many cooks spoil the broth.,0,Collaboration quality varies and is debatable. Some teams work well with many inputs.,3,1,It references liquid and heat in broth. Physical interference with cooking affects the result.,3,0,It uses cooking imagery as a metaphor for projects. Not literal advice on kitchen staffing.,4,0,It suggests minimizing interference is better practice. It prescribes limiting collaboration for quality outcomes.,4,0,It concludes overcrowding leads to failure. This combines kitchen experience with resource management logic.,4,1,Teams often conflict when collaborating on tasks. Everyone faces coordination issues in group work.,4,Too many people working together ruins the result.,"['opinion', 'physical', 'figure of speech', 'normative', 'reasoning', 'everyday']",inception/mercury-2.5
Don't count your chickens before they hatch.,0,Optimism versus prudence is subjective. Not everyone agrees on avoiding expectation.,3,1,It refers to physical incubation of eggs. The biological process determines the outcome reality.,3,0,It uses an idiom about counting poultry to warn. This contrasts with literal advice on egg counts.,4,0,It advises prudence as a moral guideline. It suggests planning for failure is virtuous.,4,0,It concludes expectations create risk of disappointment. This combines uncertainty with emotional logic.,4,1,Planning projects on expected successes is common. People often get disappointed by unexpected delays.,4,Don't plan on uncertain outcomes.,"['opinion', 'physical', 'figure of speech', 'normative', 'reasoning', 'everyday']",inception/mercury-2.5
Rome wasn't built in a day.,0,Pace of work is subjective to goals. Some things can be done faster or slower.,3,1,It references physical construction processes. Brick laying requires measurable hours of physical labor.,3,0,It uses historical hyperbole to illustrate patience. It is not literal history advice.,4,0,It suggests patience is a virtue to adopt. It prescribes enduring long processes without rush.,4,0,It infers complexity implies duration. This combines architectural observation with time logic.,4,1,Learning or building skills is a daily reality. People often feel impatient with progress.,4,Complex tasks take time.,"['opinion', 'physical', 'figure of speech', 'normative', 'reasoning', 'everyday']",inception/mercury-2.5
A rolling stone gathers no moss.,0,Rooted life value is subjective. Some prefer stability over change.,3,1,It references physical stones and biological moss. Plant growth occurs on static surfaces physically.,3,0,It uses metaphor comparing stones to people. Not literal advice on stone geology.,4,0,It implies stability is either good or bad. It suggests a judgment on consistent behavior.,3,0,It concludes motion prevents accumulation of assets. This combines physical friction with social logic.,3,1,People face job or relationship changes regularly. Moving frequently is common experience.,4,Frequent change prevents building roots.,"['opinion', 'physical', 'figure of speech', 'normative', 'reasoning', 'everyday']",inception/mercury-2.5
Look before you leap.,0,Risk tolerance varies by individual. Not everyone believes assessing before acting is needed.,3,1,It references eyesight and height. Gravity and sight are physical senses involved.,3,0,It uses physical imagery to warn about decisions. Contrast with literal advice on jumping heights.,4,0,It judges caution as good behavior. It suggests planning before action is the right way.,4,0,It infers inspection prevents injury. This combines visual observation with consequence prediction.,4,1,People decide to take risks daily. This advice helps in driving or investing.,4,Assess risks before acting.,"['opinion', 'physical', 'figure of speech', 'normative', 'reasoning', 'everyday']",inception/mercury-2.5
Don't cry over spilt milk.,0,Feeling regret is subjective. Some value reflecting on errors more.,3,1,It refers to spilled liquid and gravity. Spillage is a physical event that cannot be reversed.,3,0,It uses milk spillage as a metaphor for regret. Contrasts with literal advice on cleaning.,4,0,It judges regret as a waste. It prescribes focusing forward instead of backward.,4,0,It concludes crying cannot reverse events. This combines irreversibility with emotional cost logic.,4,1,People mess up things like cleaning daily. Regret is a common human reaction.,4,Do not waste time on past mistakes.,"['opinion', 'physical', 'figure of speech', 'normative', 'reasoning', 'everyday']",inception/mercury-2.5
Haste makes waste.,0,Speed value is situational and debatable. Sometimes haste is necessary in emergencies.,3,1,It refers to speed and material destruction. Physical force often increases errors when rushed.,3,0,It uses alliteration to contrast speed and output. This is rhythmic advice not literal physics.,4,0,It judges slowness as preferable to errors. It prescribes careful pacing over speed.,4,0,It infers speed causes mistakes requiring redo. This combines cognitive focus limits with resource logic.,4,1,Rushing leads to mistakes at work or home. Everyone experiences this in deadlines.,4,Rushing leads to errors.,"['opinion', 'physical', 'figure of speech', 'normative', 'reasoning', 'everyday']",inception/mercury-2.5
Absence makes the heart grow fonder.,0,Emotional growth varies by individual. Not everyone likes distance from loved ones.,3,1,It references heart growth metaphorically. Biological heart changes are not measurable here.,2,0,It uses personification of the heart to show emotion. This contrasts with literal anatomy.,4,0,It implies separation is beneficial for bonds. It suggests distance is a value to accept.,3,0,It infers missing creates appreciation. This combines psychology of scarcity with emotion logic.,3,1,People miss friends or partners when apart. Long distance is common in modern life.,4,Time apart increases affection.,"['opinion', 'physical', 'figure of speech', 'normative', 'reasoning', 'everyday']",inception/mercury-2.5
Every cloud has a silver lining.,0,Finding good in bad is subjective. Not every hardship has a clear good.,3,1,It references clouds and light physics. Light scattering around clouds is physical fact.,3,0,It uses weather imagery metaphorically for hope. Not literal meteorology advice.,4,0,It judges optimism as positive. It prescribes looking for good in bad.,4,0,It infers bad events lead to lessons. This combines observation of change with value logic.,3,1,People face struggles needing hope daily. This helps in coping with bad news.,4,Bad things have good aspects.,"['opinion', 'physical', 'figure of speech', 'normative', 'reasoning', 'everyday']",inception/mercury-2.5
Don't put all eggs in one basket.,0,Risk appetite is subjective. Some accept more risk for higher gain.,3,1,It references fragile eggs and baskets. Physical breakage occurs if the basket tips.,3,0,It uses egg baskets to metaphorize assets. Not literal advice on farming.,4,0,It advises diversification as smart. It prescribes avoiding singular reliance.,4,0,It infers concentration leads to total loss. This combines probability with risk management logic.,4,1,People face investment or job risks daily. This advice is common in finance.,4,Diversify risk.,"['opinion', 'physical', 'figure of speech', 'normative', 'reasoning', 'everyday']",inception/mercury-2.5
"Out of sight, out of mind.",0,Memory varies by individual. Some remember things not seen for years.,3,1,It references physical sight and brain. Visual input is a physical process for memory.,3,0,It uses alliteration about vision and memory. Contrasts with literal advice on objects.,4,0,It implies forgetting is inevitable. It suggests maintaining visibility is key.,3,0,It infers attention drives memory retention. This combines cognitive science with attention logic.,3,1,People forget friends or items when separated. Memory loss is common in daily life.,4,Things unseen are forgotten.,"['opinion', 'physical', 'figure of speech', 'normative', 'reasoning', 'everyday']",inception/mercury-2.5
An apple a day keeps the doctor away.,0,Diet impact on health varies. Fruit isn't the only factor for health.,3,1,It references biological health of apple. Nutrition affects physical body function.,3,0,It uses hyperbole about fruit to promise health. Not literal medical advice.,4,0,It suggests eating fruit is good. It prescribes fruit as necessary health action.,4,0,It infers nutrition prevents sickness. This combines nutritional science with prevention logic.,3,1,People make daily dietary choices. Health routines involve food daily.,4,Healthy eating prevents illness.,"['opinion', 'physical', 'figure of speech', 'normative', 'reasoning', 'everyday']",inception/mercury-2.5
The pen is mightier than the sword.,0,Persuasion strength varies by context. Force can still change outcomes too.,3,1,It references physical tools pen and sword. Both are tangible objects of physical origin.,3,0,It uses metaphor comparing tools of power. Contrasts with literal object strength.,4,0,It judges writing as superior to violence. It prescribes using words for change.,4,0,It infers ideas survive longer than fights. This combines history with communication logic.,3,1,People use communication for resolution daily. Conflict resolution is part of life.,4,Words change more than force.,"['opinion', 'physical', 'figure of speech', 'normative', 'reasoning', 'everyday']",inception/mercury-2.5
A stitch in time saves much work.,0,"It expresses a subjective preference for timing, not a provable law.",3,1,It implies the physical reality that small tears grow larger if ignored.,3,0,It uses a metaphor of sewing to represent broader general repair.,4,1,It claims an empirical regularity about effort saving over time.,3,0,It concludes that proactive care reduces future burden based on logic.,4,1,It references common domestic activities like sewing and maintenance.,4,It is common wisdom that acting promptly prevents worse outcomes later.,"['opinion', 'physical', 'figure of speech', 'positive', 'reasoning', 'everyday']",inception/mercury-2.5
Early birds catch the fattest worms.,0,"It expresses a value judgment on timing, not a guaranteed fact.",3,1,It relies on the biological reality of when birds wake up.,3,0,It uses a metaphor where the early bird represents proactive people.,4,1,It suggests an empirical pattern about food availability and timing.,3,0,It deduces that being early leads to better rewards.,4,1,It refers to daily nature routines people might observe.,4,It reflects the common belief that early effort yields the best rewards.,"['opinion', 'physical', 'figure of speech', 'positive', 'reasoning', 'everyday']",inception/mercury-2.5
Too much honey sticks to the hand.,0,It expresses a subjective take on how to measure excess.,3,1,It relies on the physical property of honey adhering to skin.,4,0,It is a hyperbolic metaphor for greed or excess.,4,1,It claims a physical regularity about viscosity and overhandling.,3,0,It concludes that excess quantity creates practical trouble.,4,1,It deals with the common daily experience of handling sticky foods.,4,It suggests that excess sweetness leads to unintended sticky consequences.,"['opinion', 'physical', 'figure of speech', 'positive', 'reasoning', 'everyday']",inception/mercury-2.5
Still waters run deeper than wild streams.,0,"It reflects a belief about character, not a proven scientific law.",3,1,It describes physical hydrodynamics where depth slows flow.,4,0,It uses a metaphor comparing water to human temperament.,4,1,It suggests an empirical pattern about water behavior.,3,0,It draws a logical conclusion about depth based on surface appearance.,4,1,It references a common natural observation during daily walks.,4,It implies calm exteriors often hide significant depth or substance.,"['opinion', 'physical', 'figure of speech', 'positive', 'reasoning', 'everyday']",inception/mercury-2.5
Fool's gold never turns into wealth.,0,It expresses a subjective view on value perception.,3,1,It relies on the physical properties distinguishing pyrite from gold.,4,0,It uses a metaphor where fools represent gullible people.,4,1,It suggests an empirical regularity about physical substances.,3,0,It concludes that deceptive things stay that way logically.,4,1,It references common daily encounters with deceptive objects.,4,It expresses the common belief that false appearances cannot become real value.,"['opinion', 'physical', 'figure of speech', 'positive', 'reasoning', 'everyday']",inception/mercury-2.5
A watched pot never really boils fast.,0,It expresses a subjective experience of time perception.,3,1,It describes the physical reality of boiling water taking time.,4,0,It uses a hyperbole to emphasize waiting frustration.,4,1,It claims a regularity in how humans observe physical processes.,3,0,It concludes that attention increases perceived duration.,4,1,It references a common domestic situation everyone experiences.,4,It suggests time feels longer when waiting for a physical change.,"['opinion', 'physical', 'figure of speech', 'positive', 'reasoning', 'everyday']",inception/mercury-2.5
One rotten apple spoils the whole bushel.,0,It expresses a subjective take on value judgment.,3,1,It relies on the biological fact of ethylene gas release.,4,0,It uses a metaphor where apples represent group members.,4,1,It suggests an empirical pattern regarding fruit decay.,3,0,It concludes that one defect spreads to the group.,4,1,It references common food storage situations in daily life.,4,It reflects the common belief that one bad element ruins the rest.,"['opinion', 'physical', 'figure of speech', 'positive', 'reasoning', 'everyday']",inception/mercury-2.5
Rough roads test a car's true strength.,0,It expresses a subjective view on what defines true strength.,3,1,It relies on the physical laws of mechanical fatigue and stress.,4,0,It uses personification to attribute strength to a car.,4,1,It suggests an empirical regularity about mechanical stress.,3,0,It concludes that testing conditions reveal hidden qualities.,4,1,It references a common commuting or travel experience.,4,It suggests difficult conditions reveal the actual quality of an object.,"['opinion', 'physical', 'figure of speech', 'positive', 'reasoning', 'everyday']",inception/mercury-2.5
Old maps often lead to hidden treasures.,0,It expresses a subjective view on the value of age.,3,1,It relies on the physical reality of paper and ink.,3,0,It uses a metaphor where maps represent abstract guidance.,4,1,It suggests an empirical regularity about historical discoveries.,3,0,It concludes that data can imply location of assets.,4,1,It references common hobbies like treasure hunting or reading.,4,It reflects the belief that old knowledge can reveal valuable secrets.,"['opinion', 'physical', 'figure of speech', 'positive', 'reasoning', 'everyday']",inception/mercury-2.5
Silent dogs warn more than those that bark.,0,It expresses a subjective value judgment on warning behavior.,3,1,It relies on the physical property of sound presence.,3,0,It uses dogs as a metaphor for security or warning systems.,4,1,It suggests a behavioral regularity in domestic animals.,3,0,It concludes that silence implies a hidden threat.,4,1,It references common experiences with household pets.,4,It suggests that absence of sound often signals danger more urgently.,"['opinion', 'physical', 'figure of speech', 'positive', 'reasoning', 'everyday']",inception/mercury-2.5
Fast rivers wear down stone over time.,0,It expresses a subjective take on patience and persistence.,3,1,It relies on physical erosion laws of fluid dynamics.,4,0,It is a metaphor for perseverance overcoming obstacles.,4,1,It suggests an empirical geological regularity.,3,0,It concludes that speed and duration create physical impact.,4,1,It references observations made while hiking or playing outside.,4,It reflects the belief that consistent force creates long term change.,"['opinion', 'physical', 'figure of speech', 'positive', 'reasoning', 'everyday']",inception/mercury-2.5
Thick roots hold trees through violent storms.,0,It expresses a subjective view on stability and security.,3,1,It relies on physical biology and gravitational stability.,4,0,It uses trees as a metaphor for personal or corporate resilience.,4,1,It suggests an empirical pattern in plant biology.,3,0,It concludes that underlying structures support surface stability.,4,1,It references observations made during common weather events.,4,It suggests that deep foundations provide stability against strong external forces.,"['opinion', 'physical', 'figure of speech', 'positive', 'reasoning', 'everyday']",inception/mercury-2.5
Old shoes walk easier than shiny new ones.,0,It expresses a subjective preference regarding comfort levels.,3,1,It relies on the physical breakdown of shoe materials.,4,0,It is a metaphor for experience reducing friction.,4,1,It suggests a regularity in material breaking in.,3,0,It concludes that modification reduces resistance.,4,1,It references a common experience for almost everyone.,4,It suggests that familiarity and wear make an object more efficient.,"['opinion', 'physical', 'figure of speech', 'positive', 'reasoning', 'everyday']",inception/mercury-2.5
Bright fires warm cold hands best.,0,It expresses a subjective take on warmth efficiency.,3,1,It relies on the physical transfer of thermal energy.,4,0,It uses light intensity as a metaphor for quality.,4,1,It suggests an empirical regularity in thermal transfer.,3,0,It concludes that light intensity correlates with heat.,4,1,It references a common cold weather experience.,4,It suggests that direct intense heat is most effective for cold relief.,"['opinion', 'physical', 'figure of speech', 'positive', 'reasoning', 'everyday']",inception/mercury-2.5
Sharp edges cut faster than blunt ones.,0,It expresses a subjective preference for tool maintenance.,3,1,It relies on the physics of pressure and friction.,4,0,It uses cutting as a metaphor for problem solving efficiency.,4,1,It suggests an empirical regularity about material resistance.,3,0,It concludes that geometry affects cutting speed logically.,4,1,It references a common experience in kitchen or workshop.,4,It reflects the belief that reduced friction increases physical efficiency.,"['opinion', 'physical', 'figure of speech', 'positive', 'reasoning', 'everyday']",inception/mercury-2.5
A dry summer yields a poor harvest.,0,It expresses a subjective view on value loss.,3,1,It relies on the physical biology of water in plants.,4,0,It uses harvest as a metaphor for overall output.,4,1,It suggests an agricultural regularity in weather effects.,3,0,It concludes that water absence limits growth.,4,1,It references a common seasonal expectation.,4,It reflects the belief that lack of rain reduces plant food production.,"['opinion', 'physical', 'figure of speech', 'positive', 'reasoning', 'everyday']",inception/mercury-2.5
Soft pillows hold heads during rest.,0,It expresses a subjective preference for comfort.,3,1,It relies on physical compression and gravity.,4,0,It is a simple metaphor for comfort and support.,4,1,It suggests an empirical regularity in material comfort.,3,0,It concludes that softness enables support.,4,1,It references a common nightly routine.,4,It suggests that conformable surfaces support the head effectively.,"['opinion', 'physical', 'figure of speech', 'positive', 'reasoning', 'everyday']",inception/mercury-2.5
Heavy rocks sink deeper in water.,0,It expresses a subjective view on value of sinking.,3,1,It relies on the physical law of density.,4,0,It uses sinking as a metaphor for failure.,4,1,It suggests an empirical pattern in buoyancy.,3,0,It concludes that weight causes displacement.,4,1,It references common play near bodies of water.,4,It suggests that mass leads to lower position in fluid.,"['opinion', 'physical', 'figure of speech', 'positive', 'reasoning', 'everyday']",inception/mercury-2.5
Ice cold drinks cool you fastest.,0,It expresses a subjective take on speed of cooling.,3,1,It relies on the physics of temperature gradients.,4,0,It is a hyperbole for effectiveness of temperature.,4,1,It suggests a thermal regularity in heat exchange.,3,0,It concludes that colder is faster.,4,1,It references a common hot day experience.,4,It reflects the belief that lower temperature accelerates cooling.,"['opinion', 'physical', 'figure of speech', 'positive', 'reasoning', 'everyday']",inception/mercury-2.5
Sunlight makes shadows grow longer.,0,It expresses a subjective take on observation of nature.,3,1,It relies on the physics of light and objects.,4,0,It uses shadows as a metaphor for time passing.,4,1,It suggests an empirical regularity in light behavior.,3,0,It concludes that time relates to length.,4,1,It references common play time observations.,4,It reflects the belief that light angle changes dark spot size.,"['opinion', 'physical', 'figure of speech', 'positive', 'reasoning', 'everyday']",inception/mercury-2.5
Honesty is the best policy.,1,Cultures verify honesty yields better outcomes than deceit. Confidence 3.,3,0,It relies on human social dynamics like trust and relationships. Confidence 4.,4,0,It uses metaphorical language ('best policy') instead of literal phrasing. Confidence 4.,4,0,It implies an 'ought' for behavior rather than describing a physical fact. Confidence 4.,4,1,It expresses a general observation about human interaction patterns. Confidence 4.,4,1,People encounter truth-telling decisions regularly in their lives. Confidence 4.,4,This is a widely shared belief guiding daily interactions and social cooperation.,"['fact', 'social', 'figure of speech', 'normative', 'knowledge', 'everyday']",inception/mercury-2.5
Don't count your chickens before they hatch.,1,Premature assumptions fail in verifiable ways. Confidence 3.,3,0,It reflects human planning practices rather than physical laws. Confidence 4.,4,0,It uses a metaphor about farm animals. Confidence 4.,4,0,It advises caution in planning actions. Confidence 4.,4,1,It describes consequences of human foresight errors. Confidence 4.,4,1,Planning outcomes is a common daily activity. Confidence 4.,4,It warns against assuming success before events actually occur.,"['fact', 'social', 'figure of speech', 'normative', 'knowledge', 'everyday']",inception/mercury-2.5
A friend in need is a friend indeed.,1,"True friends act in crises, a verifiable pattern. Confidence 3.",3,0,Friendship is a social construct managed by norms. Confidence 4.,4,0,It uses rhyming aphorism common in proverbs. Confidence 4.,4,0,It defines a standard for being a friend. Confidence 4.,4,1,It makes an observation about relationship durability. Confidence 4.,4,1,Everyone experiences needing help or helping others. Confidence 4.,4,This identifies loyalty as the core standard of friendship.,"['fact', 'social', 'figure of speech', 'normative', 'knowledge', 'everyday']",inception/mercury-2.5
You get what you pay for.,1,Price correlates with quality in measurable markets. Confidence 3.,3,0,Money exchange is a social human system. Confidence 4.,4,0,It uses literal phrasing but acts like an idiom. Confidence 3.,3,0,It suggests a rule for market behavior. Confidence 3.,3,1,It states a common economic observation. Confidence 4.,4,1,People shop daily for goods. Confidence 4.,4,It links cost to quality in consumer transactions.,"['fact', 'social', 'figure of speech', 'normative', 'knowledge', 'everyday']",inception/mercury-2.5
Actions speak louder than words.,1,Behavior correlates more with character than language. Confidence 3.,3,0,Trust is a social construct built on reliability. Confidence 4.,4,0,It uses metaphor comparing actions to voice. Confidence 4.,4,0,It judges deeds as more reliable than speech. Confidence 4.,4,1,It summarizes how humans judge sincerity. Confidence 4.,4,1,People promise and act daily. Confidence 4.,4,It prioritizes deeds over verbal promises in trust.,"['fact', 'social', 'figure of speech', 'normative', 'knowledge', 'everyday']",inception/mercury-2.5
Better safe than sorry.,1,Prevention reduces negative outcomes objectively. Confidence 3.,3,0,Safety is a shared social priority. Confidence 4.,4,0,"It uses short, rhythmic phrasing like a proverb. Confidence 3.",3,0,It prescribes a value of safety. Confidence 4.,4,1,It reflects wisdom about risk management. Confidence 4.,4,1,Risks occur frequently in daily life. Confidence 4.,4,It advises risk aversion as a standard approach.,"['fact', 'social', 'figure of speech', 'normative', 'knowledge', 'everyday']",inception/mercury-2.5
Birds of a feather flock together.,1,Homophily in networks is a verified phenomenon. Confidence 3.,3,0,It describes human social dynamics. Confidence 4.,4,0,It uses a metaphor involving animals. Confidence 4.,4,0,It implies social matching is natural and standard. Confidence 3.,3,1,It describes patterns of human association. Confidence 4.,4,1,Friends often share common interests. Confidence 4.,4,It notes people associate with similar peers.,"['fact', 'social', 'figure of speech', 'normative', 'knowledge', 'everyday']",inception/mercury-2.5
The early bird catches the worm.,1,"Early movers often gain advantages, shown empirically. Confidence 3.",3,0,Competition for resources is a human norm. Confidence 4.,4,0,It uses imagery of hunting and animals. Confidence 4.,4,0,It encourages early action as a virtue. Confidence 4.,4,1,It is a common observation about timing. Confidence 4.,4,1,Opportunities arise at specific times daily. Confidence 4.,4,It suggests proactivity yields better rewards.,"['fact', 'social', 'figure of speech', 'normative', 'knowledge', 'everyday']",inception/mercury-2.5
Don't bite the hand that feeds you.,1,Betrayal leads to loss of aid. Confidence 3.,3,0,Reciprocity is a social rule. Confidence 4.,4,0,It uses literal imagery of violence. Confidence 4.,4,0,It instructs not to betray gratitude. Confidence 4.,4,1,It explains consequences of ungrateful behavior. Confidence 4.,4,1,People rely on others for help. Confidence 4.,4,It warns against punishing your benefactors.,"['fact', 'social', 'figure of speech', 'normative', 'knowledge', 'everyday']",inception/mercury-2.5
It takes two to tango.,1,"Social events require mutual cooperation, observable fact. Confidence 3.",3,0,It refers to social interpersonal dynamics. Confidence 4.,4,0,It uses a dance metaphor for human action. Confidence 4.,4,0,It prescribes shared responsibility for interaction. Confidence 4.,4,1,It explains why interactions need two parties. Confidence 4.,4,1,Arguments or dances involve two people. Confidence 4.,4,It implies mutual participation in conflict or love.,"['fact', 'social', 'figure of speech', 'normative', 'knowledge', 'everyday']",inception/mercury-2.5
Don't judge a book by its cover.,1,Outer appearance does not match internal reality. Confidence 3.,3,0,Judgment is a social behavior. Confidence 4.,4,0,It uses a book metaphor for humans. Confidence 4.,4,0,It gives an instruction for fair behavior. Confidence 4.,4,1,It teaches a lesson about perception. Confidence 4.,4,1,People meet new individuals often. Confidence 4.,4,It advises looking beyond appearances.,"['fact', 'social', 'figure of speech', 'normative', 'knowledge', 'everyday']",inception/mercury-2.5
You reap what you sow.,1,"Actions have consequences, verifiable reality. Confidence 3.",3,0,It applies to human consequence logic. Confidence 4.,4,0,It uses farming imagery as metaphor. Confidence 4.,4,0,It suggests people should act responsibly. Confidence 4.,4,1,It describes cause and effect in life. Confidence 4.,4,1,Daily choices have consequences. Confidence 4.,4,It links actions to future outcomes.,"['fact', 'social', 'figure of speech', 'normative', 'knowledge', 'everyday']",inception/mercury-2.5
Many hands make light work.,1,"Collaboration reduces task load, measurable fact. Confidence 3.",3,0,Teams are social constructs. Confidence 4.,4,0,It personifies hands in a phrase. Confidence 3.,3,0,It encourages cooperation. Confidence 4.,4,1,It states a labor fact. Confidence 4.,4,1,Tasks often require help. Confidence 4.,4,It values collaboration for efficiency.,"['fact', 'social', 'figure of speech', 'normative', 'knowledge', 'everyday']",inception/mercury-2.5
Silence is golden.,1,Quiets often reduce conflict. Confidence 3.,3,0,It reflects social preference for decorum. Confidence 4.,4,0,It uses a metaphor comparing sound to money. Confidence 4.,4,0,It values quiet behavior. Confidence 4.,4,1,It observes effects of noise versus quiet. Confidence 4.,4,1,Noise happens often in homes. Confidence 4.,4,It suggests quiet can be preferable.,"['fact', 'social', 'figure of speech', 'normative', 'knowledge', 'everyday']",inception/mercury-2.5
A penny saved is a penny earned.,1,Savings accumulate like income. Confidence 3.,3,0,Money matters are social concerns. Confidence 4.,4,0,It uses parallelism. Confidence 4.,4,0,It advises thrift. Confidence 4.,4,1,It states a financial observation. Confidence 4.,4,1,People save and spend daily. Confidence 4.,4,It equates saving money with making it.,"['fact', 'social', 'figure of speech', 'normative', 'knowledge', 'everyday']",inception/mercury-2.5
Don't put all your eggs in one basket.,1,Concentration leads to failure risk. Confidence 3.,3,0,Risk assessment is a shared practice. Confidence 4.,4,0,It uses imagery of eggs and baskets. Confidence 4.,4,0,It instructs on risk management. Confidence 4.,4,1,It describes diversification. Confidence 4.,4,1,People make choices daily. Confidence 4.,4,It advises diversifying risk.,"['fact', 'social', 'figure of speech', 'normative', 'knowledge', 'everyday']",inception/mercury-2.5
Practice makes perfect.,1,"Repetition increases proficiency, verified by learning science. Confidence 3.",3,0,Learning is a social and human trait. Confidence 4.,4,0,It simplifies learning to a formula. Confidence 4.,4,0,It recommends repeated effort. Confidence 4.,4,1,It is an observation about training. Confidence 4.,4,1,People practice skills like music or sports. Confidence 4.,4,It claims repetition improves skill.,"['fact', 'social', 'figure of speech', 'normative', 'knowledge', 'everyday']",inception/mercury-2.5
Two heads are better than one.,1,"Groups solve complex tasks faster, observable fact. Confidence 3.",3,0,Problem-solving often involves groups. Confidence 4.,4,0,It compares heads to workers metaphorically. Confidence 4.,4,0,It encourages teamwork. Confidence 4.,4,1,It states a fact about group dynamics. Confidence 4.,4,1,Work and chores often need help. Confidence 4.,4,It states collaboration solves problems faster.,"['fact', 'social', 'figure of speech', 'normative', 'knowledge', 'everyday']",inception/mercury-2.5
"When in Rome, do as the Romans do.",1,"Adaptation eases social integration, verified fact. Confidence 3.",3,0,Customs are socially constructed rules. Confidence 4.,4,0,It uses historical reference as idiom. Confidence 4.,4,0,It prescribes following local norms. Confidence 4.,4,1,It states a rule of conduct. Confidence 4.,4,1,People travel and meet cultures. Confidence 4.,4,It advises adapting to local customs.,"['fact', 'social', 'figure of speech', 'normative', 'knowledge', 'everyday']",inception/mercury-2.5
A watched pot never boils.,1,"Attention biases time perception, measurable fact. Confidence 3.",3,0,Perception of time is human. Confidence 4.,4,0,It is a proverb about cooking. Confidence 4.,4,0,It implies distraction might help. Confidence 3.,3,1,It summarizes a sensory experience. Confidence 4.,4,1,Cooking and waiting happen often. Confidence 4.,4,It suggests waiting feels slower.,"['fact', 'social', 'figure of speech', 'normative', 'knowledge', 'everyday']",inception/mercury-2.5
Ice melts when left in warm room.,1,It is objectively testable and not subjective. I am very confident because experiments can verify it.,4,1,It describes thermodynamic physics processes. I am very confident because it is not social.,4,1,It uses plain words without metaphors or idioms. I am very confident because the meaning is literal.,4,1,"It states an empirical regularity about heat transfer, not a value judgment. I am very confident because it predicts what happens.",4,0,It concludes melting occurs from heat knowledge. I am very confident because it implies causality.,4,1,People encounter ice daily in kitchens. I am very confident because it is common life.,4,It describes a typical everyday physical experience with phase changes.,"['fact', 'physical', 'literal language', 'positive', 'reasoning', 'everyday']",inception/mercury-2.5
Dropping a glass usually causes it to break.,1,It is objectively testable via dropping glass. I am very confident because it is verifiable.,4,1,It describes material stress physics. I am very confident because it is natural rule.,4,1,It uses plain words without metaphors. I am very confident because the meaning is literal.,4,1,"It states an empirical regularity about fragility, not a value judgment. I am very confident because it predicts outcomes.",4,0,It concludes breakage occurs from impact. I am very confident because it links cause and effect.,4,1,Dropping items is a common occurrence. I am very confident because it is ordinary experience.,4,It describes a typical everyday physical experience with impact forces.,"['fact', 'physical', 'literal language', 'positive', 'reasoning', 'everyday']",inception/mercury-2.5
Water boils when heated to high temperature.,1,It is scientifically verifiable. I am very confident because thermometers can measure it.,4,1,It describes state change in physics. I am very confident because it is natural rule.,4,1,It uses plain words without figures of speech. I am very confident because the meaning is direct.,4,1,It states an empirical regularity about thermodynamics. I am very confident because it describes a law.,4,0,It concludes boiling follows heat increase. I am very confident because it implies causality.,4,1,People boil water for cooking often. I am very confident because it is daily life.,4,It describes a typical everyday physical experience with boiling points.,"['fact', 'physical', 'literal language', 'positive', 'reasoning', 'everyday']",inception/mercury-2.5
Plants need sunlight to grow properly.,1,It is scientifically verifiable. I am very confident because experiments can verify it.,4,1,It describes biological requirements physics. I am very confident because it is natural rule.,4,1,It uses plain words without metaphors. I am very confident because the meaning is direct.,4,1,It states an empirical regularity about biology. I am very confident because it describes a law.,4,0,It concludes growth depends on light. I am very confident because it implies causality.,4,1,People grow plants and see needs. I am very confident because it is ordinary experience.,4,It describes a typical everyday biological experience with photosynthesis.,"['fact', 'physical', 'literal language', 'positive', 'reasoning', 'everyday']",inception/mercury-2.5
Touching fire causes pain to human skin.,1,It is biologically verifiable. I am very confident because reactions are measurable.,4,1,It describes physiological response physics. I am very confident because it is natural rule.,4,1,It uses plain words without metaphors. I am very confident because the meaning is direct.,4,1,It states an empirical regularity about biology. I am very confident because it describes a law.,4,0,It concludes pain follows heat contact. I am very confident because it implies causality.,4,1,People encounter fire hazards often. I am very confident because it is ordinary experience.,4,It describes a typical everyday physical experience with nerve response.,"['fact', 'physical', 'literal language', 'positive', 'reasoning', 'everyday']",inception/mercury-2.5
Shadows appear when light is blocked.,1,It is experimentally verifiable. I am very confident because light paths are measurable.,4,1,It describes wave propagation physics. I am very confident because it is natural rule.,4,1,It uses plain words without metaphors. I am very confident because the meaning is direct.,4,1,It states an empirical regularity about optics. I am very confident because it describes a law.,4,0,It concludes darkness follows blocking. I am very confident because it implies causality.,4,1,People see shadows outdoors daily. I am very confident because it is ordinary experience.,4,It describes a typical everyday optical experience with light waves.,"['fact', 'physical', 'literal language', 'positive', 'reasoning', 'everyday']",inception/mercury-2.5
Sound travels slower than light does.,1,It is scientifically verifiable. I am very confident because speeds are measured.,4,1,It describes wave physics properties. I am very confident because it is natural rule.,4,1,It uses plain words without metaphors. I am very confident because the meaning is direct.,4,1,It states an empirical regularity about physics. I am very confident because it describes a law.,4,0,It concludes relative speed difference exists. I am very confident because it implies comparison.,4,1,People hear thunder after seeing lightning. I am very confident because it is ordinary experience.,4,It describes a typical everyday physics experience with wave speeds.,"['fact', 'physical', 'literal language', 'positive', 'reasoning', 'everyday']",inception/mercury-2.5
Breathing is needed to keep humans alive.,1,It is biologically verifiable. I am very confident because life depends on it.,4,1,It describes physiological survival physics. I am very confident because it is natural rule.,4,1,It uses plain words without metaphors. I am very confident because the meaning is direct.,4,1,It states an empirical regularity about biology. I am very confident because it describes a law.,4,0,It concludes survival depends on respiration. I am very confident because it implies causality.,4,1,People breathe automatically every day. I am very confident because it is ordinary experience.,4,It describes a typical everyday biological experience with oxygen intake.,"['fact', 'physical', 'literal language', 'positive', 'reasoning', 'everyday']",inception/mercury-2.5
Smoke rises when fire burns nearby.,1,It is physically observable. I am very confident because particles move visibly.,4,1,It describes gas flow physics. I am very confident because it is natural rule.,4,1,It uses plain words without metaphors. I am very confident because the meaning is direct.,4,1,It states an empirical regularity about thermodynamics. I am very confident because it describes a law.,4,0,It concludes upward motion from heat. I am very confident because it implies causality.,4,1,People see fire smoke daily. I am very confident because it is ordinary experience.,4,It describes a typical everyday physical experience with convection.,"['fact', 'physical', 'literal language', 'positive', 'reasoning', 'everyday']",inception/mercury-2.5
Food rots if left out too long.,1,It is biologically verifiable. I am very confident because spoilage is observable.,4,1,It describes chemical reaction physics. I am very confident because it is natural rule.,4,1,It uses plain words without metaphors. I am very confident because the meaning is direct.,4,1,It states an empirical regularity about biology. I am very confident because it describes a law.,4,0,It concludes decay occurs with time. I am very confident because it implies causality.,4,1,People store food in kitchens. I am very confident because it is ordinary experience.,4,It describes a typical everyday biological experience with decay.,"['fact', 'physical', 'literal language', 'positive', 'reasoning', 'everyday']",inception/mercury-2.5
Mirrors reflect light to show images.,1,It is physically verifiable. I am very confident because optics are testable.,4,1,It describes wave reflection physics. I am very confident because it is natural rule.,4,1,It uses plain words without metaphors. I am very confident because the meaning is direct.,4,1,It states an empirical regularity about optics. I am very confident because it describes a law.,4,0,It concludes images follow reflection. I am very confident because it implies causality.,4,1,People use mirrors daily for reflection. I am very confident because it is ordinary experience.,4,It describes a typical everyday optical experience with reflection.,"['fact', 'physical', 'literal language', 'positive', 'reasoning', 'everyday']",inception/mercury-2.5
Rain makes the ground wet usually.,1,It is visibly verifiable. I am very confident because wetness is observable.,4,1,It describes fluid interaction physics. I am very confident because it is natural rule.,4,1,It uses plain words without metaphors. I am very confident because the meaning is direct.,4,1,It states an empirical regularity about hydrology. I am very confident because it describes a law.,4,0,It concludes wetness follows precipitation. I am very confident because it implies causality.,4,1,People walk in rain often. I am very confident because it is ordinary experience.,4,It describes a typical everyday physical experience with liquid transfer.,"['fact', 'physical', 'literal language', 'positive', 'reasoning', 'everyday']",inception/mercury-2.5
Sleeping restores energy for human bodies.,1,It is scientifically verifiable. I am very confident because physiology is measurable.,4,1,It describes biological restoration physics. I am very confident because it is natural rule.,4,1,It uses plain words without metaphors. I am very confident because the meaning is direct.,4,1,It states an empirical regularity about biology. I am very confident because it describes a law.,4,0,It concludes energy follows sleep. I am very confident because it implies causality.,4,1,People sleep nightly for recovery. I am very confident because it is ordinary experience.,4,It describes a typical everyday biological experience with metabolism.,"['fact', 'physical', 'literal language', 'positive', 'reasoning', 'everyday']",inception/mercury-2.5
Wheels make moving heavy loads easier.,1,It is engineering verifiable. I am very confident because friction is measurable.,4,1,It describes mechanical friction physics. I am very confident because it is natural rule.,4,1,It uses plain words without metaphors. I am very confident because the meaning is direct.,4,1,It states an empirical regularity about physics. I am very confident because it describes a law.,4,0,It concludes ease follows wheel use. I am very confident because it implies causality.,4,1,People use carts and vehicles often. I am very confident because it is ordinary experience.,4,It describes a typical everyday mechanical experience with friction.,"['fact', 'physical', 'literal language', 'positive', 'reasoning', 'everyday']",inception/mercury-2.5
Ice cubes cool down drinks effectively.,1,It is scientifically verifiable. I am very confident because temperature changes are measurable.,4,1,It describes heat exchange physics. I am very confident because it is natural rule.,4,1,It uses plain words without metaphors. I am very confident because the meaning is direct.,4,1,It states an empirical regularity about thermodynamics. I am very confident because it describes a law.,4,0,It concludes cooling follows heat absorption. I am very confident because it implies causality.,4,1,People add ice to drinks daily. I am very confident because it is ordinary experience.,4,It describes a typical everyday physical experience with heat transfer.,"['fact', 'physical', 'literal language', 'positive', 'reasoning', 'everyday']",inception/mercury-2.5
Birds fly using wings to push air.,1,It is physically observable. I am very confident because wings push air.,4,1,It describes aerodynamics physics. I am very confident because it is natural rule.,4,1,It uses plain words without metaphors. I am very confident because the meaning is direct.,4,1,It states an empirical regularity about physics. I am very confident because it describes a law.,4,0,It concludes lift follows wing use. I am very confident because it implies causality.,4,1,People observe birds flying outside. I am very confident because it is ordinary experience.,4,It describes a typical everyday biological experience with aerodynamics.,"['fact', 'physical', 'literal language', 'positive', 'reasoning', 'everyday']",inception/mercury-2.5
Rust forms on iron exposed to moisture.,1,It is chemically verifiable. I am very confident because oxidation is measurable.,4,1,It describes chemical reaction physics. I am very confident because it is natural rule.,4,1,It uses plain words without metaphors. I am very confident because the meaning is direct.,4,1,It states an empirical regularity about chemistry. I am very confident because it describes a law.,4,0,It concludes oxidation follows exposure. I am very confident because it implies causality.,4,1,People see rust on objects. I am very confident because it is ordinary experience.,4,It describes a typical everyday chemical experience with oxidation.,"['fact', 'physical', 'literal language', 'positive', 'reasoning', 'everyday']",inception/mercury-2.5
Eating food gives humans energy to work.,1,It is scientifically verifiable. I am very confident because metabolism is measurable.,4,1,It describes biological physics physics. I am very confident because it is natural rule.,4,1,It uses plain words without metaphors. I am very confident because the meaning is direct.,4,1,It states an empirical regularity about biology. I am very confident because it describes a law.,4,0,It concludes energy follows consumption. I am very confident because it implies causality.,4,1,People eat daily for activity. I am very confident because it is ordinary experience.,4,It describes a typical everyday biological experience with metabolism.,"['fact', 'physical', 'literal language', 'positive', 'reasoning', 'everyday']",inception/mercury-2.5
Dropped objects fall down because of gravity.,1,It is physically verifiable. I am very confident because gravity is measurable.,4,1,It describes gravitational physics. I am very confident because it is natural rule.,4,1,It uses plain words without metaphors. I am very confident because the meaning is direct.,4,1,It states an empirical regularity about physics. I am very confident because it describes a law.,4,0,It concludes motion follows force. I am very confident because it implies causality.,4,1,People drop items daily. I am very confident because it is ordinary experience.,4,It describes a typical everyday physical experience with gravitational force.,"['fact', 'physical', 'literal language', 'positive', 'reasoning', 'everyday']",inception/mercury-2.5
Hot surfaces transfer heat to touching skin.,1,It is physically verifiable. I am very confident because heat transfer is measurable.,4,1,It describes thermal conduction physics. I am very confident because it is natural rule.,4,1,It uses plain words without metaphors. I am very confident because the meaning is direct.,4,1,It states an empirical regularity about thermodynamics. I am very confident because it describes a law.,4,0,It concludes heat transfer occurs via touch. I am very confident because it implies causality.,4,1,People touch surfaces daily. I am very confident because it is ordinary experience.,4,It describes a typical everyday physical experience with conduction.,"['fact', 'physical', 'literal language', 'positive', 'reasoning', 'everyday']",inception/mercury-2.5
People should say thank you when helped.,0,"Not everyone agrees on this norm, making it subjective.",4,0,Gratitude is a human construct governing interpersonal interactions.,4,1,The statement uses plain words without metaphors or figures of speech.,4,0,"It prescribes behavior using 'should', indicating a moral judgment rather than a fact.",4,1,It observes a common expectation in human society.,4,1,People encounter help and gratitude daily in ordinary life.,4,This reflects a universal social norm about gratitude.,"['opinion', 'social', 'literal language', 'normative', 'knowledge', 'everyday']",inception/mercury-2.5
It is rude to interrupt someone speaking.,0,Definitions of rudeness vary by culture and context.,4,0,Conversation rules are socially constructed agreements.,4,1,Words are used literally without idioms or metaphors.,4,0,Calling something 'rude' expresses a value judgment.,4,1,It states a known observation about social behavior.,4,1,Interrupting happens frequently in daily interactions.,4,This captures a basic rule of conversational respect.,"['opinion', 'social', 'literal language', 'normative', 'knowledge', 'everyday']",inception/mercury-2.5
Queuing in line is polite behavior.,0,Politeness is a matter of social perception.,4,0,Lines are human-made structures for order.,4,1,The language is direct and unambiguous.,4,0,"It labels behavior as 'polite', implying a standard.",4,1,It reflects a shared understanding of conduct.,4,1,Queuing occurs often in shops and services.,4,Waiting your turn is a standard social expectation.,"['opinion', 'social', 'literal language', 'normative', 'knowledge', 'everyday']",inception/mercury-2.5
Tipping servers is expected in many places.,0,Expectations differ by region and individual belief.,4,0,Tipping practices are culturally defined conventions.,4,1,No metaphors are used; terms are standard.,4,0,'Expected' implies a social obligation or rule.,4,1,It describes a known economic social practice.,4,1,Dining out is a common everyday activity.,4,This highlights a variable cultural norm for payment.,"['opinion', 'social', 'literal language', 'normative', 'knowledge', 'everyday']",inception/mercury-2.5
Dressing neatly shows respect for others.,0,What counts as respectful dressing is subjective.,4,0,Clothing norms are socially constructed signals.,4,1,Terms like 'neatly' are plain and clear.,4,0,It connects attire to the value of respect.,4,1,It observes a common interpretation of appearance.,4,1,People dress daily and interact with others.,4,Appearance communicates social regard in many contexts.,"['opinion', 'social', 'literal language', 'normative', 'knowledge', 'everyday']",inception/mercury-2.5
Holding the door helps people behind you.,0,Helpfulness is a value judgment.,4,0,Public courtesy is a shared social rule.,4,1,The action is described plainly.,4,0,It implies a helpful duty to others.,4,1,It is a known practical social observation.,4,1,Doors are encountered daily in public spaces.,4,Small acts like this aid community cooperation.,"['opinion', 'social', 'literal language', 'normative', 'knowledge', 'everyday']",inception/mercury-2.5
Giving up seats for elders is kind.,0,Kindness depends on personal and cultural views.,4,0,Public transport etiquette is a social construct.,4,1,Words are used in their standard meanings.,4,0,Calling it 'kind' assigns a positive value.,4,1,It reflects a known social expectation.,4,1,Traveling occurs frequently in ordinary life.,4,Prioritizing others shows moral consideration.,"['opinion', 'social', 'literal language', 'normative', 'knowledge', 'everyday']",inception/mercury-2.5
Whispering in libraries respects quiet zones.,0,What is respectful noise varies by opinion.,4,0,Quiet rules are agreed upon by community.,4,1,The statement describes an action literally.,4,0,It suggests a rule for appropriate conduct.,4,1,It is a common observation about library use.,4,1,Libraries are common public everyday locations.,4,Noise control is a social agreement in shared spaces.,"['opinion', 'social', 'literal language', 'normative', 'knowledge', 'everyday']",inception/mercury-2.5
Shaking hands is a common greeting custom.,0,Customs change and are subjective to groups.,4,0,Greetings are socially constructed interaction rules.,4,1,Terms are straightforward with no hidden meaning.,4,0,Custom implies a shared expectation of behavior.,4,1,It describes a known cultural observation.,4,1,Meeting people happens in daily life.,4,Physical contact conventions vary by culture.,"['opinion', 'social', 'literal language', 'normative', 'knowledge', 'everyday']",inception/mercury-2.5
Wearing masks during sickness protects others.,0,Mandatory masking is a subjective policy decision.,4,0,Health norms are regulated by social agreement.,4,1,Language is direct and factual without metaphor.,4,0,It implies a duty to protect the community.,4,1,It states an accepted observation about risk.,4,1,Illness and protection happen in daily life.,4,This reflects a health-related social norm.,"['opinion', 'social', 'literal language', 'normative', 'knowledge', 'everyday']",inception/mercury-2.5
Apologizing when wrong restores social harmony.,0,Restoration of harmony depends on subjective views.,4,0,Harmony is a social value in groups.,4,1,Words are used in their ordinary sense.,4,0,It prescribes a corrective moral action.,4,1,It reflects a known social consequence.,4,1,Conflicts happen regularly in ordinary life.,4,Acknowledging fault repairs interpersonal relationships.,"['opinion', 'social', 'literal language', 'normative', 'knowledge', 'everyday']",inception/mercury-2.5
Sharing food with guests shows hospitality.,0,Hospitality standards vary by opinion.,4,0,Guest relations are a social construct.,4,1,The statement is plain and literal.,4,0,It links sharing to a valued trait.,4,1,It describes a known cultural practice.,4,1,Hosting guests occurs in daily life.,4,Feeding guests is a social signal of welcome.,"['opinion', 'social', 'literal language', 'normative', 'knowledge', 'everyday']",inception/mercury-2.5
Returning borrowed items on time is trustworthy.,0,Trustworthiness is a subjective judgment.,4,0,Trust is a social construct between people.,4,1,Phrasing is literal and clear.,4,0,It assigns a moral quality to an action.,4,1,It observes a known link between acts and trust.,4,1,Borrowing is a common daily occurrence.,4,Reliability builds social trust among peers.,"['opinion', 'social', 'literal language', 'normative', 'knowledge', 'everyday']",inception/mercury-2.5
Avoiding loud phones in public spaces is courteous.,0,What is too loud is subjective.,4,0,Public etiquette is a social rule.,4,1,The description is precise and literal.,4,0,'Courteous' is a value-laden judgment.,4,1,It describes a common social observation.,4,1,Phones are used daily in public.,4,Noise levels in public are socially regulated.,"['opinion', 'social', 'literal language', 'normative', 'knowledge', 'everyday']",inception/mercury-2.5
Respecting private property keeps communities safe.,0,Safety definitions vary by opinion.,4,0,Property rights are human constructs.,4,1,Terms are used literally without ambiguity.,4,0,Respecting property is a moral rule.,4,1,It states a known social outcome.,4,1,People live and interact in communities daily.,4,Property rights are essential for social order.,"['opinion', 'social', 'literal language', 'normative', 'knowledge', 'everyday']",inception/mercury-2.5
Honoring holidays strengthens cultural traditions.,0,Tradition value is a matter of opinion.,4,0,Holidays are social constructs.,4,1,Language is straightforward and literal.,4,0,It implies a value in maintaining traditions.,4,1,It reflects a known observation about identity.,4,1,Holidays are encountered in ordinary time.,4,Celebrating shared dates reinforces group identity.,"['opinion', 'social', 'literal language', 'normative', 'knowledge', 'everyday']",inception/mercury-2.5
Listening attentively makes speakers feel valued.,0,Feeling valued is subjective.,4,0,Conversational value is a social construct.,4,1,Words are used without metaphor.,4,0,It suggests a positive interaction standard.,4,1,It is a known observation about feelings.,4,1,Conversations happen every day.,4,Active listening is a social skill for respect.,"['opinion', 'social', 'literal language', 'normative', 'knowledge', 'everyday']",inception/mercury-2.5
Not smoking near children shows consideration.,0,Consideration standards vary by view.,4,0,Protection norms are socially defined.,4,1,The statement is plain and literal.,4,0,It defines a moral duty.,4,1,It reflects a common social expectation.,4,1,Children are often present in daily spaces.,4,Protecting vulnerable people is a social norm.,"['opinion', 'social', 'literal language', 'normative', 'knowledge', 'everyday']",inception/mercury-2.5
Wearing formal wear to weddings is customary.,0,Dress expectations are subjective.,4,0,Weddings are social institutions.,4,1,Language is direct and unambiguous.,4,0,Customary implies a shared rule.,4,1,It describes a known practice.,4,1,Attending events is a common activity.,4,Event dress codes are social expectations.,"['opinion', 'social', 'literal language', 'normative', 'knowledge', 'everyday']",inception/mercury-2.5
Respecting elders is valued in many cultures.,0,Values differ across groups.,4,0,Elder respect is a social rule.,4,1,Terms are plain and standard.,4,0,Valued implies a moral preference.,4,1,It reflects a known cultural observation.,4,1,Daily interactions often include elders.,4,Social hierarchy norms vary globally.,"['opinion', 'social', 'literal language', 'normative', 'knowledge', 'everyday']",inception/mercury-2.5
Drivers stop their cars when traffic lights turn red.,1,Traffic behavior can be objectively observed and verified.,4,0,"It relies on human laws and traffic conventions, not physics laws.",4,1,The words mean exactly what they say without metaphor.,4,1,"It describes what drivers actually do, not what they ought to do.",4,0,It connects an observed signal to a logical behavioral conclusion.,4,1,Most people encounter traffic lights in daily life.,4,This reflects a common human rule linking visual signals to physical actions.,"['fact', 'social', 'literal language', 'positive', 'reasoning', 'everyday']",inception/mercury-2.5
People wear jackets when the air feels cold.,1,It can be empirically verified through observation.,4,0,Clothing choices are driven by social norms and personal comfort preferences.,4,1,The text describes the action plainly.,4,1,It states an observed regularity of behavior.,4,0,It infers an action based on a sensory conclusion.,4,1,People experience weather and wear clothes daily.,4,This connects physical sensation to a typical human clothing choice.,"['fact', 'social', 'literal language', 'positive', 'reasoning', 'everyday']",inception/mercury-2.5
People close their umbrellas before entering indoors.,1,It is objectively verifiable in public spaces.,4,0,It reflects a social norm regarding hygiene and etiquette.,4,1,No metaphor is used; the meaning is direct.,4,1,"It describes what people do, not what is morally right.",4,0,It combines knowledge of rain with location to predict behavior.,4,1,People encounter umbrellas and indoor spaces frequently.,4,This links an indoor location to a logical action to stay dry.,"['fact', 'social', 'literal language', 'positive', 'reasoning', 'everyday']",inception/mercury-2.5
Most shops open their doors when the sun rises.,1,Shop opening times can be observed and verified.,4,0,Business hours are human constructs based on human schedules.,4,1,The sentence states facts literally.,4,1,It describes a common empirical regularity in society.,4,0,It connects daylight to human work rhythms logically.,4,1,Shopping is a routine activity for many people.,4,This relates a time indicator to a typical business routine.,"['fact', 'social', 'literal language', 'positive', 'reasoning', 'everyday']",inception/mercury-2.5
Children say please when asking for something.,1,It can be verified by watching children.,4,0,It describes a belief system about politeness.,4,1,The language is plain and literal.,4,1,"It describes observed behavior, not just a duty.",4,0,It links asking to a normative linguistic response.,4,1,Children interact with adults and make requests daily.,4,This illustrates a common social norm taught in many cultures.,"['fact', 'social', 'literal language', 'positive', 'reasoning', 'everyday']",inception/mercury-2.5
People look at screens when they receive messages.,1,It is empirically observable behavior.,4,0,It relates to human communication technology habits.,4,1,The statement uses literal terms.,4,1,"It describes what people do, not what they should.",4,0,It connects an incoming signal to an attentional response.,4,1,Most people use screens daily for communication.,4,This links a notification to a typical human response.,"['fact', 'social', 'literal language', 'positive', 'reasoning', 'everyday']",inception/mercury-2.5
People wait for the green light before crossing streets.,1,This action can be observed at intersections.,4,0,Traffic signals are socially constructed rules for safety.,4,1,The terms are straightforward and literal.,4,1,"It describes actual safety behavior, not a rule.",4,0,It links a color signal to a decision to move.,4,1,Pedestrians cross streets frequently in daily life.,4,This relies on a human traffic signal to cross safely.,"['fact', 'social', 'literal language', 'positive', 'reasoning', 'everyday']",inception/mercury-2.5
People turn off phones during formal meetings.,1,Meeting behavior is observable and verifiable.,4,0,It follows social norms of attention and respect.,4,1,The phrasing is literal and clear.,4,1,"It states an observed habit, not a command.",4,0,It infers behavior based on context expectations.,4,1,Professional meetings are common in modern life.,4,This is a common professional etiquette observed in groups.,"['fact', 'social', 'literal language', 'positive', 'reasoning', 'everyday']",inception/mercury-2.5
Friends shake hands when they arrive to say hello.,1,Greetings can be observed in public.,4,0,Handshakes are culturally learned greetings.,4,1,The action is described literally.,4,1,"It describes what happens, not an obligation.",4,0,It connects an arrival event to a greeting action.,4,1,Meeting friends is a common human experience.,4,This illustrates a physical gesture greeting used in social contexts.,"['fact', 'social', 'literal language', 'positive', 'reasoning', 'everyday']",inception/mercury-2.5
Most adults go to work during daylight hours.,1,Work hours are publicly recorded or observable.,4,0,Work schedules are socially constructed routines.,4,1,The terms are used literally.,4,1,It reports an observed regularity in labor.,4,0,It links adulthood to typical daily activity patterns.,4,1,Work is a routine daily activity for many.,4,This reflects typical societal work patterns and time use.,"['fact', 'social', 'literal language', 'positive', 'reasoning', 'everyday']",inception/mercury-2.5
People remove their shoes when entering some homes.,1,Entry habits can be observed and verified.,4,0,Shoe removal is a learned cultural norm.,4,1,The description is literal and straightforward.,4,1,"It states a practice, not a moral duty.",4,0,It links entering a home to an action of removal.,4,1,Entering homes is a routine daily event.,4,This is a common custom to maintain cleanliness.,"['fact', 'social', 'literal language', 'positive', 'reasoning', 'everyday']",inception/mercury-2.5
"If it starts to rain, people seek cover.",1,Rain and shelter behavior are observable.,4,0,Seeking cover is a human behavioral response.,4,1,The language is literal and clear.,4,1,It describes what people actually do.,4,0,It connects rain to a logical protective action.,4,1,People encounter weather daily.,4,This infers human shelter seeking from weather changes.,"['fact', 'social', 'literal language', 'positive', 'reasoning', 'everyday']",inception/mercury-2.5
Customers queue in line before paying for items.,1,Line behavior is visible in stores.,4,0,Queuing is a human rule for fairness.,4,1,The statement is literal.,4,1,It states an observed market behavior.,4,0,It links paying with waiting in line logically.,4,1,Shopping and paying are daily events.,4,This follows a social order to process payments.,"['fact', 'social', 'literal language', 'positive', 'reasoning', 'everyday']",inception/mercury-2.5
People raise their hands to ask questions in class.,1,Classroom behavior is observable.,4,0,Raising hands is a learned classroom norm.,4,1,The description is literal.,4,1,It describes actual student behavior.,4,0,It links wanting to ask with a gesture.,4,1,Students attend classes regularly.,4,This is a common school ritual for communication.,"['fact', 'social', 'literal language', 'positive', 'reasoning', 'everyday']",inception/mercury-2.5
Neighbors wave when they see each other outside.,1,Greetings are observable public events.,4,0,Waving is a social gesture of goodwill.,4,1,The language is literal.,4,1,"It states observed actions, not duties.",4,0,It links visual contact with a greeting gesture.,4,1,Neighbors meet frequently outside homes.,4,This is a common gesture of acknowledgment.,"['fact', 'social', 'literal language', 'positive', 'reasoning', 'everyday']",inception/mercury-2.5
Parents put children to bed at night.,1,Family routines are observable.,4,0,Bedtime is a socially regulated habit.,4,1,The terms are used literally.,4,1,It describes routine behavior.,4,0,It connects nighttime to a resting action.,4,1,Bedtime happens daily for families.,4,This is a typical family routine in households.,"['fact', 'social', 'literal language', 'positive', 'reasoning', 'everyday']",inception/mercury-2.5
People check their mail when the post comes.,1,Mail habits are verifiable.,4,0,Mail usage is a human communication system.,4,1,The language is literal.,4,1,It describes typical human behavior.,4,0,It connects an event to a checking action.,4,1,Checking mail is a common task.,4,This links mail delivery to a routine human action.,"['fact', 'social', 'literal language', 'positive', 'reasoning', 'everyday']",inception/mercury-2.5
People avoid sitting in chairs that are broken.,1,This can be observed objectively.,4,0,Avoiding danger is a learned human preference.,4,1,The text is literal.,4,1,It describes what people do.,4,0,It links structural integrity to a safety choice.,4,1,People sit frequently daily.,4,This is a safety instinct regarding physical objects.,"['fact', 'social', 'literal language', 'positive', 'reasoning', 'everyday']",inception/mercury-2.5
Teams shake hands after finishing a sports match.,1,This behavior is observable.,4,0,Handshakes after games are social rules.,4,1,The statement is literal.,4,1,It describes observed practices in sports.,4,0,It links match end to a social gesture.,4,1,Sports matches occur frequently.,4,This is a customary display of sportsmanship.,"['fact', 'social', 'literal language', 'positive', 'reasoning', 'everyday']",inception/mercury-2.5
People say thank you when someone helps them.,1,Gratitude can be observed.,4,0,Gratitude expressions are socially constructed norms.,4,1,The words are literal.,4,1,It describes typical helpful human behavior.,4,0,It connects help to a reciprocal linguistic action.,4,1,Help happens daily in social life.,4,This links receiving aid to a verbal expression of gratitude.,"['fact', 'social', 'literal language', 'positive', 'reasoning', 'everyday']",inception/mercury-2.5
An apple a day keeps the doctor away.,1,This claim can be demonstrated to be true or false via medical studies. It is not merely subjective opinion.,4,1,It refers to biological health processes and nutrition which are objective natural rules. It is not primarily about social rules.,3,0,This uses hyperbole and metaphor since eating apples won't literally keep a doctor away. It is not plain literal language.,4,1,It states a potential empirical regularity between diet and illness. It is not a judgment of value.,3,0,It combines knowledge of nutrition and logic to conclude daily fruit intake affects health. It is not merely an observation.,4,1,People encounter buying fruit or visiting doctors in ordinary experiences. It is not abstract theory alone.,4,Eating fruit often promotes general health and reduces illness risk.,"['fact', 'physical', 'figure of speech', 'positive', 'reasoning', 'everyday']",inception/mercury-2.5
A watched pot never boils.,1,This psychological effect can be demonstrated as objectively observable via perception studies. It is not merely subjective opinion.,3,1,It refers to heat transfer physics and subjective perception of time. It is not primarily about social rules.,3,0,This uses hyperbole because the water still boils even when watched. It is not plain literal language.,4,1,It states a regularity about human time perception during waiting. It is not a judgment of value.,3,0,It combines knowledge of perception and logic to conclude waiting feels endless. It is not merely an observation.,4,1,People encounter boiling water or waiting in ordinary experiences. It is not abstract theory alone.,4,Time feels longer when waiting for water to boil.,"['fact', 'physical', 'figure of speech', 'positive', 'reasoning', 'everyday']",inception/mercury-2.5
The early bird catches the worm.,1,This claim about resource timing can be demonstrated via study. It is not merely subjective opinion.,3,1,It refers to biological animal behavior and scarcity of food. It is not primarily about social rules.,3,0,This uses metaphor for people and literal early action. It is not plain literal language.,4,1,It states a regularity between timing and success. It is not a judgment of value.,4,0,It combines logic of resource availability to conclude early action leads to success. It is not merely an observation.,4,1,People encounter waking early and seeking resources in ordinary life. It is not abstract theory alone.,4,Acting early often yields better resources or opportunities.,"['fact', 'physical', 'figure of speech', 'positive', 'reasoning', 'everyday']",inception/mercury-2.5
What doesn't kill you makes you stronger.,1,This can be demonstrated via physiology or psychology studies. It is not merely subjective opinion.,3,1,It refers to biological adaptation and homeostasis which are physical rules. It is not primarily about social rules.,3,0,This uses hyperbole because survival is not always strictly strengthening. It is not plain literal language.,4,1,It states a biological regularity about stress response. It is not a judgment of value.,3,0,It combines biological knowledge to conclude stress induces adaptation. It is not merely an observation.,4,1,People encounter minor challenges and recovery in ordinary life. It is not abstract theory alone.,4,Surviving stress can physically build resilience over time.,"['fact', 'physical', 'figure of speech', 'positive', 'reasoning', 'everyday']",inception/mercury-2.5
Lightning never strikes the same place twice.,1,This claim can be demonstrated to be incorrect via weather data. It is not merely subjective opinion.,4,1,It refers to electrical discharge physics which are objective natural rules. It is not primarily about social rules.,4,0,This uses hyperbole because it frequently does strike the same place. It is not plain literal language.,4,1,It states a perceived empirical regularity about lightning. It is not a judgment of value.,4,0,It combines intuition about lightning to conclude avoidance of past sites. It is not merely an observation.,3,1,People encounter lightning and storms in ordinary experiences. It is not abstract theory alone.,4,Some believe lightning avoids previous strike sites.,"['fact', 'physical', 'figure of speech', 'positive', 'reasoning', 'everyday']",inception/mercury-2.5
A chain is as strong as its weakest link.,1,This mechanical limit can be demonstrated as correct via tests. It is not merely subjective opinion.,4,1,It refers to physical stress limits which are objective natural rules. It is not primarily about social rules.,4,0,This uses metaphor for systems and objects. It is not plain literal language.,4,1,It states a regularity about mechanical integrity. It is not a judgment of value.,4,0,It combines engineering logic to conclude the chain fails at the weakest point. It is not merely an observation.,4,1,People encounter chains or ropes in ordinary experiences. It is not abstract theory alone.,4,Failure occurs at the single lowest strength point.,"['fact', 'physical', 'figure of speech', 'positive', 'reasoning', 'everyday']",inception/mercury-2.5
Time heals all wounds.,1,This claim about healing can be demonstrated via medical studies. It is not merely subjective opinion.,3,1,It refers to biological healing processes which are objective natural rules. It is not primarily about social rules.,3,0,This uses personification because time cannot literally heal wounds. It is not plain literal language.,4,1,It states a regularity about physical recovery over time. It is not a judgment of value.,3,0,It combines biological knowledge to conclude time correlates with recovery. It is not merely an observation.,4,1,People encounter cuts or bruises in ordinary life. It is not abstract theory alone.,4,Physical injuries often resolve as time passes.,"['fact', 'physical', 'figure of speech', 'positive', 'reasoning', 'everyday']",inception/mercury-2.5
You can't make an omelette without breaking eggs.,1,This claim about physics can be demonstrated via cooking tests. It is not merely subjective opinion.,3,1,It refers to biological shell structure and cooking physics. It is not primarily about social rules.,3,0,This uses metaphor for abstract costs and effort. It is not plain literal language.,4,1,It states a regularity about necessary means for ends. It is not a judgment of value.,3,0,It combines logic about cooking process to conclude breakage is necessary. It is not merely an observation.,4,1,People encounter cooking or making choices in ordinary life. It is not abstract theory alone.,4,Achieving goals often requires unavoidable initial costs.,"['fact', 'physical', 'figure of speech', 'positive', 'reasoning', 'everyday']",inception/mercury-2.5
Haste makes waste during any work.,1,This claim about efficiency can be demonstrated via productivity tests. It is not merely subjective opinion.,3,1,It refers to physical errors and material loss during work. It is not primarily about social rules.,3,0,This uses alliteration and hyperbole to describe inefficiency. It is not plain literal language.,4,1,It states a regularity about human productivity rates. It is not a judgment of value.,3,0,It combines logical cause and effect regarding human performance. It is not merely an observation.,4,1,People encounter rushing and errors in ordinary life. It is not abstract theory alone.,4,Rushing often causes errors that waste resources.,"['fact', 'physical', 'figure of speech', 'positive', 'reasoning', 'everyday']",inception/mercury-2.5
The apple doesn't fall far from the tree.,1,This claim about heredity can be demonstrated via study. It is not merely subjective opinion.,3,1,It refers to biological genetics which are objective natural rules. It is not primarily about social rules.,3,0,This uses metaphor for heredity and genetics. It is not plain literal language.,4,1,It states a regularity about genetic inheritance patterns. It is not a judgment of value.,3,0,It combines biological logic to conclude similarity between generations. It is not merely an observation.,4,1,People observe family resemblance in ordinary life. It is not abstract theory alone.,4,Offspring often resemble parents in traits or behavior.,"['fact', 'physical', 'figure of speech', 'positive', 'reasoning', 'everyday']",inception/mercury-2.5
Too many cooks spoil the broth.,1,This claim can be demonstrated as true via kitchen studies. It is not merely subjective opinion.,3,1,It refers to cooking processes which are objective natural rules. It is not primarily about social rules.,3,0,This uses metaphor for collaborative tasks and interference. It is not plain literal language.,4,1,It states a regularity about system interference. It is not a judgment of value.,3,0,It combines logic about coordination to conclude chaos follows too many actors. It is not merely an observation.,4,1,People encounter cooking and teamwork in ordinary life. It is not abstract theory alone.,4,Too many people working together can ruin the result.,"['fact', 'physical', 'figure of speech', 'positive', 'reasoning', 'everyday']",inception/mercury-2.5
Don't count your chickens before they hatch.,1,This claim about probabilities can be demonstrated via observation. It is not merely subjective opinion.,3,1,It refers to biological hatching facts which are objective natural rules. It is not primarily about social rules.,3,0,This uses metaphor for premature expectations and planning. It is not plain literal language.,4,1,It states a regularity about uncertainty in outcomes. It is not a judgment of value.,3,0,It combines logic about probabilities to conclude premature counting is flawed. It is not merely an observation.,4,1,People encounter farming or expectations in ordinary life. It is not abstract theory alone.,4,Do not assume positive outcomes before they occur.,"['fact', 'physical', 'figure of speech', 'positive', 'reasoning', 'everyday']",inception/mercury-2.5
Still waters run deep in lakes.,1,This claim about lakes can be demonstrated as correct via survey. It is not merely subjective opinion.,3,1,It refers to fluid dynamics which are objective natural rules. It is not primarily about social rules.,3,0,This uses metaphor for personality and hidden qualities. It is not plain literal language.,4,1,It states a regularity about fluid depth and motion. It is not a judgment of value.,3,0,It combines knowledge of hydrology to conclude calmness hides depth. It is not merely an observation.,4,1,People observe water behavior in ordinary life. It is not abstract theory alone.,4,Calm surfaces often hide greater underlying depth.,"['fact', 'physical', 'figure of speech', 'positive', 'reasoning', 'everyday']",inception/mercury-2.5
Better safe than sorry in travel.,1,This claim about risk reduction can be demonstrated via accident stats. It is not merely subjective opinion.,3,1,It refers to physics of vehicle accidents which are objective natural rules. It is not primarily about social rules.,3,0,This uses rhyme and comparison to advise precaution. It is not plain literal language.,4,1,It states a regularity about safety practices preventing harm. It is not a judgment of value.,3,0,It combines logic about risk management to conclude caution is better. It is not merely an observation.,4,1,People encounter travel risks in ordinary life. It is not abstract theory alone.,4,Caution often prevents avoidable accidents and risks.,"['fact', 'physical', 'figure of speech', 'positive', 'reasoning', 'everyday']",inception/mercury-2.5
Actions speak louder than words.,1,This claim about evidence can be demonstrated via observation. It is not merely subjective opinion.,3,1,It refers to observable physical movement which are objective natural rules. It is not primarily about social rules.,3,0,This uses personification to compare actions and words. It is not plain literal language.,4,1,It states a regularity about credibility of evidence. It is not a judgment of value.,3,0,It combines logical proof to conclude physical evidence is stronger. It is not merely an observation.,4,1,People encounter promises and behavior in ordinary life. It is not abstract theory alone.,4,What people do proves their intent more than they say.,"['fact', 'physical', 'figure of speech', 'positive', 'reasoning', 'everyday']",inception/mercury-2.5
Necessity is the mother of invention.,1,This claim about innovation can be demonstrated via history. It is not merely subjective opinion.,3,1,It refers to engineering processes which are objective natural rules. It is not primarily about social rules.,3,0,This uses personification to imply causation and necessity. It is not plain literal language.,4,1,It states a regularity about problem solving. It is not a judgment of value.,3,0,It combines economic logic to conclude demand drives creation. It is not merely an observation.,4,1,People encounter tools and needs in ordinary life. It is not abstract theory alone.,4,Needs or problems often drive creation of solutions.,"['fact', 'physical', 'figure of speech', 'positive', 'reasoning', 'everyday']",inception/mercury-2.5
"Out of sight, out of mind.",1,This claim about forgetting can be demonstrated via psychology studies. It is not merely subjective opinion.,3,1,It refers to neurological memory processes which are objective natural rules. It is not primarily about social rules.,3,0,This uses alliteration and metaphor for memory. It is not plain literal language.,4,1,It states a regularity about memory retention. It is not a judgment of value.,3,0,It combines cognitive logic to conclude absence reduces attention. It is not merely an observation.,4,1,People encounter forgetting things in ordinary life. It is not abstract theory alone.,4,Things we don't see are often forgotten quickly.,"['fact', 'physical', 'figure of speech', 'positive', 'reasoning', 'everyday']",inception/mercury-2.5
Rome wasn't built in a day.,1,This claim about construction time can be demonstrated via data. It is not merely subjective opinion.,3,1,It refers to construction physics which are objective natural rules. It is not primarily about social rules.,3,0,This uses metaphor for tasks and historical events. It is not plain literal language.,4,1,It states a regularity about physical construction rates. It is not a judgment of value.,3,0,It combines logical deduction to conclude quality takes time. It is not merely an observation.,4,1,People encounter complex projects in ordinary life. It is not abstract theory alone.,4,Large complex tasks often take a long time.,"['fact', 'physical', 'figure of speech', 'positive', 'reasoning', 'everyday']",inception/mercury-2.5
"When it rains, it pours.",1,This claim about weather can be demonstrated via data. It is not merely subjective opinion.,3,1,It refers to precipitation patterns which are objective natural rules. It is not primarily about social rules.,3,0,This uses metaphor for stress and precipitation. It is not plain literal language.,4,1,It states a regularity about clustering of weather events. It is not a judgment of value.,3,0,It combines logic about probability to conclude clustering of events. It is not merely an observation.,4,1,People encounter rain in ordinary life. It is not abstract theory alone.,4,Hard times often come all at once.,"['fact', 'physical', 'figure of speech', 'positive', 'reasoning', 'everyday']",inception/mercury-2.5
A rolling stone gathers no moss.,1,This claim about moss growth can be demonstrated via observation. It is not merely subjective opinion.,3,1,It refers to biological growth which are objective natural rules. It is not primarily about social rules.,3,0,This uses metaphor for personal stability and change. It is not plain literal language.,4,1,It states a regularity about physical growth rates. It is not a judgment of value.,3,0,It combines biological logic to conclude movement prevents growth. It is not merely an observation.,4,1,People encounter stones and nature in ordinary life. It is not abstract theory alone.,4,Change often prevents attachment or buildup over time.,"['fact', 'physical', 'figure of speech', 'positive', 'reasoning', 'everyday']",inception/mercury-2.5
People often feel cold when it rains outside.,0,Feeling cold is subjective and varies by individual sensitivity to weather.,3,0,Human physiology and reaction to weather are part of human nature.,3,1,The words mean exactly what they say with no metaphors.,4,1,It describes a consistent correlation without prescribing how people should behave.,3,0,It infers an internal feeling from an external environmental condition.,3,1,Rain and temperature are common daily occurrences everyone encounters regularly.,4,This reflects a shared human experience linking weather to bodily sensation.,"['opinion', 'social', 'literal language', 'positive', 'reasoning', 'everyday']",inception/mercury-2.5
Sharing a meal usually brings people closer together.,0,Emotional closeness is subjective and cannot be measured objectively.,3,0,Bonding over food is a human social construct and norm.,4,1,Plain language describing a social process without figures of speech.,4,1,It states an observed regularity about social interaction effects.,3,0,It concludes that sharing food leads to emotional bonding.,3,1,Meals are routine daily events for most people globally.,4,Common observation about social bonding during communal eating.,"['opinion', 'social', 'literal language', 'positive', 'reasoning', 'everyday']",inception/mercury-2.5
Loud noises often make small children cry.,0,Perceiving a noise as loud is subjective to the listener.,3,0,Child behavior norms and reactions are part of human society.,3,1,Uses standard descriptive terms with no metaphors or idioms.,4,1,It describes a recurring behavioral pattern observed in reality.,3,0,It infers emotional distress from an auditory stimulus.,3,1,Children and noises are everyday parts of family life.,4,Standard reaction of children to startling auditory inputs.,"['opinion', 'social', 'literal language', 'positive', 'reasoning', 'everyday']",inception/mercury-2.5
Wearing a coat keeps you warm in winter.,0,Feeling warm is subjective and varies between individuals.,3,0,Clothing norms for seasons are culturally and socially constructed.,3,1,Direct description of cause and effect without metaphor.,4,1,It states a functional regularity about material insulation.,3,0,It concludes warmth results from wearing specific clothing.,3,1,Winter and clothing choices are routine parts of life.,4,Practical knowledge about clothing and temperature management.,"['opinion', 'social', 'literal language', 'positive', 'reasoning', 'everyday']",inception/mercury-2.5
Smiling at strangers can make them smile back.,0,Interpreting a smile as intentional is subjective.,3,0,Smiling norms are human social conventions governing interaction.,4,1,Plain descriptive language with no idiomatic expressions.,4,1,It describes a typical pattern in social reciprocity.,3,0,It infers a reaction based on an initial action.,3,1,Encountering strangers happens often in daily public life.,4,Common social expectation regarding facial expressions.,"['opinion', 'social', 'literal language', 'positive', 'reasoning', 'everyday']",inception/mercury-2.5
Waiting your turn in line feels more fair.,0,Fairness is subjective and varies by cultural values.,3,0,Lines and fairness are social rules human societies create.,4,1,Straightforward language expressing a preference without metaphor.,4,1,It asserts a common human sentiment about fairness.,3,0,It concludes that order leads to perceived justice.,3,1,Queuing is a common occurrence in daily life.,4,Normative belief about equitable social organization.,"['opinion', 'social', 'literal language', 'positive', 'reasoning', 'everyday']",inception/mercury-2.5
Most adults need at least eight hours of sleep.,0,Individual needs vary and exact numbers are subjective.,3,0,Health norms like this are shaped by social consensus.,3,1,Uses direct terms without metaphors or idioms.,4,1,It states a generally observed physiological regularity.,3,0,It concludes specific rest is required for well-being.,3,1,Sleep is a fundamental daily biological routine.,4,Widely accepted guideline for human rest.,"['opinion', 'social', 'literal language', 'positive', 'reasoning', 'everyday']",inception/mercury-2.5
Buying food requires having enough money first.,0,Perceiving value or needs is subjective to the buyer.,3,0,Money and trade systems are human social constructs.,4,1,Plain language describing economic constraints accurately.,4,1,It describes an existing economic regularity in society.,3,0,It infers a prerequisite for a transaction to occur.,3,1,Purchasing essentials is a routine daily activity.,4,Basic economic reality of daily life.,"['opinion', 'social', 'literal language', 'positive', 'reasoning', 'everyday']",inception/mercury-2.5
Touching something sharp might hurt your finger.,0,Pain tolerance is subjective and varies between people.,3,0,Safety norms are socially communicated to protect humans.,3,1,Direct description of physical sensation and cause.,4,1,It states a typical physical reaction to sharp objects.,3,0,It concludes pain follows from contact with a sharp item.,3,1,Objects and touch are part of every day.,4,Basic physical cause and effect knowledge.,"['opinion', 'social', 'literal language', 'positive', 'reasoning', 'everyday']",inception/mercury-2.5
Reading books helps children learn new vocabulary words.,0,The benefit is a subjective assessment of value.,3,0,Education systems and values are human social constructs.,4,1,Straightforward language without any figures of speech.,4,1,It describes a frequent educational outcome.,3,0,It infers skill acquisition from the act of reading.,3,1,Reading and learning occur regularly in daily education.,4,Common educational observation about literacy.,"['opinion', 'social', 'literal language', 'positive', 'reasoning', 'everyday']",inception/mercury-2.5
Greeting neighbors helps build a friendly neighborhood.,0,Defining friendliness is subjective and varies by culture.,3,0,Neighborhoods are human social units governed by interaction norms.,4,1,Plain descriptive terms without metaphorical language.,4,1,It describes a regular pattern of community behavior.,3,0,It concludes that greetings lead to community quality.,3,1,Meeting neighbors occurs regularly in residential areas.,4,Social belief about community bonding.,"['opinion', 'social', 'literal language', 'positive', 'reasoning', 'everyday']",inception/mercury-2.5
Heavy rain might cause the roads to flood.,0,Assessing the severity of rain is subjective.,3,0,Safety warnings and infrastructure planning are human decisions.,3,1,Describes physical effects plainly without metaphors.,4,1,It describes a consistent natural phenomenon outcome.,3,0,It infers flooding from the volume of water.,3,1,Rainstorms and roads are common elements in everyday life.,4,Physical consequence commonly observed in nature.,"['opinion', 'social', 'literal language', 'positive', 'reasoning', 'everyday']",inception/mercury-2.5
Driving carefully reduces the risk of car accidents.,0,Perceiving careful driving is subjective to the observer.,3,0,Traffic safety norms are created by society.,3,1,Plain language describing cause and effect directly.,4,1,It states a consistent statistical regularity about safety.,3,0,It concludes safety improves with specific behavioral choices.,3,1,Driving is a routine activity for many people.,4,Common safety advice for operators.,"['opinion', 'social', 'literal language', 'positive', 'reasoning', 'everyday']",inception/mercury-2.5
People feel safer when the lights are on.,0,Safety is a subjective feeling that varies by person.,3,0,Security measures and perceptions are shaped by social context.,3,1,Direct descriptive terms without figures of speech.,4,1,It describes a typical psychological reaction pattern.,3,0,It infers emotional state from a visible condition.,3,1,Lighting and safety perceptions are daily experiences.,4,Common psychological perception related to environment.,"['opinion', 'social', 'literal language', 'positive', 'reasoning', 'everyday']",inception/mercury-2.5
Cooking food makes it safer to eat.,0,Assessing safety is a subjective judgment for eaters.,3,0,Dietary rules and norms are human cultural conventions.,3,1,Straightforward description of process and result.,4,1,It states a consistent biological safety regularity.,3,0,It concludes that preparation improves biological safety.,3,1,Preparing meals happens in most daily routines.,4,Basic health knowledge regarding meal prep.,"['opinion', 'social', 'literal language', 'positive', 'reasoning', 'everyday']",inception/mercury-2.5
Everyone gets tired after exercising hard.,0,Perceiving the effort as hard is subjective.,3,0,Fitness norms are human social constructs.,3,1,Plain language describing physical sensation without metaphor.,4,1,It describes a regular physical pattern in humans.,3,0,It infers fatigue from the condition of exertion.,3,1,Physical exertion and fatigue occur in daily life.,4,Physiological experience common to most humans.,"['opinion', 'social', 'literal language', 'positive', 'reasoning', 'everyday']",inception/mercury-2.5
Locking doors keeps intruders out.,0,Feeling secure is subjective and varies by person.,3,0,Home safety norms are social rules for protection.,3,1,Describes a physical effect directly without figures.,4,1,It describes a functional regularity of locks.,3,0,It concludes safety follows from a mechanical action.,3,1,Home security is a routine daily consideration.,4,Basic security knowledge about home safety.,"['opinion', 'social', 'literal language', 'positive', 'reasoning', 'everyday']",inception/mercury-2.5
Listening helps you understand what others say.,0,Understanding is a subjective internal experience.,3,0,Communication is a human social interaction.,4,1,Plain description without metaphors or idioms.,4,1,It describes a consistent pattern in communication.,3,0,It infers comprehension from the act of listening.,3,1,Conversation is a common daily human activity.,4,Social observation about communication effectiveness.,"['opinion', 'social', 'literal language', 'positive', 'reasoning', 'everyday']",inception/mercury-2.5
Clouds often mean rain is coming soon.,0,Judging clouds as a sign is subjective.,3,0,Weather warnings and planning are social responses.,3,1,Straightforward language with no figures of speech.,4,1,It describes a consistent natural atmospheric pattern.,3,0,It concludes future rain from a visible sign.,3,1,Weather changes are observed regularly by most people.,4,Weather observation common to daily life.,"['opinion', 'social', 'literal language', 'positive', 'reasoning', 'everyday']",inception/mercury-2.5
Smiling when greeted usually returns a smile.,0,Interpreting the return smile is subjective.,3,0,Greeting customs are human social conventions.,4,1,Plain language describing a social process directly.,4,1,It states a consistent observed behavioral pattern.,3,0,It infers reciprocal action from an initial gesture.,3,1,Greeting someone is a regular social occurrence.,4,Social interaction observation about nonverbal cues.,"['opinion', 'social', 'literal language', 'positive', 'reasoning', 'everyday']",inception/mercury-2.5
"If ice sits in the sun, it will melt.",0,"Though physical, specific outcomes in specific contexts are uncertain.",3,1,States a physical change involving temperature and state of matter.,4,1,Uses ordinary language without metaphors or idioms.,4,1,This empirical regularity describes how ice behaves consistently.,4,0,Combines knowledge that sun causes heat and heat melts ice.,4,1,Everyone encounters ice melting at home or outdoors.,4,People observe ice melting regularly when exposed to heat.,"['opinion', 'physical', 'literal language', 'positive', 'reasoning', 'everyday']",inception/mercury-2.5
A heavy rock dropped falls faster than a feather.,0,Context dependent in vacuum; seen as opinion in common talk.,3,1,Based on physics principles like gravity and drag.,4,1,Direct statement describing physical objects and motion.,4,1,Describes a consistent empirical regularity of nature.,4,0,Combines gravity knowledge with air resistance logic.,4,1,Dropping objects happens regularly in daily life.,4,Air resistance makes light objects fall slower.,"['opinion', 'physical', 'literal language', 'positive', 'reasoning', 'everyday']",inception/mercury-2.5
People usually feel tired after working hard all day.,0,Tiredness is subjective and can vary by person.,3,1,Relates to biological energy expenditure in the body.,4,1,Plain words describing a bodily state.,4,1,Describes a regular biological effect of labor.,4,0,Combines biology of energy use with fatigue logic.,4,1,Most people experience work fatigue regularly.,4,Physical exertion depletes energy reserves.,"['opinion', 'physical', 'literal language', 'positive', 'reasoning', 'everyday']",inception/mercury-2.5
Wet clothes dry faster when left in the sun.,0,Rate can vary by humidity; belief holds but not absolute.,3,1,Relies on physics of evaporation and heat transfer.,4,1,Clear description of physical change.,4,1,Describes a repeatable empirical regularity.,4,0,Links heat source to faster water evaporation.,4,1,Laundry drying is a daily household event.,4,Sun heat increases evaporation rate.,"['opinion', 'physical', 'literal language', 'positive', 'reasoning', 'everyday']",inception/mercury-2.5
"If you touch a hot stove, you will get burned.",0,Individual sensation varies but outcome is generally expected.,3,1,Describes biological reaction to thermal energy.,4,1,Plain statement of cause and effect.,4,1,Empirical regularity about heat causing burns.,4,0,Links contact with heat source to physical damage.,4,1,Cooking involves touching hot surfaces.,4,High heat damages human skin tissue.,"['opinion', 'physical', 'literal language', 'positive', 'reasoning', 'everyday']",inception/mercury-2.5
Plants need sunlight to grow properly and stay green.,0,General belief; precise nutrient needs vary by species.,3,1,Based on biological processes like photosynthesis.,4,1,Direct statement without rhetorical devices.,4,1,Scientific fact observed regularly in nature.,4,0,Connects biological need with growth outcome.,4,1,People grow plants indoors and outdoors often.,4,Photosynthesis requires light for pigment growth.,"['opinion', 'physical', 'literal language', 'positive', 'reasoning', 'everyday']",inception/mercury-2.5
Breathing underwater without equipment will make a person drown.,0,"While fact based, specific timing varies by individual.",3,1,Involves physics of gases and biological respiration.,4,1,Plain language describing a physical limitation.,4,1,Regular biological consequence observed across humans.,4,0,Logic linking lack of air to breathing failure.,4,1,Water swimming is a common human activity.,4,Humans require oxygen from air to live.,"['opinion', 'physical', 'literal language', 'positive', 'reasoning', 'everyday']",inception/mercury-2.5
Driving too fast on ice often leads to accidents.,0,Often not always; depends on driver skill.,3,1,Describes physics of friction and mechanics.,4,1,Plain statement without metaphors.,4,1,Empirical regularity seen in traffic reports.,4,0,Combines physics of friction with traffic safety logic.,4,1,Driving is part of ordinary daily experience.,4,Low friction causes loss of vehicle control.,"['opinion', 'physical', 'literal language', 'positive', 'reasoning', 'everyday']",inception/mercury-2.5
Sleeping less than five hours makes you feel groggy.,0,Grogginess is subjective and varies by person.,3,1,Relates to biological rest cycles and function.,4,1,Descriptive statement about physical feeling.,4,1,Regular biological response to sleep deprivation.,4,0,Links lack of rest to mental state.,4,1,Everyone experiences daily sleep routines.,4,Rest restores cognitive alertness.,"['opinion', 'physical', 'literal language', 'positive', 'reasoning', 'everyday']",inception/mercury-2.5
Metal expands when it gets hot enough to touch.,0,Perception of expansion varies by measurement scale.,3,1,Based on thermodynamics and molecular structure.,4,1,Ordinary language stating physical change.,4,1,Regular observation in thermodynamics.,4,0,Combines physics of heat with material properties.,4,1,Metal handles heat in cooking tools.,4,Heat increases atomic vibration and volume.,"['opinion', 'physical', 'literal language', 'positive', 'reasoning', 'everyday']",inception/mercury-2.5
A balloon filled with air will pop if squeezed hard.,0,Thickness varies; pop is probable not guaranteed.,3,1,Describes material stress and elasticity.,4,1,Straightforward description of mechanical failure.,4,1,Regular mechanical property of rubber.,4,0,Links pressure limit to physical rupture.,4,1,Balloons are used in everyday parties.,4,Rubber cannot stretch beyond its tension limit.,"['opinion', 'physical', 'literal language', 'positive', 'reasoning', 'everyday']",inception/mercury-2.5
Eating too much candy usually gives you a stomach ache.,0,Individual tolerance varies greatly in experience.,3,1,Relates to biological digestive response.,4,1,Plain language describing health outcome.,4,1,Regular biological effect reported often.,4,0,Links diet choice to bodily discomfort.,4,1,Candy consumption is common daily habit.,4,Excess sugar irritates digestion.,"['opinion', 'physical', 'literal language', 'positive', 'reasoning', 'everyday']",inception/mercury-2.5
Loud noises at night can make it hard to sleep.,0,Noise tolerance varies by person habit.,3,1,Relates to physics of sound and biology.,4,1,Direct statement describing human state.,4,1,Regular effect of environment on biology.,4,0,Links sensory input to sleep quality.,4,1,Sleep is a universal daily need.,4,Sudden sounds disrupt quiet rest cycles.,"['opinion', 'physical', 'literal language', 'positive', 'reasoning', 'everyday']",inception/mercury-2.5
Shadows get shorter when the sun is directly overhead.,0,Subjective view changes by angle but law is true.,3,1,Based on geometry and light physics.,4,1,Plain statement without metaphor.,4,1,Regular astronomical observation daily observed.,4,0,Links sun position to shadow length using geometry.,4,1,People see shadows daily outside.,4,Geometry of light creates shorter shadows.,"['opinion', 'physical', 'literal language', 'positive', 'reasoning', 'everyday']",inception/mercury-2.5
Water flows downward when poured from a high cup.,0,In zero gravity fails; seen as opinion here.,3,1,Based on gravity acting on mass.,4,1,Straightforward statement about liquid motion.,4,1,Regular empirical regularity of fluids.,4,0,Combines liquid state with gravity logic.,4,1,Pouring water happens constantly in life.,4,Gravity pulls liquids toward the ground.,"['opinion', 'physical', 'literal language', 'positive', 'reasoning', 'everyday']",inception/mercury-2.5
Birds typically fly south when the weather gets cold.,0,Not all birds migrate; belief holds generally.,3,1,Based on biology and seasonal changes.,4,1,Plain language describing natural behavior.,4,1,Regular natural observed observed yearly.,4,0,Links weather change to animal migration.,4,1,Birds are common in everyday surroundings.,4,Animals move to warmer environments for survival.,"['opinion', 'physical', 'literal language', 'positive', 'reasoning', 'everyday']",inception/mercury-2.5
Riding a bike requires balancing to stay upright.,0,Requires skill varies; seen as opinion by new riders.,3,1,Based on mechanics and physics of balance.,4,1,Direct statement about activity requirement.,4,1,Regular experience of cyclists everywhere.,4,0,Links motion to balance skill and physics.,4,1,Cycling is a common everyday activity.,4,Physics of balance is needed to move.,"['opinion', 'physical', 'literal language', 'positive', 'reasoning', 'everyday']",inception/mercury-2.5
"If you leave food out, it will likely rot.",0,Rate varies; likely but not immediate.,3,1,Based on biology and chemistry of decay.,4,1,Clear statement about organic change.,4,1,Regular organic breakdown process observed.,4,0,Links time and exposure to decay.,4,1,Food handling happens in daily life.,4,Organic matter decays over time naturally.,"['opinion', 'physical', 'literal language', 'positive', 'reasoning', 'everyday']",inception/mercury-2.5
Smoke rises upward because it is hotter than air.,0,Can be influenced by wind making it opinion.,3,1,Based on physics of gases and density.,4,1,Plain statement of physical cause.,4,1,Regular phenomenon of combustion observed.,4,0,Combines temperature with density and direction.,4,1,Smoke is common near fires.,4,Hot air is less dense than cold air.,"['opinion', 'physical', 'literal language', 'positive', 'reasoning', 'everyday']",inception/mercury-2.5
Walking on a slippery floor often causes people to fall.,0,Outcome depends on walking speed and balance.,3,1,Relies on friction and gravity.,4,1,Plain statement describing physical event.,4,1,Regular consequence of low friction.,4,0,Links surface condition to human stability.,4,1,Floors are common in daily environments.,4,Low friction reduces stability and grip.,"['opinion', 'physical', 'literal language', 'positive', 'reasoning', 'everyday']",inception/mercury-2.5
People usually say hello when they meet.,1,"It is observable behavior, not purely subjective opinion.",3,0,It refers to human rules and conventions.,4,1,It states the action plainly without metaphor.,4,0,It implies a social expectation of greeting.,3,1,It reflects an observation of human behavior.,4,1,"It describes a daily interaction, not an abstract concept.",4,This is a common social interaction observed daily.,"['fact', 'social', 'literal language', 'normative', 'knowledge', 'everyday']",inception/mercury-2.5
You should wait your turn in line.,1,"It describes a rule, not a physical law.",3,0,It reflects a socially constructed convention.,4,1,It means exactly what it says without imagery.,4,0,It expresses a clear judgment on behavior.,4,1,It is an observation about social organization.,4,1,It occurs in common situations like queues.,4,This is a standard rule for public order.,"['fact', 'social', 'literal language', 'normative', 'knowledge', 'everyday']",inception/mercury-2.5
Traffic lights mean stop when red.,1,It is a verifiable rule of the road.,3,0,It is a rule made by humans.,4,1,It uses direct terms without idioms.,4,0,It prescribes how drivers ought to behave.,4,1,It conveys knowledge about traffic systems.,4,1,It involves routine driving or walking experiences.,4,This is a universally known road rule.,"['fact', 'social', 'literal language', 'normative', 'knowledge', 'everyday']",inception/mercury-2.5
Food tastes better when it is warm.,1,"It is a generalizable observation, not opinion.",3,0,It reflects shared cultural preferences.,3,1,It states the taste sensation directly.,4,0,"It suggests a preference, not a strict law.",3,1,It reflects a common observation about taste.,4,1,It relates to routine dining experiences.,4,Most people prefer warm food over cold food.,"['fact', 'social', 'literal language', 'normative', 'knowledge', 'everyday']",inception/mercury-2.5
People lock their doors at night.,1,"It is a verifiable habit, not a thought.",3,0,It is a socially accepted practice.,4,1,It describes an action plainly.,4,0,It implies a norm for protecting safety.,3,1,It reflects an observation of security practices.,4,1,It describes a routine evening action.,4,This is a common safety habit.,"['fact', 'social', 'literal language', 'normative', 'knowledge', 'everyday']",inception/mercury-2.5
It is rude to talk loudly in libraries.,1,"It describes a social fact, not physics.",3,0,It refers to human rules of conduct.,4,1,It uses plain language without metaphors.,4,0,"It labels behavior as rude, a value judgment.",4,1,It conveys knowledge about social etiquette.,4,1,It applies to public places people visit.,4,This is a common social norm for quiet zones.,"['fact', 'social', 'literal language', 'normative', 'knowledge', 'everyday']",inception/mercury-2.5
People usually shake hands when meeting others.,1,It is an observable pattern of behavior.,3,0,It is a human-created social ritual.,4,1,It describes an action literally.,4,0,It suggests a polite way to act.,3,1,It is an observation of human customs.,4,1,It happens in regular social interactions.,4,This is a typical social greeting custom.,"['fact', 'social', 'literal language', 'normative', 'knowledge', 'everyday']",inception/mercury-2.5
You should tell the truth to friends.,1,"It is a social expectation, not a law.",3,0,It is a rule of human relationships.,4,1,It states a requirement plainly.,4,0,It expresses a moral value or duty.,4,1,It reflects knowledge about trust.,4,1,It relates to common friendship dynamics.,4,Trust relies on honesty in friendships.,"['fact', 'social', 'literal language', 'normative', 'knowledge', 'everyday']",inception/mercury-2.5
People fill gas tanks to drive cars.,1,"It is observable behavior, not opinion.",3,0,It involves human use of technology.,3,1,It states the action directly.,4,0,It implies a necessary action for driving.,3,1,It conveys knowledge about vehicle needs.,4,1,It is common to drivers or riders.,4,Cars require fuel to operate for travel.,"['fact', 'social', 'literal language', 'normative', 'knowledge', 'everyday']",inception/mercury-2.5
Parents usually take care of their children.,1,"It is a general pattern, not an opinion.",3,0,It refers to human social roles.,4,1,It means exactly what it says.,4,0,It implies a duty or expectation.,4,1,It reflects observation of family roles.,4,1,It describes a routine domestic situation.,4,This is a typical family duty.,"['fact', 'social', 'literal language', 'normative', 'knowledge', 'everyday']",inception/mercury-2.5
Shops close earlier on weekends and holidays.,1,It is a verifiable schedule observation.,4,0,It reflects human economic rules.,4,1,It states the fact plainly.,4,0,It implies a standard operating norm.,3,1,It conveys knowledge about retail practices.,4,1,It is common knowledge for shoppers.,4,Business hours adjust for non-work days.,"['fact', 'social', 'literal language', 'normative', 'knowledge', 'everyday']",inception/mercury-2.5
You should not touch other people without permission.,1,"It is a social rule, not physics.",3,0,It is a human social norm.,4,1,It describes the action directly.,4,0,It sets a rule for behavior.,4,1,It reflects knowledge about boundaries.,4,1,It applies to routine social interactions.,4,This is a basic rule for personal space.,"['fact', 'social', 'literal language', 'normative', 'knowledge', 'everyday']",inception/mercury-2.5
Children are expected to listen to adults.,1,"It describes a social fact, not nature.",3,0,It reflects human social rules.,4,1,It states the expectation clearly.,4,0,It expresses a clear social expectation.,4,1,It reflects observation of child behavior.,4,1,It is common in households.,4,This is a common family expectation.,"['fact', 'social', 'literal language', 'normative', 'knowledge', 'everyday']",inception/mercury-2.5
People wear clothes to cover their bodies.,1,It is a verifiable human behavior.,4,0,It is a culturally defined rule.,4,1,It describes the action plainly.,4,0,It implies a norm of modesty.,3,1,It reflects an observation of culture.,4,1,It is part of daily routines.,4,This is a universal social practice.,"['fact', 'social', 'literal language', 'normative', 'knowledge', 'everyday']",inception/mercury-2.5
It is polite to thank someone for help.,1,"It is a social rule, not physics.",3,0,It is a rule of human courtesy.,4,1,It uses plain and direct language.,4,0,It prescribes a polite action.,4,1,It reflects knowledge of manners.,4,1,It happens in daily life.,4,Gratitude is expected when receiving aid.,"['fact', 'social', 'literal language', 'normative', 'knowledge', 'everyday']",inception/mercury-2.5
People look for fire when they see smoke.,1,It is an observable correlation.,4,0,It is a human survival practice.,3,1,It states the reaction directly.,4,0,It implies a safety-oriented response.,3,1,It reflects knowledge of safety signs.,4,1,It involves common safety observation.,4,Smoke is a common sign of fire.,"['fact', 'social', 'literal language', 'normative', 'knowledge', 'everyday']",inception/mercury-2.5
Most adults work to earn money for living.,1,It is a verifiable generalization.,4,0,It is a human economic rule.,4,1,It states the purpose clearly.,4,0,It implies a social responsibility.,3,1,It reflects observation of employment norms.,4,1,It describes a routine social role.,4,This is a common economic arrangement.,"['fact', 'social', 'literal language', 'normative', 'knowledge', 'everyday']",inception/mercury-2.5
You greet new friends with a handshake often.,1,It is an observable habit.,3,0,It is a human social practice.,4,1,It describes the action plainly.,4,0,It suggests a polite greeting style.,3,1,It reflects knowledge of customs.,4,1,It is common in social meetings.,4,Handshakes are common greetings for friends.,"['fact', 'social', 'literal language', 'normative', 'knowledge', 'everyday']",inception/mercury-2.5
Sleeping helps your body rest and recover.,1,It is verifiable by health science.,4,0,It is a shared human value.,3,1,It states the biological fact plainly.,4,0,It implies a health recommendation.,3,1,It reflects knowledge of biology.,4,1,It is a daily human need.,4,Rest is necessary for health.,"['fact', 'social', 'literal language', 'normative', 'knowledge', 'everyday']",inception/mercury-2.5
Money is used to buy goods and services.,1,It is a verifiable social fact.,4,0,It is a human economic construct.,4,1,It states the usage directly.,4,0,It implies an economic rule.,3,1,It reflects observation of transactions.,4,1,It occurs in daily life.,4,This is a fundamental economic fact.,"['fact', 'social', 'literal language', 'normative', 'knowledge', 'everyday']",inception/mercury-2.5
Hot water can burn your skin if too hot.,0,"The severity of pain is subjective, making the danger assessment opinion-based.",3,1,"It describes thermodynamics and biology, which are objective natural rules.",4,1,"It uses direct words without metaphors, adhering to literal language.",4,0,The implicit advice to avoid burning implies a safety norm.,3,1,"It states a physical observation about heat effects on biology, satisfying knowledge.",4,1,"Most people encounter water daily, fitting the everyday experience category.",4,It combines physical heat transfer knowledge with a safety opinion and norm.,"['opinion', 'physical', 'literal language', 'normative', 'knowledge', 'everyday']",inception/mercury-2.5
You should avoid touching things that are burning.,0,"The recommendation to avoid is subjective, satisfying the opinion feature.",3,1,"Burning is a chemical reaction, fitting physical natural rules.",4,1,It states exactly what it means without figurative language.,4,0,It explicitly uses should to express a safety value or norm.,4,1,"It observes that burning objects pose risks, satisfying knowledge.",4,1,"Fire exposure happens in ordinary life, satisfying the everyday feature.",4,It links physical danger with a normative safety recommendation.,"['opinion', 'physical', 'literal language', 'normative', 'knowledge', 'everyday']",inception/mercury-2.5
Sleeping eight hours is good for your body.,0,"Goodness for the body is subjective health, not objective fact.",3,1,"Biological restoration is a physical process, satisfying the physical feature.",4,1,The sentence uses plain English without metaphors or idioms.,4,0,It implies you should sleep this much for health.,3,1,"It claims a fact about human biology, satisfying knowledge.",4,1,"Sleep is a routine daily activity, fitting the everyday category.",4,It mixes biological facts with health opinions and norms.,"['opinion', 'physical', 'literal language', 'normative', 'knowledge', 'everyday']",inception/mercury-2.5
Eating too much salt tastes unhealthy eventually.,0,Unhealthy is a subjective judgment about the body's state.,3,1,"Taste and nutrition are biological processes, satisfying physical criteria.",3,1,Words like salty and unhealthy are used in their standard sense.,4,0,"It suggests dietary restrictions, which serves as a health norm.",3,1,"It observes a link between food and health, satisfying knowledge.",4,1,"People eat daily, making this a common everyday scenario.",4,It connects physical taste with health norms and opinions.,"['opinion', 'physical', 'literal language', 'normative', 'knowledge', 'everyday']",inception/mercury-2.5
Sharp objects can hurt fingers if held tightly.,0,"Hurt is subjective pain, fitting the opinion category loosely.",3,1,Pressure and cuts are physical phenomena governed by laws.,4,1,"There are no metaphors, so it remains literally language.",4,0,It implies a norm to handle sharp items with care.,3,1,It states a mechanical reality about objects and bodies.,4,1,Handling tools or objects occurs in ordinary daily tasks.,4,It describes physical mechanics as a safety observation.,"['opinion', 'physical', 'literal language', 'normative', 'knowledge', 'everyday']",inception/mercury-2.5
Wearing a coat helps you stay warm outside.,0,"Helps is subjective utility, not a strict universal law.",3,1,"Thermal insulation is a physics concept, satisfying physical criteria.",4,1,It describes the action without using any figures of speech.,4,0,It implies a norm to dress warmly in cold weather.,2,1,It makes a claim about clothing effects that temperature.,4,1,Dressing for weather is a routine part of daily life.,4,It blends physics of insulation with everyday practical opinion.,"['opinion', 'physical', 'literal language', 'normative', 'knowledge', 'everyday']",inception/mercury-2.5
Driving too fast increases danger on the road.,0,Danger is a subjective assessment of risk level.,3,1,"Kinetic energy physics drives this outcome, satisfying physical criteria.",4,1,Words like fast and danger are used directly without metaphor.,4,0,It implies a traffic norm to drive at safe speeds.,3,1,"It claims a relationship between speed and risk, satisfying knowledge.",4,1,"Driving is common for many, fitting the everyday experience.",4,It mixes mechanics with safety judgment and norms.,"['opinion', 'physical', 'literal language', 'normative', 'knowledge', 'everyday']",inception/mercury-2.5
Lifting heavy things often causes back pain.,0,Often makes it a generalization rather than absolute fact.,3,1,"Weight and pressure are physical properties, satisfying the feature.",4,1,It states the cause and effect plainly without metaphor.,4,0,It implies a norm to lift safely or avoid heavy loads.,2,1,It states an observation about the human body mechanics.,4,1,Moving items happens in normal household or work settings.,4,It describes physical strain as a health opinion.,"['opinion', 'physical', 'literal language', 'normative', 'knowledge', 'everyday']",inception/mercury-2.5
It is better to wash hands before meals.,0,"Better is a subjective value judgment, satisfying the opinion feature.",4,1,Germs and washing are biological and physical processes.,3,1,"The phrasing is clear, standard English without hidden meanings.",4,0,It explicitly states a social or health norm for behavior.,4,1,It asserts a claim about health and hygiene benefits.,4,1,Hand washing and eating are daily routines for most people.,4,It links hygiene to health norms and social opinion.,"['opinion', 'physical', 'literal language', 'normative', 'knowledge', 'everyday']",inception/mercury-2.5
Bright lights feel very uncomfortable on eyes.,0,"Uncomfortable is a subjective feeling, satisfying the opinion feature.",4,1,Light intensity and sensory input are physical properties.,4,1,"There are no metaphors, keeping the language literal.",4,0,It implies a norm to avoid blinding lights in settings.,2,1,It claims a fact about light effects on senses.,4,1,People encounter bright lights regularly in daily life.,4,It expresses physical discomfort as a subjective opinion.,"['opinion', 'physical', 'literal language', 'normative', 'knowledge', 'everyday']",inception/mercury-2.5
Dropping glass usually causes it to break.,0,"Usually allows some exceptions, making it opinion-like rather than absolute fact.",3,1,"Breakage is a material physics event, satisfying the physical feature.",4,1,It uses standard terms describing the event plainly.,4,0,It implies a norm to handle glass with care or avoid drops.,2,1,"It states a material fact about fragility, satisfying knowledge.",4,1,Handling glass happens in ordinary daily tasks like dishes.,4,It states a physical rule with everyday observations.,"['opinion', 'physical', 'literal language', 'normative', 'knowledge', 'everyday']",inception/mercury-2.5
Walking on ice makes you fall sometimes.,0,Sometimes limits the claim to probability rather than strict fact.,3,1,Friction and gravity are physical forces driving this outcome.,4,1,The language is direct and lacks any idiomatic expressions.,4,0,It implies a norm to wear proper footwear on ice.,2,1,It states an observation about physical movement on surfaces.,4,1,"People walk daily, including on cold winter surfaces like ice.",4,It blends physics of friction with everyday safety opinion.,"['opinion', 'physical', 'literal language', 'normative', 'knowledge', 'everyday']",inception/mercury-2.5
People prefer to be indoors when it rains.,0,"Prefer is subjective, satisfying the opinion feature perfectly.",4,1,"Rain is a physical weather event, satisfying the physical feature.",4,1,It states the preference directly without using metaphors.,4,0,It implies a norm to seek shelter during rain.,3,1,It claims a regularity about human reactions to weather.,4,1,Rain is a common occurrence in everyday life experiences.,4,It mixes physical weather with subjective preference and norms.,"['opinion', 'physical', 'literal language', 'normative', 'knowledge', 'everyday']",inception/mercury-2.5
Too much sun can hurt your skin badly.,0,Hurt badly is a subjective assessment of pain or damage.,3,1,UV radiation is a physical phenomenon affecting skin.,4,1,The statement is straightforward without figurative language.,4,0,It implies a norm to use sunscreen or limit sun exposure.,3,1,It claims a fact about solar radiation and biology.,4,1,Sun exposure happens in normal outdoor daily activities.,4,It combines biology with health opinion and safety norms.,"['opinion', 'physical', 'literal language', 'normative', 'knowledge', 'everyday']",inception/mercury-2.5
Food tastes better when it is hot.,0,"Better is subjective taste, satisfying the opinion feature well.",4,1,"Temperature is a physical property of food, satisfying physical.",4,1,Words are used plainly without metaphors or exaggeration.,4,0,It implies a norm to serve food warm for enjoyment.,2,1,It makes a claim about sensory experience with food.,4,1,"Eating happens daily, making this a very common experience.",4,It mixes physical temperature with subjective sensory opinion.,"['opinion', 'physical', 'literal language', 'normative', 'knowledge', 'everyday']",inception/mercury-2.5
Smoking is a bad thing to do.,0,"Bad is subjective value judgment, satisfying the opinion feature.",4,1,Smoke and health effects are biological and physical realities.,3,1,The sentence is direct and lacks any figurative expressions.,4,0,It explicitly expresses a social or moral norm against it.,4,1,"It states a claim about health and behavior, satisfying knowledge.",4,1,Many encounter smoking in daily public or home settings.,4,It links physical health facts to moral opinion and norms.,"['opinion', 'physical', 'literal language', 'normative', 'knowledge', 'everyday']",inception/mercury-2.5
Using a key opens doors when locked.,0,"It is objective, but I assign low confidence to opinion feature.",1,1,Lock and key fit involve engineering and physics rules.,4,1,It uses standard terms describing mechanical actions directly.,4,0,It implies a norm to lock doors for security.,2,1,It claims a fact about how keys and doors work.,4,1,Opening doors is part of many ordinary daily routines.,4,It describes mechanics as a physical observation and norm.,"['opinion', 'physical', 'literal language', 'normative', 'knowledge', 'everyday']",inception/mercury-2.5
Standing in rain makes you wet eventually.,0,Eventually makes it a prediction based on general knowledge.,3,1,"Water absorption is a physical process, satisfying physical criteria.",4,1,The language is plain without any metaphors or hyperbole.,4,0,It implies a norm to seek cover during rain.,2,1,It states a predictable physical effect of exposure.,4,1,Rain and standing are typical daily scenarios for humans.,4,It links water physics with everyday experience and opinion.,"['opinion', 'physical', 'literal language', 'normative', 'knowledge', 'everyday']",inception/mercury-2.5
Phones are useful for communication.,0,"Useful is a subjective assessment of utility, satisfying opinion.",3,1,"Phones rely on electronic signals, satisfying physical criteria.",4,1,Words like useful and communication are used plainly.,4,0,It implies a norm to use phones for contact.,2,1,"It claims a fact about phone utility, satisfying knowledge.",4,1,Most people use phones in their everyday lives daily.,4,It combines object utility with social opinion and norms.,"['opinion', 'physical', 'literal language', 'normative', 'knowledge', 'everyday']",inception/mercury-2.5
People usually smile when they are happy.,0,"Happy is a subjective state, satisfying the opinion feature.",3,1,"Smiling is a physical facial movement, satisfying physical.",4,1,It uses clear language to describe the emotional and physical link.,4,0,It implies a social norm to smile during happiness.,3,1,It claims a behavioral regularity about humans.,4,1,Smiling and emotions are common in daily human interaction.,4,It mixes biology with social opinion and norms.,"['opinion', 'physical', 'literal language', 'normative', 'knowledge', 'everyday']",inception/mercury-2.5
Slow and steady wins the race.,0,"It favors caution over speed, which is subjective preference, not fact.",3,1,"It implies energy conservation biology, though this is a loose analogical interpretation.",2,0,"It uses a racing metaphor to represent life, not literal competition.",4,0,"It advises behavior as a standard rule, not just describing reality.",4,1,It states an observed outcome pattern based on repeated human experience.,4,1,"It describes common competitive experiences like walking or working, not abstract theory.",3,It reflects common advice about consistency leading to success in daily life.,"['opinion', 'physical', 'figure of speech', 'normative', 'knowledge', 'everyday']",inception/mercury-2.5
Haste makes waste.,0,"It values efficiency over speed, reflecting bias rather than proof.",3,1,It loosely maps to error rates and energy inefficiency in physical tasks.,2,0,It uses alliteration and causal metaphor rather than direct statement.,4,0,It prescribes caution as the right choice for future actions.,4,1,It claims an observable trend seen in manual and mental labor.,4,1,"It covers common work mistakes, not rare or theoretical scenarios.",4,It suggests rushing often leads to errors requiring rework in everyday tasks.,"['opinion', 'physical', 'figure of speech', 'normative', 'knowledge', 'everyday']",inception/mercury-2.5
Birds of a feather flock together.,0,Interpretation of similarity is subjective; people vary on what counts alike.,3,1,"It references literal bird instincts, making it partially grounded in biology.",3,0,It uses bird behavior as a metaphor for human social groups.,4,0,"It implies belonging naturally aligns with likeness, framing social norms.",3,1,It claims a pattern about how people form groups in the world.,4,1,It refers to social interactions seen frequently in communities.,4,It observes that people with similar traits often associate with each other.,"['opinion', 'physical', 'figure of speech', 'normative', 'knowledge', 'everyday']",inception/mercury-2.5
Too many cooks spoil the broth.,0,"It judges collaboration as negative in some cases, which is debatable.",3,1,"It implies physical interference during cooking, but applied metaphorically.",2,0,It uses cooking as an allegory for project management tasks.,4,0,It suggests limiting input as a rule for better results.,4,1,It asserts an observed fact about group dynamics and quality.,4,1,It addresses common kitchen and workplace coordination issues.,4,It warns that too many workers can ruin a shared task outcome.,"['opinion', 'physical', 'figure of speech', 'normative', 'knowledge', 'everyday']",inception/mercury-2.5
Better safe than sorry.,0,Risk tolerance varies by person; safety preference is not universal.,3,1,"Safety often refers to physical harm, making it partially grounded.",2,0,It uses a comparative structure to emphasize safety over outcome.,3,0,It prescribes prudence as the morally correct approach.,4,1,It relies on observed consequences of risky behavior in life.,4,1,It applies to common life risks like travel or health.,4,It advises taking precautions to avoid regret after an event.,"['opinion', 'physical', 'figure of speech', 'normative', 'knowledge', 'everyday']",inception/mercury-2.5
Don't count your chickens before they hatch.,0,It is a subjective view on hope versus realism.,3,1,"Hatching involves biological physics, but the lesson is abstract.",2,0,It uses farming imagery as a metaphor for financial or personal gain.,4,0,It advises restraint as a better mindset than expectation.,4,1,It states an observed pattern about human overconfidence and failure.,4,1,It relates to everyday planning and expectation management.,4,It warns against assuming future success before it is certain.,"['opinion', 'physical', 'figure of speech', 'normative', 'knowledge', 'everyday']",inception/mercury-2.5
A rolling stone gathers no moss.,0,Whether moss is good or bad is subjective preference.,3,1,It describes a physical phenomenon of stones rolling on ground.,3,0,It uses stones as a metaphor for human careers or habits.,4,0,It implies settling down is preferable to constant change.,4,1,It claims an observed correlation between movement and lack of accumulation.,4,1,It addresses common decisions about jobs and staying put.,4,It suggests constant change prevents building stability or reputation.,"['opinion', 'physical', 'figure of speech', 'normative', 'knowledge', 'everyday']",inception/mercury-2.5
"Out of sight, out of mind.",0,Not all people forget equally; subjective to individual traits.,3,1,Vision is physical; perception links physical senses to memory.,2,0,It uses a rhythmic rhyme to express psychological distance.,4,0,It implies maintaining visibility is required for value.,3,1,It reports an observation about memory decay and sensory input.,4,1,It describes common human experience with attention and memory.,4,It notes people often forget things not currently visible.,"['opinion', 'physical', 'figure of speech', 'normative', 'knowledge', 'everyday']",inception/mercury-2.5
The early bird catches the worm.,0,Valuing early action is subjective; night work might succeed too.,3,1,It relies on actual bird biology and hunting timing mechanics.,3,0,It uses nature imagery to represent career or daily productivity.,4,0,It recommends punctuality or diligence as the right habit.,4,1,It claims an observation about success timing in competitive fields.,4,1,It describes common competition for limited resources or time.,4,It suggests acting early leads to better rewards in nature or life.,"['opinion', 'physical', 'figure of speech', 'normative', 'knowledge', 'everyday']",inception/mercury-2.5
Don't put all eggs in one basket.,0,Risk tolerance is subjective; some prefer concentrated bets.,3,1,Eggs breaking is physical; the logic applies to abstract risks.,3,0,It uses basket imagery as a metaphor for resource allocation.,4,0,"It recommends diversification as the safer, smarter norm.",4,1,It summarizes observed financial and physical outcomes of concentration.,4,1,It applies to investing and decision-making in daily life.,4,It advises spreading risk to avoid total loss.,"['opinion', 'physical', 'figure of speech', 'normative', 'knowledge', 'everyday']",inception/mercury-2.5
Actions speak louder than words.,0,Some value honest words more; this preference is subjective.,3,1,"It links physical acts to vocal sounds, mixing sensory domains.",2,0,It uses sound metaphor to compare verbal and physical behaviors.,4,0,It urges integrity of practice over promise.,4,1,It claims an observation about how people judge character.,4,1,It relates to daily social interactions and trust building.,4,It suggests what people do matters more than what they say.,"['opinion', 'physical', 'figure of speech', 'normative', 'knowledge', 'everyday']",inception/mercury-2.5
You can't have your cake and eat it too.,0,Applying this to abstract choices depends on subjective context.,3,1,Eating cake is physically consuming it; you cannot keep it.,3,0,It uses cake consumption as a metaphor for resource limits.,4,0,It advises recognizing limits instead of demanding all goods.,4,1,It states a factual constraint on consumption and preservation.,4,1,It describes common trade-off decisions in daily living.,4,It warns that choosing one option precludes the other.,"['opinion', 'physical', 'figure of speech', 'normative', 'knowledge', 'everyday']",inception/mercury-2.5
Necessity is the mother of invention.,0,It is a subjective generalization about human motivation.,3,1,"It implies material needs drive engineering, grounded in physical limits.",3,0,It personifies necessity as a biological parent to creation.,4,0,It frames needs as positive drivers of progress rather than burdens.,3,1,It claims an observed causal pattern between needs and tools.,4,1,It reflects common historical and personal innovation experiences.,4,It claims urgent needs drive human creative solutions.,"['opinion', 'physical', 'figure of speech', 'normative', 'knowledge', 'everyday']",inception/mercury-2.5
Absence makes the heart grow fonder.,0,Some miss less when apart; emotional responses vary.,3,1,It links physical separation to psychological changes in attachment.,2,0,It uses heart imagery metaphorically for emotional feelings.,4,0,It suggests distance helps appreciation as a healthy rule.,3,1,It claims an observed regularity about human emotional bonds.,4,1,It describes common relationship dynamics during travel or separation.,4,It suggests distance increases appreciation for others.,"['opinion', 'physical', 'figure of speech', 'normative', 'knowledge', 'everyday']",inception/mercury-2.5
Blood is thicker than water.,0,Some choose friends over family; this claim is not universal.,3,1,"Blood actually is denser than water, a biological fact.",3,0,It uses liquid density as a metaphor for emotional loyalty.,4,0,It recommends prioritizing relatives as a moral duty.,4,1,It asserts an observation about loyalty priorities in society.,4,1,It applies to common social decisions about family versus peers.,4,It states family bonds are usually stronger than friendships.,"['opinion', 'physical', 'figure of speech', 'normative', 'knowledge', 'everyday']",inception/mercury-2.5
"When it rains, it pours.",0,Perception of timing varies; luck is subjective.,3,1,Rain physics can be heavy; applies to life events metaphorically.,3,0,It uses rain intensity as a hyperbole for bad luck.,4,0,It implies resilience is required for inevitable clusters of trouble.,3,1,It claims an observed pattern of stress events clustering.,4,1,It relates to common weather and cascading bad events.,4,It implies problems often arrive together in groups.,"['opinion', 'physical', 'figure of speech', 'normative', 'knowledge', 'everyday']",inception/mercury-2.5
The best things in life are free.,0,Some value material success; 'best' is inherently subjective.,3,1,Natural phenomena like air and sun are free physical resources.,3,0,It uses abstract valuation metaphor for material goods.,4,0,It advises prioritizing non-material values over profit.,4,1,It claims an observation about what brings happiness.,4,1,It reflects common experiences with nature and relationships.,4,"It suggests joy often comes from intangibles, not money.","['opinion', 'physical', 'figure of speech', 'normative', 'knowledge', 'everyday']",inception/mercury-2.5
Look before you leap.,0,Some argue spontaneity is valuable; this is a preference.,3,1,Physical jumping requires safety checks to prevent injury.,3,0,It uses jumping as a metaphor for general commitment.,4,0,It prescribes caution as the preferred decision rule.,4,1,It is based on the observed risks of rushing.,4,1,It applies to simple physical and complex life steps.,4,It advises checking a situation before taking action.,"['opinion', 'physical', 'figure of speech', 'normative', 'knowledge', 'everyday']",inception/mercury-2.5
A stitch in time saves nine.,0,Some prefer procrastination; the priority is subjective.,3,1,Fabric tears worsen physically; repair logic is literal too.,3,0,It uses sewing time as a metaphor for preventative work.,4,0,It recommends prompt action as the correct strategy.,4,1,It claims an observed correlation between timing and effort.,4,1,It relates to common maintenance and repair routines.,4,It suggests fixing small issues early prevents larger work later.,"['opinion', 'physical', 'figure of speech', 'normative', 'knowledge', 'everyday']",inception/mercury-2.5
Don't cry over spilled milk.,0,Valuing reflection over dismissal is subjective preference.,3,1,Spilled liquid is a physical reality that cannot be reversed.,3,0,It uses a specific event as a metaphor for all losses.,4,0,It recommends emotional recovery as the appropriate response.,4,1,It claims an observation about regret being useless.,4,1,It applies to common kitchen accidents and life mishaps.,4,It advises not to worry over unavoidable accidents.,"['opinion', 'physical', 'figure of speech', 'normative', 'knowledge', 'everyday']",inception/mercury-2.5
A stitch in time saves nine.,1,Can be empirically observed that small repairs prevent large failures.,3,1,Relies on the physical reality that damage worsens over time.,3,0,"Uses a metaphor about sewing to describe prevention, not literal stitching.",4,0,Advises a specific behavior or value regarding timely action.,4,1,Reflects common observations about cause and effect in daily life.,4,1,Applies to routine tasks like repairs or household management.,4,It implies addressing small issues prevents larger problems later.,"['fact', 'physical', 'figure of speech', 'normative', 'knowledge', 'everyday']",inception/mercury-2.5
Don't count your chickens before they hatch.,1,"Eggs do not hatch until incubation occurs, regardless of counting.",3,1,Rooted in biological facts about eggs and hatching processes.,3,0,Metaphorical language about poultry that does not literally apply to humans.,4,0,Suggests a rule for prudent behavior regarding expectations.,4,1,"Captures general knowledge about cause, timing, and uncertainty.",4,1,Relates to common situations involving expectations and uncertainty.,4,Advise against assuming outcomes before they actually happen.,"['fact', 'physical', 'figure of speech', 'normative', 'knowledge', 'everyday']",inception/mercury-2.5
Too many cooks spoil the broth.,1,Empirical observation often shows conflict reduces task efficiency.,3,1,Physical limits on stirring or mixing can affect quality.,2,0,Metaphorically uses cooking to describe collaboration inefficiency.,4,0,Implies a guideline for organizational structure or collaboration limits.,4,1,Summarizes known dynamics of group coordination and output.,4,1,Reflects common experiences in group work or family tasks.,4,Too much collaboration or interference hinders the end result.,"['fact', 'physical', 'figure of speech', 'normative', 'knowledge', 'everyday']",inception/mercury-2.5
The early bird catches the worm.,1,Early risers statistically access more resources in many cases.,3,1,Based on biological facts about bird feeding habits.,3,0,Personifies birds to advocate for early action metaphorically.,4,0,Promotes punctuality and proactive behavior as a virtue.,4,1,Observation of nature translates to human behavioral patterns.,4,1,Relates to routine scheduling and timing in daily life.,4,Early action often leads to better rewards.,"['fact', 'physical', 'figure of speech', 'normative', 'knowledge', 'everyday']",inception/mercury-2.5
Haste makes waste.,1,"Errors typically require extra time to fix, increasing waste.",3,1,Physics of motion show quick actions reduce accuracy.,3,0,Rhyming aphorism that compresses causality into a phrase.,4,0,Advocates patience and careful work over speed.,4,1,Summarizes experience regarding the limits of speed.,4,1,Applies to common tasks where rushing causes mistakes.,4,Speeding often causes errors requiring rework.,"['fact', 'physical', 'figure of speech', 'normative', 'knowledge', 'everyday']",inception/mercury-2.5
Better safe than sorry.,1,Prevention reduces the probability of physical accidents.,3,1,Physical risks like injury justify caution.,3,0,Aphoristic comparison highlighting risk avoidance.,4,0,Implies a value judgment favoring caution.,4,1,Based on accumulated experience regarding injury prevention.,4,1,Relevant to daily decisions involving safety or risk.,4,Prioritize precaution to avoid potential regrets.,"['fact', 'physical', 'figure of speech', 'normative', 'knowledge', 'everyday']",inception/mercury-2.5
Actions speak louder than words.,1,"Outcomes result from deeds, not speech, objectively.",3,1,Physical execution consumes more resources than speaking.,2,0,Metaphor equating actions with sound volume.,4,0,Sets a standard for trust and integrity.,4,1,Derived from observing human trust dynamics.,4,1,Observations common in personal and professional relationships.,4,Behavior matters more than verbal promises.,"['fact', 'physical', 'figure of speech', 'normative', 'knowledge', 'everyday']",inception/mercury-2.5
Look before you leap.,1,Failure often occurs due to inadequate inspection.,3,1,Falling causes physical harm without checking depth.,3,0,Metaphor about jumping into the void.,4,0,Advocates caution as a responsible approach.,4,1,Common knowledge regarding physical safety.,4,1,Applies to routine decisions like driving or planning.,4,Assess risks before taking action.,"['fact', 'physical', 'figure of speech', 'normative', 'knowledge', 'everyday']",inception/mercury-2.5
Don't bite the hand that feeds you.,1,Reciprocity is observable behavior in survival strategies.,3,1,Physical action represents social harm or rejection.,2,0,Literal bite is metaphor for social betrayal.,4,0,Enforces gratitude and reciprocity as social norms.,4,1,Reflects knowledge of social exchange and consequences.,4,1,Common dynamic between employee and employer or mentor.,4,Do not harm those who help you.,"['fact', 'physical', 'figure of speech', 'normative', 'knowledge', 'everyday']",inception/mercury-2.5
Absence makes the heart grow fonder.,1,Observations show increased longing during separation.,2,1,Emotional states often correlate with physical distance.,2,0,Personifies the heart as growing physically.,4,0,Implies value on appreciation through separation.,4,1,Common observation regarding human psychological tendencies.,4,1,Applies to common experiences with friends or partners.,4,Distance often increases affection over time.,"['fact', 'physical', 'figure of speech', 'normative', 'knowledge', 'everyday']",inception/mercury-2.5
Don't put all your eggs in one basket.,1,Concentration increases likelihood of catastrophic loss.,3,1,Fragile objects can break if gathered in one place.,3,0,Metaphor for risk management.,4,0,Prescribes a safe strategy for resource distribution.,4,1,General economic and physical knowledge about fragility.,4,1,Relates to investing or managing everyday assets.,4,Diversify to prevent total loss.,"['fact', 'physical', 'figure of speech', 'normative', 'knowledge', 'everyday']",inception/mercury-2.5
Don't judge a book by its cover.,1,External appearances do not determine internal worth.,3,1,Physical packaging differs from internal quality.,3,0,Metaphor using books to describe people or situations.,4,0,Values depth over superficiality.,4,1,Observation about discrepancy between surface and substance.,4,1,Applies to common social interactions or impressions.,4,Appearances can be misleading.,"['fact', 'physical', 'figure of speech', 'normative', 'knowledge', 'everyday']",inception/mercury-2.5
Don't burn your bridges.,1,Social capital is recoverable only if maintained.,3,1,Physically destroying a path creates an obstacle.,3,0,Metaphor about travel paths representing relationships.,4,0,Implies a rule for professional conduct.,4,1,Known dynamic in social network theory.,4,1,Applies to personal and professional networking.,4,Do not destroy relationships permanently.,"['fact', 'physical', 'figure of speech', 'normative', 'knowledge', 'everyday']",inception/mercury-2.5
It never rains but it pours.,1,Causality can create chain reactions of misfortune.,3,1,Physical precipitation can happen heavily at once.,2,0,Hyperbole about weather reflecting bad luck.,4,0,Acceptance of adversity as a common pattern.,3,1,Observation of clustering in random events.,4,1,Relates to stressful days with multiple issues.,4,Problems tend to occur together.,"['fact', 'physical', 'figure of speech', 'normative', 'knowledge', 'everyday']",inception/mercury-2.5
"When the cat's away, the mice will play.",1,Unobserved individuals often deviate from rules.,3,1,Absence of physical presence removes physical constraints.,2,0,Personifies animals to describe human behavior.,4,0,Implies a value for self-regulation.,4,1,Known behavioral observation in authority dynamics.,4,1,Applies to workplace or household supervision.,4,People behave less responsibly when unsupervised.,"['fact', 'physical', 'figure of speech', 'normative', 'knowledge', 'everyday']",inception/mercury-2.5
"Out of sight, out of mind.",1,Memory retention decreases without visual cues.,3,1,Visual absence reduces neural stimulation.,3,0,Idiom relating vision to cognitive memory.,4,0,Values visibility and presence for attention.,3,1,Common psychological observation about memory.,4,1,"Applies to memories, objects, and relationships.",4,People forget what they do not see.,"['fact', 'physical', 'figure of speech', 'normative', 'knowledge', 'everyday']",inception/mercury-2.5
Blood is thicker than water.,1,Genetic bonds often create stronger instincts.,3,1,Blood represents shared genetics and biology.,3,0,Metaphor comparing bodily fluid to relationships.,4,0,Sets a value on familial loyalty.,4,1,Sociological observation about kinship dynamics.,4,1,Common social decision about loyalty.,4,Family bonds are stronger than friendships.,"['fact', 'physical', 'figure of speech', 'normative', 'knowledge', 'everyday']",inception/mercury-2.5
A penny saved is a penny earned.,1,Reduced costs equal retained income mathematically.,3,1,Saving currency retains its physical value.,3,0,Aphorism equating saving and earning.,4,0,Encourages frugality as a positive behavior.,4,1,Financial knowledge regarding net worth calculation.,4,1,Relates to common household budgeting.,4,Saving money effectively adds to wealth.,"['fact', 'physical', 'figure of speech', 'normative', 'knowledge', 'everyday']",inception/mercury-2.5
Necessity is the mother of invention.,1,Demand stimulates invention historically.,3,1,Physical problems create physical needs for tools.,3,0,Metaphor assigning parentage to necessity.,4,0,Encourages practical thinking to solve problems.,4,1,Known historical pattern of innovation.,4,1,Observed in common problem-solving situations.,4,Need drives creativity and solutions.,"['fact', 'physical', 'figure of speech', 'normative', 'knowledge', 'everyday']",inception/mercury-2.5
Rome wasn't built in a day.,1,Historical fact that the city was built over centuries.,3,1,Construction requires physical time and labor.,3,0,Historical metaphor illustrating patience.,4,0,Advocates patience in goal achievement.,4,1,Historical knowledge applied to modern planning.,4,1,Relates to personal goals and learning.,4,Large tasks take time.,"['fact', 'physical', 'figure of speech', 'normative', 'knowledge', 'everyday']",inception/mercury-2.5
Birds of a feather flock together.,1,Social clustering is observable. It contrasts with opinion because patterns exist objectively.,3,0,Humans group by affinity. It is not physical like gravity.,4,0,Uses birds to metaphor humans. It is not literal language.,4,1,Describes a behavior pattern. It is not normative like a rule.,3,0,Similarity implies connection. It is not just static knowledge.,3,1,People meet friends daily. It is not abstract as it relies on visible social interactions.,4,People often group with similar others.,"['fact', 'social', 'figure of speech', 'positive', 'reasoning', 'everyday']",inception/mercury-2.5
Too many cooks spoil the broth.,1,"Task efficiency drops. This is observable data, not opinion.",3,0,Relates to human roles. It is not a biological fact.,4,0,Metaphor for teamwork. It is not literal cooking advice.,4,1,States a regularity. It avoids normative judgment.,3,0,Excess causes failure. It presents a conclusion.,3,1,Applies to kitchen work. It contrasts with abstract theory.,4,Groups work worse with excessive members.,"['fact', 'social', 'figure of speech', 'positive', 'reasoning', 'everyday']",inception/mercury-2.5
A stitch in time saves nine.,1,Repair effort correlates with timing. It is objectively demonstrable.,3,0,Reflects work ethics. It is not natural law.,3,0,Metaphor for planning. It is not literal sewing.,4,1,Describes efficiency patterns. It is not a moral rule.,3,0,Causes effects on outcomes. It presents reasoning.,3,1,Relates to clothing repairs. It is not abstract.,4,Early fixes prevent later work.,"['fact', 'social', 'figure of speech', 'positive', 'reasoning', 'everyday']",inception/mercury-2.5
The early bird catches the worm.,1,Early actions lead to success. It is demonstrable.,3,0,Relates to competition. It is not biological truth.,3,0,Metaphor for advantage. It is not literal bird watching.,4,1,States regularity. It avoids normative advice.,3,0,Timing leads to outcomes. It implies reasoning.,3,1,Applies to daily routines. It is not abstract.,4,Early effort yields rewards.,"['fact', 'social', 'figure of speech', 'positive', 'reasoning', 'everyday']",inception/mercury-2.5
Actions speak louder than words.,1,Behavior proves intent. It is not opinion.,3,0,Relates to trust. It is not physical fact.,4,0,Metaphor for communication. It is not literal sound.,4,1,Describes social patterns. It is not normative.,3,0,Deeds justify claims. It implies reasoning.,3,1,Applies to daily interactions. It is not abstract.,4,Deeds show intent better.,"['fact', 'social', 'figure of speech', 'positive', 'reasoning', 'everyday']",inception/mercury-2.5
Trust is built brick by brick.,1,Reliability increases trust. It is observable.,3,0,Relates to relationships. It is not physical law.,4,0,Metaphor for structure. It is not literal construction.,4,1,Describes process. It is not normative.,3,0,Steps create structure. It implies reasoning.,3,1,Applies to daily friendships. It is not abstract.,4,Trust accumulates over time.,"['fact', 'social', 'figure of speech', 'positive', 'reasoning', 'everyday']",inception/mercury-2.5
Absence makes the heart grow fonder.,1,Separation increases bond strength. It is observable.,3,0,Relates to bonding. It is not biological.,3,0,Metaphor for emotions. It is not literal.,4,1,Describes psychological trends. It is not normative.,3,0,Distance impacts feelings. It implies reasoning.,3,1,Applies to partings. It is not abstract.,4,Distance often increases longing.,"['fact', 'social', 'figure of speech', 'positive', 'reasoning', 'everyday']",inception/mercury-2.5
Don't judge a book by its cover.,1,Looks deceive reality. It is observable.,3,0,Relates to judgment. It is not physical.,4,0,Metaphor for bias. It is not literal reading.,4,1,Describes perceptual errors. It is not advice.,3,0,Surface differs from depth. It implies reasoning.,3,1,Applies to first impressions. It is not abstract.,4,Appearances often mislead.,"['fact', 'social', 'figure of speech', 'positive', 'reasoning', 'everyday']",inception/mercury-2.5
Repetition plants seeds of skill.,1,Practice builds ability. It is demonstrable.,3,0,Relates to education norms. It is not biological.,3,0,Metaphor for growth. It is not literal gardening.,4,1,Describes learning patterns. It is not normative.,3,0,Repetition causes growth. It implies reasoning.,3,1,Applies to learning daily. It is not abstract.,4,Practice leads to improvement.,"['fact', 'social', 'figure of speech', 'positive', 'reasoning', 'everyday']",inception/mercury-2.5
You reap what you sow.,1,Cause matches effect. It is observable.,3,0,Relates to accountability. It is not physical.,3,0,Metaphor for karma. It is not literal farming.,4,1,Describes causal patterns. It is not normative.,3,0,Outcomes follow inputs. It implies reasoning.,3,1,Applies to daily choices. It is not abstract.,4,Actions have consequences.,"['fact', 'social', 'figure of speech', 'positive', 'reasoning', 'everyday']",inception/mercury-2.5
Two heads are better than one.,1,Groups solve more than individuals. It is observable.,3,0,Relates to teamwork. It is not physical.,4,0,Metaphor for effort. It is not literal biology.,4,1,Describes efficiency. It is not normative.,3,0,Input improves output. It implies reasoning.,3,1,Applies to work teams. It is not abstract.,4,Collaboration often solves problems.,"['fact', 'social', 'figure of speech', 'positive', 'reasoning', 'everyday']",inception/mercury-2.5
"When it rains, it pours.",1,Events cluster together. It is observable.,3,0,Relates to shared experience. It is not physical.,3,0,Hyperbole for bad luck. It is not literal weather.,4,1,Describes regularities. It is not normative.,3,0,Stress clusters. It implies reasoning.,3,1,Applies to daily troubles. It is not abstract.,4,Problems occur in clusters.,"['fact', 'social', 'figure of speech', 'positive', 'reasoning', 'everyday']",inception/mercury-2.5
Better late than never.,1,Arriving late helps. It is observable.,3,0,Relates to punctuality. It is not physical.,3,0,Contrast of outcomes. It is not literal advice.,3,1,Describes values. It is close to normative.,2,0,Partial success helps. It implies reasoning.,3,1,Applies to meetings. It is not abstract.,4,Completion beats no action.,"['fact', 'social', 'figure of speech', 'positive', 'reasoning', 'everyday']",inception/mercury-2.5
Rome wasn't built in a day.,1,Projects require duration. It is observable.,3,0,Relates to patience. It is not biological.,3,0,Historical metaphor. It is not literal history.,4,1,Describes regularity. It is not normative.,3,0,Scale requires time. It implies reasoning.,3,1,Applies to building. It is not abstract.,4,Large tasks take time.,"['fact', 'social', 'figure of speech', 'positive', 'reasoning', 'everyday']",inception/mercury-2.5
"Out of sight, out of mind.",1,Memory fades with lack of stimulus. Observable.,3,0,Relates to memory. It is not physical.,3,0,Idiom for focus. It is not literal.,4,1,Describes mental patterns. It is not normative.,3,0,Attention depends on sight. It implies reasoning.,3,1,Applies to forgetfulness. It is not abstract.,4,Distance reduces attention.,"['fact', 'social', 'figure of speech', 'positive', 'reasoning', 'everyday']",inception/mercury-2.5
Don't put all eggs in one basket.,1,Concentration causes loss. It is observable.,3,0,Relates to finance. It is not physical.,3,0,Metaphor for assets. It is not literal.,4,1,Describes risk. It is close to normative.,2,0,Diversification protects. It implies reasoning.,3,1,Applies to shopping. It is not abstract.,4,Risk diversifies outcomes.,"['fact', 'social', 'figure of speech', 'positive', 'reasoning', 'everyday']",inception/mercury-2.5
Slow and steady wins the race.,1,Consistent effort succeeds. It is observable.,3,0,Relates to discipline. It is not physical.,3,0,Metaphor for strategy. It is not literal racing.,4,1,Describes patterns. It is not normative.,3,0,Consistency ensures success. It implies reasoning.,3,1,Applies to tasks. It is not abstract.,4,Consistency ensures victory.,"['fact', 'social', 'figure of speech', 'positive', 'reasoning', 'everyday']",inception/mercury-2.5
Necessity is the mother of invention.,1,Needs cause invention. It is observable.,3,0,Relates to progress. It is not physical.,3,0,Metaphor for cause. It is not literal parenting.,4,1,Describes trends. It is not normative.,3,0,Demand leads to supply. It implies reasoning.,3,1,Applies to creation. It is not abstract.,4,Needs drive innovation.,"['fact', 'social', 'figure of speech', 'positive', 'reasoning', 'everyday']",inception/mercury-2.5
A rolling stone gathers no moss.,1,Motion avoids buildup. It is observable.,3,0,Relates to lifestyle. It is not physical.,3,0,Metaphor for habits. It is not literal geology.,4,1,Describes patterns. It is close to normative.,2,0,Motion changes state. It implies reasoning.,3,1,Applies to travel. It is not abstract.,4,Movement prevents accumulation.,"['fact', 'social', 'figure of speech', 'positive', 'reasoning', 'everyday']",inception/mercury-2.5
People should drink water to stay hydrated.,1,Hydration levels and dehydration effects are objectively measurable. It is verifiable.,3,1,It relies on human biology. This is an objective physical feature.,4,1,It means exactly what it says. There are no metaphors.,4,0,"It uses 'should', implying a judgment on behavior. It is normative, not positive.",4,1,It relies on biological knowledge. It is an observation about health.,4,1,Everyone drinks water regularly. This fits ordinary experiences perfectly.,4,This reflects biological necessity and health advice common knowledge.,"['fact', 'physical', 'literal language', 'normative', 'knowledge', 'everyday']",inception/mercury-2.5
One should avoid touching hot surfaces.,1,Burns are objectively measurable. The consequence is demonstrable.,3,1,Heat transfer is physics. It relies on objective physical laws.,4,1,It uses plain words. There is no figurative language.,4,0,"It uses 'should', indicating advice. It is normative rather than descriptive.",4,1,It draws on thermal knowledge. It is a known cause effect.,4,1,Hot surfaces are common in daily life. This is everyday experience.,4,This is safety advice grounded in physical pain consequences.,"['fact', 'physical', 'literal language', 'normative', 'knowledge', 'everyday']",inception/mercury-2.5
Humans must eat food to live.,1,Starvation is observable. This is demonstrably true empirically.,4,1,Metabolism is biology. It refers to objective physical processes.,4,1,It is plain language. It means exactly what it says.,4,0,'Must' implies obligation. It acts as a norm for survival.,3,1,It is a known biological fact. It requires no reasoning.,4,1,People eat daily. This happens in ordinary life.,4,This is a biological imperative known to most people.,"['fact', 'physical', 'literal language', 'normative', 'knowledge', 'everyday']",inception/mercury-2.5
You should rest when feeling tired.,1,Fatigue is measurable. Resting affects performance objectively.,3,1,Energy levels are physical. It relies on biology.,4,1,It is straightforward. No metaphors are used.,4,0,It uses 'should'. It implies judgment on behavior.,4,1,It relies on knowing fatigue. It is an observation.,4,1,People get tired often. This is very common.,4,This is a norm based on physical bodily signals.,"['fact', 'physical', 'literal language', 'normative', 'knowledge', 'everyday']",inception/mercury-2.5
People should wear coats in cold weather.,1,Temperature drop is objective. Warming is a consequence.,3,1,Cold affects biology. It references physical temperature.,4,1,It is literal. No figures of speech here.,4,0,It uses 'should'. It suggests a social norm for health.,4,1,It uses knowing cold. It is common knowledge.,4,1,People wear coats often. This is ordinary.,4,This blends physical cold with a social convention for warmth.,"['fact', 'physical', 'literal language', 'normative', 'knowledge', 'everyday']",inception/mercury-2.5
One should look before crossing the street.,1,Cars cause accidents. This is an empirical truth.,3,1,Traffic involves physics. It references physical motion.,4,1,It is plain language. It means what it says.,4,0,It uses 'should'. It indicates safety advice.,4,1,It relies on awareness. It is common sense.,4,1,People cross streets daily. This is everyday.,4,This is a safety norm based on physical traffic.,"['fact', 'physical', 'literal language', 'normative', 'knowledge', 'everyday']",inception/mercury-2.5
You should not run on slippery floors.,1,Slippery means low friction. Falls are measurable events.,3,1,Friction is physics. It relies on physical rules.,4,1,It is literal. It uses words directly.,4,0,It uses 'should'. It implies a rule against action.,4,1,It uses knowing about friction. It is observational.,4,1,Floors are common. Slips happen in daily life.,4,This combines safety norms with physical friction facts.,"['fact', 'physical', 'literal language', 'normative', 'knowledge', 'everyday']",inception/mercury-2.5
People should wash hands to prevent illness.,1,Germs cause illness. Hygiene reduces disease objectively.,3,1,Biological agents are physical. It references body functions.,4,1,It is straightforward. No metaphors are used.,4,0,It uses 'should'. It sets a standard for behavior.,4,1,It relies on germ theory. It is common knowledge.,4,1,Washing hands is routine. It is everyday.,4,This is a norm grounded in biological hygiene facts.,"['fact', 'physical', 'literal language', 'normative', 'knowledge', 'everyday']",inception/mercury-2.5
You should cover your mouth when coughing.,1,Germs spread by droplets. This is verifiable science.,3,1,Coughing produces liquid. It references physical biology.,4,1,It is literal. It means what it says.,4,0,It uses 'should'. It is a norm for courtesy.,4,1,It relies on social hygiene knowledge. It is observational.,4,1,People cough often. This is everyday experience.,4,This is a social norm based on physical germ spread.,"['fact', 'physical', 'literal language', 'normative', 'knowledge', 'everyday']",inception/mercury-2.5
People should turn off lights when leaving.,1,Lights consume electricity. This is objectively measurable.,3,1,Light is physical. Energy is physics.,4,1,It uses plain words. It has no metaphors.,4,0,It uses 'should'. It suggests correct behavior.,4,1,It relies on energy knowledge. It is common sense.,4,1,People leave rooms often. This is daily life.,4,This is a norm based on physical energy use.,"['fact', 'physical', 'literal language', 'normative', 'knowledge', 'everyday']",inception/mercury-2.5
One should not bite their fingernails.,1,Biting breaks nails. Germ transfer is measurable.,3,1,Biting is a physical act. It involves biology.,4,1,It is literal. It means exactly what it says.,4,0,It uses 'should'. It suggests a rule.,4,1,It uses hygiene knowledge. It is observational.,4,1,It happens often. This is ordinary behavior.,4,This is a norm based on physical health and hygiene.,"['fact', 'physical', 'literal language', 'normative', 'knowledge', 'everyday']",inception/mercury-2.5
People should say hello when meeting others.,1,Greetings are observable social patterns. They exist.,3,1,Speech is physical sound. It involves biology.,2,1,It is plain. No figures of speech.,4,0,It uses 'should'. It implies social obligation.,4,1,It relies on knowing social customs. It is common.,4,1,People meet daily. This is everyday life.,4,This is a social norm grounded in common practice.,"['fact', 'physical', 'literal language', 'normative', 'knowledge', 'everyday']",inception/mercury-2.5
One should not swim alone in deep water.,1,Drowning is measurable. Safety stats are objective.,3,1,Drowning is biological. It references physical safety.,4,1,It is literal. It means what it says.,4,0,It uses 'should'. It implies a rule.,4,1,It relies on water safety knowledge. It is observed.,4,1,People swim sometimes. This is everyday.,4,This is a safety norm based on physical drowning risks.,"['fact', 'physical', 'literal language', 'normative', 'knowledge', 'everyday']",inception/mercury-2.5
People should not stare at bright lights.,1,Bright lights damage eyes. This is biologically verifiable.,3,1,Light is physics. Vision is biology.,4,1,It is literal. It means exactly what it says.,4,0,It uses 'should'. It suggests a rule.,4,1,It relies on eye safety. It is common sense.,4,1,Lights are everywhere. This is common experience.,4,This is a norm based on physical eye damage.,"['fact', 'physical', 'literal language', 'normative', 'knowledge', 'everyday']",inception/mercury-2.5
Heavy objects are hard to lift.,1,Weight is objectively measurable. This is demonstrable.,4,1,Heavy is physics. It relies on mass.,4,1,It is literal. It means exactly what it says.,4,0,It implies one should ask help. It suggests behavior.,2,1,It relies on weight. It is an observation.,4,1,Lifting things is daily. This is ordinary.,4,This physical fact guides norms around lifting safely.,"['fact', 'physical', 'literal language', 'normative', 'knowledge', 'everyday']",inception/mercury-2.5
Sleeping at night is natural for people.,1,Circadian rhythms are measurable. This is verifiable.,4,1,Sleep is biological. It is physical.,4,1,It is literal. It means what it says.,4,0,'Natural' implies 'should'. It sets an expectation.,3,1,It relies on sleep. It is observation.,4,1,Everyone sleeps. This is very everyday.,4,This biological fact aligns with social night norms.,"['fact', 'physical', 'literal language', 'normative', 'knowledge', 'everyday']",inception/mercury-2.5
People should keep food away from ants.,1,Ants are attracted to sugar. This is verifiable.,3,1,Attraction is biological. It is physical.,4,1,It is literal. It means what it says.,4,0,It uses 'should'. It sets a rule.,4,1,It relies on ant biology. It is observation.,4,1,Food is kept at home. This is daily.,4,This is a norm based on insect attraction facts.,"['fact', 'physical', 'literal language', 'normative', 'knowledge', 'everyday']",inception/mercury-2.5
One should save money for emergencies.,1,Emergencies can be quantified. It is verifiable.,3,1,Money has physical form. It is tangible.,2,1,It is literal. It means what it says.,4,0,It uses 'should'. It suggests wise behavior.,4,1,It relies on economics. It is common knowledge.,4,1,Money is used daily. This is everyday.,4,This is a norm based on financial stability facts.,"['fact', 'physical', 'literal language', 'normative', 'knowledge', 'everyday']",inception/mercury-2.5
People should not bite hot food too fast.,1,Heat burns mouth. This is objectively verifiable.,3,1,Heat is physics. It relies on biology.,4,1,It is literal. It means exactly what it says.,4,0,It uses 'should'. It sets a safety rule.,4,1,It relies on eating. It is common knowledge.,4,1,People eat hot food daily. This is common.,4,This is safety norm based on heat transfer facts.,"['fact', 'physical', 'literal language', 'normative', 'knowledge', 'everyday']",inception/mercury-2.5
People should wear shoes to protect feet.,1,Feet get cut. This is observable truth.,3,1,Protection is biological. It refers to flesh.,4,1,It is literal. It means what it says.,4,0,It uses 'should'. It implies obligation.,4,1,It relies on protection. It is knowledge.,4,1,People wear shoes daily. This is common.,4,This is a norm based on physical foot vulnerability.,"['fact', 'physical', 'literal language', 'normative', 'knowledge', 'everyday']",inception/mercury-2.5
Actions speak louder than words.,1,"Behavioral patterns are observable, not just opinion. Confidence moderate.",3,0,"Refers to human interaction norms, not physical laws. Confidence high.",4,0,"Uses metaphor, not literal meaning. Confidence high.",4,1,"Describes outcomes, not moral values. Confidence moderate.",3,1,Observation about human behavior patterns. Confidence high.,4,1,Occurs in daily life situations. Confidence high.,4,People trust deeds over promises in daily life.,"['fact', 'social', 'figure of speech', 'positive', 'knowledge', 'everyday']",inception/mercury-2.5
Birds of a feather flock together.,1,Social homophily is observable. Confidence moderate.,3,0,"Human social grouping, not physics. Confidence high.",4,0,"Metaphor for people, not literal birds. Confidence high.",4,1,"Describes behavior, not norms. Confidence moderate.",3,1,Observation of social patterns. Confidence high.,4,1,Common social experience. Confidence high.,4,People with similar interests often associate.,"['fact', 'social', 'figure of speech', 'positive', 'knowledge', 'everyday']",inception/mercury-2.5
Absence makes the heart grow fonder.,1,Psychological pattern observed in relationships. Confidence moderate.,3,0,"Human emotional responses, not biological laws. Confidence high.",4,0,Metaphorical expression of emotion. Confidence high.,4,1,Describes emotional change. Confidence moderate.,3,1,Observation on emotional dynamics. Confidence high.,4,1,Common relationship experience. Confidence high.,4,Time apart often increases affection.,"['fact', 'social', 'figure of speech', 'positive', 'knowledge', 'everyday']",inception/mercury-2.5
Too many cooks spoil the broth.,1,Coordination issues are observable. Confidence moderate.,3,0,"Human work dynamics, not kitchen chemistry. Confidence high.",4,0,Metaphor for group projects. Confidence high.,4,1,Describes work outcomes. Confidence moderate.,3,1,Observation on collaboration failure. Confidence high.,4,1,Common work experience. Confidence high.,4,Too many people often mess up tasks.,"['fact', 'social', 'figure of speech', 'positive', 'knowledge', 'everyday']",inception/mercury-2.5
Necessity is the mother of invention.,1,Innovation patterns are observable. Confidence moderate.,3,0,Human societal response to needs. Confidence high.,4,0,Personification of necessity. Confidence high.,4,1,Describes innovation causes. Confidence moderate.,3,1,Observation on innovation drivers. Confidence high.,4,1,Common historical experience. Confidence high.,4,Needs drive innovation and creation.,"['fact', 'social', 'figure of speech', 'positive', 'knowledge', 'everyday']",inception/mercury-2.5
A stitch in time saves nine.,1,Problem scaling is observable. Confidence moderate.,3,0,"Human efficiency beliefs, not textile science. Confidence high.",4,0,Metaphor for preventative work. Confidence high.,4,1,Describes maintenance outcomes. Confidence moderate.,3,1,Observation on maintenance costs. Confidence high.,4,1,Common home/work experience. Confidence high.,4,Quick fixes prevent larger problems later.,"['fact', 'social', 'figure of speech', 'positive', 'knowledge', 'everyday']",inception/mercury-2.5
Early bird catches the worm.,1,Timing benefits observable. Confidence moderate.,3,0,"Human productivity beliefs, not animal nature. Confidence high.",4,0,Metaphor for early effort. Confidence high.,4,1,"Describes outcomes, not obligations. Confidence moderate.",3,1,Observation on timing effects. Confidence high.,4,1,Common daily effort experience. Confidence high.,4,Early action often leads to rewards.,"['fact', 'social', 'figure of speech', 'positive', 'knowledge', 'everyday']",inception/mercury-2.5
Curiosity killed the cat.,1,Risk-taking patterns observable. Confidence moderate.,3,0,Human risk perceptions. Confidence high.,4,0,Hyperbole for danger. Confidence high.,4,1,Describes risk outcomes. Confidence moderate.,3,1,Observation on curiosity risks. Confidence high.,4,1,Common caution experience. Confidence high.,4,Too much curiosity can bring trouble.,"['fact', 'social', 'figure of speech', 'positive', 'knowledge', 'everyday']",inception/mercury-2.5
Better late than never.,1,Comparative outcomes observable. Confidence moderate.,3,0,Human value judgments on timing. Confidence high.,4,0,Idiom for acceptance. Confidence high.,4,1,Describes relative benefit. Confidence moderate.,3,1,Observation on lateness benefits. Confidence high.,4,1,Common late work experience. Confidence high.,4,Late effort is better than no effort.,"['fact', 'social', 'figure of speech', 'positive', 'knowledge', 'everyday']",inception/mercury-2.5
Many hands make light work.,1,Workload distribution observable. Confidence moderate.,3,0,Human work collaboration norms. Confidence high.,4,0,Metaphor for cooperation. Confidence high.,4,1,Describes task difficulty. Confidence moderate.,3,1,Observation on collective effort. Confidence high.,4,1,Common work sharing. Confidence high.,4,Shared tasks are easier.,"['fact', 'social', 'figure of speech', 'positive', 'knowledge', 'everyday']",inception/mercury-2.5
"Out of sight, out of mind.",1,Attention patterns observable. Confidence moderate.,3,0,Human social attention patterns. Confidence high.,4,0,Metaphor for forgetting. Confidence high.,4,1,Describes memory trends. Confidence moderate.,3,1,Observation on memory limits. Confidence high.,4,1,Common memory experience. Confidence high.,4,Things unseen are easily forgotten.,"['fact', 'social', 'figure of speech', 'positive', 'knowledge', 'everyday']",inception/mercury-2.5
You can't have your cake and eat it too.,1,Constraint tradeoffs observable. Confidence moderate.,3,0,Human decision trade-offs. Confidence high.,4,0,Metaphor for choice constraints. Confidence high.,4,1,Describes economic reality. Confidence moderate.,3,1,Observation on limited resources. Confidence high.,4,1,Common decision experience. Confidence high.,4,You cannot enjoy both mutually exclusive choices.,"['fact', 'social', 'figure of speech', 'positive', 'knowledge', 'everyday']",inception/mercury-2.5
Don't judge a book by its cover.,1,Bias patterns observable. Confidence moderate.,3,0,Social interaction caution. Confidence high.,4,0,Metaphor for superficiality. Confidence high.,4,1,Describes bias reality. Confidence moderate.,3,1,Observation on perception. Confidence high.,4,1,Common social experience. Confidence high.,4,External appearances can be misleading.,"['fact', 'social', 'figure of speech', 'positive', 'knowledge', 'everyday']",inception/mercury-2.5
"When in Rome, do as the Romans do.",1,Adaptation patterns observable. Confidence moderate.,3,0,Cultural adaptation norms. Confidence high.,4,0,Cultural metaphor. Confidence high.,4,1,Describes cultural behavior. Confidence moderate.,3,1,Observation on conformity. Confidence high.,4,1,Common travel experience. Confidence high.,4,People often follow local customs.,"['fact', 'social', 'figure of speech', 'positive', 'knowledge', 'everyday']",inception/mercury-2.5
One good turn deserves another.,1,Reciprocity behaviors observable. Confidence moderate.,3,0,Reciprocity norms in society. Confidence high.,4,0,Idiom for kindness exchange. Confidence high.,4,1,Describes social behavior. Confidence moderate.,3,1,Observation on reciprocity. Confidence high.,4,1,Common interaction experience. Confidence high.,4,People usually reciprocate favors.,"['fact', 'social', 'figure of speech', 'positive', 'knowledge', 'everyday']",inception/mercury-2.5
Two heads are better than one.,1,Group problem solving outcomes observable. Confidence moderate.,3,0,Collaborative social beliefs. Confidence high.,4,0,Metaphor for teamwork. Confidence high.,4,1,Describes collaboration benefit. Confidence moderate.,3,1,Observation on collective intelligence. Confidence high.,4,1,Common teamwork experience. Confidence high.,4,Teams usually solve problems better alone.,"['fact', 'social', 'figure of speech', 'positive', 'knowledge', 'everyday']",inception/mercury-2.5
Haste makes waste.,1,Rushing outcomes observable. Confidence moderate.,3,0,Human productivity beliefs. Confidence high.,4,0,Rhyming aphorism. Confidence high.,4,1,"Describes errors, not norms. Confidence moderate.",3,1,Observation on speed. Confidence high.,4,1,Common hurried work. Confidence high.,4,Rushing causes mistakes and errors.,"['fact', 'social', 'figure of speech', 'positive', 'knowledge', 'everyday']",inception/mercury-2.5
Fortune favors the bold.,1,Risk outcome patterns observable. Confidence moderate.,3,0,Societal success stories. Confidence high.,4,0,Personification of fortune. Confidence high.,4,1,Describes risk reward. Confidence moderate.,3,1,Observation on risk taking. Confidence high.,4,1,Common business experience. Confidence high.,4,Risk-takers often get lucky.,"['fact', 'social', 'figure of speech', 'positive', 'knowledge', 'everyday']",inception/mercury-2.5
The squeaky wheel gets the grease.,1,Attention patterns observable. Confidence moderate.,3,0,Human attention dynamics. Confidence high.,4,0,Metaphor for complaining. Confidence high.,4,1,Describes service response. Confidence moderate.,3,1,Observation on attention seeking. Confidence high.,4,1,Common service experience. Confidence high.,4,Outspoken people get attention.,"['fact', 'social', 'figure of speech', 'positive', 'knowledge', 'everyday']",inception/mercury-2.5
Rome wasn't built in a day.,1,Task time observable. Confidence moderate.,3,0,Human time expectations. Confidence high.,4,0,Historical metaphor. Confidence high.,4,1,Describes time reality. Confidence moderate.,3,1,Observation on project duration. Confidence high.,4,1,Common work time. Confidence high.,4,Big tasks take a long time.,"['fact', 'social', 'figure of speech', 'positive', 'knowledge', 'everyday']",inception/mercury-2.5
"Money talks, but silence speaks volumes.",0,"It describes a subjective perception of value, not an objectively provable fact.",3,0,"Money's power is a socially constructed rule, not a physical law of nature.",4,0,"It uses personification as a metaphor for influence, not literal conversation.",4,1,It claims a descriptive regularity in behavior rather than prescribing how one should act.,3,1,"It reflects an observation about human social hierarchies, not a logical deduction.",4,1,"People encounter wealth and silence interactions regularly, making it a concrete experience.",4,This metaphor describes social power dynamics and non-verbal communication observed in daily life.,"['opinion', 'social', 'figure of speech', 'positive', 'knowledge', 'everyday']",inception/mercury-2.5
Rome wasn't built in a day.,0,"It reflects a subjective belief about success timing, not an immutable fact.",3,0,"Achievement expectations are human values, not biological or physical rules.",4,0,"It uses a historical metaphor for patience, not literal construction history.",4,1,"It describes a perceived trend in effort outcomes, not a moral rule.",3,1,"It captures an observation about effort and time, not a logical proof.",4,1,"Waiting for results is a routine experience, distinct from abstract concepts.",4,"This aphorism observes that great achievements require time, a common daily insight.","['opinion', 'social', 'figure of speech', 'positive', 'knowledge', 'everyday']",inception/mercury-2.5
A picture paints a thousand words.,0,It expresses a subjective preference for visuals over text.,3,0,"Communication value is a human construct, not a physical property.",4,0,"It uses hyperbole to exaggerate visual impact, not literal painting.",4,1,It claims visual superiority descriptively rather than prescribing communication rules.,3,1,"It states an observation about visual perception efficiency, not a deduction.",4,1,"Images are part of daily life, unlike abstract theoretical concepts.",4,"This metaphor notes visual communication is efficient, a familiar everyday observation.","['opinion', 'social', 'figure of speech', 'positive', 'knowledge', 'everyday']",inception/mercury-2.5
Too many cooks spoil the broth.,0,It reflects a subjective view on collaboration effectiveness.,3,0,"Labor dynamics are human rules, not natural physical phenomena.",4,0,"It is a metaphor for collaboration chaos, not literal cooking.",4,1,"It describes group failure patterns descriptively, not normatively.",3,1,"It observes group dynamics, rather than deriving a logical conclusion.",4,1,"Teamwork occurs in daily life, not in abstract theory.",4,"This metaphor reflects frustration with crowded teams, a common social observation.","['opinion', 'social', 'figure of speech', 'positive', 'knowledge', 'everyday']",inception/mercury-2.5
Every cloud has a silver lining.,0,It expresses a subjective hopefulness not objectively verifiable.,3,0,"Optimism is a human value, not a physical rule.",4,0,"It uses weather as a metaphor for hardship, not literal clouds.",4,1,It claims a positive regularity in life events descriptively.,3,1,"It reflects an optimistic worldview, not a logical deduction.",4,1,"People face problems daily, not in abstract realms.",4,This metaphor expresses optimism about finding good in bad times.,"['opinion', 'social', 'figure of speech', 'positive', 'knowledge', 'everyday']",inception/mercury-2.5
You reap what you sow.,0,It reflects a subjective moral belief about justice.,3,0,"Retribution is a social belief, not a physical law.",4,0,"It uses farming as a metaphor for justice, not literal farming.",4,1,It describes a perceived regularity in social outcomes.,3,1,"It observes a moral causality, not a logical necessity.",4,1,"Action consequences are daily experiences, not abstract concepts.",4,"This aphorism links actions to consequences, a familiar social observation.","['opinion', 'social', 'figure of speech', 'positive', 'knowledge', 'everyday']",inception/mercury-2.5
Actions speak louder than words.,0,It expresses a subjective view on communication trust.,3,0,"Trust is a social construct, not a physical reality.",4,0,"It is a metaphor for non-verbal behavior, not literal speech.",4,1,It descriptively claims behavior is more persuasive than speech.,3,1,"It observes human behavior patterns, not a logical proof.",4,1,Actions and speech are routine daily experiences.,4,"This aphorism prioritizes behavior over speech, a common social belief.","['opinion', 'social', 'figure of speech', 'positive', 'knowledge', 'everyday']",inception/mercury-2.5
Time is money.,0,It reflects a subjective view on productivity.,3,0,"Currency and value are social constructs, not natural laws.",4,0,It uses a metaphor equating abstract time with currency.,4,1,It descriptively states a common economic perception.,3,1,"It states an observation about economic value, not a logical deduction.",4,1,"Time management is a daily human concern, not abstract.",4,"This metaphor equates time with value, common in modern economics.","['opinion', 'social', 'figure of speech', 'positive', 'knowledge', 'everyday']",inception/mercury-2.5
Beauty is in the eye of the beholder.,0,It describes subjective perception rather than objective fact.,3,0,Beauty standards are socially constructed rules.,4,0,It uses a metaphor for visual perception subjectivity.,4,1,It descriptively claims aesthetic variability exists in the world.,3,1,"It observes aesthetic variability, not a logical proof.",4,1,"People encounter varied tastes daily, not abstractly.",4,"This aphorism notes subjective taste, a common social experience.","['opinion', 'social', 'figure of speech', 'positive', 'knowledge', 'everyday']",inception/mercury-2.5
Necessity is the mother of invention.,0,It reflects a subjective view on progress drivers.,3,0,"Innovation is a human cultural process, not biological.",4,0,It uses personification as a metaphor for causality.,4,1,It descriptively claims a regularity in technological history.,3,1,"It observes innovation trends, not a logical necessity.",4,1,"Problem-solving is a daily experience, not abstract theory.",4,"This aphorism claims need drives innovation, a common historical observation.","['opinion', 'social', 'figure of speech', 'positive', 'knowledge', 'everyday']",inception/mercury-2.5
Laughter is the best medicine.,0,It expresses a subjective claim about wellness.,3,0,"Healing value is a social perception, not physical fact.",4,0,"It uses a metaphor for health benefits, not literal drugs.",4,1,It descriptively claims humor has positive effects.,3,1,"It observes emotional health patterns, not a logical proof.",4,1,Humor is part of daily human experience.,4,"This aphorism claims humor heals, a familiar social belief.","['opinion', 'social', 'figure of speech', 'positive', 'knowledge', 'everyday']",inception/mercury-2.5
Birds of a feather flock together.,0,It reflects a subjective view on social dynamics.,3,0,"Grouping rules are human constructs, not biological instincts.",4,0,It uses animal behavior as a metaphor for social habits.,4,1,It descriptively claims a regularity in social interactions.,3,1,"It observes social groupings, not a logical deduction.",4,1,Friendship formation is a routine everyday experience.,4,"This metaphor observes social similarity attraction, a common human experience.","['opinion', 'social', 'figure of speech', 'positive', 'knowledge', 'everyday']",inception/mercury-2.5
Still waters run deep.,0,It expresses a subjective view on calm people.,3,0,Character perception is a human value system.,4,0,"It is a metaphor for personality, not literal water.",4,1,It descriptively claims a trait correlation exists.,3,1,"It observes a trait correlation, not a logical proof.",4,1,Personality assessment is part of daily social life.,4,"This metaphor observes that calmness often hides depth, common in human observation.","['opinion', 'social', 'figure of speech', 'positive', 'knowledge', 'everyday']",inception/mercury-2.5
A friend in need is a friend indeed.,0,It expresses a subjective definition of loyalty.,3,0,"Friendship is a social rule, not physical.",4,0,"It uses a metaphor for loyalty, not literal friendship definition.",4,1,It descriptively claims loyal friends are defined by action.,3,1,"It observes behavior, not a logical necessity.",4,1,Helping friends is a daily occurrence.,4,"This aphorism defines loyalty through action, a common social expectation.","['opinion', 'social', 'figure of speech', 'positive', 'knowledge', 'everyday']",inception/mercury-2.5
Curiosity killed the cat.,0,It expresses a subjective view on exploration risks.,3,0,"Caution is a social rule, not a biological law.",4,0,It uses a hyperbolic metaphor for risk.,4,1,It descriptively claims a risk correlation exists.,3,1,"It observes risk, not a logical proof.",4,1,"Curiosity is common daily behavior, not abstract.",4,"This aphorism warns of danger, common in social advice.","['opinion', 'social', 'figure of speech', 'positive', 'knowledge', 'everyday']",inception/mercury-2.5
A stitch in time saves nine.,0,It reflects a subjective belief on effort.,3,0,"Work value is a human rule, not physical.",4,0,"It uses sewing as a metaphor for maintenance, not literal stitching.",4,1,It descriptively claims a regularity in labor efficiency.,3,1,"It observes efficiency patterns, not a logical necessity.",4,1,"Repair is a daily activity, not abstract.",4,"This aphorism claims prevention saves work, a common everyday observation.","['opinion', 'social', 'figure of speech', 'positive', 'knowledge', 'everyday']",inception/mercury-2.5
Silence is golden.,0,It expresses a subjective view on noise.,3,0,"Quiet value is a human norm, not physical.",4,0,"It uses a metaphor for value, not literal gold.",4,1,It descriptively claims quiet has positive value.,3,1,"It observes social behavior, not a logical proof.",4,1,"Noise is part of daily life, not abstract.",4,"This aphorism claims quiet is valuable, common in social observation.","['opinion', 'social', 'figure of speech', 'positive', 'knowledge', 'everyday']",inception/mercury-2.5
Don't count your chickens before they hatch.,0,It expresses a subjective view on prediction.,3,0,"Expectation is a human construct, not physical.",4,0,"It uses farming as a metaphor for planning, not literal counting.",4,1,It descriptively claims a regularity about risk.,3,1,"It observes uncertainty, not a logical proof.",4,1,"Planning is a daily activity, not abstract.",4,"This aphorism warns against premature certainty, a common experience.","['opinion', 'social', 'figure of speech', 'positive', 'knowledge', 'everyday']",inception/mercury-2.5
The grass is always greener on the other side.,0,It expresses a subjective view on satisfaction.,3,0,"Envy is a human perception, not biological.",4,0,"It uses a metaphor for dissatisfaction, not literal grass.",4,1,It descriptively claims a regularity about perception.,3,1,"It observes emotional patterns, not a logical proof.",4,1,Grass is part of daily visual life.,4,"This aphorism claims envy is common, a familiar social observation.","['opinion', 'social', 'figure of speech', 'positive', 'knowledge', 'everyday']",inception/mercury-2.5
"Out of sight, out of mind.",0,It expresses a subjective view on memory.,3,0,"Remembering is a human rule, not a physical law.",4,0,"It uses a metaphor for forgetting, not literal vision.",4,1,It descriptively claims a regularity in memory loss.,3,1,"It observes memory patterns, not a logical proof.",4,1,"Seeing is a daily experience, not abstract.",4,"This aphorism claims absence causes forgetting, a common memory observation.","['opinion', 'social', 'figure of speech', 'positive', 'knowledge', 'everyday']",inception/mercury-2.5
Many people find spicy food exciting.,0,Excitement is subjective and cannot be proven scientifically correct.,3,0,It refers to shared human sensory experiences and cultural preferences rather than physical laws.,4,1,The statement uses plain words to express a direct observation.,4,1,It describes a common pattern of behavior and preference without imposing a judgment.,3,1,It is an observation about how humans generally react to taste stimuli.,4,1,Eating food is a routine daily activity for most people.,4,"Spicy food often triggers shared physical sensations and pleasure, representing a common human experience.","['opinion', 'social', 'literal language', 'positive', 'knowledge', 'everyday']",inception/mercury-2.5
Most adults prefer to sleep in dark rooms.,0,Preference for darkness is subjective and varies individually.,3,0,Sleeping habits are culturally constructed and shared across societies.,4,1,The phrasing is direct without metaphors or idioms.,4,1,It describes an observed fact about habits rather than a moral rule.,4,1,It is a widely recognized observation about human sleeping habits.,4,1,Sleep is a daily event for all humans.,4,"Darkness supports biological rest cycles, and most people feel this improves sleep quality.","['opinion', 'social', 'literal language', 'positive', 'knowledge', 'everyday']",inception/mercury-2.5
Many believe that saving money leads to safety.,0,Safety is subjective and money does not guarantee it.,3,0,It relies on socially constructed financial beliefs and values.,4,1,The language is plain and literal.,4,1,"It describes a common belief system, not a rule of right and wrong.",3,1,It is an observation of common economic attitudes.,4,1,Money management is a routine concern for adults.,4,This is a common social belief used to justify economic behaviors.,"['opinion', 'social', 'literal language', 'positive', 'knowledge', 'everyday']",inception/mercury-2.5
Most people feel sad when attending a funeral.,0,Feelings are subjective and cannot be proven universally true.,3,0,It addresses a common human emotional experience shared in society.,4,1,The statement is literal and clear.,4,1,It describes a common emotional pattern without prescribing how one should feel.,3,1,It is a general observation about typical emotional responses.,4,1,Funerals occur in ordinary life experiences.,4,Funerals mark death and generally trigger emotional sadness in most cultures.,"['opinion', 'social', 'literal language', 'positive', 'knowledge', 'everyday']",inception/mercury-2.5
Most prefer warm weather over cold weather in summer.,0,Preference is subjective; some people prefer cold weather.,3,0,Preferences for seasons are shared human experiences and expectations.,4,1,It uses standard language with no metaphors.,4,1,It states a general observation of preferences rather than a rule.,3,1,It is an observation of common seasonal preferences.,4,1,Weather is a daily topic and influence.,4,"Humans generally enjoy comfortable temperatures, and summer is expected to be warm.","['opinion', 'social', 'literal language', 'positive', 'knowledge', 'everyday']",inception/mercury-2.5
People often feel nervous before public speaking.,0,Nervousness is a subjective feeling and not a fact.,3,0,It describes a common reaction to a social human activity.,4,1,The statement is literal and straightforward.,4,1,It describes a regularity in human behavior without judgment.,3,1,It is an observation about common psychological responses.,4,1,Public speaking happens in everyday work or social life.,4,Public speaking is a shared social situation that typically triggers anxiety.,"['opinion', 'social', 'literal language', 'positive', 'knowledge', 'everyday']",inception/mercury-2.5
Many children learn to count numbers by age five.,0,"Age estimates vary, and exact timing is not guaranteed.",2,0,Counting is a socially constructed skill taught in schools.,4,1,The statement is literal and direct.,4,1,It states a common pattern of behavior or growth.,4,1,It is a widely accepted observation about child development.,4,1,Child development and education are everyday topics.,4,This is a common developmental milestone observed in modern societies.,"['opinion', 'social', 'literal language', 'positive', 'knowledge', 'everyday']",inception/mercury-2.5
Some people think waking up early is better.,0,It explicitly states a belief that cannot be objectively proven.,4,0,It reflects a socially influenced belief about schedules.,4,1,The language is plain and literal.,4,1,It describes a common opinion rather than a moral rule.,3,1,It is an observation of common opinions on habits.,4,1,Waking up is a daily routine experience.,4,"Morning routines vary, but many people believe early waking is superior.","['opinion', 'social', 'literal language', 'positive', 'knowledge', 'everyday']",inception/mercury-2.5
Most people feel happier after exercising.,0,Feeling happiness is subjective and internal.,3,0,Exercise is a common social activity with shared effects.,4,1,The statement uses literal and clear language.,4,1,It describes a physical and behavioral pattern.,4,1,It is an observation of a physical and emotional regularity.,4,1,Exercise is part of daily life for many.,4,"Exercise releases endorphins and improves mood, a common experience.","['opinion', 'social', 'literal language', 'positive', 'knowledge', 'everyday']",inception/mercury-2.5
Many believe it is important to wear a seatbelt.,0,It describes a belief about importance rather than physical necessity.,3,0,It refers to a social rule and safety preference.,4,1,The language is literal and plain.,4,1,It describes a widespread belief without being a strict logical fact.,3,1,It is an observation about common safety attitudes.,4,1,Wearing a seatbelt is part of everyday driving.,4,This belief comes from safety advice and social rules.,"['opinion', 'social', 'literal language', 'positive', 'knowledge', 'everyday']",inception/mercury-2.5
Some say chocolate tastes better than vanilla.,0,Taste is inherently subjective and not objectively correct.,4,0,Taste preferences are culturally shared opinions.,4,1,The statement uses plain language.,4,1,It describes a pattern of preference without being a rule.,3,1,It is an observation of common food opinions.,4,1,Tasting food is a regular everyday experience.,4,"Taste preferences vary, but chocolate is commonly praised over vanilla.","['opinion', 'social', 'literal language', 'positive', 'knowledge', 'everyday']",inception/mercury-2.5
Most people prefer quiet places for reading.,0,Preference for quiet is subjective to the reader.,3,0,Quiet places are socially preferred for intellectual tasks.,4,1,The statement is literal.,4,1,It describes a common preference rather than a rule.,3,1,It is an observation of common reading habits.,4,1,Reading is a common everyday activity.,4,Reading generally requires concentration which quiet environments support.,"['opinion', 'social', 'literal language', 'positive', 'knowledge', 'everyday']",inception/mercury-2.5
Most people say that fresh fruit tastes better.,0,Taste is subjective and not a physical law.,3,0,It refers to a shared preference for food quality.,4,1,The language is literal and plain.,4,1,It describes a common taste opinion.,3,1,It is an observation about common taste opinions.,4,1,Eating fruit is a common daily experience.,4,Freshness is a shared preference in food quality.,"['opinion', 'social', 'literal language', 'positive', 'knowledge', 'everyday']",inception/mercury-2.5
Most people avoid touching hot stoves because it hurts.,0,Pain is subjective and not objectively quantifiable.,2,0,It refers to a shared human understanding of danger.,4,1,The statement is literal and factual.,4,1,It describes a regularity of behavior based on physical effects.,4,1,It is an observation of common behavioral reactions.,4,1,Hot stoves are found in ordinary kitchens.,4,Touching hot surfaces causes pain and is universally avoided.,"['opinion', 'social', 'literal language', 'positive', 'knowledge', 'everyday']",inception/mercury-2.5
Many think listening to music improves their mood.,0,Mood improvement is subjective and varies per person.,3,0,It refers to shared human behaviors for emotional regulation.,4,1,The language is literal.,4,1,It describes a common pattern rather than a moral rule.,3,1,It is an observation of common emotional responses to music.,4,1,Listening to music is a regular everyday experience.,4,Music is used to regulate emotions and improve daily mood.,"['opinion', 'social', 'literal language', 'positive', 'knowledge', 'everyday']",inception/mercury-2.5
Some say winter is the best time of the year.,0,Best time is subjective and not a fact.,4,0,Seasons carry shared cultural significance and feelings.,4,1,The statement uses literal and clear language.,4,1,It describes a common opinion rather than a rule.,3,1,It is an observation of common cultural preferences.,4,1,Seasons are a regular part of yearly life.,4,"Seasonal preferences vary, but winter is enjoyed by many for holidays.","['opinion', 'social', 'literal language', 'positive', 'knowledge', 'everyday']",inception/mercury-2.5
Most parents prefer their children to eat vegetables.,0,"Preference is a subjective value, not an objective fact.",3,0,It refers to common parental values and behaviors.,4,1,The language is literal and direct.,4,1,It describes a common behavior rather than a rule.,3,1,It is an observation of common parenting habits.,4,1,Mealtime is a routine family experience.,4,Parents generally want healthy diets and push vegetables for health.,"['opinion', 'social', 'literal language', 'positive', 'knowledge', 'everyday']",inception/mercury-2.5
Most people feel comfortable wearing casual clothes at home.,0,Comfort is subjective and feels different to each person.,3,0,It refers to socially constructed clothing norms.,4,1,The statement is literal and plain.,4,1,It describes a common behavioral pattern.,3,1,It is an observation of common behavior patterns.,4,1,Being at home is a daily routine.,4,"Clothing rules vary by place, but home usually means comfort.","['opinion', 'social', 'literal language', 'positive', 'knowledge', 'everyday']",inception/mercury-2.5
Most believe that exercise improves health significantly.,0,Belief in improvement is subjective though supported by science.,2,0,It refers to shared health beliefs and practices.,4,1,The language is literal.,4,1,It describes a common belief about regularity.,3,1,It is an observation of common health attitudes.,4,1,Health choices are daily concerns.,4,Exercise is a widely shared social practice for health.,"['opinion', 'social', 'literal language', 'positive', 'knowledge', 'everyday']",inception/mercury-2.5
Most people like to feel safe in their homes.,0,Feeling safe is subjective to the individual.,3,0,It refers to a fundamental human need and shared value.,4,1,The statement is literal and direct.,4,1,It describes a common human preference rather than a rule.,3,1,It is an observation of a universal human desire.,4,1,Homes are central to ordinary human experience.,4,Safety in housing is a universal human desire and norm.,"['opinion', 'social', 'literal language', 'positive', 'knowledge', 'everyday']",inception/mercury-2.5
Ice melts when exposed to warm temperatures.,0,People believe this but rates vary by location. It is not strictly provable for every case.,3,1,It references temperature and matter which are physical. It is observable and measurable.,4,1,It uses direct descriptive words without metaphors. It states exactly what happens.,4,1,It describes an empirical regularity in nature. It states a positive occurrence.,4,1,It relies on observed facts about water. It is known through experience.,4,1,People encounter ice in freezers often. It is part of normal life.,4,This is a common physical observation people make daily.,"['opinion', 'physical', 'literal language', 'positive', 'knowledge', 'everyday']",inception/mercury-2.5
Water turns to ice when cold enough.,0,"While a fact, people treat it as general belief. Specific conditions vary in opinion.",3,1,It concerns state changes in matter. This is a physical process.,4,1,It is straightforward and literal. It has no hidden meaning.,4,1,It states a natural law positively. It describes a physical regularity.,4,1,It is known fact about water. It relies on scientific observation.,4,1,Everyone uses ice in daily life. It is a common occurrence.,4,This is basic knowledge about water states.,"['opinion', 'physical', 'literal language', 'positive', 'knowledge', 'everyday']",inception/mercury-2.5
Hard surfaces hurt if dropped on your foot.,0,It is felt rather than proven for every object. It depends on subjective pain.,3,1,It involves force and impact physics. It is a physical cause.,4,1,It uses simple words. It means exactly what it says.,4,1,It describes a common outcome. It is an empirical regularity.,4,1,It is learned from experience. It is common knowledge.,4,1,Falling happens in normal routines. It is an everyday hazard.,4,People learn this from painful accidents.,"['opinion', 'physical', 'literal language', 'positive', 'knowledge', 'everyday']",inception/mercury-2.5
Birds generally fly when they leave the ground.,0,We observe this but some birds don't. It is a generalization rather than fact.,3,1,It relates to biology and motion. It involves physical behavior.,4,1,The phrasing is plain and direct. It avoids figures of speech.,4,1,It states a typical outcome. It describes a natural regularity.,4,1,It is known through observation. It is common natural knowledge.,4,1,People see birds daily. It is part of daily observation.,4,This is a typical animal behavior.,"['opinion', 'physical', 'literal language', 'positive', 'knowledge', 'everyday']",inception/mercury-2.5
Plants need sunlight to grow properly.,0,We trust this generally but indoor plants differ. It is treated as common belief.,3,1,It refers to biological processes. It involves physical needs.,4,1,It uses standard descriptive terms. It is not metaphorical.,4,1,It describes a biological law. It states a positive regularity.,4,1,It is learned through study. It is established scientific knowledge.,4,1,People grow plants at home. It is a common task.,4,This is basic gardening knowledge.,"['opinion', 'physical', 'literal language', 'positive', 'knowledge', 'everyday']",inception/mercury-2.5
Fire gives off heat when burning strongly.,0,It is experienced directly but intensity varies. It is not a hard fact for all.,3,1,It concerns thermodynamics. It is a physical phenomenon.,4,1,It is written plainly. It has no figurative meaning.,4,1,It describes a consistent outcome. It is a physical regularity.,4,1,It is common experiential knowledge. It is known practically.,4,1,Fire is common in kitchens. It is everyday experience.,4,People know this from cooking.,"['opinion', 'physical', 'literal language', 'positive', 'knowledge', 'everyday']",inception/mercury-2.5
Shadows form when an object blocks the light.,0,People understand it generally but conditions vary. It is accepted knowledge.,3,1,It concerns optics and objects. It is a physical fact.,4,1,It is clear and direct. It uses simple language.,4,1,It describes a natural effect. It states a regularity.,4,1,It is known from observation. It is common physical knowledge.,4,1,Shadows appear daily outdoors. It is part of daily life.,4,This is basic physics of light.,"['opinion', 'physical', 'literal language', 'positive', 'knowledge', 'everyday']",inception/mercury-2.5
Wet surfaces feel slippery under a person's feet.,0,It is subjective sensation. It varies by surface material.,3,1,It relates to friction physics. It is physically grounded.,4,1,It states facts directly. It has no metaphors.,4,1,It states a general rule. It is an empirical regularity.,4,1,It is known through touch. It is common sense.,4,1,Slippery floors are common. It is an everyday risk.,4,People learn this from falling.,"['opinion', 'physical', 'literal language', 'positive', 'knowledge', 'everyday']",inception/mercury-2.5
Loud sounds make some people cover their ears.,0,It describes subjective reactions. It is not strictly universal.,3,1,It involves physical sound waves. It is a physical interaction.,4,1,It is clear and direct. It describes exactly what happens.,4,1,It describes a typical outcome. It states a regularity.,4,1,It is known from experience. It is common behavioral knowledge.,4,1,Noise is common daily. It is part of daily life.,4,This is a common reaction.,"['opinion', 'physical', 'literal language', 'positive', 'knowledge', 'everyday']",inception/mercury-2.5
People usually sleep at night.,0,Some people differ in schedule. It is a generalization.,3,1,It relates to body rhythms. It is a biological fact.,4,1,It is written plainly. It has no hidden meaning.,4,1,It describes a biological trend. It is a regularity.,4,1,It is observed generally. It is common knowledge.,4,1,Everyone sleeps daily. It is part of daily routine.,4,This is a daily biological habit.,"['opinion', 'physical', 'literal language', 'positive', 'knowledge', 'everyday']",inception/mercury-2.5
Glass breaks if dropped from a height.,0,It is treated as common sense. Some glass types differ.,3,1,It concerns material stress. It is a physical outcome.,4,1,It is direct and simple. It is not metaphorical.,4,1,It states a general rule. It is an empirical regularity.,4,1,It is known from experience. It is common sense.,4,1,People drop glass often. It is a common occurrence.,4,This is common experience.,"['opinion', 'physical', 'literal language', 'positive', 'knowledge', 'everyday']",inception/mercury-2.5
Sunlight helps most plants grow taller.,0,Most agree but some exceptions exist. It is treated as common fact.,3,1,It concerns photosynthesis physics. It is a physical process.,4,1,It is written clearly. It has no metaphors.,4,1,It describes a natural effect. It is a positive regularity.,4,1,It is common scientific knowledge. It is well known.,4,1,People garden commonly. It is part of daily life.,4,This is basic gardening common sense.,"['opinion', 'physical', 'literal language', 'positive', 'knowledge', 'everyday']",inception/mercury-2.5
Most people feel colder in winter.,0,Some feel warm due to health. It is subjective generally.,3,1,It relates to temperature and bodies. It is a physical response.,4,1,It uses simple words. It states exactly what is believed.,4,1,It describes a common trend. It is an empirical regularity.,4,1,It is known from experience. It is common observation.,4,1,Winter is part of daily life. It is common experience.,4,This is a general feeling.,"['opinion', 'physical', 'literal language', 'positive', 'knowledge', 'everyday']",inception/mercury-2.5
Humans need food to live.,0,People accept this as truth. It is treated as fact.,3,1,It concerns biology and nutrition. It is a physical need.,4,1,It is direct and literal. It has no figures of speech.,4,1,It states a biological law. It is a positive regularity.,4,1,It is known generally. It is common knowledge.,4,1,People eat daily. It is part of daily routine.,4,This is basic biological truth.,"['opinion', 'physical', 'literal language', 'positive', 'knowledge', 'everyday']",inception/mercury-2.5
Clouds look darker when it rains.,0,People perceive this visually. Specific clouds differ.,3,1,It concerns light and water. It is a physical phenomenon.,4,1,It is simple and plain. It is not metaphorical.,4,1,It describes a typical correlation. It is an empirical regularity.,4,1,It is known from looking. It is common knowledge.,4,1,People look outside daily. It is everyday experience.,4,This is weather common sense.,"['opinion', 'physical', 'literal language', 'positive', 'knowledge', 'everyday']",inception/mercury-2.5
Babies cry when they are hungry.,0,Parents assume this generally. Causes vary sometimes.,3,1,It concerns biological signals. It is a physical response.,4,1,It is direct and clear. It has no hidden meaning.,4,1,It describes a typical outcome. It is a regularity.,4,1,It is known through experience. It is common sense.,4,1,Parents care for kids daily. It is part of daily life.,4,This is common parenting knowledge.,"['opinion', 'physical', 'literal language', 'positive', 'knowledge', 'everyday']",inception/mercury-2.5
Wood floats better in water than metal.,0,People trust it based on experience. Some metals float.,3,1,It concerns density and buoyancy. It is a physical regularity.,4,1,It is written plainly. It has no metaphors.,4,1,It states a general rule. It is an empirical regularity.,4,1,It is known from study. It is common physical knowledge.,4,1,People play with water daily. It is common experience.,4,This is basic physics.,"['opinion', 'physical', 'literal language', 'positive', 'knowledge', 'everyday']",inception/mercury-2.5
Most cars stop when brakes are pressed.,0,Drivers assume this generally. Brake failures occur.,3,1,It concerns mechanics physics. It is a physical effect.,4,1,It is clear and direct. It is not metaphorical.,4,1,It describes a typical outcome. It is a regularity.,4,1,It is known from driving. It is common knowledge.,4,1,People drive or see cars daily. It is everyday life.,4,This is basic driving knowledge.,"['opinion', 'physical', 'literal language', 'positive', 'knowledge', 'everyday']",inception/mercury-2.5
People walk slower on ice.,0,It is treated as a rule. Some people walk fast.,3,1,It concerns friction physics. It is a physical constraint.,4,1,It is plain and simple. It has no hidden meaning.,4,1,It describes a general trend. It is an empirical regularity.,4,1,It is known through experience. It is common knowledge.,4,1,Walking outside is common. It is part of daily life.,4,This is safety common sense.,"['opinion', 'physical', 'literal language', 'positive', 'knowledge', 'everyday']",inception/mercury-2.5
Most adults prefer sleeping comfortably.,0,It is about personal preference. It cannot be strictly proven.,4,1,It relates to body comfort. It is a physical need.,3,1,It is written plainly. It is not metaphorical.,4,1,It states a general trend. It is a positive regularity.,4,1,It is known from observation. It is common knowledge.,4,1,Everyone sleeps daily. It is part of daily life.,4,This is a daily preference.,"['opinion', 'physical', 'literal language', 'positive', 'knowledge', 'everyday']",inception/mercury-2.5
Water boils at 100 degrees Celsius at sea level.,1,The temperature point can be verified empirically without relying on personal belief. I am very confident it is objectively demonstrable and not subjective.,4,1,This refers to objective physical properties of water described by physics. I am very confident it is not a socially constructed rule.,4,1,The words mean exactly what they say without using metaphors or figures. I am very confident the language is plain and ordinary.,4,1,This states an empirical regularity of physics rather than a social norm. I am very confident it describes natural behavior without prescribing action.,4,1,It is an observation about the world rather than a logic-derived conclusion. I am very confident it represents common knowledge not reasoning.,4,1,People encounter this situation when cooking or observing water regularly. I am very confident it is not abstract or unobservable.,4,People know water boils at a specific temperature from daily cooking experience.,"['fact', 'physical', 'literal language', 'positive', 'knowledge', 'everyday']",inception/mercury-2.5
Ice melts when placed in a warm room.,1,This outcome can be verified by testing ice in different temperatures. I am very confident it is objectively demonstrable and not subjective.,4,1,This refers to biological and physical properties of ice melting. I am very confident it is not a socially constructed rule.,4,1,The sentence uses plain words without any metaphors or hidden meanings. I am very confident the language is clear and ordinary.,4,1,This describes a natural change rather than a value or judgment. I am very confident it states a physical process without prescribing norms.,4,1,It is an observation about material changes rather than logical reasoning. I am very confident it represents common knowledge not reasoning.,4,1,People experience ice melting during daily activities like making drinks. I am very confident it is not abstract or unobservable.,4,It is common knowledge that ice changes state in heat.,"['fact', 'physical', 'literal language', 'positive', 'knowledge', 'everyday']",inception/mercury-2.5
Fire produces heat when it burns something.,1,Heat production can be measured with a thermometer to verify. I am very confident it is objectively demonstrable and not subjective.,4,1,This describes energy transfer governed by physics and chemistry rules. I am very confident it is not a socially constructed rule.,4,1,The sentence is straightforward with no metaphors or idioms used. I am very confident the language is plain and ordinary.,4,1,This notes a natural effect of combustion rather than a social judgment. I am very confident it describes physical behavior without norms.,4,1,It is an observation about energy rather than a reasoning conclusion. I am very confident it represents common knowledge not reasoning.,4,1,Most people encounter fire and heat in daily cooking or camping. I am very confident it is not abstract or unobservable.,4,Everyone knows fire feels hot when you are near it.,"['fact', 'physical', 'literal language', 'positive', 'knowledge', 'everyday']",inception/mercury-2.5
Rain falls from clouds during a storm.,1,Rainfall can be recorded and verified without relying on opinion. I am very confident it is objectively demonstrable and not subjective.,4,1,This refers to atmospheric physics and water cycle mechanics. I am very confident it is not a socially constructed rule.,4,1,The sentence states exactly what happens without any metaphors. I am very confident the language is plain and ordinary.,4,1,This states a weather regularity rather than a human belief or value. I am very confident it describes natural occurrence without norms.,4,1,It is an observation about weather rather than a logical deduction. I am very confident it represents common knowledge not reasoning.,4,1,People see rain daily in various seasons and locations. I am very confident it is not abstract or unobservable.,4,People observe rain falling from the sky regularly.,"['fact', 'physical', 'literal language', 'positive', 'knowledge', 'everyday']",inception/mercury-2.5
Solid objects fall down when dropped.,1,The downward motion can be tested to verify accuracy. I am very confident it is objectively demonstrable and not subjective.,4,1,This refers to gravity and mass properties of solid objects. I am very confident it is not a socially constructed rule.,4,1,The statement uses plain words without hidden meanings or metaphors. I am very confident the language is plain and ordinary.,4,1,This describes a physical consequence rather than a moral judgment. I am very confident it states natural behavior without norms.,4,1,It is an observation about motion rather than a reasoning conclusion. I am very confident it represents common knowledge not reasoning.,4,1,People drop things often and observe them falling immediately. I am very confident it is not abstract or unobservable.,4,People expect objects to fall due to gravity.,"['fact', 'physical', 'literal language', 'positive', 'knowledge', 'everyday']",inception/mercury-2.5
Humans need to drink water to survive.,1,Survival dependence can be verified by medical study and evidence. I am very confident it is objectively demonstrable and not subjective.,4,1,This refers to biological processes required for life. I am very confident it is not a socially constructed rule.,4,1,The sentence means exactly what it says about biology. I am very confident the language is plain and ordinary.,4,1,This notes a biological necessity rather than a social norm. I am very confident it states natural behavior without prescribing values.,4,1,It is an observation about biological need rather than reasoning. I am very confident it represents common knowledge not reasoning.,4,1,Everyone drinks water daily as part of normal living. I am very confident it is not abstract or unobservable.,4,People know hydration is vital for living.,"['fact', 'physical', 'literal language', 'positive', 'knowledge', 'everyday']",inception/mercury-2.5
Birds have feathers and lay eggs.,1,These traits can be seen and verified directly. I am very confident it is objectively demonstrable and not subjective.,4,1,This refers to biological and physical traits of animals. I am very confident it is not a socially constructed rule.,4,1,The sentence uses direct words with no metaphors. I am very confident the language is plain and ordinary.,4,1,This describes physical attributes rather than judgments or values. I am very confident it states natural behavior without norms.,4,1,It is an observation about animals rather than a reasoning conclusion. I am very confident it represents common knowledge not reasoning.,4,1,People observe birds in daily life and nature. I am very confident it is not abstract or unobservable.,4,People know this about birds from observing them.,"['fact', 'physical', 'literal language', 'positive', 'knowledge', 'everyday']",inception/mercury-2.5
Plants grow towards the sunlight.,1,This growth can be observed in experiments. I am very confident it is objectively demonstrable and not subjective.,4,1,This refers to biological behavior of plants. I am very confident it is not a socially constructed rule.,4,1,The sentence means exactly what it says about plants. I am very confident the language is plain and ordinary.,4,1,This describes growth rather than a social judgment. I am very confident it states natural behavior without norms.,4,1,It is an observation about nature rather than reasoning. I am very confident it represents common knowledge not reasoning.,4,1,People see plants indoors or outdoors daily. I am very confident it is not abstract or unobservable.,4,People observe plants growing toward light regularly.,"['fact', 'physical', 'literal language', 'positive', 'knowledge', 'everyday']",inception/mercury-2.5
Metal expands when it gets very hot.,1,Expansion can be measured with a ruler. I am very confident it is objectively demonstrable and not subjective.,4,1,This refers to physics properties of materials. I am very confident it is not a socially constructed rule.,4,1,The words describe the change directly. I am very confident the language is plain and ordinary.,4,1,This notes a physical change rather than a judgment. I am very confident it states natural behavior without norms.,4,1,It is an observation about physics rather than reasoning. I am very confident it represents common knowledge not reasoning.,4,1,People encounter hot metal in many activities. I am very confident it is not abstract or unobservable.,4,People notice metal expands when heated.,"['fact', 'physical', 'literal language', 'positive', 'knowledge', 'everyday']",inception/mercury-2.5
Shadows are shorter when the sun is high.,1,Shadows can be measured daily for verification. I am very confident it is objectively demonstrable and not subjective.,4,1,This refers to optics and light behavior. I am very confident it is not a socially constructed rule.,4,1,The sentence uses plain words about light. I am very confident the language is plain and ordinary.,4,1,This describes a natural regularity not a norm. I am very confident it states natural behavior without norms.,4,1,It is an observation about light rather than reasoning. I am very confident it represents common knowledge not reasoning.,4,1,People see shadows daily outdoors. I am very confident it is not abstract or unobservable.,4,People know shadows change with time of day.,"['fact', 'physical', 'literal language', 'positive', 'knowledge', 'everyday']",inception/mercury-2.5
Smoke rises upward from a burning fire.,1,Rising smoke can be seen to verify. I am very confident it is objectively demonstrable and not subjective.,4,1,This refers to physics of combustion gases. I am very confident it is not a socially constructed rule.,4,1,The sentence states what happens directly. I am very confident the language is plain and ordinary.,4,1,This notes a physical motion rather than judgment. I am very confident it states natural behavior without norms.,4,1,It is an observation about fire rather than reasoning. I am very confident it represents common knowledge not reasoning.,4,1,People see smoke daily in kitchens. I am very confident it is not abstract or unobservable.,4,People see smoke rising when cooking.,"['fact', 'physical', 'literal language', 'positive', 'knowledge', 'everyday']",inception/mercury-2.5
Sound travels faster in water than in air.,1,Speed differences can be measured scientifically. I am very confident it is objectively demonstrable and not subjective.,4,1,This refers to wave physics and speed. I am very confident it is not a socially constructed rule.,4,1,The sentence uses clear technical terms. I am very confident the language is plain and ordinary.,4,1,This describes a physical law not a value. I am very confident it states natural behavior without norms.,4,1,It is an observation about physics rather than reasoning. I am very confident it represents common knowledge not reasoning.,4,1,People hear sound underwater or in air. I am very confident it is not abstract or unobservable.,4,People know sound travels differently in mediums.,"['fact', 'physical', 'literal language', 'positive', 'knowledge', 'everyday']",inception/mercury-2.5
Fish need water to breathe and survive.,1,Survival depends on environment which can be verified. I am very confident it is objectively demonstrable and not subjective.,4,1,This refers to biological requirements for life. I am very confident it is not a socially constructed rule.,4,1,The sentence states needs directly. I am very confident the language is plain and ordinary.,4,1,This states a biological necessity rather than norm. I am very confident it states natural behavior without norms.,4,1,It is an observation about nature rather than reasoning. I am very confident it represents common knowledge not reasoning.,4,1,People observe fish in water daily. I am very confident it is not abstract or unobservable.,4,People know fish die without water.,"['fact', 'physical', 'literal language', 'positive', 'knowledge', 'everyday']",inception/mercury-2.5
Light reflects off shiny surfaces like mirrors.,1,Reflection can be tested easily. I am very confident it is objectively demonstrable and not subjective.,4,1,This refers to optics and physics rules. I am very confident it is not a socially constructed rule.,4,1,The sentence uses plain words without metaphors. I am very confident the language is plain and ordinary.,4,1,This states a physical property of light. I am very confident it states natural behavior without norms.,4,1,It is an observation about light rather than reasoning. I am very confident it represents common knowledge not reasoning.,4,1,People see reflections daily in mirrors. I am very confident it is not abstract or unobservable.,4,People see reflections in mirrors regularly.,"['fact', 'physical', 'literal language', 'positive', 'knowledge', 'everyday']",inception/mercury-2.5
Gravity pulls objects toward the center of Earth.,1,The pull can be measured by scientists. I am very confident it is objectively demonstrable and not subjective.,4,1,This refers to fundamental physics laws. I am very confident it is not a socially constructed rule.,4,1,The sentence means exactly what it says. I am very confident the language is plain and ordinary.,4,1,This states a physical force not a value. I am very confident it states natural behavior without norms.,4,1,It is an observation about physics rather than reasoning. I am very confident it represents common knowledge not reasoning.,4,1,People feel gravity daily walking. I am very confident it is not abstract or unobservable.,4,People know gravity keeps feet on ground.,"['fact', 'physical', 'literal language', 'positive', 'knowledge', 'everyday']",inception/mercury-2.5
Breathing is required for human life to continue.,1,Life continuity can be verified medically. I am very confident it is objectively demonstrable and not subjective.,4,1,This refers to biology of living people. I am very confident it is not a socially constructed rule.,4,1,The sentence uses clear direct terms. I am very confident the language is plain and ordinary.,4,1,This notes a physiological necessity not norm. I am very confident it states natural behavior without norms.,4,1,It is an observation about biology rather than reasoning. I am very confident it represents common knowledge not reasoning.,4,1,People breathe automatically all day. I am very confident it is not abstract or unobservable.,4,Everyone knows breathing is essential.,"['fact', 'physical', 'literal language', 'positive', 'knowledge', 'everyday']",inception/mercury-2.5
Wet clothes take time to dry in air.,1,Drying time can be measured empirically. I am very confident it is objectively demonstrable and not subjective.,4,1,This refers to evaporation and physics. I am very confident it is not a socially constructed rule.,4,1,The sentence means exactly what it says. I am very confident the language is plain and ordinary.,4,1,This states an empirical process not a norm. I am very confident it states natural behavior without norms.,4,1,It is an observation about material rather than reasoning. I am very confident it represents common knowledge not reasoning.,4,1,People dry clothes regularly. I am very confident it is not abstract or unobservable.,4,People wait for laundry to dry.,"['fact', 'physical', 'literal language', 'positive', 'knowledge', 'everyday']",inception/mercury-2.5
Cutting bread separates it into smaller pieces.,1,Separation can be verified visually. I am very confident it is objectively demonstrable and not subjective.,4,1,This refers to mechanical physics properties. I am very confident it is not a socially constructed rule.,4,1,The sentence describes the action directly. I am very confident the language is plain and ordinary.,4,1,This states a physical result not a norm. I am very confident it states natural behavior without norms.,4,1,It is an observation about material change not reasoning. I am very confident it represents common knowledge not reasoning.,4,1,People cut food in daily meals. I am very confident it is not abstract or unobservable.,4,People cut food to share.,"['fact', 'physical', 'literal language', 'positive', 'knowledge', 'everyday']",inception/mercury-2.5
Sleeping helps people feel rested and awake.,1,Restfulness can be observed to verify. I am very confident it is objectively demonstrable and not subjective.,4,1,This refers to physiological body states. I am very confident it is not a socially constructed rule.,4,1,The sentence uses direct plain words. I am very confident the language is plain and ordinary.,4,1,This states an effect not a value. I am very confident it states natural behavior without norms.,4,1,It is an observation about health not reasoning. I am very confident it represents common knowledge not reasoning.,4,1,People sleep daily and feel effects. I am very confident it is not abstract or unobservable.,4,Everyone knows sleep refreshes the body.,"['fact', 'physical', 'literal language', 'positive', 'knowledge', 'everyday']",inception/mercury-2.5
Mixing red and blue paint makes purple color.,1,The color change can be tested. I am very confident it is objectively demonstrable and not subjective.,4,1,This refers to light and physics. I am very confident it is not a socially constructed rule.,4,1,The sentence is direct and literal. I am very confident the language is plain and ordinary.,4,1,This states a physical result not a value. I am very confident it states natural behavior without norms.,4,1,It is an observation about color not reasoning. I am very confident it represents common knowledge not reasoning.,4,1,People mix paint in daily tasks. I am very confident it is not abstract or unobservable.,4,People know colors mix to make new ones.,"['fact', 'physical', 'literal language', 'positive', 'knowledge', 'everyday']",inception/mercury-2.5
A bird in the hand is worth two in the bush.,1,It asserts a verifiable comparison of asset certainty versus risk.,3,1,It references tangible birds and physical ownership of real objects.,4,0,It uses a metaphor comparing physical possession to hypothetical gain.,4,1,It describes a decision-making regularity regarding resource security.,3,1,It is an observation about practical value and physical possession.,4,1,People often encounter scenarios involving known versus unknown items.,4,This proverb illustrates physical scarcity and risk through common objects.,"['fact', 'physical', 'figure of speech', 'positive', 'knowledge', 'everyday']",inception/mercury-2.5
The early bird catches the worm.,1,Birds actively hunt prey early; this is empirically observable behavior.,3,1,It refers to physical biology and movement patterns of organisms.,4,0,It uses a metaphor to suggest success favors early action.,4,1,It describes an empirical regularity in animal hunting schedules.,3,1,It is an observation about wildlife activity and time.,4,1,Farmers and observers regularly witness morning animal behavior.,4,This describes a biological pattern regarding animals and timing.,"['fact', 'physical', 'figure of speech', 'positive', 'knowledge', 'everyday']",inception/mercury-2.5
You can't make an omelet without breaking eggs.,1,"Physically, eggshells must break to release contents for cooking.",4,1,It describes physical forces acting on eggshells.,4,0,It is an idiom for the necessity of sacrifice.,4,1,It states an objective requirement for the physical task.,4,1,It is a fact about cooking mechanics and material transformation.,4,1,Cooking is a frequent daily household activity.,4,This states a physical necessity in the cooking process.,"['fact', 'physical', 'figure of speech', 'positive', 'knowledge', 'everyday']",inception/mercury-2.5
A rolling stone gathers no moss.,1,Moving objects physically accumulate less organic material than stationary ones.,3,1,It refers to biological growth and physical displacement mechanics.,4,0,It uses a metaphor for personal habits and stability.,4,1,It describes a physical observation about growth and friction.,3,1,It is an observation about surface biology and motion.,4,1,People observe movement versus stillness in nature.,4,This describes physical accumulation based on movement versus stillness.,"['fact', 'physical', 'figure of speech', 'positive', 'knowledge', 'everyday']",inception/mercury-2.5
You can't get blood from a stone.,1,Stones lack biological tissue necessary to contain blood.,4,1,It describes physical and biological limits of matter.,4,0,It uses hyperbole for impossible extraction of value.,4,1,It states an objective biological constraint regarding materials.,4,1,It is a fact about the biological makeup of stones.,4,1,People know stones are hard minerals not soft tissue.,4,This states a biological impossibility based on composition.,"['fact', 'physical', 'figure of speech', 'positive', 'knowledge', 'everyday']",inception/mercury-2.5
A stitch in time saves nine.,1,Small physical damage grows larger if left untreated.,4,1,It describes physical wear and tear on materials.,4,0,It is an idiom about proactive problem-solving.,4,1,It describes a mechanical reality of material failure.,4,1,It is an observation about maintenance and material physics.,4,1,People mend torn clothes or walls in daily life.,4,This suggests immediate physical repair prevents larger future damage.,"['fact', 'physical', 'figure of speech', 'positive', 'knowledge', 'everyday']",inception/mercury-2.5
When it rains it pours.,1,Heavy rain often occurs in single intense bursts.,3,1,It refers to physical weather and fluid dynamics.,4,0,It is an idiom for problems arriving in clusters.,4,1,It states a general atmospheric behavior regarding precipitation.,3,1,It is an observation about weather patterns and intensity.,4,1,Everyone experiences rain intensity varying significantly.,4,This describes a meteorological observation about weather intensity.,"['fact', 'physical', 'figure of speech', 'positive', 'knowledge', 'everyday']",inception/mercury-2.5
A watched pot never boils.,1,The pot does boil regardless of observation.,4,1,It refers to the physical process of heating liquid.,4,0,It is a hyperbole about waiting time feeling long.,4,1,It asserts a physical truth about water boiling time.,4,1,It is an observation of physics and perception.,4,1,Cooking involves waiting for water to boil.,4,This describes perceived time dilation during physical heating.,"['fact', 'physical', 'figure of speech', 'positive', 'knowledge', 'everyday']",inception/mercury-2.5
Still waters run deep.,1,Quiet river currents often move deep water without surface turbulence.,3,1,It refers to fluid dynamics and physics of streams.,4,0,It is a metaphor for quiet people having depth.,4,1,It describes a hydrological observation about water dynamics.,3,1,It is an observation about water behavior and depth.,4,1,People observe calm water in natural rivers.,4,This refers to physical hydraulic flow patterns.,"['fact', 'physical', 'figure of speech', 'positive', 'knowledge', 'everyday']",inception/mercury-2.5
Don't count chickens before they hatch.,1,Eggs may fail to hatch; counting them is premature.,3,1,It refers to physical biological development in eggs.,4,0,It is an idiom for anticipating results before they occur.,4,1,It describes a biological probability and risk.,3,1,It is an observation about life cycles and probability.,4,1,Farmers and gardeners observe natural life cycles.,4,This advises caution regarding biological developmental stages.,"['fact', 'physical', 'figure of speech', 'positive', 'knowledge', 'everyday']",inception/mercury-2.5
Don't put all eggs in one basket.,1,A single container drop risks losing all contents at once.,4,1,It refers to the physical fragility of eggs.,4,0,It is a metaphor for diversification strategies.,4,1,It describes a mechanical risk regarding storage safety.,4,1,It is an observation about risk and physical containment.,4,1,Transporting fragile items is a common activity.,4,This describes physical risk in single-point storage.,"['fact', 'physical', 'figure of speech', 'positive', 'knowledge', 'everyday']",inception/mercury-2.5
Rome wasn't built in a day.,1,Historical record proves Rome was built over centuries.,4,1,It refers to the physical labor needed to build.,4,0,It is an idiom for needing patience in work.,4,1,It states an observation about physical construction effort.,4,1,It is a fact about history and human labor.,4,1,Everyone understands large tasks require time.,4,This describes the reality of construction timeframes.,"['fact', 'physical', 'figure of speech', 'positive', 'knowledge', 'everyday']",inception/mercury-2.5
Every cloud has a silver lining.,1,Sunlight does refract around edges of dark clouds.,3,1,It refers to light physics and atmospheric conditions.,4,0,It is a metaphor for hope in bad situations.,4,1,It describes an optical physical phenomenon in meteorology.,3,1,It is an observation about light and weather.,4,1,People observe sunlight behind storm clouds regularly.,4,This describes optical reflection during weather events.,"['fact', 'physical', 'figure of speech', 'positive', 'knowledge', 'everyday']",inception/mercury-2.5
You break it you buy it.,1,Many stores enforce policies requiring payment for broken items.,3,1,It refers to the physical integrity of objects.,4,0,It is a literal-sounding statement for liability.,4,1,It states a common policy regarding physical damage.,3,1,It is a fact about retail physical damage rules.,4,1,Customers encounter merchandise liability rules in stores.,4,This describes a physical liability rule in commerce.,"['fact', 'physical', 'figure of speech', 'positive', 'knowledge', 'everyday']",inception/mercury-2.5
What goes around comes around.,1,Cyclical physical motion returns to origin.,3,1,It metaphorically references circular physical motion.,2,0,It is a metaphor for returning consequences.,4,1,It states a generalization about consequence recurrence.,3,1,It is an observation about patterns of life.,4,1,People experience recurring patterns of behavior.,4,This references physical cyclical motion and karma.,"['fact', 'physical', 'figure of speech', 'positive', 'knowledge', 'everyday']",inception/mercury-2.5
Look before you leap.,1,Observing prevents physical injury during movement.,4,1,It refers to physical safety and movement.,4,0,It is a metaphor for careful planning.,4,1,It states an observation about safe physical action.,4,1,It is an observation about environmental safety.,4,1,People encounter obstacles before crossing or jumping.,4,This describes a safety observation for physical movement.,"['fact', 'physical', 'figure of speech', 'positive', 'knowledge', 'everyday']",inception/mercury-2.5
Lightning never strikes twice in the same place.,1,Lightning frequently strikes the same tall structures.,2,1,It refers to electrical physics and meteorology.,3,0,It is an idiom for uniqueness of events.,4,1,It claims an empirical regularity about weather.,2,1,It is an observation many people believe about nature.,3,1,People discuss weather risks frequently.,4,This is a commonly cited weather myth.,"['fact', 'physical', 'figure of speech', 'positive', 'knowledge', 'everyday']",inception/mercury-2.5
Actions speak louder than words.,1,People observe deeds verify claims better than talking.,3,1,It refers to physical actions versus vocal sounds.,2,0,It is a metaphor comparing volume to impact.,4,1,It describes a pattern about communication and verification.,3,1,It is an observation about human behavior.,4,1,People judge others by their actions.,4,This states physical deeds show truth more than speech.,"['fact', 'physical', 'figure of speech', 'positive', 'knowledge', 'everyday']",inception/mercury-2.5
A penny saved is a penny earned.,1,Saving increases net asset value equivalently to income.,3,1,It metaphorically relates money value to physical objects.,2,0,It is an idiom about financial prudence.,4,1,It states an economic observation about value.,3,1,It is an observation about economics and behavior.,4,1,People manage coins and budgets daily.,4,This describes a financial equivalence in value.,"['fact', 'physical', 'figure of speech', 'positive', 'knowledge', 'everyday']",inception/mercury-2.5
Don't look a gift horse in the mouth.,1,Inspecting a gift can offend the giver.,2,1,It refers to checking animal teeth literally.,3,0,It is an idiom about accepting gifts graciously.,4,1,It describes a pattern regarding social reactions.,2,1,It is an observation about etiquette and objects.,4,1,People receive gifts in daily social interactions.,4,This describes physical inspection versus social norms.,"['fact', 'physical', 'figure of speech', 'positive', 'knowledge', 'everyday']",inception/mercury-2.5
People say hello when meeting strangers.,1,Can be verified by observing social interactions; it is not subjective opinion.,4,0,Refers to a human interaction custom; it is a social origin.,4,1,Uses plain meaning; it is not a metaphor or figure of speech.,4,1,Describes a regular human behavior pattern; it does not express a judgment.,4,1,States an observation of behavior; it does not present a logical conclusion.,4,1,People encounter greetings frequently in daily life; it is not abstract.,4,This reflects a typical social behavior in many cultures.,"['fact', 'social', 'literal language', 'positive', 'knowledge', 'everyday']",inception/mercury-2.5
Drivers stop when traffic lights are red.,1,Can be verified by observation; it is objectively correct.,4,0,Refers to human traffic rules; it is a constructed social rule.,4,1,Clearly describes the action; it contains no metaphors.,4,1,States a regularity in traffic flow; it is not a normative judgment.,4,1,An observation of traffic; it is not a reasoning conclusion.,4,1,People encounter this often; it is part of ordinary experience.,4,Traffic laws create predictable stopping behavior at intersections.,"['fact', 'social', 'literal language', 'positive', 'knowledge', 'everyday']",inception/mercury-2.5
People stand in lines at stores.,1,Verifiable by observation; not merely opinion.,4,0,Human social order custom; it originates socially.,4,1,Directly describes action; no idioms used.,4,1,Describes regular observed behavior; not a value judgment.,4,1,An observation of store behavior; not a logical deduction.,4,1,Common daily activity; not an abstract concept.,4,Queuing is a common way to order service.,"['fact', 'social', 'literal language', 'positive', 'knowledge', 'everyday']",inception/mercury-2.5
People use forks to eat dinner.,1,Can be confirmed empirically; not subjective.,4,0,Cultural custom for eating; of human origins.,4,1,Direct statement; no figurative language.,4,1,Describes a common behavioral regularity; not a normative claim.,4,1,Observation of dining habits; not a reasoned conclusion.,4,1,Routine action; observed in daily life.,4,Eating utensils are standard in many places.,"['fact', 'social', 'literal language', 'positive', 'knowledge', 'everyday']",inception/mercury-2.5
Students sit at desks during school.,1,Verifiable by observation; it is not opinion.,4,0,Institutional rule; it is a human construct.,4,1,Plain description of activity; no metaphors.,4,1,Describes regular educational behavior; not a value judgment.,4,1,Observation of routine; not a conclusion.,4,1,Part of common school life; not abstract.,4,Classroom arrangements are standard educational practices.,"['fact', 'social', 'literal language', 'positive', 'knowledge', 'everyday']",inception/mercury-2.5
People vote when elections occur.,1,Verifiable by election data; not opinion.,4,0,Civic custom; it is socially constructed.,4,1,Clear statement; no figures of speech.,4,1,Describes a typical political regularity; not normative.,4,1,Observation of political behavior; not reasoning.,4,1,Recurring societal event; not abstract.,4,Voting is a standard civic process.,"['fact', 'social', 'literal language', 'positive', 'knowledge', 'everyday']",inception/mercury-2.5
People shake hands when meeting.,1,Observable behavior; independently of opinion.,4,0,Human greeting ritual; origin is social.,4,1,Plain language; no idioms or metaphors.,4,1,Describes a regular social interaction; not a value.,4,1,Observation of behavior; not logic-based.,4,1,Frequent occurrence; encountered often.,4,Physical greetings establish rapport in many cultures.,"['fact', 'social', 'literal language', 'positive', 'knowledge', 'everyday']",inception/mercury-2.5
People buy food at grocery stores.,1,Verifiable transaction; not subjective.,4,0,Economic activity; human-organized system.,4,1,Clear meaning; no figure of speech.,4,1,Describes a regular activity; not a judgment.,4,1,Observation of commerce; not reasoning.,4,1,Daily necessity; not abstract.,4,Purchasing food happens in designated stores.,"['fact', 'social', 'literal language', 'positive', 'knowledge', 'everyday']",inception/mercury-2.5
People wear watches to tell time.,1,Observable fact; not opinion.,4,0,Cultural norm; human origin.,4,1,Direct description; no metaphor.,4,1,Describes regular usage pattern; not normative.,4,1,Observation of objects; not reasoning.,4,1,Common habit; not abstract.,4,Devices track time on the body.,"['fact', 'social', 'literal language', 'positive', 'knowledge', 'everyday']",inception/mercury-2.5
People use umbrellas when it rains.,1,Observable behavior; independently correct.,4,0,Human cultural habit; socially constructed.,4,1,Plain language; no idioms.,4,1,Describes regular response to weather; not judgment.,4,1,Observation of usage; not logic.,4,1,Regular experience; not abstract.,4,Umbrellas protect from rain in daily life.,"['fact', 'social', 'literal language', 'positive', 'knowledge', 'everyday']",inception/mercury-2.5
Parents tuck children into bed.,1,Observable by observation; not opinion.,4,0,Parenting custom; social origins.,4,1,Clear statement; no figures of speech.,4,1,Describes regular family behavior; not normative.,4,1,Observation of habits; not reasoning.,4,1,Routine; part of common experience.,4,Bedtime routines are typical in families.,"['fact', 'social', 'literal language', 'positive', 'knowledge', 'everyday']",inception/mercury-2.5
People use passwords to access devices.,1,Verifiable action; independent of opinion.,4,0,Human rule; origin is social.,4,1,Straightforward description; no metaphors.,4,1,Describes regular security behavior; not judgment.,4,1,Observation of tech use; not conclusion.,4,1,Common task; not abstract.,4,Authentication protects personal devices.,"['fact', 'social', 'literal language', 'positive', 'knowledge', 'everyday']",inception/mercury-2.5
Doctors write prescriptions for sick patients.,1,Can be verified; not opinion.,4,0,Medical system rule; socially constructed.,4,1,Clear description; no metaphors.,4,1,Describes a regular medical regularity; not judgment.,4,1,Observation of care; not reasoning.,4,1,Common experience; not abstract.,4,Prescriptions help treat health conditions.,"['fact', 'social', 'literal language', 'positive', 'knowledge', 'everyday']",inception/mercury-2.5
Employees submit timesheets at the end of week.,1,Verifiable process; not opinion.,4,0,Workplace custom; human origins.,4,1,Direct description; no metaphors.,4,1,Describes regular work behavior; not judgment.,4,1,Observation of work; not reasoning.,4,1,Routine; part of common life.,4,Timesheets are used for scheduling.,"['fact', 'social', 'literal language', 'positive', 'knowledge', 'everyday']",inception/mercury-2.5
People put trash in bins outside.,1,Observable behavior; not opinion.,4,0,Community rule; socially constructed.,4,1,Plain language; no idioms.,4,1,Describes a regular activity; not judgment.,4,1,Observation of routine; not reasoning.,4,1,Common action; not abstract.,4,Trash disposal follows standard location rules.,"['fact', 'social', 'literal language', 'positive', 'knowledge', 'everyday']",inception/mercury-2.5
Customers give tips to servers.,1,Verifiable transaction; not opinion.,4,0,Dining custom; human origins.,4,1,Clear description; no metaphors.,4,1,Describes regular behavior; not judgment.,4,1,Observation of habit; not reasoning.,4,1,Common occurrence; not abstract.,4,Tips are extra payments for good service.,"['fact', 'social', 'literal language', 'positive', 'knowledge', 'everyday']",inception/mercury-2.5
People look both ways before crossing streets.,1,Observable; independent of opinion.,4,0,Street habit; social origins.,4,1,Plain language; no figures of speech.,4,1,Describes regular safety behavior; not normative.,4,1,Observation of traffic; not reasoning.,4,1,Daily task; not abstract.,4,Safely crossing is a learned habit.,"['fact', 'social', 'literal language', 'positive', 'knowledge', 'everyday']",inception/mercury-2.5
People use phones to contact family.,1,Observable usage; not opinion.,4,0,Social tool use; human origin.,4,1,Direct statement; no metaphors.,4,1,Describes regular communication; not judgment.,4,1,Observation of behavior; not reasoning.,4,1,Frequent; part of common life.,4,Phones connect people to relatives.,"['fact', 'social', 'literal language', 'positive', 'knowledge', 'everyday']",inception/mercury-2.5
People celebrate birthdays with cakes.,1,Observable by observation; not opinion.,4,0,Celebratory custom; socially constructed.,4,1,Clear language; no metaphors.,4,1,Describes regular social practice; not judgment.,4,1,Observation of habits; not reasoning.,4,1,Regular event; not abstract.,4,Birthday cakes mark annual personal milestones.,"['fact', 'social', 'literal language', 'positive', 'knowledge', 'everyday']",inception/mercury-2.5
Shoppers use carts for groceries.,1,Verifiable in stores; not opinion.,4,0,Shopping convention; social origins.,4,1,Direct statement; no figures of speech.,4,1,Describes regular behavior; not normative.,4,1,Observation of routine; not reasoning.,4,1,Common experience; not abstract.,4,Carts help carry items in stores.,"['fact', 'social', 'literal language', 'positive', 'knowledge', 'everyday']",inception/mercury-2.5
A watched pot never boils away.,0,Subjective timing perceptions vary per person; confidence 3.,3,1,"Boiling is chemical physics, but phrasing is metaphor; confidence 2.",2,0,Implies time slows down during waiting; confidence 4.,4,1,Describes perceived reality rather than a norm; confidence 4.,4,1,States common observation about cooking; confidence 4.,4,1,Pot boiling is routine household experience; confidence 4.,4,It captures how subjective anticipation stretches perceived time.,"['opinion', 'physical', 'figure of speech', 'positive', 'knowledge', 'everyday']",inception/mercury-2.5
Too many cooks spoil the broth.,0,Effectiveness of cooperation is debatable by people; confidence 3.,3,1,"Refers to cooking physics metaphorically, not literal rules; confidence 2.",2,0,Uses cooking metaphor to criticize collaboration; confidence 4.,4,1,Asserts descriptive pattern rather than moral norm; confidence 4.,4,1,Observes practical outcome of crowded efforts; confidence 4.,4,1,Cooking and working together are daily activities; confidence 4.,4,It reflects common belief that too much collaboration hinders output.,"['opinion', 'physical', 'figure of speech', 'positive', 'knowledge', 'everyday']",inception/mercury-2.5
Time flies when you're having fun.,0,Perception of time is subjective and variable; confidence 4.,4,1,Time is physics but the statement describes psychology; confidence 2.,2,0,Time cannot literally fly; it is metaphorical; confidence 4.,4,1,Describes how time is felt rather than how it should; confidence 4.,4,1,Observes common psychological phenomenon accurately; confidence 4.,4,1,Experienced by everyone during enjoyable tasks; confidence 4.,4,It captures how enjoyment distorts time perception.,"['opinion', 'physical', 'figure of speech', 'positive', 'knowledge', 'everyday']",inception/mercury-2.5
Early birds catch the worms.,0,Value of early action is subjective; confidence 3.,3,1,Involves real animals and food sources; confidence 3.,3,0,Metaphor linking birds to human ambition; confidence 4.,4,1,States a descriptive regularity in nature; confidence 4.,4,1,Based on biological observation of feeding; confidence 4.,4,1,Refers to common animal and human behaviors; confidence 4.,4,It suggests acting early yields better physical rewards.,"['opinion', 'physical', 'figure of speech', 'positive', 'knowledge', 'everyday']",inception/mercury-2.5
"Out of sight, out of mind.",0,Memory dynamics vary by individual and situation; confidence 3.,3,1,"Sight is physical, but mind is not; confidence 2.",2,0,Rhetorical parallelism describes memory; confidence 4.,4,1,Asserts descriptive pattern not obligation; confidence 4.,4,1,Observes psychological tendency accurately; confidence 4.,4,1,Relates to typical human interactions; confidence 4.,4,It reflects how visual absence affects memory.,"['opinion', 'physical', 'figure of speech', 'positive', 'knowledge', 'everyday']",inception/mercury-2.5
Better late than never to arrive.,0,Value of timing over punctuality is subjective; confidence 3.,3,1,Travel involves physical movement but statement is social; confidence 2.,2,0,Common idiom summarizing social advice; confidence 4.,4,1,"States observed social regularity, not norm; confidence 4.",4,1,Observes social outcome of late events; confidence 4.,4,1,Deals with common scheduling issues; confidence 4.,4,It suggests arrival timing matters but presence matters more.,"['opinion', 'physical', 'figure of speech', 'positive', 'knowledge', 'everyday']",inception/mercury-2.5
Good things come to those who wait.,0,Patience outcomes are debatable and subjective; confidence 3.,3,1,Wait is physical time but outcome is abstract; confidence 2.,2,0,Metaphorical linking of waiting and reward; confidence 4.,4,1,Describes perceived causality rather than rule; confidence 4.,4,1,Reflects observed correlation between patience and success; confidence 4.,4,1,Common lesson about daily planning; confidence 4.,4,It suggests patience leads to positive outcomes.,"['opinion', 'physical', 'figure of speech', 'positive', 'knowledge', 'everyday']",inception/mercury-2.5
You catch more flies with honey.,0,Effectiveness of kindness is subjective; confidence 3.,3,1,Refers to physical attraction but is about human behavior; confidence 2.,2,0,Metaphor using food and insects; confidence 4.,4,1,Describes observed interaction pattern; confidence 4.,4,1,Reflects observation of social responses; confidence 4.,4,1,Relates to daily social interactions; confidence 4.,4,It suggests kindness works better than anger.,"['opinion', 'physical', 'figure of speech', 'positive', 'knowledge', 'everyday']",inception/mercury-2.5
Absence makes the heart grow fonder.,0,Emotional reactions to distance vary; confidence 3.,3,1,Heart is physical but emotion is mental; confidence 2.,2,0,Metaphorical growth of heart emotion; confidence 4.,4,1,Describes how relationships work; confidence 4.,4,1,Observes common psychological tendency; confidence 4.,4,1,People experience distance in daily life; confidence 4.,4,It reflects how distance intensifies feelings.,"['opinion', 'physical', 'figure of speech', 'positive', 'knowledge', 'everyday']",inception/mercury-2.5
Haste makes waste of good work.,0,Value of speed versus quality is debatable; confidence 3.,3,1,Work involves physical actions and objects; confidence 3.,3,0,Rhyming aphorism about efficiency; confidence 4.,4,1,States descriptive outcome of rushing; confidence 4.,4,1,Observes results of careless labor; confidence 4.,4,1,Relates to typical daily tasks; confidence 4.,4,It suggests rushing ruins physical tasks.,"['opinion', 'physical', 'figure of speech', 'positive', 'knowledge', 'everyday']",inception/mercury-2.5
Still waters run very deep indeed.,0,Depth of character is subjective assessment; confidence 3.,3,1,Refers to physical fluid but is metaphorical; confidence 2.,2,0,Metaphor comparing calm to depth; confidence 4.,4,1,Describes behavioral patterns rather than norms; confidence 4.,4,1,Observes psychological patterns accurately; confidence 4.,4,1,Common observation about human behavior; confidence 4.,4,It implies quiet people often have depth.,"['opinion', 'physical', 'figure of speech', 'positive', 'knowledge', 'everyday']",inception/mercury-2.5
Silence is golden in a crowd.,0,Value of quiet is subjective; confidence 3.,3,1,Sound is physical but value is subjective; confidence 2.,2,0,Assigns value to nonphysical sound; confidence 4.,4,1,States observed social regularity; confidence 4.,4,1,Reflects social observation about behavior; confidence 4.,4,1,Common situation in social gatherings; confidence 4.,4,It suggests quiet is valuable over noisy talk.,"['opinion', 'physical', 'figure of speech', 'positive', 'knowledge', 'everyday']",inception/mercury-2.5
A stitch in time saves nine.,0,Value of preventative repair is debatable; confidence 3.,3,1,"Stitching is physical, but statement is metaphorical; confidence 2.",2,0,Metaphor about sewing and time; confidence 4.,4,1,Describes observed outcome of repairs; confidence 4.,4,1,Observes results of maintenance habits; confidence 4.,4,1,Relates to common household repairs; confidence 4.,4,It suggests fixing issues early prevents more work.,"['opinion', 'physical', 'figure of speech', 'positive', 'knowledge', 'everyday']",inception/mercury-2.5
Curiosity killed the cat itself.,0,Risk tolerance is subjective and debatable; confidence 3.,3,1,Death is biological but phrasing is hyperbolic; confidence 2.,2,0,Exaggeration about animal behavior; confidence 4.,4,1,States observed risk pattern; confidence 4.,4,1,Reflects observation of animal hazards; confidence 4.,4,1,Pets and cats are common; confidence 4.,4,It suggests inquisitiveness can lead to physical danger.,"['opinion', 'physical', 'figure of speech', 'positive', 'knowledge', 'everyday']",inception/mercury-2.5
Walls have ears if you listen.,0,Belief in privacy is subjective; confidence 3.,3,1,Sound and walls involve physical rules; confidence 3.,3,0,Personification of objects and walls; confidence 4.,4,1,Describes reality of sound physics; confidence 4.,4,1,Observes acoustic reality accurately; confidence 4.,4,1,Relates to common communication fears; confidence 4.,4,It implies conversations might be overheard.,"['opinion', 'physical', 'figure of speech', 'positive', 'knowledge', 'everyday']",inception/mercury-2.5
Familiarity breeds contempt for friends.,0,Relationship dynamics vary per pair; confidence 3.,3,1,Refers to social but not physical; confidence 2.,2,0,Aphorism linking knowledge and dislike; confidence 4.,4,1,Describes relational patterns not norms; confidence 4.,4,1,Observes common psychological pattern; confidence 4.,4,1,Common human social experience; confidence 4.,4,It suggests knowing someone well causes friction.,"['opinion', 'physical', 'figure of speech', 'positive', 'knowledge', 'everyday']",inception/mercury-2.5
Birds flying south means winter comes.,0,Seasonal prediction is widely accepted as true; confidence 2.,2,1,Refers to biological and climate physics; confidence 4.,4,0,Descriptive phrase linking flight to weather; confidence 3.,3,1,States factual regularity not a rule; confidence 4.,4,1,Observes biological migration pattern; confidence 4.,4,1,Relates to common natural observation; confidence 4.,4,It uses physical signs to predict seasons.,"['opinion', 'physical', 'figure of speech', 'positive', 'knowledge', 'everyday']",inception/mercury-2.5
Fresh bread smells better than stale.,0,Sensory appeal is subjective but shared; confidence 4.,4,1,Refers to chemical and sensory biology; confidence 4.,4,0,Direct statement of sensory quality; confidence 3.,3,1,Describes physical reality of food; confidence 4.,4,1,Observes chemical and sensory change; confidence 4.,4,1,Food consumption is everyday life; confidence 4.,4,It suggests physical freshness affects sensory appeal.,"['opinion', 'physical', 'figure of speech', 'positive', 'knowledge', 'everyday']",inception/mercury-2.5
Sharp knives cut through wood better.,0,Better is judged by utility standards; confidence 3.,3,1,Refers to mechanical and force rules; confidence 4.,4,0,Literal comparison but serves as aphorism; confidence 3.,3,1,States causal physical regularity; confidence 4.,4,1,Observes material physics accurately; confidence 4.,4,1,Relates to daily chores; confidence 4.,4,It describes how tool condition affects performance.,"['opinion', 'physical', 'figure of speech', 'positive', 'knowledge', 'everyday']",inception/mercury-2.5
Cold ice feels refreshing on skin.,0,Refreshing is a subjective feeling; confidence 4.,4,1,Refers to temperature and biology; confidence 4.,4,0,Literal sensory description with implied value; confidence 3.,3,1,Describes physiological response accurately; confidence 4.,4,1,Observes human sensory reaction; confidence 4.,4,1,Touching ice is common experience; confidence 4.,4,It suggests physical cold triggers positive feelings.,"['opinion', 'physical', 'figure of speech', 'positive', 'knowledge', 'everyday']",inception/mercury-2.5
